{
"type": "FeatureCollection",
"name": "districts_adm2",
"crs": { "type": "name", "properties": { "name": "urn:ogc:def:crs:OGC:1.3:CRS84" } },
"features": [
{ "type": "Feature", "properties": { "nisr_district_code": 57, "district_name": "Bugesera", "province": "Eastern Province", "hdx_pcode": "RW57" }, "geometry": { "type": "Polygon", "coordinates": [ [ [ 30.17260251719242, -2.028218894286538 ], [ 30.175372015406293, -2.035192449671775 ], [ 30.178251096910696, -2.035959540799992 ], [ 30.179018188039091, -2.033020685855969 ], [ 30.180990708854221, -2.033618419354489 ], [ 30.182903454430903, -2.038340512104909 ], [ 30.185453784264798, -2.038191078955054 ], [ 30.189697692194766, -2.042554532865338 ], [ 30.191241835342513, -2.051321288746311 ], [ 30.193782202486712, -2.053582714070912 ], [ 30.190753686933174, -2.055744516096481 ], [ 30.192666434308595, -2.060456647955944 ], [ 30.195097215464333, -2.061751737352735 ], [ 30.199131916804649, -2.057039604593991 ], [ 30.200945040880949, -2.066473829203786 ], [ 30.204830308172131, -2.065308249376197 ], [ 30.203923746583666, -2.067938275331083 ], [ 30.206802828088069, -2.068037898630027 ], [ 30.204660949643152, -2.073547009686616 ], [ 30.206862602427147, -2.074752436675598 ], [ 30.20806803121469, -2.079743509455379 ], [ 30.210867414799363, -2.075629112893085 ], [ 30.22179649341356, -2.072430719002461 ], [ 30.222094842603003, -2.066165004711141 ], [ 30.23166385670179, -2.070654451841459 ], [ 30.233212682619264, -2.068765145295138 ], [ 30.236983616400853, -2.07125101981861 ], [ 30.238791527107505, -2.068884691275364 ], [ 30.241630760551235, -2.075111080911507 ], [ 30.244863352961342, -2.07365027523988 ], [ 30.241999362980348, -2.077352580856895 ], [ 30.246223345531103, -2.086996012955622 ], [ 30.244590618262517, -2.09038799760789 ], [ 30.249660313372811, -2.09089124203713 ], [ 30.246213383740777, -2.094915979788559 ], [ 30.247856684338597, -2.098207806944663 ], [ 30.253012855558897, -2.100215008315998 ], [ 30.25234898681634, -2.102410060975457 ], [ 30.249839632792924, -2.102009082952761 ], [ 30.252848223866618, -2.107866870159881 ], [ 30.260727203197984, -2.106286303569916 ], [ 30.269026874590626, -2.112598925599818 ], [ 30.270680602827643, -2.122909826427278 ], [ 30.267462804265104, -2.122561149377378 ], [ 30.270081218173733, -2.124852064371264 ], [ 30.265221305219175, -2.126894716118122 ], [ 30.267931029993161, -2.127821203085978 ], [ 30.266287262647101, -2.133270539803489 ], [ 30.270341888467438, -2.132901935575815 ], [ 30.266436695797044, -2.138032480614316 ], [ 30.26963456987956, -2.137843198504775 ], [ 30.266327111606966, -2.1454144882879 ], [ 30.27058098132726, -2.145344753057866 ], [ 30.27395817482989, -2.149628509048418 ], [ 30.269192489242041, -2.155018549866184 ], [ 30.267293446635318, -2.164581804706478 ], [ 30.263146687969272, -2.166050064858516 ], [ 30.259589411522175, -2.173618704339709 ], [ 30.269368789638012, -2.178113649924874 ], [ 30.268388933302742, -2.186764333906821 ], [ 30.266097511990846, -2.188584621083367 ], [ 30.269803928408539, -2.192466068054578 ], [ 30.274280597071861, -2.193644635891146 ], [ 30.271766486534329, -2.195265452538442 ], [ 30.275999469500075, -2.195548953021709 ], [ 30.274888585539788, -2.198614081774298 ], [ 30.277846229120325, -2.200010889890581 ], [ 30.278796695611081, -2.209185994637919 ], [ 30.283882794355559, -2.209196701966188 ], [ 30.284407465132606, -2.206969526422465 ], [ 30.286945159491612, -2.207847548025888 ], [ 30.287583375972165, -2.205622123462237 ], [ 30.293466073500735, -2.203029138783708 ], [ 30.29272724986291, -2.205620371582795 ], [ 30.295217123671375, -2.206466040974997 ], [ 30.296437521674473, -2.203505646368476 ], [ 30.297411705086279, -2.207053933192394 ], [ 30.298677544033541, -2.204052963873127 ], [ 30.304695743314152, -2.207404620226916 ], [ 30.307598896072346, -2.203637210888554 ], [ 30.309977842103802, -2.206676953578468 ], [ 30.312468398497987, -2.20270202567795 ], [ 30.315068538182526, -2.205431674931691 ], [ 30.322486963902289, -2.197964628264926 ], [ 30.32735554632146, -2.201787060824112 ], [ 30.321892661317367, -2.208579737364825 ], [ 30.333933557387798, -2.217293807363297 ], [ 30.335636196153597, -2.226354689217447 ], [ 30.333587355272289, -2.231971712624293 ], [ 30.33582523814437, -2.238728193251361 ], [ 30.338416470943546, -2.237903710088019 ], [ 30.340097560154316, -2.246758873822919 ], [ 30.334476082405242, -2.249093125347435 ], [ 30.337584519809784, -2.259297701127905 ], [ 30.337287844258636, -2.267005016068569 ], [ 30.334915093656772, -2.270015725944996 ], [ 30.333137635793388, -2.268484542027827 ], [ 30.334647405053932, -2.271943088202966 ], [ 30.329133004184843, -2.273988236467928 ], [ 30.330492865453412, -2.277564565951951 ], [ 30.328147907500085, -2.288282847974943 ], [ 30.343331247039512, -2.30024320795762 ], [ 30.344345973687819, -2.307386664163203 ], [ 30.353615740174316, -2.311437395919003 ], [ 30.359355724287401, -2.324999873844969 ], [ 30.357414619489081, -2.328044757959147 ], [ 30.359671262219006, -2.333423077013353 ], [ 30.357496251850574, -2.334981136270343 ], [ 30.359462127575181, -2.337145688422615 ], [ 30.359003454445837, -2.341672684047025 ], [ 30.362817006200043, -2.342645609307382 ], [ 30.362922229577254, -2.346376449513488 ], [ 30.364381887714014, -2.345866633738026 ], [ 30.36651302915298, -2.349926583544948 ], [ 30.374172126942039, -2.347667838200052 ], [ 30.374421137525569, -2.355687197206325 ], [ 30.296374818243404, -2.374038790757516 ], [ 30.28007550997695, -2.375972102030899 ], [ 30.254797487314161, -2.373902648688254 ], [ 30.250050461759475, -2.371011602603324 ], [ 30.248265865977036, -2.364979668876599 ], [ 30.242448085111089, -2.360018493158889 ], [ 30.225744267184201, -2.369655309844599 ], [ 30.21546499641256, -2.371225753665541 ], [ 30.214215778735348, -2.382504399658248 ], [ 30.199046715033855, -2.388464949697567 ], [ 30.196869508521001, -2.409701639419082 ], [ 30.184163186082163, -2.429082348771295 ], [ 30.179808772157262, -2.430510025217425 ], [ 30.171135637499685, -2.427119293320657 ], [ 30.164389865999713, -2.42704790963334 ], [ 30.138655994078849, -2.437719792034765 ], [ 30.129340404436238, -2.437862559409576 ], [ 30.123415547589499, -2.436256423295247 ], [ 30.104213297006115, -2.424585167471405 ], [ 30.097681675668991, -2.423657177736483 ], [ 30.075017310400714, -2.402420488015056 ], [ 30.063024825735301, -2.39403288810719 ], [ 30.057392941031463, -2.379349181319646 ], [ 30.047249000241177, -2.363302148175495 ], [ 30.034542678701708, -2.351702276938517 ], [ 30.018588391741002, -2.344242665866292 ], [ 30.003347945251473, -2.345491883543594 ], [ 29.99760154717374, -2.344028515703356 ], [ 29.959208987205049, -2.326913975599399 ], [ 29.966184823270996, -2.317638674685052 ], [ 29.961243561241407, -2.303970504834896 ], [ 29.961073633441575, -2.293309576175917 ], [ 29.962283589416277, -2.288876639745097 ], [ 29.966902102750009, -2.287243932261574 ], [ 29.973461195677825, -2.274370562551343 ], [ 29.973266796425573, -2.263966540523355 ], [ 29.979244386819087, -2.255918726068241 ], [ 29.97934882418895, -2.248255225198437 ], [ 29.984533208940494, -2.243254813858509 ], [ 29.983716950077326, -2.230461327328348 ], [ 29.990287372664131, -2.218481633720393 ], [ 29.988764627985159, -2.202304926431132 ], [ 29.984909053610014, -2.200628657586335 ], [ 29.984275199740889, -2.198140131861559 ], [ 29.986440108924011, -2.190031467478238 ], [ 29.981657871313832, -2.171254438841131 ], [ 29.983863214016065, -2.166215111138359 ], [ 29.983416770767473, -2.155116814289538 ], [ 29.985393970755208, -2.153735978132832 ], [ 29.986121318144281, -2.146503194067029 ], [ 29.988691665088279, -2.144095505702881 ], [ 29.993766422482498, -2.145559857401358 ], [ 30.003340516851356, -2.139065849309374 ], [ 30.009705978548123, -2.131503160642334 ], [ 30.01128001066397, -2.121799956003179 ], [ 30.018133869882274, -2.118183603990043 ], [ 30.020810132681557, -2.111764071454714 ], [ 30.015634846371125, -2.103941662177944 ], [ 30.017576134631046, -2.098219374924127 ], [ 30.014862882715992, -2.093468463398874 ], [ 30.017994549608911, -2.087410362997811 ], [ 30.018354922341988, -2.076375585265001 ], [ 30.024509397690718, -2.068171968661281 ], [ 30.027815673354812, -2.069451828039315 ], [ 30.027198892215228, -2.063926825962226 ], [ 30.039352803389246, -2.06890793785105 ], [ 30.040289840303974, -2.065664540086376 ], [ 30.036589929581641, -2.065625920499737 ], [ 30.039853766238405, -2.061876143269237 ], [ 30.038491033434649, -2.059232442223425 ], [ 30.042057493758517, -2.058037539101021 ], [ 30.045229274011891, -2.059553162048789 ], [ 30.044977641005371, -2.0556075727313 ], [ 30.054348937353719, -2.054335357590598 ], [ 30.058158122899197, -2.056455668494251 ], [ 30.057859650502532, -2.060523126740821 ], [ 30.054216441135988, -2.063621317269926 ], [ 30.055664283979649, -2.065959120217243 ], [ 30.062288780103213, -2.066697499589909 ], [ 30.063700476495885, -2.070515176534083 ], [ 30.066563327935352, -2.071197234964262 ], [ 30.068608800855461, -2.068275946477594 ], [ 30.071858396747569, -2.068107237259176 ], [ 30.073157947681278, -2.06417920180867 ], [ 30.07579666198647, -2.064723336612551 ], [ 30.076877176740407, -2.069253295503038 ], [ 30.079099201866793, -2.062395247242821 ], [ 30.081635150641677, -2.06479239105587 ], [ 30.090093725944794, -2.059251219168313 ], [ 30.092059604367332, -2.060114611500075 ], [ 30.091342323989128, -2.064006519385287 ], [ 30.094981856027896, -2.061057701751479 ], [ 30.096243737958222, -2.064458140930426 ], [ 30.101676470492816, -2.055890628949231 ], [ 30.103668914888598, -2.056568059468289 ], [ 30.104200232554728, -2.060034913580256 ], [ 30.105528530317532, -2.057431452699332 ], [ 30.108714780662698, -2.058852730469119 ], [ 30.110119454249567, -2.056272514364966 ], [ 30.113715817031366, -2.060267365846225 ], [ 30.118168929752425, -2.054688520458703 ], [ 30.118149005272404, -2.059061937058593 ], [ 30.119962131147442, -2.05939069052793 ], [ 30.119822658888811, -2.056332286905483 ], [ 30.125700371474966, -2.055365951877131 ], [ 30.122900986091732, -2.05299494236263 ], [ 30.123608303780419, -2.04956793810972 ], [ 30.127921946940422, -2.052815622942606 ], [ 30.13014352150633, -2.049717370360294 ], [ 30.128987905267717, -2.048013831373175 ], [ 30.132903057929877, -2.043859584052544 ], [ 30.134726144695872, -2.047645228944151 ], [ 30.137117078690306, -2.046091122207517 ], [ 30.134686295736007, -2.04295302246399 ], [ 30.138202960598253, -2.043331585784059 ], [ 30.137246586460858, -2.039545941791643 ], [ 30.139657444935313, -2.040751370579275 ], [ 30.141739549940343, -2.038300664044324 ], [ 30.142685961388221, -2.041060199568412 ], [ 30.146122928330737, -2.039406470432204 ], [ 30.147218772928202, -2.040940653588186 ], [ 30.152737843976379, -2.034365586002951 ], [ 30.15753963644509, -2.035620825540508 ], [ 30.157958049624394, -2.030799109491322 ], [ 30.161604222257193, -2.032024462758709 ], [ 30.162431086825297, -2.029474133824183 ], [ 30.165589112847318, -2.033877436694332 ], [ 30.166665032065747, -2.030051942842859 ], [ 30.171945009354733, -2.031307182380504 ], [ 30.17260251719242, -2.028218894286538 ] ] ] } },
{ "type": "Feature", "properties": { "nisr_district_code": 53, "district_name": "Gatsibo", "province": "Eastern Province", "hdx_pcode": "RW53" }, "geometry": { "type": "Polygon", "coordinates": [ [ [ 30.739120847948936, -1.458216802163615 ], [ 30.745987855255368, -1.522058809966043 ], [ 30.839151674710113, -1.650839189976561 ], [ 30.638207884286455, -1.599707531777173 ], [ 30.558788279555554, -1.626613524294707 ], [ 30.515923431521291, -1.643581045029186 ], [ 30.51918249007996, -1.654067498915846 ], [ 30.52907129410502, -1.658951873430204 ], [ 30.529879855670988, -1.662045664475687 ], [ 30.526093462543418, -1.664264481720379 ], [ 30.514756023371763, -1.66370619068813 ], [ 30.508047189726167, -1.666563032857627 ], [ 30.496635578069469, -1.666563208225436 ], [ 30.493248519903442, -1.667637752380336 ], [ 30.488647583819056, -1.67377146687967 ], [ 30.478488693598454, -1.67076927897899 ], [ 30.465708803018881, -1.673941766998921 ], [ 30.44481002276444, -1.709729666390969 ], [ 30.443386669359345, -1.716248341088067 ], [ 30.444452582720476, -1.729273962423383 ], [ 30.449073458573277, -1.731175084262715 ], [ 30.45288804454766, -1.735138153702798 ], [ 30.454097678565144, -1.740074525219149 ], [ 30.459946045373758, -1.745079531195393 ], [ 30.459044141374097, -1.766918076907731 ], [ 30.44921896888037, -1.77547332843121 ], [ 30.449235678284008, -1.800211708403554 ], [ 30.445960620786099, -1.809660919315948 ], [ 30.428601194389653, -1.829222080334747 ], [ 30.419413140304268, -1.846655811416531 ], [ 30.399487015513376, -1.856310287189855 ], [ 30.384497592290199, -1.866779412040176 ], [ 30.366664120652647, -1.869404304664857 ], [ 30.353021485253489, -1.875968375340131 ], [ 30.339753376117489, -1.869940521837477 ], [ 30.331353836810198, -1.862730132689328 ], [ 30.320227741017607, -1.858423202069004 ], [ 30.294277155866094, -1.824832714258362 ], [ 30.286367621168846, -1.824148138625648 ], [ 30.275623513314603, -1.830468522704065 ], [ 30.271262878779009, -1.817266469671764 ], [ 30.275096140074947, -1.806981854229106 ], [ 30.274187970498428, -1.795343152064766 ], [ 30.26340558300144, -1.781209421177688 ], [ 30.255942201971092, -1.762994427450748 ], [ 30.253257484645307, -1.745249785449199 ], [ 30.254821859841091, -1.737907177074549 ], [ 30.252241727373946, -1.72772277668477 ], [ 30.247090719161445, -1.721979733078139 ], [ 30.247772209220319, -1.718521373062887 ], [ 30.262960213543149, -1.708497792139297 ], [ 30.252383203322236, -1.692080990145562 ], [ 30.252415462004006, -1.686931866912078 ], [ 30.242367419520971, -1.673971103783301 ], [ 30.227389168575296, -1.667412638582244 ], [ 30.224027100770162, -1.650787460972458 ], [ 30.220037397008308, -1.652236053850642 ], [ 30.21656233748195, -1.650230770733485 ], [ 30.216138425847799, -1.64440562531919 ], [ 30.210639102112918, -1.638434461481053 ], [ 30.211095325488973, -1.633223098866899 ], [ 30.208164479906923, -1.627573365318524 ], [ 30.201374131711017, -1.628580950450476 ], [ 30.197232055814876, -1.624227731724359 ], [ 30.194093163768681, -1.625567553399743 ], [ 30.189459281021119, -1.61306200820498 ], [ 30.182845962571275, -1.605809609925546 ], [ 30.170772293406738, -1.584118000845048 ], [ 30.169083372000099, -1.566508133043743 ], [ 30.163238759860949, -1.55597803685682 ], [ 30.162488289103411, -1.542920152343153 ], [ 30.164158956071024, -1.537282333013102 ], [ 30.167015959219217, -1.534316491213039 ], [ 30.178087220648802, -1.530965542625629 ], [ 30.180729557423252, -1.519039461202143 ], [ 30.194152333763451, -1.512809415821848 ], [ 30.197425967634278, -1.508058833448234 ], [ 30.195287565069211, -1.50343785597219 ], [ 30.197059917481244, -1.499301664340325 ], [ 30.20461433598302, -1.498822603580286 ], [ 30.209799763048711, -1.494872615678633 ], [ 30.215681107996833, -1.497880070009183 ], [ 30.220553044887193, -1.493051937297063 ], [ 30.224864657378053, -1.492472898905162 ], [ 30.227126776979201, -1.495271436227752 ], [ 30.234744031112253, -1.490728101720473 ], [ 30.245289194540941, -1.488009982674454 ], [ 30.247588849146172, -1.489616041447006 ], [ 30.247898141286338, -1.485370875365588 ], [ 30.255561668236613, -1.484676676087704 ], [ 30.256766668946671, -1.482248341987414 ], [ 30.259570002353858, -1.484843342046516 ], [ 30.266986422585401, -1.48567230473301 ], [ 30.274628064533598, -1.496156788205172 ], [ 30.272697376582752, -1.513445125891766 ], [ 30.279428734648366, -1.515267139766652 ], [ 30.280551077770095, -1.519235079035542 ], [ 30.297251753465797, -1.528371996770217 ], [ 30.312858119706537, -1.532102115720025 ], [ 30.316011999853981, -1.531913557564535 ], [ 30.326900548721508, -1.50842865086146 ], [ 30.347027119805919, -1.496516739156173 ], [ 30.345741147735932, -1.526275033166214 ], [ 30.34744876784649, -1.542273220532631 ], [ 30.345426368832012, -1.545885923996038 ], [ 30.380858273390626, -1.542846890871241 ], [ 30.392700850963433, -1.547943696044707 ], [ 30.403305387633733, -1.522932511226272 ], [ 30.404322608102124, -1.507928521683921 ], [ 30.407749031392822, -1.501129212642882 ], [ 30.404991830508681, -1.481989422673691 ], [ 30.415822289467147, -1.485388445420333 ], [ 30.430802259916472, -1.484393271831908 ], [ 30.433851431098685, -1.47732638210677 ], [ 30.443740253110423, -1.475593553099908 ], [ 30.44767261969567, -1.470839567691729 ], [ 30.453211351722647, -1.46838409744815 ], [ 30.45808175436952, -1.468340161069437 ], [ 30.462948691928798, -1.471590559156921 ], [ 30.468621337504825, -1.485510506804444 ], [ 30.472031304101382, -1.489015444507092 ], [ 30.510661420888024, -1.478925642903983 ], [ 30.524268751601785, -1.478392356621916 ], [ 30.552893256818397, -1.469270255217981 ], [ 30.739120847948936, -1.458216802163615 ] ] ] } },
{ "type": "Feature", "properties": { "nisr_district_code": 54, "district_name": "Kayonza", "province": "Eastern Province", "hdx_pcode": "RW54" }, "geometry": { "type": "Polygon", "coordinates": [ [ [ 30.839151674710113, -1.650839189976561 ], [ 30.821462374289215, -1.693245254265075 ], [ 30.822205955340703, -1.721293151058012 ], [ 30.831039704418888, -1.811385492546391 ], [ 30.814294247881396, -1.894398939259612 ], [ 30.807929189980204, -1.937705129588052 ], [ 30.827779867946663, -1.971525065029634 ], [ 30.822870128953522, -1.979163120481487 ], [ 30.817842776622999, -1.981117373368025 ], [ 30.814486235151744, -1.985562925488582 ], [ 30.809582667306284, -1.984713433078389 ], [ 30.805284071602717, -1.989442943437026 ], [ 30.803442037020428, -1.992597595202794 ], [ 30.806428666649726, -1.996868853314882 ], [ 30.804275153675558, -2.001940689710991 ], [ 30.78707365632442, -2.022960387411799 ], [ 30.768443767565994, -2.037741439515773 ], [ 30.762786342116105, -2.05282030121593 ], [ 30.744293409313588, -2.05737236724094 ], [ 30.733110227255327, -2.050970247378959 ], [ 30.725339783504307, -2.050915281714849 ], [ 30.723993437247426, -2.047437941507691 ], [ 30.709111648483816, -2.057703443658865 ], [ 30.710920302030392, -2.059260081087777 ], [ 30.708192649271442, -2.067793550132236 ], [ 30.707265227908092, -2.08619069524435 ], [ 30.696154661608393, -2.091858421528825 ], [ 30.691624178413218, -2.090885271438093 ], [ 30.693676921452766, -2.082436721777248 ], [ 30.683857883234882, -2.088331676165878 ], [ 30.680132385900965, -2.093248299469297 ], [ 30.680595002557414, -2.098643340517603 ], [ 30.677300001693791, -2.102765007199159 ], [ 30.674834536384903, -2.112836888011905 ], [ 30.668182401396631, -2.114804297979911 ], [ 30.663834718897281, -2.113837118488127 ], [ 30.660675985108792, -2.117499109296406 ], [ 30.656057989784518, -2.115861893511506 ], [ 30.655738287991834, -2.118964875628449 ], [ 30.646439212599812, -2.119412677752808 ], [ 30.639648528956503, -2.123444740482372 ], [ 30.628435449836172, -2.124998389464017 ], [ 30.619768405387642, -2.113856380167667 ], [ 30.609166367933643, -2.114179063213196 ], [ 30.611714634722691, -2.10045391321746 ], [ 30.609213084116742, -2.09839295666946 ], [ 30.607691650649176, -2.097987409191549 ], [ 30.606582188517233, -2.101536362413159 ], [ 30.602687840771264, -2.100151705037113 ], [ 30.600756550274671, -2.096253905693024 ], [ 30.58919116354139, -2.094391734390977 ], [ 30.587005137377215, -2.091813345709304 ], [ 30.576123502497648, -2.092155749088376 ], [ 30.575041365366811, -2.08187623280175 ], [ 30.581109020165147, -2.066208092129751 ], [ 30.579079564170602, -2.061187099804818 ], [ 30.561830756184587, -2.06413667556703 ], [ 30.558458617771105, -2.055504162387101 ], [ 30.550048543805335, -2.053424410008431 ], [ 30.540723897090299, -2.054533810087167 ], [ 30.529025441271134, -2.063715970015923 ], [ 30.524041640409532, -2.06290818816225 ], [ 30.516179347998634, -2.058652585448296 ], [ 30.506960870747751, -2.046870257956058 ], [ 30.502546482834052, -2.045524053791914 ], [ 30.482954263728306, -2.053617377539896 ], [ 30.485852376685923, -2.021803981568449 ], [ 30.483705932382914, -2.00998418652093 ], [ 30.475054016329988, -1.998643930672783 ], [ 30.47149952957972, -1.984728660399304 ], [ 30.468810982940713, -1.964367501159148 ], [ 30.470972997206108, -1.956863153311839 ], [ 30.470360504933385, -1.934516786520446 ], [ 30.466734477114581, -1.922249625519757 ], [ 30.459210577106493, -1.91157998063144 ], [ 30.458814941956074, -1.90682547541533 ], [ 30.461472658036886, -1.902915548713547 ], [ 30.458977851446772, -1.893364387956054 ], [ 30.461390255855807, -1.885773703393634 ], [ 30.465697162194399, -1.884970424445476 ], [ 30.478351188156932, -1.890368956661937 ], [ 30.482554225497321, -1.887989841557902 ], [ 30.48890143005713, -1.85910870490279 ], [ 30.472411497892498, -1.845336487089144 ], [ 30.462212273078098, -1.840959042425861 ], [ 30.450390603843285, -1.840457671284368 ], [ 30.419767490277454, -1.846423925723573 ], [ 30.428601194389653, -1.829222080334747 ], [ 30.445960620786099, -1.809660919315948 ], [ 30.449235678284008, -1.800211708403554 ], [ 30.44921896888037, -1.77547332843121 ], [ 30.459044141374097, -1.766918076907731 ], [ 30.459946045373758, -1.745079531195393 ], [ 30.454097678565144, -1.740074525219149 ], [ 30.45288804454766, -1.735138153702798 ], [ 30.449073458573277, -1.731175084262715 ], [ 30.444452582720476, -1.729273962423383 ], [ 30.443386669359345, -1.716248341088067 ], [ 30.44481002276444, -1.709729666390969 ], [ 30.465708803018881, -1.673941766998921 ], [ 30.478488693598454, -1.67076927897899 ], [ 30.488647583819056, -1.67377146687967 ], [ 30.493248519903442, -1.667637752380336 ], [ 30.496635578069469, -1.666563208225436 ], [ 30.508047189726167, -1.666563032857627 ], [ 30.514756023371763, -1.66370619068813 ], [ 30.526093462543418, -1.664264481720379 ], [ 30.529879855670988, -1.662045664475687 ], [ 30.52907129410502, -1.658951873430204 ], [ 30.51918249007996, -1.654067498915846 ], [ 30.515923431521291, -1.643581045029186 ], [ 30.558788279555554, -1.626613524294707 ], [ 30.638207884286455, -1.599707531777173 ], [ 30.839151674710113, -1.650839189976561 ] ] ] } },
{ "type": "Feature", "properties": { "nisr_district_code": 55, "district_name": "Kirehe", "province": "Eastern Province", "hdx_pcode": "RW55" }, "geometry": { "type": "Polygon", "coordinates": [ [ [ 30.827779867946663, -1.971525065029634 ], [ 30.863876267176121, -2.031961528201943 ], [ 30.876517154043508, -2.037404544484079 ], [ 30.877439193863825, -2.049718256192501 ], [ 30.884726293383896, -2.052871041864946 ], [ 30.893619529018206, -2.067326266893555 ], [ 30.898170248758088, -2.070092390851086 ], [ 30.899746641594266, -2.078004099209763 ], [ 30.893916961798478, -2.091864459577109 ], [ 30.891478014798739, -2.094392636410947 ], [ 30.886838065224669, -2.093797770850315 ], [ 30.886302688018812, -2.103375101879446 ], [ 30.874197179256473, -2.120061071860813 ], [ 30.876963301415355, -2.125742035266643 ], [ 30.876457667487383, -2.135170649006269 ], [ 30.868218783070549, -2.14028649102872 ], [ 30.866107012129145, -2.144063884640402 ], [ 30.865928551561577, -2.148168455209965 ], [ 30.86149680583296, -2.155634013498864 ], [ 30.862418846552647, -2.16315906014245 ], [ 30.858968628099841, -2.169048224695714 ], [ 30.859920412097413, -2.179964002336788 ], [ 30.85233588069644, -2.187251101856858 ], [ 30.849629243295123, -2.200189421504517 ], [ 30.844156483734924, -2.205781154176878 ], [ 30.845346213956642, -2.213187226809022 ], [ 30.843650848008391, -2.216102067156512 ], [ 30.846268255575698, -2.219284596107197 ], [ 30.846387227788401, -2.224519410342352 ], [ 30.842609834176631, -2.227166560288441 ], [ 30.84400776734461, -2.231657793472286 ], [ 30.842342144674422, -2.240164366492226 ], [ 30.846535944178537, -2.251585778960375 ], [ 30.8459113362393, -2.258932365036482 ], [ 30.853109205925183, -2.27433937496212 ], [ 30.853138948303876, -2.294118644959442 ], [ 30.849837447140576, -2.30137600120145 ], [ 30.85194921808198, -2.306432355768584 ], [ 30.851116407196482, -2.31223229228631 ], [ 30.856321478153664, -2.311875372050721 ], [ 30.857124545761277, -2.31395740061352 ], [ 30.849153351745844, -2.324516258918108 ], [ 30.843502131618255, -2.325081380301397 ], [ 30.838743209831303, -2.329304923982945 ], [ 30.835560679981516, -2.338614565509689 ], [ 30.836542208156519, -2.343195027628354 ], [ 30.826667445246574, -2.356757956114708 ], [ 30.817506520109877, -2.365651191749108 ], [ 30.809416352982371, -2.367019380739833 ], [ 30.805579472814475, -2.364729149230771 ], [ 30.796478034233903, -2.367643989578439 ], [ 30.791629882613119, -2.377370036098248 ], [ 30.783747916633136, -2.379898213831456 ], [ 30.783599201142369, -2.38334843138498 ], [ 30.780624875137857, -2.385668406172015 ], [ 30.781665889868986, -2.391349369577667 ], [ 30.77604441212009, -2.389802720019374 ], [ 30.767537839100061, -2.392687817089068 ], [ 30.765396324880594, -2.391706288913976 ], [ 30.765277350869152, -2.385817122562151 ], [ 30.762778917313288, -2.383378175562323 ], [ 30.750257003557973, -2.381920754938849 ], [ 30.741958633484206, -2.377726955434556 ], [ 30.731013112565247, -2.364104542190815 ], [ 30.721019376543051, -2.360832782506839 ], [ 30.716587629915242, -2.356728212836646 ], [ 30.708824638846249, -2.359018443446337 ], [ 30.703143675440241, -2.363688135399101 ], [ 30.695112994868861, -2.36499683873298 ], [ 30.691067912654074, -2.370410112636512 ], [ 30.688866910979289, -2.384270473903228 ], [ 30.680657768940971, -2.394412926315471 ], [ 30.673073237539999, -2.398071346815168 ], [ 30.670188140470483, -2.403365648505729 ], [ 30.66477486656704, -2.405923568617808 ], [ 30.66334719012082, -2.410206597956022 ], [ 30.657874430560621, -2.414132708857387 ], [ 30.652163723876907, -2.414430141637658 ], [ 30.644192528962105, -2.410890693350754 ], [ 30.640385392072272, -2.40509075773222 ], [ 30.630242938760748, -2.404406662337489 ], [ 30.623283016198382, -2.401283619943018 ], [ 30.613616455335329, -2.40413897283528 ], [ 30.607519086936524, -2.400421064880176 ], [ 30.591844386609306, -2.40622100049871 ], [ 30.584884464046763, -2.41472757441793 ], [ 30.578430176311738, -2.418207535249517 ], [ 30.568942075116883, -2.420289564711598 ], [ 30.565075450771555, -2.416601399135188 ], [ 30.550114589117133, -2.41216965340666 ], [ 30.542321855669268, -2.414043479023198 ], [ 30.533815281750048, -2.405893825339745 ], [ 30.520282097440859, -2.405774852227583 ], [ 30.510228874862715, -2.401640539279415 ], [ 30.508027873187931, -2.390367842302033 ], [ 30.499164381730875, -2.384597649062193 ], [ 30.494643405269056, -2.378351564273163 ], [ 30.489468076690567, -2.377459265932347 ], [ 30.485898886024881, -2.36716809802916 ], [ 30.483221991901448, -2.366216313132308 ], [ 30.477719489063187, -2.369131152580606 ], [ 30.470343159709106, -2.366454259356455 ], [ 30.468618050482792, -2.362647121567341 ], [ 30.469450861368291, -2.351909804493835 ], [ 30.459873530339248, -2.34780523302508 ], [ 30.457761759397844, -2.344087325069977 ], [ 30.459992504350691, -2.338644308787663 ], [ 30.45829713840244, -2.333409494552508 ], [ 30.462550425361872, -2.324962408088605 ], [ 30.45959838365852, -2.320416631922007 ], [ 30.466424177733547, -2.312807575109466 ], [ 30.484824778041169, -2.308554565140997 ], [ 30.485131552079519, -2.294938377004441 ], [ 30.491010126216505, -2.287227834397021 ], [ 30.496602927283394, -2.288483860841473 ], [ 30.500360343355187, -2.294915437097667 ], [ 30.507643414811863, -2.299335484444909 ], [ 30.512519103673934, -2.299843920660261 ], [ 30.51946455434577, -2.295548050801844 ], [ 30.532585450757981, -2.292414544795352 ], [ 30.546476915976999, -2.286037805600095 ], [ 30.554646647924482, -2.277973258359068 ], [ 30.560765717863763, -2.266482067493281 ], [ 30.576957152450806, -2.26243169276833 ], [ 30.581513498349249, -2.254603239148046 ], [ 30.587865552053611, -2.250712744997119 ], [ 30.585327187699701, -2.236847392493114 ], [ 30.581722590725018, -2.23248256891534 ], [ 30.570998509873409, -2.234503386921783 ], [ 30.581457982300069, -2.219828097788457 ], [ 30.583462085506834, -2.209507508564601 ], [ 30.601342581794871, -2.207467286785703 ], [ 30.60349084722495, -2.202085940613652 ], [ 30.615953331081396, -2.199167770076527 ], [ 30.618891962094413, -2.186900224165956 ], [ 30.622815895737137, -2.18729853929599 ], [ 30.628024142200399, -2.182342319742204 ], [ 30.636938825766318, -2.191735285255148 ], [ 30.644698349049609, -2.186685169285119 ], [ 30.660980303997992, -2.165746168650762 ], [ 30.652758753113989, -2.155300893821066 ], [ 30.639972292987022, -2.148334248826489 ], [ 30.644291201677792, -2.145298607944269 ], [ 30.654058885009643, -2.144266373294424 ], [ 30.656664800140437, -2.140890391178607 ], [ 30.658228019707384, -2.131357952507485 ], [ 30.655498834503685, -2.11667585550629 ], [ 30.660675985108792, -2.117499109296406 ], [ 30.663834718897281, -2.113837118488127 ], [ 30.668182401396631, -2.114804297979911 ], [ 30.674834536384903, -2.112836888011905 ], [ 30.677300001693791, -2.102765007199159 ], [ 30.680595002557414, -2.098643340517603 ], [ 30.680132385900965, -2.093248299469297 ], [ 30.688440117917064, -2.085164359247716 ], [ 30.693676921452766, -2.082436721777248 ], [ 30.691546024629506, -2.090788758894091 ], [ 30.696154661608393, -2.091858421528825 ], [ 30.707265227908092, -2.08619069524435 ], [ 30.708192649271442, -2.067793550132236 ], [ 30.710920302030392, -2.059260081087777 ], [ 30.709111648483816, -2.057703443658865 ], [ 30.723993437247426, -2.047437941507691 ], [ 30.725339783504307, -2.050915281714849 ], [ 30.733110227255327, -2.050970247378959 ], [ 30.744293409313588, -2.05737236724094 ], [ 30.762786342116105, -2.05282030121593 ], [ 30.768443767565994, -2.037741439515773 ], [ 30.78707365632442, -2.022960387411799 ], [ 30.804275153675558, -2.001940689710991 ], [ 30.806554230893173, -1.994811162205379 ], [ 30.803442037020428, -1.992597595202794 ], [ 30.809582667306284, -1.984713433078389 ], [ 30.814486235151744, -1.985562925488582 ], [ 30.817842776622999, -1.981117373368025 ], [ 30.822870128953522, -1.979163120481487 ], [ 30.827779867946663, -1.971525065029634 ] ] ] } },
{ "type": "Feature", "properties": { "nisr_district_code": 56, "district_name": "Ngoma", "province": "Eastern Province", "hdx_pcode": "RW56" }, "geometry": { "type": "Polygon", "coordinates": [ [ [ 30.516179347998634, -2.058652585448296 ], [ 30.528900351869897, -2.06375947921661 ], [ 30.540723897090299, -2.054533810087167 ], [ 30.55125354631431, -2.053413946396499 ], [ 30.558458617771105, -2.055504162387101 ], [ 30.561830756184587, -2.06413667556703 ], [ 30.579079564170602, -2.061187099804818 ], [ 30.581109020165147, -2.066208092129751 ], [ 30.575041365366811, -2.08187623280175 ], [ 30.576123502497648, -2.092155749088376 ], [ 30.587005137377215, -2.091813345709304 ], [ 30.58919116354139, -2.094391734390977 ], [ 30.600756550274671, -2.096253905693024 ], [ 30.602687840771264, -2.100151705037113 ], [ 30.606582188517233, -2.101536362413159 ], [ 30.607691650649176, -2.097987409191549 ], [ 30.609213084116742, -2.09839295666946 ], [ 30.611714634722691, -2.10045391321746 ], [ 30.609166367933643, -2.114179063213196 ], [ 30.619768405387642, -2.113856380167667 ], [ 30.628435449836172, -2.124998389464017 ], [ 30.639648528956503, -2.123444740482372 ], [ 30.646439212599812, -2.119412677752808 ], [ 30.655738287991834, -2.118964875628449 ], [ 30.658228019707384, -2.131357952507485 ], [ 30.656664800140437, -2.140890391178607 ], [ 30.654058885009643, -2.144266373294424 ], [ 30.644291201677792, -2.145298607944269 ], [ 30.639972292987022, -2.148334248826489 ], [ 30.652758753113989, -2.155300893821066 ], [ 30.660937254350944, -2.165838419307565 ], [ 30.644698349049609, -2.186685169285119 ], [ 30.636938825766318, -2.191735285255148 ], [ 30.628024142200399, -2.182342319742204 ], [ 30.622815895737137, -2.18729853929599 ], [ 30.618891962094413, -2.186900224165956 ], [ 30.615953331081396, -2.199167770076527 ], [ 30.60349084722495, -2.202085940613652 ], [ 30.601342581794871, -2.207467286785703 ], [ 30.583462085506834, -2.209507508564601 ], [ 30.581457982300069, -2.219828097788457 ], [ 30.570998509873409, -2.234503386921783 ], [ 30.581722590725018, -2.23248256891534 ], [ 30.585327187699701, -2.236847392493114 ], [ 30.587865552053611, -2.250712744997119 ], [ 30.581513498349249, -2.254603239148046 ], [ 30.57562783036018, -2.263419702357317 ], [ 30.560765717863763, -2.266482067493281 ], [ 30.548894244174168, -2.28458867133009 ], [ 30.512519103673934, -2.299843920660261 ], [ 30.507643414811863, -2.299335484444909 ], [ 30.500360343355187, -2.294915437097667 ], [ 30.496602927283394, -2.288483860841473 ], [ 30.491010126216505, -2.287227834397021 ], [ 30.485131552079519, -2.294938377004441 ], [ 30.484824778041169, -2.308554565140997 ], [ 30.466424177733547, -2.312807575109466 ], [ 30.45959838365852, -2.320416631922007 ], [ 30.457107407281175, -2.318746065678357 ], [ 30.449731077927094, -2.319489647629125 ], [ 30.443187560357703, -2.322969608460624 ], [ 30.437238908349034, -2.330345938714074 ], [ 30.429297456712295, -2.329096721036861 ], [ 30.42584723825949, -2.325676245861941 ], [ 30.421266776140737, -2.326806490427169 ], [ 30.420790883692444, -2.323713190411392 ], [ 30.408893578775736, -2.310834358218961 ], [ 30.392534783953156, -2.313689711111222 ], [ 30.380905168538657, -2.326479314368746 ], [ 30.373818194254259, -2.348612496869207 ], [ 30.36796887326491, -2.348225905301294 ], [ 30.36651302915298, -2.349926583544948 ], [ 30.364381887714014, -2.345866633738026 ], [ 30.362922229577254, -2.346376449513488 ], [ 30.362817006200043, -2.342645609307382 ], [ 30.35991228592329, -2.34245158237455 ], [ 30.358243914025589, -2.339735700841817 ], [ 30.359462127575181, -2.337145688422615 ], [ 30.357543307078021, -2.334766772968034 ], [ 30.359671262219006, -2.333423077013353 ], [ 30.357414619489081, -2.328044757959147 ], [ 30.359355724287401, -2.324999873844969 ], [ 30.353615740174316, -2.311437395919003 ], [ 30.344345973687819, -2.307386664163203 ], [ 30.343331247039512, -2.30024320795762 ], [ 30.328147907500085, -2.288282847974943 ], [ 30.330492865453412, -2.277564565951951 ], [ 30.329133004184843, -2.273988236467928 ], [ 30.334647405053932, -2.271943088202966 ], [ 30.333137635793388, -2.268484542027827 ], [ 30.334915093656772, -2.270015725944996 ], [ 30.337287844258636, -2.267005016068569 ], [ 30.337584519809784, -2.259297701127905 ], [ 30.334476082405242, -2.249093125347435 ], [ 30.340097560154316, -2.246758873822919 ], [ 30.338416470943546, -2.237903710088019 ], [ 30.33582523814437, -2.238728193251361 ], [ 30.333587355272289, -2.231971712624293 ], [ 30.335636196153597, -2.226354689217447 ], [ 30.333933557387798, -2.217293807363297 ], [ 30.321892661317367, -2.208579737364825 ], [ 30.32735554632146, -2.201787060824112 ], [ 30.322486963902289, -2.197964628264926 ], [ 30.315068538182526, -2.205431674931691 ], [ 30.312468398497987, -2.20270202567795 ], [ 30.309977842103802, -2.206676953578468 ], [ 30.307598896072346, -2.203637210888554 ], [ 30.304695743314152, -2.207404620226916 ], [ 30.298677544033541, -2.204052963873127 ], [ 30.297411705086279, -2.207053933192394 ], [ 30.296437521674473, -2.203505646368476 ], [ 30.295217123671375, -2.206466040974997 ], [ 30.29272724986291, -2.205620371582795 ], [ 30.293466073500735, -2.203029138783708 ], [ 30.287583375972165, -2.205622123462237 ], [ 30.286945159491612, -2.207847548025888 ], [ 30.284407465132606, -2.206969526422465 ], [ 30.283882794355559, -2.209196701966188 ], [ 30.278796695611081, -2.209185994637919 ], [ 30.277846229120325, -2.200010889890581 ], [ 30.274888585539788, -2.198614081774298 ], [ 30.275999469500075, -2.195548953021709 ], [ 30.271766486534329, -2.195265452538442 ], [ 30.274280597071861, -2.193644635891146 ], [ 30.269803928408539, -2.192466068054578 ], [ 30.266097511990846, -2.188584621083367 ], [ 30.268388933302742, -2.186764333906821 ], [ 30.269368789638012, -2.178113649924874 ], [ 30.259589411522175, -2.173618704339709 ], [ 30.263146687969272, -2.166050064858516 ], [ 30.267293446635318, -2.164581804706478 ], [ 30.269192489242041, -2.155018549866184 ], [ 30.27395817482989, -2.149628509048418 ], [ 30.270351849358395, -2.145225206178181 ], [ 30.266486507446427, -2.145773128027407 ], [ 30.26963456987956, -2.137843198504775 ], [ 30.266634010651099, -2.137552062777426 ], [ 30.270341887568247, -2.132616890956707 ], [ 30.28105308832944, -2.130853712528824 ], [ 30.283501159850761, -2.123309870054391 ], [ 30.297349047520566, -2.118802476952697 ], [ 30.368277222915435, -2.078398209110033 ], [ 30.394974858702877, -2.07946989611868 ], [ 30.409053895521037, -2.08574242277454 ], [ 30.435404809384597, -2.082695467521812 ], [ 30.446940792783355, -2.07850003484863 ], [ 30.449631111986324, -2.065925874979125 ], [ 30.457955873564718, -2.0577969048032 ], [ 30.467092805688505, -2.055483665938385 ], [ 30.477821438009006, -2.058658983225448 ], [ 30.482954263728306, -2.053617377539896 ], [ 30.502546482834052, -2.045524053791914 ], [ 30.508955713635427, -2.048567039437244 ], [ 30.516179347998634, -2.058652585448296 ] ] ] } },
{ "type": "Feature", "properties": { "nisr_district_code": 52, "district_name": "Nyagatare", "province": "Eastern Province", "hdx_pcode": "RW52" }, "geometry": { "type": "Polygon", "coordinates": [ [ [ 30.447914797230229, -1.047166707077862 ], [ 30.457143140943248, -1.050008576434591 ], [ 30.461540384181401, -1.053149464975756 ], [ 30.467517589665032, -1.05221671692789 ], [ 30.467098805066033, -1.055167248669575 ], [ 30.469782837108344, -1.052330930827738 ], [ 30.473056975498974, -1.056804316965521 ], [ 30.468090605297309, -1.060562347274507 ], [ 30.46694846270152, -1.065773366347644 ], [ 30.463771882766427, -1.067772114091758 ], [ 30.459024858110933, -1.07673078439815 ], [ 30.452671697341021, -1.081584885933718 ], [ 30.451244020894979, -1.088901727832392 ], [ 30.453171384052229, -1.10367818080338 ], [ 30.459096241798161, -1.117705103707556 ], [ 30.472659169385235, -1.118847244504606 ], [ 30.476549587993123, -1.12213090132004 ], [ 30.470053659848578, -1.129304975843904 ], [ 30.467733685061543, -1.139762707183112 ], [ 30.470731806227985, -1.147793387754581 ], [ 30.470731806227985, -1.157537280421084 ], [ 30.47758465370875, -1.161320623947548 ], [ 30.491397424651606, -1.160107098563723 ], [ 30.501105625924001, -1.163961824878224 ], [ 30.509421842144373, -1.171742662993458 ], [ 30.514632862117057, -1.192658125671964 ], [ 30.522056780895806, -1.200438962887829 ], [ 30.521200173949008, -1.204936143288349 ], [ 30.52405552684127, -1.212752673696882 ], [ 30.530087461467186, -1.218570455462109 ], [ 30.533335425989232, -1.225887298260153 ], [ 30.5406165764938, -1.23413212989375 ], [ 30.545542060817493, -1.245446467280565 ], [ 30.552109372649621, -1.252941769746807 ], [ 30.552359216005225, -1.272144020330279 ], [ 30.556892088698955, -1.274678146179442 ], [ 30.559783134783974, -1.287777078449415 ], [ 30.562281568339838, -1.289240447188844 ], [ 30.561960342196198, -1.291453345995086 ], [ 30.558676684481394, -1.292238568355198 ], [ 30.559497599134982, -1.296485906299394 ], [ 30.554607806205485, -1.306087031591086 ], [ 30.558997912423774, -1.31111959099629 ], [ 30.563673553391862, -1.32396868080994 ], [ 30.566992901601314, -1.326003119947894 ], [ 30.568777496484383, -1.337138997666598 ], [ 30.613321007358667, -1.34995239518686 ], [ 30.629203908833407, -1.384359400865576 ], [ 30.678601519444609, -1.393639298214977 ], [ 30.735887043252557, -1.449746989831591 ], [ 30.73792148328997, -1.445392575906601 ], [ 30.741098062325872, -1.452816494685438 ], [ 30.739129135201598, -1.458219091837487 ], [ 30.552893256818397, -1.469270255217981 ], [ 30.524268751601785, -1.478392356621916 ], [ 30.510661420888024, -1.478925642903983 ], [ 30.472031304101382, -1.489015444507092 ], [ 30.468621337504825, -1.485510506804444 ], [ 30.462948691928798, -1.471590559156921 ], [ 30.45808175436952, -1.468340161069437 ], [ 30.453211351722647, -1.46838409744815 ], [ 30.44767261969567, -1.470839567691729 ], [ 30.443740253110423, -1.475593553099908 ], [ 30.433851431098685, -1.47732638210677 ], [ 30.430802259916472, -1.484393271831908 ], [ 30.415822289467147, -1.485388445420333 ], [ 30.404991830508681, -1.481989422673691 ], [ 30.407749031392822, -1.501129212642882 ], [ 30.404322608102124, -1.507928521683921 ], [ 30.403305387633733, -1.522932511226272 ], [ 30.392700850963433, -1.547943696044707 ], [ 30.380858273390626, -1.542846890871241 ], [ 30.345426368832012, -1.545885923996038 ], [ 30.34744876784649, -1.542273220532631 ], [ 30.345741147735932, -1.526275033166214 ], [ 30.347027119805919, -1.496516739156173 ], [ 30.326900548721508, -1.50842865086146 ], [ 30.316011999853981, -1.531913557564535 ], [ 30.3120015145583, -1.532061962789355 ], [ 30.297251753465797, -1.528371996770217 ], [ 30.280551077770095, -1.519235079035542 ], [ 30.279428734648366, -1.515267139766652 ], [ 30.272697376582752, -1.513445125891766 ], [ 30.274628064533598, -1.496156788205172 ], [ 30.266986422585401, -1.48567230473301 ], [ 30.259570002353858, -1.484843342046516 ], [ 30.256766668946671, -1.482248341987414 ], [ 30.255561668236613, -1.484676676087704 ], [ 30.247898141286338, -1.485370875365588 ], [ 30.247588849146172, -1.489616041447006 ], [ 30.245289194540941, -1.488009982674454 ], [ 30.234744031112253, -1.490728101720473 ], [ 30.227539475866177, -1.49517181922404 ], [ 30.224864657378053, -1.492472898905162 ], [ 30.220481889627553, -1.493073283605073 ], [ 30.215681107996833, -1.497880070009183 ], [ 30.209799763048711, -1.494872615678633 ], [ 30.20461433598302, -1.498822603580286 ], [ 30.199377330999038, -1.497926051446064 ], [ 30.195878955649274, -1.500378204090824 ], [ 30.197425967634278, -1.508058833448234 ], [ 30.192132163268919, -1.514728828972223 ], [ 30.185457039810675, -1.515590297654035 ], [ 30.182153223792401, -1.518893562387958 ], [ 30.179344496251542, -1.51734296750391 ], [ 30.156476623397548, -1.519353624969677 ], [ 30.150658434239357, -1.522163936216681 ], [ 30.148043863133783, -1.527341449248321 ], [ 30.142242785376421, -1.528772672620582 ], [ 30.139195315711358, -1.524952451494388 ], [ 30.13842256514933, -1.516697072611761 ], [ 30.145289892614596, -1.51574799647275 ], [ 30.145507568119772, -1.513897747482995 ], [ 30.142160840050874, -1.502749754997146 ], [ 30.133779926602482, -1.49474672318265 ], [ 30.136570564280223, -1.491022162942424 ], [ 30.133789747199085, -1.48189607844117 ], [ 30.129215450832508, -1.478370001274476 ], [ 30.126013497425024, -1.479390951231408 ], [ 30.125829283894372, -1.471816582169494 ], [ 30.122444977653611, -1.469112068966772 ], [ 30.12359322035098, -1.465689106267088 ], [ 30.114804534501676, -1.450500735020877 ], [ 30.115241408963971, -1.448249912703281 ], [ 30.108138305338688, -1.443806546834614 ], [ 30.106677828818878, -1.436943997467444 ], [ 30.09926425943809, -1.434852025100819 ], [ 30.100803598407449, -1.433215898394969 ], [ 30.098414647418064, -1.425644028549 ], [ 30.095386257769679, -1.426207988008133 ], [ 30.092568125118884, -1.420378331594707 ], [ 30.093633854119222, -1.412935210491429 ], [ 30.082733660829735, -1.413490892590608 ], [ 30.083254103893847, -1.404232168879427 ], [ 30.075597598850184, -1.392436573688782 ], [ 30.070729511058108, -1.391910033221378 ], [ 30.070386190370495, -1.381191491294287 ], [ 30.08178856778822, -1.373063253166562 ], [ 30.098102151892963, -1.376204141707727 ], [ 30.103679608727123, -1.371978219319348 ], [ 30.112702524801687, -1.37685135590534 ], [ 30.118279981636025, -1.384903451133346 ], [ 30.123381546021715, -1.384408522735081 ], [ 30.124866329417681, -1.371445219920953 ], [ 30.129263573555203, -1.362860124395094 ], [ 30.137620240381995, -1.361603769698106 ], [ 30.138857560927928, -1.355854991114891 ], [ 30.144511159762349, -1.351019926428399 ], [ 30.152715540789703, -1.351210283227966 ], [ 30.17005705359021, -1.345195005844835 ], [ 30.162404706112394, -1.334972841123661 ], [ 30.164403453856419, -1.327225316595071 ], [ 30.161643278914301, -1.318126257620611 ], [ 30.165659809452688, -1.313253121034708 ], [ 30.165754987402831, -1.306761952102387 ], [ 30.175063438227195, -1.301736529717046 ], [ 30.171256301337362, -1.272992641297288 ], [ 30.18774120719107, -1.271051000503276 ], [ 30.191434130181054, -1.281901343472181 ], [ 30.198058550761669, -1.280835344675391 ], [ 30.198134693661299, -1.274039604144284 ], [ 30.205235004891644, -1.272935534347275 ], [ 30.210793425776099, -1.276133529838453 ], [ 30.212868315520385, -1.269794644906919 ], [ 30.21926430650274, -1.2662730436659 ], [ 30.221681838845942, -1.260581372931979 ], [ 30.230799933770019, -1.254356701900206 ], [ 30.233065180313961, -1.248531782215834 ], [ 30.24306575747892, -1.241064717562568 ], [ 30.245774826647025, -1.232553845783324 ], [ 30.252699057815374, -1.224773007668179 ], [ 30.253674636075683, -1.220156854155408 ], [ 30.265072255180552, -1.212518783414984 ], [ 30.275637061601184, -1.20968722478555 ], [ 30.278159290318978, -1.198051660355726 ], [ 30.292317083466774, -1.189319039142289 ], [ 30.291293914882427, -1.185250160866203 ], [ 30.297380575952875, -1.168021911382111 ], [ 30.29758045117698, -1.158513584434362 ], [ 30.307217267862779, -1.144779335997515 ], [ 30.329274872237615, -1.135570821436238 ], [ 30.334799980434884, -1.131287792097935 ], [ 30.344622395607129, -1.131487666422671 ], [ 30.338540492849535, -1.100564190984488 ], [ 30.340696284705853, -1.092466885038646 ], [ 30.348705549721505, -1.086799009466655 ], [ 30.350947002002709, -1.076234202146653 ], [ 30.348462845184326, -1.07220815408301 ], [ 30.348948256057245, -1.069595506627208 ], [ 30.352317573297388, -1.068853115378909 ], [ 30.352089143699128, -1.062228694798384 ], [ 30.354487640092447, -1.064370209917131 ], [ 30.359013376666038, -1.060315608378615 ], [ 30.361840176083337, -1.064798512940934 ], [ 30.36575200934794, -1.066840090897314 ], [ 30.366123204522271, -1.064755682728402 ], [ 30.369492521762592, -1.06448442381698 ], [ 30.373975427224369, -1.069709720527057 ], [ 30.374632157148501, -1.067611035620664 ], [ 30.372076615743342, -1.065683672463502 ], [ 30.376930716379452, -1.060858125302178 ], [ 30.386324828528071, -1.067368331083574 ], [ 30.387481246961972, -1.065854994212556 ], [ 30.39159295455131, -1.068381981243383 ], [ 30.397988946432857, -1.061886052199468 ], [ 30.399273855504088, -1.06397046036838 ], [ 30.402885876382218, -1.060915233151472 ], [ 30.405013114763573, -1.06319951474575 ], [ 30.406183809934955, -1.06138636638754 ], [ 30.428569780171227, -1.064284549492334 ], [ 30.430197330042812, -1.0584453521712 ], [ 30.434894386566807, -1.057117612887437 ], [ 30.43235312189913, -1.056218176627477 ], [ 30.43545118022794, -1.052049361189022 ], [ 30.436636152136803, -1.054790500181435 ], [ 30.439305907441632, -1.048266018561839 ], [ 30.443917302641548, -1.047880544851199 ], [ 30.444616864576684, -1.050250488669102 ], [ 30.444902399326306, -1.048237464187596 ], [ 30.447743476380456, -1.049822185645299 ], [ 30.447914797230229, -1.047166707077862 ] ] ] } },
{ "type": "Feature", "properties": { "nisr_district_code": 51, "district_name": "Rwamagana", "province": "Eastern Province", "hdx_pcode": "RW51" }, "geometry": { "type": "Polygon", "coordinates": [ [ [ 30.28919692879543, -1.823646674854074 ], [ 30.294013638318756, -1.824688933347452 ], [ 30.298693138277837, -1.828739198355278 ], [ 30.320227741017607, -1.858423202069004 ], [ 30.331353836810198, -1.862730132689328 ], [ 30.339753376117489, -1.869940521837477 ], [ 30.353021485253489, -1.875968375340131 ], [ 30.366664120652647, -1.869404304664857 ], [ 30.384497592290199, -1.866779412040176 ], [ 30.399487015513376, -1.856310287189855 ], [ 30.421617714086285, -1.845732451391469 ], [ 30.450390603843285, -1.840457671284368 ], [ 30.46803536533999, -1.842715473240431 ], [ 30.48890143005713, -1.85910870490279 ], [ 30.482554225497321, -1.887989841557902 ], [ 30.478351188156932, -1.890368956661937 ], [ 30.465697162194399, -1.884970424445476 ], [ 30.461390255855807, -1.885773703393634 ], [ 30.458977851446772, -1.893364387956054 ], [ 30.461472658036886, -1.902915548713547 ], [ 30.458814941956074, -1.90682547541533 ], [ 30.459210577106493, -1.91157998063144 ], [ 30.466734477114581, -1.922249625519757 ], [ 30.470360504933385, -1.934516786520446 ], [ 30.470972997206108, -1.956863153311839 ], [ 30.468810982940713, -1.964367501159148 ], [ 30.47149952957972, -1.984728660399304 ], [ 30.475054016329988, -1.998643930672783 ], [ 30.483705932382914, -2.00998418652093 ], [ 30.485852376685923, -2.021803981568449 ], [ 30.48307716687783, -2.040237979099369 ], [ 30.484139916424152, -2.048866661167337 ], [ 30.482954943615919, -2.053616712041573 ], [ 30.477821438009006, -2.058658983225448 ], [ 30.466186365508523, -2.055483665938385 ], [ 30.454119811779872, -2.059957861466144 ], [ 30.449268535014856, -2.066767053156904 ], [ 30.446940792783355, -2.07850003484863 ], [ 30.435404809384597, -2.082695467521812 ], [ 30.409053895521037, -2.08574242277454 ], [ 30.394974858702877, -2.07946989611868 ], [ 30.368277222915435, -2.078398209110033 ], [ 30.297349047520566, -2.118802476952697 ], [ 30.283501159850761, -2.123309870054391 ], [ 30.280769405283852, -2.13101131242196 ], [ 30.266546280886313, -2.133519593554356 ], [ 30.267931029993161, -2.127821203085978 ], [ 30.265361603055634, -2.12773853290692 ], [ 30.265609832128131, -2.125599626721242 ], [ 30.270081218173733, -2.124852064371264 ], [ 30.267650985604593, -2.122451376329837 ], [ 30.270680602827643, -2.122909826427278 ], [ 30.269026874590626, -2.112598925599818 ], [ 30.260727203197984, -2.106286303569916 ], [ 30.252848223866618, -2.107866870159881 ], [ 30.249839632792924, -2.102009082952761 ], [ 30.25234898681634, -2.102410060975457 ], [ 30.253012855558897, -2.100215008315998 ], [ 30.247856684338597, -2.098207806944663 ], [ 30.246213383740777, -2.094915979788559 ], [ 30.249660313372811, -2.09089124203713 ], [ 30.244590618262517, -2.09038799760789 ], [ 30.246223345531103, -2.086996012955622 ], [ 30.241999362980348, -2.077352580856895 ], [ 30.244863352961342, -2.07365027523988 ], [ 30.241630760551235, -2.075111080911507 ], [ 30.238253567048606, -2.068685447375496 ], [ 30.236983616400853, -2.07125101981861 ], [ 30.233212682619264, -2.068765145295138 ], [ 30.23166385670179, -2.070654451841459 ], [ 30.222049181324689, -2.066196614082439 ], [ 30.220593370487652, -2.0606527028599 ], [ 30.228657629046356, -2.043305517135841 ], [ 30.229974089932259, -2.01206403602644 ], [ 30.236351469444916, -1.986977180452476 ], [ 30.236784858134651, -1.982785531227161 ], [ 30.232827509282128, -1.976320928268172 ], [ 30.231770345425229, -1.968471720093723 ], [ 30.233498781243878, -1.962442479836535 ], [ 30.243099774335274, -1.954728589952437 ], [ 30.254064341995839, -1.951379344680915 ], [ 30.265223833213344, -1.953371516582225 ], [ 30.277055361715693, -1.935040613733252 ], [ 30.276622965877269, -1.926546161775866 ], [ 30.27067931769653, -1.908400364585161 ], [ 30.27294189775051, -1.900107390443717 ], [ 30.258090406247245, -1.894404798342786 ], [ 30.258166643575873, -1.875661400753048 ], [ 30.2608154986365, -1.868690713305699 ], [ 30.265230075407839, -1.864939118545428 ], [ 30.263206681742954, -1.862367479275717 ], [ 30.247571166676106, -1.857421830353146 ], [ 30.249164956897328, -1.852355605726486 ], [ 30.247773759651391, -1.845748550155391 ], [ 30.256077739696135, -1.841605980531525 ], [ 30.260320922772504, -1.828661085040973 ], [ 30.264057285715278, -1.827974969768909 ], [ 30.272351909213373, -1.831643298998886 ], [ 30.28919692879543, -1.823646674854074 ] ] ] } },
{ "type": "Feature", "properties": { "nisr_district_code": 12, "district_name": "Gasabo", "province": "Kigali City", "hdx_pcode": "RW12" }, "geometry": { "type": "Polygon", "coordinates": [ [ [ 30.147858518256026, -1.792688687033162 ], [ 30.16392246854706, -1.790795337135054 ], [ 30.17257908985324, -1.797159110804236 ], [ 30.175770928585582, -1.802341329988322 ], [ 30.182572893324416, -1.805967568248568 ], [ 30.205046964745701, -1.831932743101528 ], [ 30.213314194894341, -1.835383823104808 ], [ 30.220296258765405, -1.842114033635734 ], [ 30.237361076252672, -1.846033197274244 ], [ 30.247773759651391, -1.845748550155391 ], [ 30.249164956897328, -1.852355605726486 ], [ 30.247571166676106, -1.857421830353146 ], [ 30.263206681742954, -1.862367479275717 ], [ 30.265230075407839, -1.864939118545428 ], [ 30.2608154986365, -1.868690713305699 ], [ 30.258166643575873, -1.875661400753048 ], [ 30.258090406247245, -1.894404798342786 ], [ 30.27294189775051, -1.900107390443717 ], [ 30.27067931769653, -1.908400364585161 ], [ 30.276622965877269, -1.926546161775866 ], [ 30.277002576008154, -1.935283427987733 ], [ 30.265223833213344, -1.953371516582225 ], [ 30.254064341995839, -1.951379344680915 ], [ 30.243099774335274, -1.954728589952437 ], [ 30.233980423957501, -1.96150719659981 ], [ 30.231770345425229, -1.968471720093723 ], [ 30.232827509282128, -1.976320928268172 ], [ 30.235914800927393, -1.981242503238845 ], [ 30.219191667361638, -1.982821666886337 ], [ 30.210660511373593, -1.987603294756169 ], [ 30.183723701787518, -1.987305965397879 ], [ 30.183421359608136, -1.978169257205453 ], [ 30.179066694772299, -1.971388520963447 ], [ 30.163555602708907, -1.965687034129149 ], [ 30.149577234202123, -1.955509050402304 ], [ 30.139550651341612, -1.95274281672756 ], [ 30.123726733701933, -1.962253373993994 ], [ 30.11695075577278, -1.959413117121545 ], [ 30.103876659180589, -1.964952053294555 ], [ 30.100774373138844, -1.968895469849896 ], [ 30.098453391111295, -1.964179203807037 ], [ 30.097367895911791, -1.966926748670484 ], [ 30.085611798945482, -1.962966425759894 ], [ 30.084591965047263, -1.964384986677781 ], [ 30.07736763640742, -1.957125860570008 ], [ 30.073206432830684, -1.943673457863737 ], [ 30.059129838571391, -1.933654628957948 ], [ 30.049195875988904, -1.934490929212951 ], [ 30.041432837255638, -1.942420472926421 ], [ 30.034048735960422, -1.942969607961021 ], [ 30.033809776200354, -1.938025857507298 ], [ 30.030305622706404, -1.939722753202455 ], [ 30.028561927191316, -1.935048357795444 ], [ 30.031115366880694, -1.929476612555592 ], [ 30.024095452343385, -1.925293993423039 ], [ 30.022004142776975, -1.918560995893215 ], [ 30.014161732578042, -1.920499283115318 ], [ 30.014710064517896, -1.916386798511793 ], [ 30.018586638063088, -1.91622102468042 ], [ 30.019625916203079, -1.913874678173822 ], [ 30.004119621123831, -1.905726222387172 ], [ 29.995412890492606, -1.893486902598485 ], [ 29.99341441254521, -1.873961270196356 ], [ 29.989085145463317, -1.865882949838194 ], [ 29.992971325566369, -1.855462627598093 ], [ 29.991144575861444, -1.847507481085364 ], [ 29.994552303146332, -1.846629392032784 ], [ 29.997552998172477, -1.842374170631411 ], [ 30.015840764140005, -1.836315813024359 ], [ 30.021620950646504, -1.852554912579108 ], [ 30.026888242997945, -1.857031252989894 ], [ 30.029369538173672, -1.865193653664188 ], [ 30.045523421568692, -1.853897032022334 ], [ 30.051496290521367, -1.844674415192016 ], [ 30.057025028382494, -1.844266858628585 ], [ 30.05654682377698, -1.837531548941807 ], [ 30.063458250398039, -1.828838343214801 ], [ 30.080285351887486, -1.82638294311831 ], [ 30.094719772, -1.820575630361055 ], [ 30.099531527158401, -1.812684404961262 ], [ 30.113863367900134, -1.820739528206572 ], [ 30.118638113258339, -1.819263120196768 ], [ 30.122865464669484, -1.812441052012803 ], [ 30.128030104805486, -1.808981059728032 ], [ 30.13059024534363, -1.799684710181071 ], [ 30.130281818351417, -1.790041583851976 ], [ 30.1334073284855, -1.783108086968588 ], [ 30.138108557863735, -1.77965647456656 ], [ 30.142603353262192, -1.780720197179309 ], [ 30.147858518256026, -1.792688687033162 ] ] ] } },
{ "type": "Feature", "properties": { "nisr_district_code": 13, "district_name": "Kicukiro", "province": "Kigali City", "hdx_pcode": "RW13" }, "geometry": { "type": "Polygon", "coordinates": [ [ [ 30.138367934932358, -1.952900288917159 ], [ 30.149577234202123, -1.955509050402304 ], [ 30.164670960796219, -1.9662481769117 ], [ 30.179066694772299, -1.971388520963447 ], [ 30.183421359608136, -1.978169257205453 ], [ 30.183723701787518, -1.987305965397879 ], [ 30.210660511373593, -1.987603294756169 ], [ 30.219191667361638, -1.982821666886337 ], [ 30.235914800927393, -1.981242503238845 ], [ 30.234015649502648, -2.000514076263616 ], [ 30.229974089932259, -2.01206403602644 ], [ 30.228657629046356, -2.043305517135841 ], [ 30.220593370487652, -2.0606527028599 ], [ 30.22179649341356, -2.072430719002461 ], [ 30.210867414799363, -2.075629112893085 ], [ 30.20806803121469, -2.079743509455379 ], [ 30.206862602427147, -2.074752436675598 ], [ 30.204660949643152, -2.073547009686616 ], [ 30.206802828088069, -2.068037898630027 ], [ 30.203923746583666, -2.067938275331083 ], [ 30.204830308172131, -2.065308249376197 ], [ 30.200945040880949, -2.066473829203786 ], [ 30.199131916804649, -2.057039604593991 ], [ 30.195097215464333, -2.061751737352735 ], [ 30.192666434308595, -2.060456647955944 ], [ 30.190753686933174, -2.055744516096481 ], [ 30.193782202486712, -2.053582714070912 ], [ 30.191241835342513, -2.051321288746311 ], [ 30.189697692194766, -2.042554532865338 ], [ 30.185453784264798, -2.038191078955054 ], [ 30.182903454430903, -2.038340512104909 ], [ 30.180990708854221, -2.033618419354489 ], [ 30.179018188039091, -2.033020685855969 ], [ 30.178251096910696, -2.035959540799992 ], [ 30.175372015406293, -2.035192449671775 ], [ 30.173020930371724, -2.028258743246314 ], [ 30.171945009354733, -2.031307182380504 ], [ 30.166665032065747, -2.030051942842859 ], [ 30.165589112847318, -2.033877436694332 ], [ 30.162431086825297, -2.029474133824183 ], [ 30.161604222257193, -2.032024462758709 ], [ 30.157958049624394, -2.030799109491322 ], [ 30.15753963644509, -2.035620825540508 ], [ 30.152737843976379, -2.034365586002951 ], [ 30.147218772928202, -2.040940653588186 ], [ 30.146122928330737, -2.039406470432204 ], [ 30.142685961388221, -2.041060199568412 ], [ 30.141739549940343, -2.038300664044324 ], [ 30.139657444935313, -2.040751370579275 ], [ 30.137246586460858, -2.039545941791643 ], [ 30.138202960598253, -2.043331585784059 ], [ 30.134686295736007, -2.04295302246399 ], [ 30.137117078690306, -2.046091122207517 ], [ 30.134726144695872, -2.047645228944151 ], [ 30.132903057929877, -2.043859584052544 ], [ 30.128987905267717, -2.048013831373175 ], [ 30.13014352150633, -2.049717370360294 ], [ 30.127921946940422, -2.052815622942606 ], [ 30.123608303780419, -2.04956793810972 ], [ 30.122900986091732, -2.05299494236263 ], [ 30.125700371474966, -2.055365951877131 ], [ 30.119822658888811, -2.056332286905483 ], [ 30.118906135509842, -2.059809103707056 ], [ 30.118168929752425, -2.054688520458703 ], [ 30.113715817031366, -2.060267365846225 ], [ 30.110119454249567, -2.056272514364966 ], [ 30.108714780662698, -2.058852730469119 ], [ 30.105528530317532, -2.057431452699332 ], [ 30.104200232554728, -2.060034913580256 ], [ 30.103668914888598, -2.056568059468289 ], [ 30.101676470492816, -2.055890628949231 ], [ 30.0960046450984, -2.06448470690358 ], [ 30.094981856027896, -2.061057701751479 ], [ 30.091342323989128, -2.064006519385287 ], [ 30.091820510608141, -2.059716122800793 ], [ 30.086794876882077, -2.062477343654357 ], [ 30.086842020243115, -2.060125149755854 ], [ 30.082347651123403, -2.05741708063375 ], [ 30.081728061401119, -2.040075655966656 ], [ 30.079146836257625, -2.037946224138898 ], [ 30.078347249925724, -2.031797644745448 ], [ 30.074288928791109, -2.028303696758161 ], [ 30.072826399119162, -2.021237318747249 ], [ 30.065342321990645, -2.016967393430458 ], [ 30.064366545879533, -2.007945823640756 ], [ 30.052934471948472, -2.001873824217582 ], [ 30.048530195112438, -2.002768859195448 ], [ 30.050370466124281, -1.995532427479374 ], [ 30.04877639531453, -1.992512245943401 ], [ 30.060918078406711, -1.979552892951608 ], [ 30.060828746049911, -1.972991372753497 ], [ 30.069269640681522, -1.969135109497666 ], [ 30.071545270797689, -1.959243785572229 ], [ 30.0751097705995, -1.955226163256685 ], [ 30.076912414876194, -1.954819223628202 ], [ 30.083426573178034, -1.963870886532127 ], [ 30.085611798945482, -1.962966425759894 ], [ 30.097367895911791, -1.966926748670484 ], [ 30.098453391111295, -1.964179203807037 ], [ 30.100774373138844, -1.968895469849896 ], [ 30.103876659180589, -1.964952053294555 ], [ 30.11695075577278, -1.959413117121545 ], [ 30.123726733701933, -1.962253373993994 ], [ 30.138367934932358, -1.952900288917159 ] ] ] } },
{ "type": "Feature", "properties": { "nisr_district_code": 11, "district_name": "Nyarugenge", "province": "Kigali City", "hdx_pcode": "RW11" }, "geometry": { "type": "Polygon", "coordinates": [ [ [ 29.989637175415378, -1.867557334603254 ], [ 29.99341441254521, -1.873961270196356 ], [ 29.995412890492606, -1.893486902598485 ], [ 30.004119621123831, -1.905726222387172 ], [ 30.019708804018091, -1.91398306896341 ], [ 30.018586638063088, -1.91622102468042 ], [ 30.014710064517896, -1.916386798511793 ], [ 30.014161732578042, -1.920499283115318 ], [ 30.022004142776975, -1.918560995893215 ], [ 30.024095452343385, -1.925293993423039 ], [ 30.031115366880694, -1.929476612555592 ], [ 30.028561927191316, -1.935048357795444 ], [ 30.030305622706404, -1.939722753202455 ], [ 30.033689689727499, -1.93789638031362 ], [ 30.034048735960422, -1.942969607961021 ], [ 30.041432837255638, -1.942420472926421 ], [ 30.049195875988904, -1.934490929212951 ], [ 30.059129838571391, -1.933654628957948 ], [ 30.066923122404237, -1.937785781688339 ], [ 30.074290246297924, -1.945044941970464 ], [ 30.07689010899141, -1.954824774243902 ], [ 30.07230005560319, -1.957693759959034 ], [ 30.069269640681522, -1.969135109497666 ], [ 30.060828746049911, -1.972991372753497 ], [ 30.060918078406711, -1.979552892951608 ], [ 30.04877639531453, -1.992512245943401 ], [ 30.050370466124281, -1.995532427479374 ], [ 30.048465122867245, -2.002128982566343 ], [ 30.052934471948472, -2.001873824217582 ], [ 30.064366545879533, -2.007945823640756 ], [ 30.065342321990645, -2.016967393430458 ], [ 30.072826399119162, -2.021237318747249 ], [ 30.074288928791109, -2.028303696758161 ], [ 30.078347249925724, -2.031797644745448 ], [ 30.079146836257625, -2.037946224138898 ], [ 30.081728061401119, -2.040075655966656 ], [ 30.082347651123403, -2.05741708063375 ], [ 30.086842020243115, -2.060125149755854 ], [ 30.086794876882077, -2.062477343654357 ], [ 30.081635150641677, -2.06479239105587 ], [ 30.079099201866793, -2.062395247242821 ], [ 30.076877176740407, -2.069253295503038 ], [ 30.07579666198647, -2.064723336612551 ], [ 30.073157947681278, -2.06417920180867 ], [ 30.071417879131761, -2.068509448252398 ], [ 30.06454215739473, -2.071070569950762 ], [ 30.062288780103213, -2.066697499589909 ], [ 30.054482099969054, -2.064537842447367 ], [ 30.057859650502532, -2.060523126740821 ], [ 30.057990228466263, -2.055771177397825 ], [ 30.046707138024036, -2.054670429696482 ], [ 30.044132746828883, -2.056588740277976 ], [ 30.045229274011891, -2.059553162048789 ], [ 30.042057493758517, -2.058037539101021 ], [ 30.038491033434649, -2.059232442223425 ], [ 30.039853766238405, -2.061876143269237 ], [ 30.036589929581641, -2.065625920499737 ], [ 30.040289840303974, -2.065664540086376 ], [ 30.039352803389246, -2.06890793785105 ], [ 30.027198892215228, -2.063926825962226 ], [ 30.02764416814389, -2.069659037234717 ], [ 30.024509397690718, -2.068171968661281 ], [ 30.016336173675445, -2.075768584252702 ], [ 30.015705288468435, -2.070492030682625 ], [ 30.01258155809256, -2.072977326941994 ], [ 30.008234877437683, -2.070143980460293 ], [ 30.005446945820029, -2.07306706309437 ], [ 30.003285677092489, -2.06702971275089 ], [ 30.000931759193488, -2.066689521703913 ], [ 30.000026525903561, -2.069969851027643 ], [ 29.997061441332622, -2.066695253982654 ], [ 29.994026745637886, -2.068348268157972 ], [ 29.994195811887419, -2.065287610834477 ], [ 29.991071015814857, -2.065352780206598 ], [ 29.991479575122487, -2.06212308181476 ], [ 29.988910890125513, -2.062468800094986 ], [ 29.987592087404973, -2.057436024852655 ], [ 29.983651644907521, -2.057844007694743 ], [ 29.987229710083223, -2.055361269107226 ], [ 29.98580336823095, -2.053567309583538 ], [ 29.987431150127602, -2.050983630190351 ], [ 29.983362590211431, -2.04367934552524 ], [ 29.986247212439093, -2.043939991537303 ], [ 29.992439716519808, -2.0338004556265 ], [ 29.995543105130434, -2.034410815606658 ], [ 29.997431737185092, -2.030008568540576 ], [ 30.002675181314647, -2.028309907476234 ], [ 30.002139252824261, -2.031493237722748 ], [ 30.008911860993653, -2.028138898691146 ], [ 30.00520140661968, -2.024075067410325 ], [ 30.005827162993331, -2.019802947747762 ], [ 30.007728015036033, -2.020550443548042 ], [ 30.008231299934589, -2.018205827336906 ], [ 30.011804368476962, -2.017623831074878 ], [ 30.01339139759504, -2.01891756429401 ], [ 30.015506846763589, -2.012823926283114 ], [ 30.014126584374406, -2.011377271443815 ], [ 30.010347788719532, -2.012982000119179 ], [ 30.007325043216209, -2.009196736540065 ], [ 30.008619889796034, -2.007163031248871 ], [ 30.004469257750149, -2.007656857078255 ], [ 30.003556331659514, -2.00201628312483 ], [ 29.999357458180203, -2.000965254442877 ], [ 30.000881161536402, -1.998438345653109 ], [ 29.99510842321526, -1.997502449978017 ], [ 29.99711556523123, -1.992620571082482 ], [ 29.99299122756322, -1.993226817563498 ], [ 29.998027800642529, -1.987733754908805 ], [ 29.995695826201601, -1.983663730896412 ], [ 30.00226413358315, -1.983356458633667 ], [ 29.998459688364026, -1.975698304233353 ], [ 30.000599564018653, -1.974270701531522 ], [ 29.998074183176964, -1.971217470809583 ], [ 30.003669783833569, -1.969686312972796 ], [ 30.003430869938857, -1.955537776547056 ], [ 29.99870825018564, -1.95690559951377 ], [ 30.000048714876531, -1.954969370839666 ], [ 29.998404764068692, -1.947659785570599 ], [ 29.995569179174336, -1.945842887039506 ], [ 29.997791876094364, -1.944818969319917 ], [ 29.998678078830448, -1.940619862016979 ], [ 29.996559571067454, -1.942064215491046 ], [ 29.995464560141432, -1.938549297112291 ], [ 29.994031728781383, -1.940595015547475 ], [ 29.992201023858261, -1.939114526414143 ], [ 29.987037747993799, -1.931568201810896 ], [ 29.989897409537985, -1.929721737168377 ], [ 29.9854887664934, -1.929185151273638 ], [ 29.988566067570115, -1.925323608997209 ], [ 29.984927786488196, -1.921348171181114 ], [ 29.982840277456962, -1.913378328846671 ], [ 29.992501666318876, -1.907353332490269 ], [ 29.986169401296852, -1.896341223968234 ], [ 29.978028566365349, -1.890675829625777 ], [ 29.98037166631941, -1.886754999543572 ], [ 29.977519331551921, -1.881042624617424 ], [ 29.979999062806566, -1.871359979379561 ], [ 29.989637175415378, -1.867557334603254 ] ] ] } },
{ "type": "Feature", "properties": { "nisr_district_code": 44, "district_name": "Burera", "province": "Northern Province", "hdx_pcode": "RW44" }, "geometry": { "type": "Polygon", "coordinates": [ [ [ 29.830626663090126, -1.315692228113774 ], [ 29.83360098909446, -1.314954595178419 ], [ 29.837336743196257, -1.318999678292488 ], [ 29.84228602178251, -1.3202607922017 ], [ 29.843166422092676, -1.322759226656933 ], [ 29.840239685513186, -1.325876320036079 ], [ 29.841167675248197, -1.333300238814916 ], [ 29.849400610649706, -1.338249517401169 ], [ 29.851708687406092, -1.345887588141592 ], [ 29.858894659960693, -1.352097980637235 ], [ 29.858157027025161, -1.355476815402634 ], [ 29.861964164814541, -1.360854397012779 ], [ 29.87098232167688, -1.355643377939464 ], [ 29.883117572817913, -1.356476188825051 ], [ 29.880857084586825, -1.361568235685484 ], [ 29.880857085486195, -1.371680945719034 ], [ 29.883676746085069, -1.405540675261963 ], [ 29.887888392635336, -1.41329771821509 ], [ 29.885984822841454, -1.415320259322484 ], [ 29.885580314979581, -1.423101097437629 ], [ 29.890957896589814, -1.429930150655834 ], [ 29.893694277269194, -1.451583245370414 ], [ 29.896787576385602, -1.456865649030326 ], [ 29.902712434131711, -1.460815554194428 ], [ 29.914331620108275, -1.48204256721064 ], [ 29.925086784227755, -1.479815391666917 ], [ 29.933900306653943, -1.472163044189101 ], [ 29.941381332382793, -1.469155405497491 ], [ 29.961159412576837, -1.461902809367166 ], [ 29.977644318430546, -1.458780956775707 ], [ 29.982711838980219, -1.45415894328057 ], [ 29.988180662207913, -1.462147416869775 ], [ 29.983918355947441, -1.465415262704151 ], [ 29.984697157148215, -1.468036490591518 ], [ 29.980387841525829, -1.469820182555248 ], [ 29.979941350612965, -1.476257612498755 ], [ 29.983422697299805, -1.486119498016392 ], [ 29.975588701157701, -1.491601007080734 ], [ 29.980708398573935, -1.501469319153748 ], [ 29.993440407449039, -1.500782575255555 ], [ 29.99550616098065, -1.509605092700872 ], [ 29.982778893331446, -1.52128074441068 ], [ 29.975082087868071, -1.517881140702093 ], [ 29.969391459448385, -1.518233598501662 ], [ 29.966799947859418, -1.525722883604053 ], [ 29.961435502646399, -1.527613946526307 ], [ 29.966446220216863, -1.539841134460718 ], [ 29.969821077280894, -1.540766388457959 ], [ 29.970694309994588, -1.536189824900503 ], [ 29.97263666844751, -1.537753342143023 ], [ 29.974128275899286, -1.543727158981112 ], [ 29.979396499049276, -1.545494006643067 ], [ 29.982089864255872, -1.550697589222205 ], [ 29.989835982244866, -1.556504484694144 ], [ 29.997562825064488, -1.568948060304687 ], [ 29.991051230729642, -1.569030390539939 ], [ 29.97306832594268, -1.586814080205523 ], [ 29.971454476343123, -1.569745609672124 ], [ 29.964253792678502, -1.574317246743518 ], [ 29.95586897167583, -1.565441659405009 ], [ 29.951118558374883, -1.576511496308497 ], [ 29.954499031704945, -1.59310193040968 ], [ 29.951784118742236, -1.595375131457078 ], [ 29.947660734355591, -1.593586166768157 ], [ 29.948972245372889, -1.597486729728781 ], [ 29.941626348177646, -1.595122171950581 ], [ 29.93614025436943, -1.597567928616928 ], [ 29.922277234706723, -1.591708183585772 ], [ 29.917080690221692, -1.595821777952689 ], [ 29.909483108758533, -1.58979289202833 ], [ 29.900931715326589, -1.589633980024152 ], [ 29.905151192273809, -1.595008833990408 ], [ 29.903761415956669, -1.603573735239616 ], [ 29.905315169259755, -1.610971017898033 ], [ 29.892998729008252, -1.608238644597704 ], [ 29.887330667276462, -1.61209134473973 ], [ 29.885983529616194, -1.609087007459354 ], [ 29.874570001504413, -1.610056675375271 ], [ 29.873241034646075, -1.612936210137905 ], [ 29.862376081291291, -1.611901476272027 ], [ 29.858480555433314, -1.606921046069376 ], [ 29.853629643793116, -1.579844686882626 ], [ 29.842263527939632, -1.579819587703713 ], [ 29.8371181198054, -1.569277571902339 ], [ 29.840448215812703, -1.564049740902773 ], [ 29.837461775940415, -1.559602497157509 ], [ 29.82676915607178, -1.562562837804615 ], [ 29.82267417767132, -1.561389204548081 ], [ 29.812926876574213, -1.566512067577863 ], [ 29.804683132220926, -1.563846045358697 ], [ 29.804304987984825, -1.565713593707374 ], [ 29.797158019926744, -1.568042861189023 ], [ 29.794720072973096, -1.566567633989069 ], [ 29.786639895514771, -1.569138845181473 ], [ 29.78176960078655, -1.565931485049943 ], [ 29.781778884488002, -1.56151942278312 ], [ 29.779473997627075, -1.559052608490996 ], [ 29.774259409144637, -1.559952043851676 ], [ 29.770566523926039, -1.554287392349141 ], [ 29.761692397985822, -1.549638133892606 ], [ 29.765240790929919, -1.536772870671277 ], [ 29.763422234948205, -1.517353997688853 ], [ 29.759132453500097, -1.503195201797125 ], [ 29.747106808132767, -1.481821079479196 ], [ 29.736240492305004, -1.48946205592907 ], [ 29.724990209130969, -1.492802584071973 ], [ 29.722992031557165, -1.484273126003955 ], [ 29.717782660041852, -1.482546961872766 ], [ 29.711089024039399, -1.471840606658648 ], [ 29.703078334497651, -1.467800009362874 ], [ 29.702081669833429, -1.462788342108257 ], [ 29.696056402780851, -1.457723454773563 ], [ 29.685643186983651, -1.461668876817124 ], [ 29.679620001861611, -1.456683341163212 ], [ 29.674541544656623, -1.4578194789857 ], [ 29.671485273326919, -1.446262372310481 ], [ 29.660324594104875, -1.450376857006275 ], [ 29.656229004165329, -1.425257380323741 ], [ 29.656374389466638, -1.415157903814157 ], [ 29.66015153036891, -1.40072196204889 ], [ 29.659240353459698, -1.393560120103443 ], [ 29.668085682208439, -1.386386014103247 ], [ 29.678341158717696, -1.382840616801018 ], [ 29.692332389328396, -1.362853144756804 ], [ 29.697091312014539, -1.360830602750041 ], [ 29.701302957665437, -1.354215701493422 ], [ 29.707537145323098, -1.352145570961183 ], [ 29.717935389206989, -1.343293975736304 ], [ 29.740183350381482, -1.340557595056924 ], [ 29.759123859578612, -1.347124906888875 ], [ 29.767713714316518, -1.354025344693766 ], [ 29.776731871179035, -1.365684703386328 ], [ 29.796362423886851, -1.372775497091505 ], [ 29.795125104240288, -1.364828097338811 ], [ 29.796790727809846, -1.349837493305606 ], [ 29.809354281075311, -1.329707252987211 ], [ 29.81918145545978, -1.327422969594372 ], [ 29.821156408042054, -1.31864275895609 ], [ 29.818919714972896, -1.314669059529428 ], [ 29.820870872392884, -1.310861921740225 ], [ 29.824392475432465, -1.308886969158307 ], [ 29.830626663090126, -1.315692228113774 ] ] ] } },
{ "type": "Feature", "properties": { "nisr_district_code": 42, "district_name": "Gakenke", "province": "Northern Province", "hdx_pcode": "RW42" }, "geometry": { "type": "Polygon", "coordinates": [ [ [ 29.773909939791981, -1.559364405242969 ], [ 29.779473997627075, -1.559052608490996 ], [ 29.781778884488002, -1.56151942278312 ], [ 29.78176960078655, -1.565931485049943 ], [ 29.786639895514771, -1.569138845181473 ], [ 29.794720072973096, -1.566567633989069 ], [ 29.797158019926744, -1.568042861189023 ], [ 29.804304987984825, -1.565713593707374 ], [ 29.804683132220926, -1.563846045358697 ], [ 29.812926876574213, -1.566512067577863 ], [ 29.82267417767132, -1.561389204548081 ], [ 29.82676915607178, -1.562562837804615 ], [ 29.837461775940415, -1.559602497157509 ], [ 29.840448215812703, -1.564049740902773 ], [ 29.8371181198054, -1.569277571902339 ], [ 29.842263527939632, -1.579819587703713 ], [ 29.853629643793116, -1.579844686882626 ], [ 29.858480555433314, -1.606921046069376 ], [ 29.865086978781068, -1.614021566841795 ], [ 29.869111158952915, -1.631498622763117 ], [ 29.871473702249556, -1.632705869979889 ], [ 29.874636844514828, -1.644581134311774 ], [ 29.880925346727476, -1.649656246938192 ], [ 29.879617500447491, -1.656858173465781 ], [ 29.872472940773836, -1.664156070246448 ], [ 29.875085323828781, -1.675180327709891 ], [ 29.883485846095031, -1.684349013096454 ], [ 29.888107948622949, -1.695706477471915 ], [ 29.891846216329892, -1.698179399959321 ], [ 29.89688471395861, -1.70724699884991 ], [ 29.900032740418741, -1.719381060187753 ], [ 29.903074874406126, -1.723585989701671 ], [ 29.901157035968556, -1.726859706310313 ], [ 29.903239064531267, -1.72982451478948 ], [ 29.906103935847977, -1.748870910164302 ], [ 29.912375005602126, -1.756008103491136 ], [ 29.911825349860226, -1.759589191288014 ], [ 29.921236118352351, -1.77287253224151 ], [ 29.92024507355146, -1.777619557796284 ], [ 29.923101616246644, -1.788046356054418 ], [ 29.932652721246161, -1.799887958762237 ], [ 29.918655276319999, -1.805377654355101 ], [ 29.914511112198088, -1.804750385322029 ], [ 29.912223816975708, -1.807047055077382 ], [ 29.907737441929488, -1.831587206484342 ], [ 29.910888723935496, -1.840097561153498 ], [ 29.90865162257445, -1.84526556295529 ], [ 29.903417869539222, -1.849026016037814 ], [ 29.904804494631836, -1.859874681771123 ], [ 29.901981305093333, -1.862519901771942 ], [ 29.892883694926613, -1.862481004294881 ], [ 29.879857819083238, -1.854031794531663 ], [ 29.874370595726479, -1.857328781997547 ], [ 29.87203997116789, -1.861639588695996 ], [ 29.864898849602344, -1.863513806416928 ], [ 29.862637206641789, -1.86854596202638 ], [ 29.852562790640274, -1.873297149643671 ], [ 29.848915375144596, -1.871545192056845 ], [ 29.848192836430403, -1.86533815043527 ], [ 29.841038518213086, -1.857181206847047 ], [ 29.827834345478681, -1.854878845282449 ], [ 29.823411528219584, -1.856643896998167 ], [ 29.816458549322594, -1.851387074553801 ], [ 29.81048296891397, -1.8525433023315 ], [ 29.800902786134802, -1.850785954208301 ], [ 29.796399136011392, -1.846178033089674 ], [ 29.800809128938315, -1.838734109791196 ], [ 29.798991027114379, -1.82968098099231 ], [ 29.796304998577011, -1.826339906061814 ], [ 29.791539969494234, -1.825200900301261 ], [ 29.789575883420365, -1.820785053687202 ], [ 29.785892103837657, -1.819649200050455 ], [ 29.778066430021848, -1.809442162825426 ], [ 29.771902211418027, -1.810370389082172 ], [ 29.769344440593553, -1.806803112173816 ], [ 29.76972162705162, -1.79136932763232 ], [ 29.763773628849915, -1.780880816096764 ], [ 29.756339188902519, -1.775012863852477 ], [ 29.74841182964229, -1.772486078269842 ], [ 29.744185906354542, -1.763710625944592 ], [ 29.747915375094596, -1.750657830694336 ], [ 29.741550847793501, -1.749766613338422 ], [ 29.738341949821272, -1.751375500478914 ], [ 29.733578415411682, -1.748339204890359 ], [ 29.72850681373848, -1.748160089616458 ], [ 29.720947095532207, -1.754996670160181 ], [ 29.716649778664522, -1.755322823689343 ], [ 29.713553983929291, -1.75244700222722 ], [ 29.71033415649617, -1.753269546452396 ], [ 29.703391294073061, -1.747270978472815 ], [ 29.701105855051207, -1.744451555294957 ], [ 29.701108021518213, -1.737747903542852 ], [ 29.69651448235761, -1.73641781972661 ], [ 29.694864342415588, -1.733688598549821 ], [ 29.688216948653395, -1.731615879768944 ], [ 29.668112721225331, -1.731177650028448 ], [ 29.65492673727918, -1.735177815603673 ], [ 29.649188666923603, -1.726858030873369 ], [ 29.640136007570799, -1.724609439773739 ], [ 29.635588858139233, -1.719354400684969 ], [ 29.634647781470019, -1.700208068147691 ], [ 29.632457487123414, -1.696918463216391 ], [ 29.637029620620641, -1.694661543495413 ], [ 29.640002758620437, -1.676647833330736 ], [ 29.63840376042543, -1.658284343547545 ], [ 29.636138512982118, -1.653295804157973 ], [ 29.633906579125362, -1.653487350760641 ], [ 29.633215344912383, -1.649073450279348 ], [ 29.633406892414154, -1.638488418105999 ], [ 29.635988606788882, -1.632125738911639 ], [ 29.634039828075725, -1.629027680583006 ], [ 29.634897623926253, -1.611538642993937 ], [ 29.633140391815676, -1.6088819746234 ], [ 29.636454980812726, -1.603343779491839 ], [ 29.635538889108542, -1.597447475220781 ], [ 29.637779151586646, -1.592334012804353 ], [ 29.64279624445118, -1.589423576436799 ], [ 29.647707769497938, -1.59659673545095 ], [ 29.653292573793404, -1.598261610784635 ], [ 29.665029053847885, -1.596441346091082 ], [ 29.667174747216823, -1.598780648208254 ], [ 29.668792637470414, -1.594675252960498 ], [ 29.667140956090304, -1.592474336721195 ], [ 29.674283836729803, -1.592941900548228 ], [ 29.668671041035804, -1.579343064830552 ], [ 29.676618827497119, -1.580350533050601 ], [ 29.673528780328933, -1.574627286220187 ], [ 29.678633298987716, -1.572486149716002 ], [ 29.679464396664617, -1.562559911410644 ], [ 29.684171704560629, -1.558010315823266 ], [ 29.690221335146443, -1.560958186471029 ], [ 29.703983297091579, -1.560192928161064 ], [ 29.713026225779753, -1.56642388995053 ], [ 29.719569628235892, -1.574538423309557 ], [ 29.728075352295729, -1.576602578746001 ], [ 29.735671599165119, -1.584125890597277 ], [ 29.748019067825798, -1.583542409554506 ], [ 29.749732279021462, -1.585380543776938 ], [ 29.753572249259957, -1.582231436331638 ], [ 29.751909374917734, -1.565938902658071 ], [ 29.756588981896098, -1.561877956402536 ], [ 29.756701942140989, -1.557205318270649 ], [ 29.761759191533582, -1.54966380504048 ], [ 29.770566523926039, -1.554287392349141 ], [ 29.773909939791981, -1.559364405242969 ] ] ] } },
{ "type": "Feature", "properties": { "nisr_district_code": 45, "district_name": "Gicumbi", "province": "Northern Province", "hdx_pcode": "RW45" }, "geometry": { "type": "Polygon", "coordinates": [ [ [ 30.073082171705028, -1.391720181840894 ], [ 30.075939128088496, -1.39278941459976 ], [ 30.082817918312326, -1.403103809293305 ], [ 30.082733660829735, -1.413490892590608 ], [ 30.093633854119222, -1.412935210491429 ], [ 30.092568125118884, -1.420378331594707 ], [ 30.095386257769679, -1.426207988008133 ], [ 30.098414647418064, -1.425644028549 ], [ 30.100803598407449, -1.433215898394969 ], [ 30.09926425943809, -1.434852025100819 ], [ 30.106677828818878, -1.436943997467444 ], [ 30.108138305338688, -1.443806546834614 ], [ 30.115241408963971, -1.448249912703281 ], [ 30.114804534501676, -1.450500735020877 ], [ 30.12359322035098, -1.465689106267088 ], [ 30.122444977653611, -1.469112068966772 ], [ 30.125829283894372, -1.471816582169494 ], [ 30.126013497425024, -1.479390951231408 ], [ 30.129215450832508, -1.478370001274476 ], [ 30.133789747199085, -1.48189607844117 ], [ 30.136570564280223, -1.491022162942424 ], [ 30.133779926602482, -1.49474672318265 ], [ 30.142160840050874, -1.502749754997146 ], [ 30.145543847670513, -1.514122679617869 ], [ 30.145289892614596, -1.51574799647275 ], [ 30.138449775037184, -1.516582792162036 ], [ 30.139940858184094, -1.526868002955928 ], [ 30.14450117908633, -1.529289652395483 ], [ 30.148337725605561, -1.527134656439222 ], [ 30.150658434239357, -1.522163936216681 ], [ 30.156476623397548, -1.519353624969677 ], [ 30.179344496251542, -1.51734296750391 ], [ 30.181339066644657, -1.518785280416302 ], [ 30.178087220648802, -1.530965542625629 ], [ 30.167015959219217, -1.534316491213039 ], [ 30.162488289103411, -1.542920152343153 ], [ 30.163238759860949, -1.55597803685682 ], [ 30.169774493797934, -1.569267182034795 ], [ 30.170772293406738, -1.584118000845048 ], [ 30.182845962571275, -1.605809609925546 ], [ 30.189459281021119, -1.61306200820498 ], [ 30.194093163768681, -1.625567553399743 ], [ 30.197232055814876, -1.624227731724359 ], [ 30.201374131711017, -1.628580950450476 ], [ 30.208164479906923, -1.627573365318524 ], [ 30.211095325488973, -1.633223098866899 ], [ 30.210639102112918, -1.638434461481053 ], [ 30.216138425847799, -1.64440562531919 ], [ 30.21656233748195, -1.650230770733485 ], [ 30.220037397008308, -1.652236053850642 ], [ 30.224027100770162, -1.650787460972458 ], [ 30.227389168575296, -1.667412638582244 ], [ 30.242367419520971, -1.673971103783301 ], [ 30.252415462004006, -1.686931866912078 ], [ 30.252383203322236, -1.692080990145562 ], [ 30.262960213543149, -1.708497792139297 ], [ 30.247772209220319, -1.718521373062887 ], [ 30.247090719161445, -1.721979733078139 ], [ 30.252241727373946, -1.72772277668477 ], [ 30.254821859841091, -1.737907177074549 ], [ 30.253257484645307, -1.745249785449199 ], [ 30.255942201971092, -1.762994427450748 ], [ 30.26340558300144, -1.781209421177688 ], [ 30.274187970498428, -1.795343152064766 ], [ 30.275096140074947, -1.806981854229106 ], [ 30.271262878779009, -1.817266469671764 ], [ 30.275623513314603, -1.830468522704065 ], [ 30.271132788247773, -1.831570086989898 ], [ 30.264057285715278, -1.827974969768909 ], [ 30.260320922772504, -1.828661085040973 ], [ 30.256411762293094, -1.841096223212147 ], [ 30.251417746931491, -1.84435976848848 ], [ 30.239975399145418, -1.846274046509999 ], [ 30.218378934740169, -1.841464232088586 ], [ 30.213314194894341, -1.835383823104808 ], [ 30.203529508080489, -1.830740315812885 ], [ 30.189898652001428, -1.813337456658249 ], [ 30.16392246854706, -1.790795337135054 ], [ 30.147858518256026, -1.792688687033162 ], [ 30.142526402771413, -1.780638721299932 ], [ 30.138108557863735, -1.77965647456656 ], [ 30.132881432831898, -1.783862164007622 ], [ 30.132959357288474, -1.779601896510264 ], [ 30.126342650193177, -1.771997217597366 ], [ 30.118140545349863, -1.771407417917959 ], [ 30.113288796440745, -1.775254294949724 ], [ 30.099186352967838, -1.77271996495435 ], [ 30.09383610175475, -1.767818738044336 ], [ 30.090946498182507, -1.761845065097545 ], [ 30.084398956147023, -1.756471332585774 ], [ 30.086195340242899, -1.751362266955037 ], [ 30.081788519224933, -1.740047657073662 ], [ 30.076072399521674, -1.734031751064402 ], [ 30.076933381670361, -1.725932209403836 ], [ 30.081499741519895, -1.722134519892083 ], [ 30.083409602071558, -1.714934475645491 ], [ 30.078485944270977, -1.705140049173937 ], [ 30.073222772613011, -1.701451564338152 ], [ 30.066502545456213, -1.688108031760261 ], [ 30.063398399616641, -1.687241147361063 ], [ 30.055088505630206, -1.669071913837661 ], [ 30.055359111633766, -1.666034039938913 ], [ 30.061909401997394, -1.661111701443796 ], [ 30.060513673067629, -1.658905045731241 ], [ 30.063284656961525, -1.659520501270129 ], [ 30.071691755969947, -1.652184282578484 ], [ 30.076355843347596, -1.651001937589192 ], [ 30.062241902042313, -1.63379794282067 ], [ 30.053536985343737, -1.618258756836133 ], [ 30.041247906965356, -1.611042643503125 ], [ 30.035105669590994, -1.602038376669735 ], [ 30.022447057985485, -1.610546335544838 ], [ 30.019377565722277, -1.616346317928186 ], [ 30.012453285091095, -1.619373337909169 ], [ 30.010499233652926, -1.622617509090641 ], [ 30.013952679772398, -1.631191745302785 ], [ 30.01314358760651, -1.64298042021015 ], [ 30.018004656190083, -1.654293101045712 ], [ 30.007277010425842, -1.651777108226915 ], [ 29.999886686721371, -1.661481923551789 ], [ 29.993927955111193, -1.641266814212073 ], [ 29.986808009881887, -1.633527686653358 ], [ 29.98264061896953, -1.632318088608786 ], [ 29.97855153742363, -1.639100651373904 ], [ 29.974568839380449, -1.639178028143429 ], [ 29.967332689152276, -1.628839801415672 ], [ 29.96661404720064, -1.620497123543408 ], [ 29.958292710240524, -1.614739844568158 ], [ 29.959586389500419, -1.61139636215234 ], [ 29.957808097066223, -1.607283095138679 ], [ 29.950537613420163, -1.604152116227076 ], [ 29.943951811526997, -1.595730655045691 ], [ 29.948972245372889, -1.597486729728781 ], [ 29.947660734355591, -1.593586166768157 ], [ 29.951784118742236, -1.595375131457078 ], [ 29.954499031704945, -1.59310193040968 ], [ 29.951118558374883, -1.576511496308497 ], [ 29.95586897167583, -1.565441659405009 ], [ 29.964253792678502, -1.574317246743518 ], [ 29.971454476343123, -1.569745609672124 ], [ 29.972687630329869, -1.586803745196586 ], [ 29.991051230729642, -1.569030390539939 ], [ 29.997562825064488, -1.568948060304687 ], [ 29.989835982244866, -1.556504484694144 ], [ 29.982089864255872, -1.550697589222205 ], [ 29.979396499049276, -1.545494006643067 ], [ 29.974128275899286, -1.543727158981112 ], [ 29.97263666844751, -1.537753342143023 ], [ 29.970694309994588, -1.536189824900503 ], [ 29.969821077280894, -1.540766388457959 ], [ 29.966446220216863, -1.539841134460718 ], [ 29.961450502438918, -1.527733943066923 ], [ 29.966799947859418, -1.525722883604053 ], [ 29.969391459448385, -1.518233598501662 ], [ 29.975082087868071, -1.517881140702093 ], [ 29.982778893331446, -1.52128074441068 ], [ 29.99550616098065, -1.509605092700872 ], [ 29.993440407449039, -1.500782575255555 ], [ 29.980708398573935, -1.501469319153748 ], [ 29.975883030377542, -1.492971094540308 ], [ 29.976533827474288, -1.489893477801696 ], [ 29.983422697299805, -1.486119498016392 ], [ 29.979941350612965, -1.476257612498755 ], [ 29.980387841525829, -1.469820182555248 ], [ 29.984697157148215, -1.468036490591518 ], [ 29.983918355947441, -1.465415262704151 ], [ 29.988180662207913, -1.462147416869775 ], [ 29.982711838980219, -1.45415894328057 ], [ 29.996699041527702, -1.446388724360104 ], [ 30.003171176308879, -1.431141138152958 ], [ 30.008729597193334, -1.428533248110819 ], [ 30.013336233180848, -1.420081402434692 ], [ 30.024205612099546, -1.415113087898556 ], [ 30.025804609395362, -1.417473514191292 ], [ 30.036978558114019, -1.420880901532285 ], [ 30.042498907998432, -1.427238821514421 ], [ 30.052911429518996, -1.431084030303664 ], [ 30.055861961260593, -1.42133775803105 ], [ 30.051388574223441, -1.398133254545953 ], [ 30.073082171705028, -1.391720181840894 ] ] ] } },
{ "type": "Feature", "properties": { "nisr_district_code": 43, "district_name": "Musanze", "province": "Northern Province", "hdx_pcode": "RW43" }, "geometry": { "type": "Polygon", "coordinates": [ [ [ 29.608543097485967, -1.385807087227209 ], [ 29.627424121026518, -1.387591683908929 ], [ 29.647717495665898, -1.386647754590131 ], [ 29.658448864623448, -1.39085940114031 ], [ 29.66015153036891, -1.40072196204889 ], [ 29.656374389466638, -1.415157903814157 ], [ 29.656229004165329, -1.425257380323741 ], [ 29.660324594104875, -1.450376857006275 ], [ 29.671485273326919, -1.446262372310481 ], [ 29.674541544656623, -1.4578194789857 ], [ 29.679620001861611, -1.456683341163212 ], [ 29.685643186983651, -1.461668876817124 ], [ 29.696056402780851, -1.457723454773563 ], [ 29.702081669833429, -1.462788342108257 ], [ 29.703078334497651, -1.467800009362874 ], [ 29.711089024039399, -1.471840606658648 ], [ 29.717782660041852, -1.482546961872766 ], [ 29.722992031557165, -1.484273126003955 ], [ 29.724990209130969, -1.492802584071973 ], [ 29.736240492305004, -1.48946205592907 ], [ 29.747106808132767, -1.481821079479196 ], [ 29.760233963826426, -1.505700597904236 ], [ 29.764968207316993, -1.52809768376111 ], [ 29.763103993654621, -1.546369274522397 ], [ 29.756347047178505, -1.558048193469264 ], [ 29.756588981896098, -1.561877956402536 ], [ 29.751909374917734, -1.565938902658071 ], [ 29.753329524038524, -1.583505158736076 ], [ 29.749732279021462, -1.585380543776938 ], [ 29.748019067825798, -1.583542409554506 ], [ 29.736921362730822, -1.584670430995472 ], [ 29.728075352295729, -1.576602578746001 ], [ 29.719569628235892, -1.574538423309557 ], [ 29.713026225779753, -1.56642388995053 ], [ 29.703983297091579, -1.560192928161064 ], [ 29.690221335146443, -1.560958186471029 ], [ 29.684171704560629, -1.558010315823266 ], [ 29.679464396664617, -1.562559911410644 ], [ 29.678633298987716, -1.572486149716002 ], [ 29.673528780328933, -1.574627286220187 ], [ 29.676618827497119, -1.580350533050601 ], [ 29.668671041035804, -1.579343064830552 ], [ 29.674283836729803, -1.592941900548228 ], [ 29.667140956090304, -1.592474336721195 ], [ 29.668792637470414, -1.594675252960498 ], [ 29.667174747216823, -1.598780648208254 ], [ 29.665029053847885, -1.596441346091082 ], [ 29.653292573793404, -1.598261610784635 ], [ 29.647707769497938, -1.59659673545095 ], [ 29.64279624445118, -1.589423576436799 ], [ 29.63854533799714, -1.592284043773573 ], [ 29.629208371469201, -1.591192431385447 ], [ 29.624477457268899, -1.584994320931144 ], [ 29.618196173914296, -1.588353132291121 ], [ 29.607795101662642, -1.587651939885027 ], [ 29.595978496510494, -1.593427180120222 ], [ 29.590444523695918, -1.591170359324468 ], [ 29.585627887017434, -1.592004961659621 ], [ 29.584719420664801, -1.589036060365834 ], [ 29.570125832241406, -1.583523054345426 ], [ 29.567867391766772, -1.577864262825435 ], [ 29.559237551372124, -1.569915586934789 ], [ 29.555846669288382, -1.572808341731469 ], [ 29.556509433663496, -1.575771395633263 ], [ 29.553217592118191, -1.576384362748018 ], [ 29.548479816990064, -1.567869334302297 ], [ 29.545462638290292, -1.571440673448221 ], [ 29.540152667711499, -1.571222975459785 ], [ 29.538277913994609, -1.574598800194471 ], [ 29.534856766126854, -1.571227379439988 ], [ 29.528131669141427, -1.57204667531371 ], [ 29.507950938185228, -1.562244710724736 ], [ 29.507047665417534, -1.56398600055333 ], [ 29.497860001637893, -1.562888342023217 ], [ 29.483894845071095, -1.549244489841295 ], [ 29.45003460201529, -1.506084628202997 ], [ 29.496155206297797, -1.442705949320067 ], [ 29.504459525386888, -1.440397872563681 ], [ 29.506053764369849, -1.43399712146991 ], [ 29.52030673546761, -1.428833691821263 ], [ 29.521567849376911, -1.426620793015199 ], [ 29.51837937141099, -1.424907580920076 ], [ 29.525969852726657, -1.409393495013733 ], [ 29.529229714379984, -1.410797377197037 ], [ 29.53008631952822, -1.408513094703479 ], [ 29.538985504177678, -1.405705330336693 ], [ 29.557235969864298, -1.389762941406459 ], [ 29.561971097388334, -1.390096066480207 ], [ 29.566468278688046, -1.386812410564142 ], [ 29.579364957027348, -1.387716605137046 ], [ 29.586979232605575, -1.392475526923998 ], [ 29.592761322976695, -1.387097945313853 ], [ 29.608543097485967, -1.385807087227209 ] ] ] } },
{ "type": "Feature", "properties": { "nisr_district_code": 41, "district_name": "Rulindo", "province": "Northern Province", "hdx_pcode": "RW41" }, "geometry": { "type": "Polygon", "coordinates": [ [ [ 29.901650002045937, -1.589973341896178 ], [ 29.909483108758533, -1.58979289202833 ], [ 29.917080690221692, -1.595821777952689 ], [ 29.92216409100023, -1.591708183585772 ], [ 29.93614025436943, -1.597567928616928 ], [ 29.943951811526997, -1.595730655045691 ], [ 29.950537613420163, -1.604152116227076 ], [ 29.957808097066223, -1.607283095138679 ], [ 29.959586389500419, -1.61139636215234 ], [ 29.958292710240524, -1.614739844568158 ], [ 29.96661404720064, -1.620497123543408 ], [ 29.967332689152276, -1.628839801415672 ], [ 29.974568839380449, -1.639178028143429 ], [ 29.97855153742363, -1.639100651373904 ], [ 29.98264061896953, -1.632318088608786 ], [ 29.986808009881887, -1.633527686653358 ], [ 29.993927955111193, -1.641266814212073 ], [ 29.999886686721371, -1.661481923551789 ], [ 30.007277010425842, -1.651777108226915 ], [ 30.018004656190083, -1.654293101045712 ], [ 30.01314358760651, -1.64298042021015 ], [ 30.013952679772398, -1.631191745302785 ], [ 30.010499233652926, -1.622617509090641 ], [ 30.012453285091095, -1.619373337909169 ], [ 30.019377565722277, -1.616346317928186 ], [ 30.022447057985485, -1.610546335544838 ], [ 30.035105669590994, -1.602038376669735 ], [ 30.041247906965356, -1.611042643503125 ], [ 30.053536985343737, -1.618258756836133 ], [ 30.062241902042313, -1.63379794282067 ], [ 30.076355843347596, -1.651001937589192 ], [ 30.071691755969947, -1.652184282578484 ], [ 30.063284656961525, -1.659520501270129 ], [ 30.060513673067629, -1.658905045731241 ], [ 30.061909401997394, -1.661111701443796 ], [ 30.054958152496763, -1.667984743201301 ], [ 30.063398399616641, -1.687241147361063 ], [ 30.066502545456213, -1.688108031760261 ], [ 30.073222772613011, -1.701451564338152 ], [ 30.078485944270977, -1.705140049173937 ], [ 30.083409602071558, -1.714934475645491 ], [ 30.081499741519895, -1.722134519892083 ], [ 30.076933381670361, -1.725932209403836 ], [ 30.075872901113481, -1.732902538021686 ], [ 30.081788519224933, -1.740047657073662 ], [ 30.086195340242899, -1.751362266955037 ], [ 30.084398956147023, -1.756471332585774 ], [ 30.099186352967838, -1.77271996495435 ], [ 30.114172876776973, -1.775219883290869 ], [ 30.117078583609807, -1.77180680414063 ], [ 30.122452259464144, -1.770966664679785 ], [ 30.126707963801696, -1.77220790986713 ], [ 30.133049755341961, -1.779852232694312 ], [ 30.128030104805486, -1.808981059728032 ], [ 30.122865464669484, -1.812441052012803 ], [ 30.118638113258339, -1.819263120196768 ], [ 30.113863367900134, -1.820739528206572 ], [ 30.099531527158401, -1.812684404961262 ], [ 30.094719772, -1.820575630361055 ], [ 30.080285351887486, -1.82638294311831 ], [ 30.063458250398039, -1.828838343214801 ], [ 30.05654682377698, -1.837531548941807 ], [ 30.057025028382494, -1.844266858628585 ], [ 30.051496290521367, -1.844674415192016 ], [ 30.045523421568692, -1.853897032022334 ], [ 30.029369538173672, -1.865193653664188 ], [ 30.026888242997945, -1.857031252989894 ], [ 30.021620950646504, -1.852554912579108 ], [ 30.019897924249744, -1.844008467216851 ], [ 30.015369933076091, -1.836085340166316 ], [ 29.998833737087399, -1.841601450646435 ], [ 29.994552303146332, -1.846629392032784 ], [ 29.991144575861444, -1.847507481085364 ], [ 29.992975147684991, -1.855422504344928 ], [ 29.989433258638048, -1.866773549359791 ], [ 29.979999062806566, -1.871359979379561 ], [ 29.977519331551921, -1.881042624617424 ], [ 29.98037166631941, -1.886754999543572 ], [ 29.978028566365349, -1.890675829625777 ], [ 29.986169401296852, -1.896341223968234 ], [ 29.992501666318876, -1.907353332490269 ], [ 29.982840277456962, -1.913378328846671 ], [ 29.977196662895683, -1.905778776069645 ], [ 29.975667733579197, -1.909475081409851 ], [ 29.971843001453518, -1.907355803827182 ], [ 29.968827535962166, -1.908880561188886 ], [ 29.962882096331771, -1.907621432083284 ], [ 29.963599719351624, -1.903831473143802 ], [ 29.960317255936769, -1.900598678386223 ], [ 29.956589471626909, -1.900179129363233 ], [ 29.959521548380746, -1.895262084277738 ], [ 29.953668480815903, -1.89114901871218 ], [ 29.948662035924361, -1.890948062502995 ], [ 29.947789041531141, -1.887144299869503 ], [ 29.942360346053281, -1.884359947553505 ], [ 29.942364084534983, -1.87799260177709 ], [ 29.933813483405618, -1.877677159173497 ], [ 29.931649052661829, -1.871552752657258 ], [ 29.929101882146252, -1.871552752657258 ], [ 29.926942903991954, -1.867817610094547 ], [ 29.918472341625407, -1.869642374995595 ], [ 29.917997841327331, -1.864417079184799 ], [ 29.911279018012376, -1.85792266369994 ], [ 29.904804494631836, -1.859874681771123 ], [ 29.903938634560372, -1.858128085942357 ], [ 29.903417869539222, -1.849026016037814 ], [ 29.90865162257445, -1.84526556295529 ], [ 29.910888723935496, -1.840097561153498 ], [ 29.907737441929488, -1.831587206484342 ], [ 29.912223816975708, -1.807047055077382 ], [ 29.914511112198088, -1.804750385322029 ], [ 29.918655276319999, -1.805377654355101 ], [ 29.932652721246161, -1.799887958762237 ], [ 29.923101616246644, -1.788046356054418 ], [ 29.92024507355146, -1.777619557796284 ], [ 29.921236118352351, -1.77287253224151 ], [ 29.911825349860226, -1.759589191288014 ], [ 29.912375005602126, -1.756008103491136 ], [ 29.906103935847977, -1.748870910164302 ], [ 29.903239064531267, -1.72982451478948 ], [ 29.901157035968556, -1.726859706310313 ], [ 29.903074874406126, -1.723585989701671 ], [ 29.900032740418741, -1.719381060187753 ], [ 29.89688471395861, -1.70724699884991 ], [ 29.891846216329892, -1.698179399959321 ], [ 29.888107948622949, -1.695706477471915 ], [ 29.883485846095031, -1.684349013096454 ], [ 29.875085323828781, -1.675180327709891 ], [ 29.872472940773836, -1.664156070246448 ], [ 29.879617500447491, -1.656858173465781 ], [ 29.880925346727476, -1.649656246938192 ], [ 29.874636844514828, -1.644581134311774 ], [ 29.864266620807872, -1.61292089288484 ], [ 29.873241034646075, -1.612936210137905 ], [ 29.874570001504413, -1.610056675375271 ], [ 29.882085001821562, -1.609118342537353 ], [ 29.885983529616194, -1.609087007459354 ], [ 29.887330667276462, -1.61209134473973 ], [ 29.892998729008252, -1.608238644597704 ], [ 29.905315169259755, -1.610971017898033 ], [ 29.903761415956669, -1.603573735239616 ], [ 29.905215832844572, -1.595332036843866 ], [ 29.901650002045937, -1.589973341896178 ] ] ] } },
{ "type": "Feature", "properties": { "nisr_district_code": 22, "district_name": "Gisagara", "province": "Southern Province", "hdx_pcode": "RW22" }, "geometry": { "type": "Polygon", "coordinates": [ [ [ 29.955594128965995, -2.396861541027262 ], [ 29.962659161591059, -2.414270203507008 ], [ 29.961374252519828, -2.424763627139515 ], [ 29.962980388634069, -2.435970888545536 ], [ 29.968120024019978, -2.44614308423593 ], [ 29.966228353156115, -2.450140577925331 ], [ 29.97079691814341, -2.460669693851137 ], [ 29.967227726578532, -2.471377268546038 ], [ 29.969226473423188, -2.475339070841421 ], [ 29.96840555966897, -2.484797428758301 ], [ 29.964193914018072, -2.489865680456627 ], [ 29.956234617133919, -2.49011552381232 ], [ 29.950952213474007, -2.496754219331677 ], [ 29.943171376258054, -2.49910988641201 ], [ 29.938424350703368, -2.51210174360047 ], [ 29.93920957306339, -2.515492475497328 ], [ 29.934605315782708, -2.520489342609056 ], [ 29.936032993128297, -2.525771746269057 ], [ 29.934498239802092, -2.534730417474729 ], [ 29.929501372690364, -2.541618957249059 ], [ 29.93003675079559, -2.546009062568156 ], [ 29.921434998926049, -2.557573243310485 ], [ 29.922233033927508, -2.565878248582243 ], [ 29.924564905845823, -2.568281503288595 ], [ 29.926135350566046, -2.5773234562125 ], [ 29.92991869409251, -2.580749879503197 ], [ 29.932131591999561, -2.59031531340096 ], [ 29.931512933075471, -2.623508793695762 ], [ 29.928871731245604, -2.633026638168768 ], [ 29.935320069965304, -2.638094889867182 ], [ 29.936628773299272, -2.64213997388062 ], [ 29.934368285068363, -2.651039157630886 ], [ 29.929395211320003, -2.658010978223991 ], [ 29.930703915553341, -2.665339718153315 ], [ 29.924683878957897, -2.686873840655191 ], [ 29.91980598405905, -2.693821866985469 ], [ 29.918925583748706, -2.702792434423229 ], [ 29.913072108790988, -2.708288990044728 ], [ 29.910573675235124, -2.715213220313884 ], [ 29.903149756456198, -2.721899506157189 ], [ 29.90088926912448, -2.728799943962168 ], [ 29.894417135242673, -2.735248282681957 ], [ 29.893869859106797, -2.74271978998627 ], [ 29.891871112262141, -2.744908893630494 ], [ 29.89396503705694, -2.747240765548809 ], [ 29.890038927054857, -2.751428616936969 ], [ 29.879664476534511, -2.752665936583621 ], [ 29.881663223379167, -2.756687226334409 ], [ 29.877975059601408, -2.760922667147237 ], [ 29.871360158344789, -2.7623027541687 ], [ 29.866577441395908, -2.760613337235685 ], [ 29.859153522616982, -2.764896367473358 ], [ 29.854608751892425, -2.763873198889011 ], [ 29.852086523174453, -2.767704130940863 ], [ 29.841973814040362, -2.770726045470584 ], [ 29.839975067195706, -2.769631494098024 ], [ 29.833836057488188, -2.775318405619898 ], [ 29.832075255968309, -2.782242636788246 ], [ 29.825032052587257, -2.776127422242747 ], [ 29.813729612331901, -2.77481871890869 ], [ 29.80718609476251, -2.760779899772515 ], [ 29.795550529433495, -2.758709768341084 ], [ 29.786794113957232, -2.766847524893346 ], [ 29.774611273391709, -2.767561362666682 ], [ 29.772731498759757, -2.766062302533235 ], [ 29.769947529554901, -2.767965871427836 ], [ 29.769709584229947, -2.7783403210489 ], [ 29.766259364877772, -2.78121946910318 ], [ 29.764379591145367, -2.794925164964257 ], [ 29.753957552099369, -2.811628981092585 ], [ 29.750983225195665, -2.812057283216929 ], [ 29.745129752036508, -2.807940816415544 ], [ 29.738752796104666, -2.811795543629414 ], [ 29.732518607547814, -2.81155759650581 ], [ 29.723524244948035, -2.818886336435223 ], [ 29.722120363663922, -2.816268929767285 ], [ 29.719312599297137, -2.818814953647098 ], [ 29.715172337333644, -2.816268930666566 ], [ 29.708248105265927, -2.819957094444326 ], [ 29.70420302215177, -2.814841253321066 ], [ 29.705273779261592, -2.812794917051654 ], [ 29.700877701544808, -2.81085934668145 ], [ 29.701860326892653, -2.804770268233237 ], [ 29.698029179902779, -2.798368935278151 ], [ 29.701775859868167, -2.785330973445677 ], [ 29.712139605758264, -2.773041995791437 ], [ 29.714360933010713, -2.764036258566327 ], [ 29.712213470675291, -2.762096731179187 ], [ 29.71459662373525, -2.760238476424493 ], [ 29.713619229743731, -2.757420923836452 ], [ 29.716925478428163, -2.756250463388155 ], [ 29.719453430431447, -2.748515772185079 ], [ 29.718524302154908, -2.74476909311906 ], [ 29.723260443214865, -2.741245645570046 ], [ 29.723417308362226, -2.732642158908461 ], [ 29.733698053122797, -2.72450323593555 ], [ 29.737094802383329, -2.717770072930448 ], [ 29.743797799428922, -2.711314440708768 ], [ 29.746077096081319, -2.696666216672539 ], [ 29.757848795385716, -2.686659577177653 ], [ 29.766723745104844, -2.670692256342433 ], [ 29.769250795088336, -2.633644738613728 ], [ 29.773294398817523, -2.623507088581223 ], [ 29.757491846371547, -2.59939409266311 ], [ 29.759950994842715, -2.570777639076616 ], [ 29.766564203575168, -2.562238643698278 ], [ 29.767879724669715, -2.554661212444976 ], [ 29.763059119283025, -2.53494988173163 ], [ 29.771032438396421, -2.530340046855673 ], [ 29.775970283901525, -2.52269244060358 ], [ 29.78608477189481, -2.5172280285506 ], [ 29.787413807101675, -2.514894316619254 ], [ 29.784579984878572, -2.509659747898996 ], [ 29.786343532927678, -2.50596434008209 ], [ 29.797570521862287, -2.510214962350477 ], [ 29.803960458608241, -2.506434190885066 ], [ 29.805665235062644, -2.503310547743498 ], [ 29.803694018264498, -2.497446405027548 ], [ 29.804286504219018, -2.489906704830481 ], [ 29.822308443180095, -2.476969903238369 ], [ 29.829125498543146, -2.46763304642782 ], [ 29.840825321331604, -2.457292451785221 ], [ 29.846351510513774, -2.453461638443833 ], [ 29.852435596825504, -2.455769213378434 ], [ 29.867822130986593, -2.451189094800877 ], [ 29.884147833455781, -2.451975596896239 ], [ 29.893418065791149, -2.447266470570997 ], [ 29.902095484818918, -2.447455274241473 ], [ 29.92457168673403, -2.440211518446723 ], [ 29.934099650378581, -2.431740903919589 ], [ 29.942496154473968, -2.414507853854231 ], [ 29.955594128965995, -2.396861541027262 ] ] ] } },
{ "type": "Feature", "properties": { "nisr_district_code": 24, "district_name": "Huye", "province": "Southern Province", "hdx_pcode": "RW24" }, "geometry": { "type": "Polygon", "coordinates": [ [ [ 29.791345322928525, -2.36861885287768 ], [ 29.798608668655174, -2.380783316696678 ], [ 29.803810936425695, -2.381197672134728 ], [ 29.808914670875513, -2.384655788433821 ], [ 29.814079573613544, -2.395046766694764 ], [ 29.834080819674174, -2.404812300647008 ], [ 29.831232839423965, -2.410513441242268 ], [ 29.835419313050931, -2.418392527593006 ], [ 29.82817119014835, -2.416015402688532 ], [ 29.816487187334022, -2.423424354950011 ], [ 29.818776964685217, -2.442729325198079 ], [ 29.827120538282397, -2.450090071999134 ], [ 29.846032940967564, -2.453621803203599 ], [ 29.833424945904657, -2.463069291914233 ], [ 29.822308443180095, -2.476969903238369 ], [ 29.804286504219018, -2.489906704830481 ], [ 29.803694018264498, -2.497446405027548 ], [ 29.805665235062644, -2.503310547743498 ], [ 29.803960458608241, -2.506434190885066 ], [ 29.797570521862287, -2.510214962350477 ], [ 29.786343532927678, -2.50596434008209 ], [ 29.784579984878572, -2.509659747898996 ], [ 29.787413807101675, -2.514894316619254 ], [ 29.78608477189481, -2.5172280285506 ], [ 29.775970283901525, -2.52269244060358 ], [ 29.771032438396421, -2.530340046855673 ], [ 29.763059119283025, -2.53494988173163 ], [ 29.767879724669715, -2.554661212444976 ], [ 29.766564203575168, -2.562238643698278 ], [ 29.759950994842715, -2.570777639076616 ], [ 29.757491846371547, -2.59939409266311 ], [ 29.772181234176703, -2.619541508233925 ], [ 29.773256515775575, -2.624001188703818 ], [ 29.769250795088336, -2.633644738613728 ], [ 29.766482471388994, -2.671814149803143 ], [ 29.757848795385716, -2.686659577177653 ], [ 29.746892348603165, -2.695662351136508 ], [ 29.736936048659739, -2.690651282830426 ], [ 29.724527909935066, -2.67986861294608 ], [ 29.715475019456743, -2.682929371892995 ], [ 29.704118418430408, -2.683201057982354 ], [ 29.688881892085799, -2.674473308396464 ], [ 29.682738774275091, -2.674104686182289 ], [ 29.68270986646721, -2.668641176149278 ], [ 29.678325568070523, -2.667070537175465 ], [ 29.668670830594362, -2.656962952378328 ], [ 29.672180061660629, -2.646975390202011 ], [ 29.669950055051213, -2.64191325479285 ], [ 29.651842808199074, -2.645929528125158 ], [ 29.641602890860835, -2.654926783843925 ], [ 29.639131526898471, -2.650682283260742 ], [ 29.640686553641576, -2.639012821584308 ], [ 29.636632600514073, -2.632629382440011 ], [ 29.63032253795485, -2.631185001086823 ], [ 29.625861409576498, -2.633641377847218 ], [ 29.618446043350371, -2.628324052612874 ], [ 29.609862987486995, -2.629561609680453 ], [ 29.607653114899495, -2.624990982547771 ], [ 29.612305728726501, -2.621198999234376 ], [ 29.613669475965548, -2.613575126091095 ], [ 29.609264257539596, -2.602761768640661 ], [ 29.61709179834801, -2.593249206785376 ], [ 29.618306830096291, -2.586157388752464 ], [ 29.613495052454891, -2.575644342812001 ], [ 29.605181239222905, -2.57057259814687 ], [ 29.60278103501685, -2.557106000541476 ], [ 29.598049483197169, -2.557194166477539 ], [ 29.596115910221304, -2.552049097387921 ], [ 29.59173880550156, -2.554530960935042 ], [ 29.588049856615822, -2.553842807799323 ], [ 29.591357007320045, -2.536979813467577 ], [ 29.583390653456004, -2.52439807680972 ], [ 29.585080968811777, -2.521863413165948 ], [ 29.587223561318392, -2.522560036116739 ], [ 29.589737842727242, -2.516205221493773 ], [ 29.604132768212803, -2.507830891082697 ], [ 29.596926461986744, -2.495638846855253 ], [ 29.597573822773942, -2.485606904934701 ], [ 29.595018626708363, -2.4806336351341 ], [ 29.596731069883003, -2.476418031566896 ], [ 29.600873086423956, -2.473750566835132 ], [ 29.610447145719359, -2.477962384256538 ], [ 29.616585511512266, -2.469670586428363 ], [ 29.632054611531149, -2.462920900179333 ], [ 29.64198195510323, -2.444312348735845 ], [ 29.642187935824598, -2.437556378024353 ], [ 29.647868997256548, -2.432457592543769 ], [ 29.657127920617182, -2.429310787362893 ], [ 29.661917439138701, -2.423102077498796 ], [ 29.66466251896011, -2.422597650461145 ], [ 29.665573434166664, -2.418662495977364 ], [ 29.677647838077331, -2.409985728058895 ], [ 29.676492690385341, -2.404688861501614 ], [ 29.680149466025146, -2.394785695303503 ], [ 29.683312826825652, -2.392066198496202 ], [ 29.687607412452326, -2.390587300263614 ], [ 29.692031573298532, -2.392779362677422 ], [ 29.696078173568868, -2.404701648961772 ], [ 29.699879624045582, -2.40600490240418 ], [ 29.720095320642653, -2.40029097794624 ], [ 29.733311680090029, -2.403248919202173 ], [ 29.738463210808657, -2.393768366017269 ], [ 29.748179688541814, -2.391349743695648 ], [ 29.75032193211155, -2.388881432032409 ], [ 29.7618286048064, -2.387540000570499 ], [ 29.772858847258082, -2.376427166180728 ], [ 29.778389305522229, -2.37642999274984 ], [ 29.791345322928525, -2.36861885287768 ] ] ] } },
{ "type": "Feature", "properties": { "nisr_district_code": 28, "district_name": "Kamonyi", "province": "Southern Province", "hdx_pcode": "RW28" }, "geometry": { "type": "Polygon", "coordinates": [ [ [ 29.817452653617121, -1.852910983854772 ], [ 29.823411528219584, -1.856643896998167 ], [ 29.827834345478681, -1.854878845282449 ], [ 29.841038518213086, -1.857181206847047 ], [ 29.848192836430403, -1.86533815043527 ], [ 29.848915375144596, -1.871545192056845 ], [ 29.852562790640274, -1.873297149643671 ], [ 29.862637206641789, -1.86854596202638 ], [ 29.864898849602344, -1.863513806416928 ], [ 29.87203997116789, -1.861639588695996 ], [ 29.874370595726479, -1.857328781997547 ], [ 29.879857819083238, -1.854031794531663 ], [ 29.894518746043335, -1.862796812922485 ], [ 29.901981305093333, -1.862519901771942 ], [ 29.910140166035919, -1.85734390319855 ], [ 29.917997841327331, -1.864417079184799 ], [ 29.918472341625407, -1.869642374995595 ], [ 29.926942903991954, -1.867817610094547 ], [ 29.929101882146252, -1.871552752657258 ], [ 29.931649052661829, -1.871552752657258 ], [ 29.933813483405618, -1.877677159173497 ], [ 29.942364084534983, -1.87799260177709 ], [ 29.942360346053281, -1.884359947553505 ], [ 29.947789041531141, -1.887144299869503 ], [ 29.948662035924361, -1.890948062502995 ], [ 29.953668480815903, -1.89114901871218 ], [ 29.959521548380746, -1.895262084277738 ], [ 29.956589471626909, -1.900179129363233 ], [ 29.960317255936769, -1.900598678386223 ], [ 29.963599719351624, -1.903831473143802 ], [ 29.962882096331771, -1.907621432083284 ], [ 29.968827535962166, -1.908880561188886 ], [ 29.971843001453518, -1.907355803827182 ], [ 29.975667733579197, -1.909475081409851 ], [ 29.977196662895683, -1.905778776069645 ], [ 29.988453447268942, -1.924917360048062 ], [ 29.985409331175699, -1.928549670530766 ], [ 29.989897409537985, -1.929721737168377 ], [ 29.987037747993799, -1.931568201810896 ], [ 29.987832097573335, -1.933276053946698 ], [ 29.994031728781383, -1.940595015547475 ], [ 29.994953766802961, -1.938365416330845 ], [ 29.996559571067454, -1.942064215491046 ], [ 29.998678078830448, -1.940619862016979 ], [ 29.997791876094364, -1.944818969319917 ], [ 29.995569179174336, -1.945842887039506 ], [ 29.998404764068692, -1.947659785570599 ], [ 30.000048714876531, -1.954969370839666 ], [ 29.99870825018564, -1.95690559951377 ], [ 30.003430869938857, -1.955537776547056 ], [ 30.003669783833569, -1.969686312972796 ], [ 29.998074183176964, -1.971217470809583 ], [ 30.002322274753251, -1.983025053063747 ], [ 29.995695826201601, -1.983663730896412 ], [ 29.998027800642529, -1.987733754908805 ], [ 29.99299122756322, -1.993226817563498 ], [ 29.99711556523123, -1.992620571082482 ], [ 29.99510842321526, -1.997502449978017 ], [ 30.000881161536402, -1.998438345653109 ], [ 29.999357458180203, -2.000965254442877 ], [ 30.003556331659514, -2.00201628312483 ], [ 30.004469257750149, -2.007656857078255 ], [ 30.008619889796034, -2.007163031248871 ], [ 30.007325043216209, -2.009196736540065 ], [ 30.010347788719532, -2.012982000119179 ], [ 30.014126584374406, -2.011377271443815 ], [ 30.015506846763589, -2.012823926283114 ], [ 30.01339139759504, -2.01891756429401 ], [ 30.011804368476962, -2.017623831074878 ], [ 30.008231299934589, -2.018205827336906 ], [ 30.007728015036033, -2.020550443548042 ], [ 30.005827162993331, -2.019802947747762 ], [ 30.00520140661968, -2.024075067410325 ], [ 30.008911860993653, -2.028138898691146 ], [ 30.002139252824261, -2.031493237722748 ], [ 30.002675181314647, -2.028309907476234 ], [ 29.997431737185092, -2.030008568540576 ], [ 29.995543105130434, -2.034410815606658 ], [ 29.992439716519808, -2.0338004556265 ], [ 29.986247212439093, -2.043939991537303 ], [ 29.983362590211431, -2.04367934552524 ], [ 29.987431150127602, -2.050983630190351 ], [ 29.98580336823095, -2.053567309583538 ], [ 29.987229710083223, -2.055361269107226 ], [ 29.983651644907521, -2.057844007694743 ], [ 29.987592087404973, -2.057436024852655 ], [ 29.988910890125513, -2.062468800094986 ], [ 29.991479575122487, -2.06212308181476 ], [ 29.991071015814857, -2.065352780206598 ], [ 29.994195811887419, -2.065287610834477 ], [ 29.994026745637886, -2.068348268157972 ], [ 29.997061441332622, -2.066695253982654 ], [ 30.000026525903561, -2.069969851027643 ], [ 30.00234962223735, -2.066778895429667 ], [ 30.005446945820029, -2.07306706309437 ], [ 30.008234877437683, -2.070143980460293 ], [ 30.013353066690723, -2.072977326941994 ], [ 30.015011814044062, -2.070238466831731 ], [ 30.016231998008418, -2.075714417186492 ], [ 30.019346429394272, -2.074182665797387 ], [ 30.017994549608911, -2.087410362997811 ], [ 30.014862881816622, -2.093886473681795 ], [ 30.017576134631046, -2.098219374924127 ], [ 30.015634846371125, -2.103941662177944 ], [ 30.020810132681557, -2.111764071454714 ], [ 30.017934774370463, -2.11856223296062 ], [ 30.01128001066397, -2.121799956003179 ], [ 30.009705978548123, -2.131503160642334 ], [ 30.004383471420109, -2.138062250872131 ], [ 29.993766422482498, -2.145559857401358 ], [ 29.988691665088279, -2.144095505702881 ], [ 29.985922074244503, -2.146861833806535 ], [ 29.981662014490478, -2.171026582111025 ], [ 29.986440108924011, -2.190031467478238 ], [ 29.983381440900796, -2.202538492057704 ], [ 29.963834291319518, -2.202060086903457 ], [ 29.958951745127099, -2.198873064939966 ], [ 29.928772965899835, -2.15186374971218 ], [ 29.927085602118868, -2.14142109101051 ], [ 29.906306081860262, -2.135639172409721 ], [ 29.89831390306416, -2.126655007222811 ], [ 29.893448931423155, -2.124295299488444 ], [ 29.891734353257842, -2.117169181312629 ], [ 29.888152375132176, -2.11359060981865 ], [ 29.887202647884042, -2.101395852336696 ], [ 29.883663809337396, -2.100863627254468 ], [ 29.868734756703812, -2.10650599355674 ], [ 29.855321515875371, -2.106731739577994 ], [ 29.841759644092274, -2.112524397882665 ], [ 29.807769701710523, -2.111336870999792 ], [ 29.803774439239088, -2.113940679918314 ], [ 29.800573052404527, -2.110828288194944 ], [ 29.799438831037389, -2.105337371322647 ], [ 29.796995319978119, -2.105501264671584 ], [ 29.792030296061316, -2.100404951427282 ], [ 29.794230042282759, -2.096094568309648 ], [ 29.799731669181345, -2.095256674455881 ], [ 29.80048666892478, -2.093160007628259 ], [ 29.805491669504985, -2.094646675103962 ], [ 29.802781307111797, -2.086851775189269 ], [ 29.792058059032261, -2.082135387737838 ], [ 29.791860447401913, -2.075879100140255 ], [ 29.795104958527102, -2.074186737028206 ], [ 29.796730001988141, -2.069825008017612 ], [ 29.794858424676701, -2.064562080075894 ], [ 29.803385574184976, -2.05750594534303 ], [ 29.809937166766847, -2.062132410482287 ], [ 29.81517261682291, -2.059768770012716 ], [ 29.80910609517024, -2.054683519328971 ], [ 29.807652217875596, -2.048204477754346 ], [ 29.80513550110248, -2.046286165374201 ], [ 29.807799167997178, -2.04301964154322 ], [ 29.807516011954387, -2.038797288563965 ], [ 29.804568426391914, -2.035845613783994 ], [ 29.79702232122327, -2.039564373397041 ], [ 29.790243277505251, -2.03113876993829 ], [ 29.794759470473291, -2.028500211215756 ], [ 29.80109295407664, -2.019802992713926 ], [ 29.810198280426253, -2.018018440098913 ], [ 29.812180343048549, -2.013657411660186 ], [ 29.811845458900759, -2.011403729498496 ], [ 29.807083661082128, -2.010827898088919 ], [ 29.803729043260734, -2.002145196443606 ], [ 29.797161131580967, -1.998647287841904 ], [ 29.799200561057109, -1.99313769564814 ], [ 29.798092892173383, -1.984815348749314 ], [ 29.801421589734705, -1.976975402692605 ], [ 29.796710462418002, -1.963115144848049 ], [ 29.793032066177066, -1.961327609181718 ], [ 29.790527751055034, -1.9568785218263 ], [ 29.792884351631582, -1.930844265550358 ], [ 29.789338846410789, -1.917818212540434 ], [ 29.78535351155524, -1.917110465875249 ], [ 29.784051714115439, -1.912533847459008 ], [ 29.787038017290673, -1.911469251604514 ], [ 29.787203835188929, -1.907166190767085 ], [ 29.793816735453998, -1.8999856474197 ], [ 29.794591677663778, -1.894824526330708 ], [ 29.798380610476787, -1.891207511517357 ], [ 29.79817573502223, -1.88753718759106 ], [ 29.80122861320999, -1.887156201497453 ], [ 29.804857819232982, -1.876988809086255 ], [ 29.807982881504874, -1.875759022161072 ], [ 29.808655439497105, -1.871875346669827 ], [ 29.811127212650728, -1.871737067811419 ], [ 29.812205500683458, -1.857282766386404 ], [ 29.817452653617121, -1.852910983854772 ] ] ] } },
{ "type": "Feature", "properties": { "nisr_district_code": 27, "district_name": "Muhanga", "province": "Southern Province", "hdx_pcode": "RW27" }, "geometry": { "type": "Polygon", "coordinates": [ [ [ 29.668112721225331, -1.731177650028448 ], [ 29.688216948653395, -1.731615879768944 ], [ 29.694864342415588, -1.733688598549821 ], [ 29.69651448235761, -1.73641781972661 ], [ 29.701108021518213, -1.737747903542852 ], [ 29.701105855051207, -1.744451555294957 ], [ 29.703391294073061, -1.747270978472815 ], [ 29.71033415649617, -1.753269546452396 ], [ 29.713553983929291, -1.75244700222722 ], [ 29.717446899055194, -1.75552507762019 ], [ 29.720947095532207, -1.754996670160181 ], [ 29.72850681373848, -1.748160089616458 ], [ 29.733578415411682, -1.748339204890359 ], [ 29.738341949821272, -1.751375500478914 ], [ 29.741550847793501, -1.749766613338422 ], [ 29.747915375094596, -1.750657830694336 ], [ 29.744308388621359, -1.764584881187281 ], [ 29.750290099708526, -1.774461620807133 ], [ 29.756339188902519, -1.775012863852477 ], [ 29.763773628849915, -1.780880816096764 ], [ 29.76972162705162, -1.79136932763232 ], [ 29.769344440593553, -1.806803112173816 ], [ 29.771902211418027, -1.810370389082172 ], [ 29.778066430021848, -1.809442162825426 ], [ 29.785892103837657, -1.819649200050455 ], [ 29.789575883420365, -1.820785053687202 ], [ 29.791539969494234, -1.825200900301261 ], [ 29.796304998577011, -1.826339906061814 ], [ 29.798991027114379, -1.82968098099231 ], [ 29.800809128938315, -1.838734109791196 ], [ 29.796613139584831, -1.844953238301328 ], [ 29.797328200436073, -1.848003568709678 ], [ 29.804966085016876, -1.852212671077747 ], [ 29.816458549322594, -1.851387074553801 ], [ 29.817452653617121, -1.852910983854772 ], [ 29.812205500683458, -1.857282766386404 ], [ 29.811127212650728, -1.871737067811419 ], [ 29.808655439497105, -1.871875346669827 ], [ 29.807982881504874, -1.875759022161072 ], [ 29.804857819232982, -1.876988809086255 ], [ 29.80122861320999, -1.887156201497453 ], [ 29.79817573502223, -1.88753718759106 ], [ 29.798380610476787, -1.891207511517357 ], [ 29.794591677663778, -1.894824526330708 ], [ 29.793816735453998, -1.8999856474197 ], [ 29.787203835188929, -1.907166190767085 ], [ 29.787038017290673, -1.911469251604514 ], [ 29.784051714115439, -1.912533847459008 ], [ 29.78535351155524, -1.917110465875249 ], [ 29.789338846410789, -1.917818212540434 ], [ 29.792884351631582, -1.930844265550358 ], [ 29.790527751055034, -1.9568785218263 ], [ 29.793032066177066, -1.961327609181718 ], [ 29.796710462418002, -1.963115144848049 ], [ 29.801421589734705, -1.976975402692605 ], [ 29.798092892173383, -1.984815348749314 ], [ 29.799200561057109, -1.99313769564814 ], [ 29.797161131580967, -1.998647287841904 ], [ 29.803729043260734, -2.002145196443606 ], [ 29.807083661082128, -2.010827898088919 ], [ 29.811845458900759, -2.011403729498496 ], [ 29.812180343048549, -2.013657411660186 ], [ 29.810198280426253, -2.018018440098913 ], [ 29.80109295407664, -2.019802992713926 ], [ 29.794759470473291, -2.028500211215756 ], [ 29.790243277505251, -2.03113876993829 ], [ 29.79702232122327, -2.039564373397041 ], [ 29.804568426391914, -2.035845613783994 ], [ 29.807516011954387, -2.038797288563965 ], [ 29.807799167997178, -2.04301964154322 ], [ 29.80513550110248, -2.046286165374201 ], [ 29.807652217875596, -2.048204477754346 ], [ 29.80910609517024, -2.054683519328971 ], [ 29.81517261682291, -2.059768770012716 ], [ 29.809937166766847, -2.062132410482287 ], [ 29.803385574184976, -2.05750594534303 ], [ 29.794858424676701, -2.064562080075894 ], [ 29.796730001988141, -2.069825008017612 ], [ 29.795104958527102, -2.074186737028206 ], [ 29.791860447401913, -2.075879100140255 ], [ 29.792058059032261, -2.082135387737838 ], [ 29.802781307111797, -2.086851775189269 ], [ 29.805491669504985, -2.094646675103962 ], [ 29.80048666892478, -2.093160007628259 ], [ 29.799731669181345, -2.095256674455881 ], [ 29.794230042282759, -2.096094568309648 ], [ 29.792030296061316, -2.100404951427282 ], [ 29.796995319978119, -2.105501264671584 ], [ 29.799744269582423, -2.105754556027917 ], [ 29.800573052404527, -2.110828288194944 ], [ 29.807632978679226, -2.12300808545477 ], [ 29.800272241770703, -2.12786665482222 ], [ 29.791807602339009, -2.127696471614871 ], [ 29.796178401012579, -2.136433173951747 ], [ 29.79275528992466, -2.138437035240915 ], [ 29.791087226494522, -2.145456352628517 ], [ 29.789350001601338, -2.146021675459909 ], [ 29.787590154262372, -2.143880103683816 ], [ 29.779147053593807, -2.145232148944454 ], [ 29.773528310683044, -2.143750015850421 ], [ 29.766439897483348, -2.135212509749496 ], [ 29.750321218049852, -2.129568556143869 ], [ 29.739436014660352, -2.12189609352983 ], [ 29.737766652609093, -2.118118490375898 ], [ 29.733498674324348, -2.118334690093849 ], [ 29.725210448603494, -2.111821088472399 ], [ 29.713437729467767, -2.11145089064605 ], [ 29.707494289929731, -2.114248258849972 ], [ 29.699289251497934, -2.11463681993328 ], [ 29.696076144698463, -2.119400020694385 ], [ 29.68795901409737, -2.121451388670581 ], [ 29.683745910645303, -2.119099081457388 ], [ 29.681278804073646, -2.113233624831834 ], [ 29.68347008677507, -2.1123989370612 ], [ 29.681536580348993, -2.110442282085645 ], [ 29.682081591092551, -2.106560914254685 ], [ 29.672435893601683, -2.104330444494418 ], [ 29.670073986125683, -2.10734099519071 ], [ 29.665392474383328, -2.10593795117543 ], [ 29.666128772724736, -2.119811522583659 ], [ 29.65886633261518, -2.119304183541238 ], [ 29.651979351366069, -2.112430745182581 ], [ 29.650158570461709, -2.117532589257521 ], [ 29.644768429819262, -2.119259226432091 ], [ 29.63233576658239, -2.117415948986834 ], [ 29.619277078974154, -2.12258571615781 ], [ 29.618205483696219, -2.120412972080977 ], [ 29.614980683911501, -2.121430332843455 ], [ 29.612710297742122, -2.118017399383432 ], [ 29.619329731581939, -2.113638554475606 ], [ 29.617428625930369, -2.109965763708977 ], [ 29.614515459221085, -2.110078849859021 ], [ 29.612421533527094, -2.105165262666698 ], [ 29.61362316088027, -2.10336876975289 ], [ 29.614507373416703, -2.107145459195492 ], [ 29.616775946552803, -2.107092626723229 ], [ 29.617489785225597, -2.101964888468689 ], [ 29.615610011493015, -2.098014982405483 ], [ 29.617861508302095, -2.099348680597102 ], [ 29.618874076577367, -2.095779376616902 ], [ 29.62248267463578, -2.095031700952144 ], [ 29.622886379402996, -2.092703699715915 ], [ 29.620107191893535, -2.092815860463538 ], [ 29.619369559857372, -2.089770151671167 ], [ 29.623105313059799, -2.089793945034535 ], [ 29.62469955204276, -2.085487120534125 ], [ 29.627923721402698, -2.083512167952207 ], [ 29.629770336232102, -2.084971829686178 ], [ 29.629164303789739, -2.079755478532397 ], [ 29.633556321067427, -2.07910996765085 ], [ 29.634125890497625, -2.075515348654434 ], [ 29.63189742082945, -2.072209727696673 ], [ 29.63717625238213, -2.066997115024683 ], [ 29.63397400489664, -2.066022517924771 ], [ 29.63302766449522, -2.062049430037106 ], [ 29.633895633476886, -2.058955462724355 ], [ 29.636827109483715, -2.058803890087424 ], [ 29.635606771735173, -2.054783006830141 ], [ 29.639252018965639, -2.04945436452727 ], [ 29.63432428273946, -2.038822520842543 ], [ 29.630862356013015, -2.037945490292048 ], [ 29.63236141614664, -2.027107045353794 ], [ 29.628423824499944, -2.021878289851176 ], [ 29.633679627113334, -2.016780347934655 ], [ 29.631107361015967, -2.015437883151761 ], [ 29.628649457206773, -2.007690642808913 ], [ 29.631385836986961, -2.000706924185159 ], [ 29.636805059905729, -1.995143448211556 ], [ 29.634412916323132, -1.989929579186678 ], [ 29.622033777137229, -1.979871840213188 ], [ 29.622394404378365, -1.975796754816328 ], [ 29.625705556166498, -1.973450838185598 ], [ 29.643609333204306, -1.979085669967573 ], [ 29.651226396680979, -1.975629250689315 ], [ 29.654632924270235, -1.976303717942207 ], [ 29.655782995289098, -1.973949930444763 ], [ 29.665839658673281, -1.971860790043378 ], [ 29.67364915638348, -1.959425923467573 ], [ 29.670907197209456, -1.948833188600718 ], [ 29.66177601625019, -1.944193239026737 ], [ 29.660941251137867, -1.938273923802536 ], [ 29.664147575250571, -1.934343054588228 ], [ 29.661805758628883, -1.92908366188137 ], [ 29.663974398200093, -1.924233866299885 ], [ 29.661597556581992, -1.923016035861347 ], [ 29.661419096913793, -1.919803764532058 ], [ 29.673095557114298, -1.910543574026724 ], [ 29.669993030953695, -1.907830157535673 ], [ 29.670104128702651, -1.901660373927128 ], [ 29.67331594857227, -1.901292588981696 ], [ 29.675173920040503, -1.896267771840121 ], [ 29.668944141758818, -1.884052362326616 ], [ 29.671176452431485, -1.875940237352014 ], [ 29.667694924980974, -1.869745852788774 ], [ 29.668076046872176, -1.866095756414021 ], [ 29.663322664909114, -1.861298766324959 ], [ 29.665791356086284, -1.850234273193119 ], [ 29.66432539999732, -1.8433150314635 ], [ 29.666876160606453, -1.835976395394268 ], [ 29.664803879795326, -1.83080597441615 ], [ 29.672314809780669, -1.822637024878715 ], [ 29.670832404192165, -1.817448610265127 ], [ 29.668682400372564, -1.817647553791491 ], [ 29.669324855357775, -1.809295645277731 ], [ 29.672192234883948, -1.809149638544894 ], [ 29.67264195256411, -1.804727409442342 ], [ 29.668872758071412, -1.799658828592021 ], [ 29.669372444782443, -1.789284378970779 ], [ 29.673163942462171, -1.787127924314247 ], [ 29.673322349946456, -1.780980059881776 ], [ 29.671204629989727, -1.779504794010978 ], [ 29.671448509940806, -1.77355759530663 ], [ 29.666518864454144, -1.76522769230415 ], [ 29.667735375587039, -1.762593964739579 ], [ 29.661899949123399, -1.753430367717235 ], [ 29.664839772637446, -1.742220729403033 ], [ 29.659715401444824, -1.73873392113354 ], [ 29.658870741991333, -1.734995144410301 ], [ 29.668112721225331, -1.731177650028448 ] ] ] } },
{ "type": "Feature", "properties": { "nisr_district_code": 25, "district_name": "Nyamagabe", "province": "Southern Province", "hdx_pcode": "RW25" }, "geometry": { "type": "Polygon", "coordinates": [ [ [ 29.557923723700934, -2.200135694206796 ], [ 29.56211746385004, -2.205764575174974 ], [ 29.56190428315632, -2.21218626608325 ], [ 29.563853950399615, -2.213098130074587 ], [ 29.565122606023547, -2.219729692171469 ], [ 29.575759595628941, -2.229971500784045 ], [ 29.575411275610069, -2.234368006578136 ], [ 29.58002931859826, -2.236090610293362 ], [ 29.578453319665126, -2.238350763976505 ], [ 29.582631550106047, -2.242125831042208 ], [ 29.584806183658568, -2.248405393094244 ], [ 29.588156650209346, -2.251295123471187 ], [ 29.594995200268375, -2.25169177845267 ], [ 29.59350913713698, -2.254990068137064 ], [ 29.600985355989511, -2.262328156519156 ], [ 29.604455840664617, -2.278489219202096 ], [ 29.608720565202045, -2.281148197031569 ], [ 29.610827028344804, -2.285740978063678 ], [ 29.614988156378413, -2.28636255708633 ], [ 29.617336344696692, -2.289090600151023 ], [ 29.611890911036792, -2.304129309819792 ], [ 29.599939372504085, -2.31170379219613 ], [ 29.596134631408216, -2.318345842186853 ], [ 29.590908560381795, -2.320387090991416 ], [ 29.589221487981437, -2.330688669446491 ], [ 29.582244887491587, -2.33124533270589 ], [ 29.584219124213245, -2.341978696359759 ], [ 29.583062285796007, -2.347571286085926 ], [ 29.592251545872255, -2.35602201930073 ], [ 29.595426018695886, -2.36074981015545 ], [ 29.595205269307872, -2.365054433115577 ], [ 29.601594478502474, -2.371676237568255 ], [ 29.610942287256908, -2.365989027471616 ], [ 29.611361366833638, -2.362884731445159 ], [ 29.619680879069382, -2.355248165270452 ], [ 29.623755662294176, -2.354420256589552 ], [ 29.621459703002866, -2.358675298126356 ], [ 29.622625710008482, -2.367069433407532 ], [ 29.629332407764569, -2.376690571312834 ], [ 29.631339051555965, -2.388077555035085 ], [ 29.636351667595545, -2.3893181751936 ], [ 29.635863287160962, -2.397869972421208 ], [ 29.641475755501705, -2.409561457595156 ], [ 29.654465770878662, -2.412276991090113 ], [ 29.663185180152023, -2.416781040512517 ], [ 29.666093483327554, -2.418463749402433 ], [ 29.66466251896011, -2.422597650461145 ], [ 29.661917439138701, -2.423102077498796 ], [ 29.657127920617182, -2.429310787362893 ], [ 29.647868997256548, -2.432457592543769 ], [ 29.642187935824598, -2.437556378024353 ], [ 29.64198195510323, -2.444312348735845 ], [ 29.632054611531149, -2.462920900179333 ], [ 29.616585511512266, -2.469670586428363 ], [ 29.610447145719359, -2.477962384256538 ], [ 29.600873086423956, -2.473750566835132 ], [ 29.595090312567923, -2.478797368803465 ], [ 29.598052821480596, -2.489798147666334 ], [ 29.596926461986744, -2.495638846855253 ], [ 29.604132768212803, -2.507830891082697 ], [ 29.589737842727242, -2.516205221493773 ], [ 29.587223561318392, -2.522560036116739 ], [ 29.585080968811777, -2.521863413165948 ], [ 29.583390653456004, -2.52439807680972 ], [ 29.591357007320045, -2.536979813467577 ], [ 29.588049856615822, -2.553842807799323 ], [ 29.57531166849871, -2.54787667386941 ], [ 29.570485001681728, -2.548706673474189 ], [ 29.566566998168636, -2.545435006420383 ], [ 29.558244341902967, -2.5479213773696 ], [ 29.540247464349061, -2.537019293705412 ], [ 29.540444853847053, -2.532482193298569 ], [ 29.534142922058376, -2.533596875995026 ], [ 29.531438438533069, -2.537011332007267 ], [ 29.531157831169057, -2.542121010975829 ], [ 29.526420352817222, -2.545885551477023 ], [ 29.520373502934898, -2.546007002221329 ], [ 29.519002431617086, -2.551974525603796 ], [ 29.512584251662116, -2.551566150657226 ], [ 29.49900420817772, -2.556342513895838 ], [ 29.492633243529436, -2.563262413929269 ], [ 29.49185369139477, -2.568713873046724 ], [ 29.484555321570898, -2.568864146163341 ], [ 29.479670105291216, -2.573048484799723 ], [ 29.48598482543942, -2.583591318984147 ], [ 29.483159419971255, -2.585913170656229 ], [ 29.480535861940698, -2.58454367944726 ], [ 29.474031337176559, -2.590209787851417 ], [ 29.471214016613583, -2.586662450711475 ], [ 29.466024273701368, -2.588700143596745 ], [ 29.461377456904241, -2.587887043152437 ], [ 29.459013433323438, -2.598938324344114 ], [ 29.454679603980576, -2.600329409174818 ], [ 29.445686716269098, -2.594675792353896 ], [ 29.443436437141973, -2.590611086932049 ], [ 29.443368321590906, -2.581589655638051 ], [ 29.436093756821496, -2.581068565961487 ], [ 29.433651661295162, -2.5765192491639 ], [ 29.430973769823748, -2.578825606416458 ], [ 29.428347459867393, -2.577294415304954 ], [ 29.428350395254615, -2.57069781974858 ], [ 29.424524036255367, -2.569845196798293 ], [ 29.422896069098375, -2.560198883271847 ], [ 29.413140412400079, -2.556056069931645 ], [ 29.408037829082605, -2.55851016960863 ], [ 29.4020726655211, -2.557659740104923 ], [ 29.398926070781666, -2.55368701284523 ], [ 29.390834829863504, -2.553188904444215 ], [ 29.380095104405573, -2.558097103798185 ], [ 29.374251429360026, -2.55391784363358 ], [ 29.363147234757275, -2.554768274935937 ], [ 29.361132040211462, -2.569933938300529 ], [ 29.347256329316334, -2.577110306095654 ], [ 29.343988245161395, -2.572858152281888 ], [ 29.346954706594513, -2.565952535281169 ], [ 29.344680738425371, -2.563321179229006 ], [ 29.346924812230373, -2.55940679188994 ], [ 29.344966533079091, -2.557602375948831 ], [ 29.335969897892571, -2.557246673395198 ], [ 29.337921228881807, -2.553637064498882 ], [ 29.337172650297621, -2.548280704191053 ], [ 29.340225232608457, -2.543406379600699 ], [ 29.339225832206555, -2.540140865708341 ], [ 29.334609208348422, -2.538124131523445 ], [ 29.328923472240536, -2.539108199383889 ], [ 29.326056304954545, -2.536544759233251 ], [ 29.319084844090487, -2.537786642939166 ], [ 29.324046064774183, -2.525797366155447 ], [ 29.32413790713883, -2.517726345594229 ], [ 29.321520499571523, -2.517212381246348 ], [ 29.322543242776494, -2.507551125484009 ], [ 29.310802332661606, -2.498540658724358 ], [ 29.30716174032219, -2.492897741137734 ], [ 29.301063748693206, -2.493261799292557 ], [ 29.299698525666489, -2.495082095462265 ], [ 29.292144296921901, -2.493352814280814 ], [ 29.288729333691837, -2.489618375887271 ], [ 29.279987073544572, -2.489253043393236 ], [ 29.277914682116862, -2.486760791776955 ], [ 29.264653413224611, -2.482024054466481 ], [ 29.269386184524809, -2.475470987895767 ], [ 29.265624239467119, -2.472315808227921 ], [ 29.266231004857051, -2.470738218393953 ], [ 29.2724200105751, -2.463821092769225 ], [ 29.273267228599902, -2.456554127271072 ], [ 29.279479215593501, -2.448027298820732 ], [ 29.280307962442603, -2.441856185114733 ], [ 29.299117688630599, -2.440399947999039 ], [ 29.303129884436768, -2.434087386223871 ], [ 29.309925656444118, -2.435705427563362 ], [ 29.317530450470091, -2.43133671711574 ], [ 29.323517202257204, -2.432469345783661 ], [ 29.325908589509869, -2.422988056953257 ], [ 29.32866988950386, -2.421651369415179 ], [ 29.327196445659592, -2.406885417827687 ], [ 29.322855200507075, -2.406043086719001 ], [ 29.318287587002583, -2.398644652029048 ], [ 29.322709373638805, -2.388266812863072 ], [ 29.327471729936565, -2.388716902862742 ], [ 29.330776299586663, -2.383704106059581 ], [ 29.330649130053448, -2.379884470392002 ], [ 29.335954341419839, -2.378393505955468 ], [ 29.337433381745253, -2.370578698647974 ], [ 29.343071384536817, -2.365759731826034 ], [ 29.343969092299876, -2.359989390198137 ], [ 29.337882129057096, -2.352856465053732 ], [ 29.337536556466997, -2.348248839812029 ], [ 29.333735266969068, -2.347020140167245 ], [ 29.327284591810592, -2.339647939600698 ], [ 29.328025945241325, -2.333647721365096 ], [ 29.324791212444683, -2.324628283868136 ], [ 29.321344889854888, -2.322858201344824 ], [ 29.320615349019146, -2.319978434557036 ], [ 29.323187938872291, -2.316906684995479 ], [ 29.328064341796061, -2.315754778460167 ], [ 29.33178883908371, -2.306654719439705 ], [ 29.343942880659551, -2.295191818547571 ], [ 29.344147929683178, -2.29257027859543 ], [ 29.364016997886171, -2.293185546175958 ], [ 29.367947577518787, -2.290943528221201 ], [ 29.371096121988554, -2.293247341291738 ], [ 29.374590236350489, -2.290367574503949 ], [ 29.379927403326949, -2.290213988284918 ], [ 29.381924040362211, -2.2907899411028 ], [ 29.384000846561936, -2.296395584488631 ], [ 29.382819373015739, -2.298642032503706 ], [ 29.386347869358847, -2.298049703930672 ], [ 29.402819752130032, -2.27688201918973 ], [ 29.405073766141559, -2.276101208004333 ], [ 29.408644108838605, -2.278677905061122 ], [ 29.412750008606164, -2.274651001742323 ], [ 29.418042290419482, -2.273231925512909 ], [ 29.42110007081175, -2.267138542010072 ], [ 29.441568926564681, -2.275988143438002 ], [ 29.449047538513245, -2.273453006750759 ], [ 29.447726277046076, -2.271342018219491 ], [ 29.452378782954607, -2.271632719574213 ], [ 29.458729169315728, -2.267500100049491 ], [ 29.461153045476667, -2.271829024489825 ], [ 29.467458618620473, -2.271864716783212 ], [ 29.469551833850243, -2.273740935495694 ], [ 29.474775459619867, -2.267766094329693 ], [ 29.474952360763023, -2.26083319279754 ], [ 29.489964383949168, -2.249931102838121 ], [ 29.494031247743873, -2.240955517183319 ], [ 29.497130495875783, -2.240420139977373 ], [ 29.499372267416273, -2.243072257778389 ], [ 29.501052020234713, -2.239697275708664 ], [ 29.506367171807629, -2.238103829927652 ], [ 29.509349028734693, -2.234614254444145 ], [ 29.514619242983702, -2.236582857812642 ], [ 29.516555558892026, -2.230508964417111 ], [ 29.519474488456925, -2.233769185799217 ], [ 29.517736337262217, -2.229539653532131 ], [ 29.519628300405881, -2.226643060428802 ], [ 29.523173406327768, -2.227624186606881 ], [ 29.524242729918154, -2.22454230798107 ], [ 29.527051926905006, -2.225363698375971 ], [ 29.526702717456448, -2.223531425035186 ], [ 29.53049686274009, -2.222908856758255 ], [ 29.532285311218292, -2.218505633927815 ], [ 29.539265833651445, -2.214792781961228 ], [ 29.541564966650096, -2.210833714504157 ], [ 29.542698718571064, -2.212784360210008 ], [ 29.544114667857773, -2.210912927689413 ], [ 29.548226748665545, -2.211727744040071 ], [ 29.544667144773012, -2.207886247652147 ], [ 29.549443185155038, -2.207493526305149 ], [ 29.54764050490552, -2.204621150145914 ], [ 29.55010890380289, -2.203972345946926 ], [ 29.551346515729254, -2.199826535166472 ], [ 29.557923723700934, -2.200135694206796 ] ] ] } },
{ "type": "Feature", "properties": { "nisr_district_code": 21, "district_name": "Nyanza", "province": "Southern Province", "hdx_pcode": "RW21" }, "geometry": { "type": "Polygon", "coordinates": [ [ [ 29.950841677801304, -2.233206826233991 ], [ 29.963574650749674, -2.231894696483006 ], [ 29.972768640360552, -2.235666190542196 ], [ 29.983553703340842, -2.232699646371528 ], [ 29.984797880318109, -2.237321487196787 ], [ 29.984533208940494, -2.243254813858509 ], [ 29.977993004473607, -2.251426925412104 ], [ 29.979244386819087, -2.255918726068241 ], [ 29.973266796425573, -2.263966540523355 ], [ 29.973290975598193, -2.274785471971852 ], [ 29.966902102750009, -2.287243932261574 ], [ 29.961534059349464, -2.290225793685308 ], [ 29.961243561241407, -2.303970504834896 ], [ 29.966184823270996, -2.317638674685052 ], [ 29.95619892394134, -2.330394203529596 ], [ 29.95748383391194, -2.349025383714454 ], [ 29.944384901642056, -2.366692881871002 ], [ 29.944884587453895, -2.373438653371152 ], [ 29.95059529413761, -2.378970900386757 ], [ 29.954949708062689, -2.388964636408686 ], [ 29.955594128965995, -2.396861541027262 ], [ 29.929677816078442, -2.436293906138832 ], [ 29.923413611748966, -2.440740898073968 ], [ 29.902615576247864, -2.44730667746117 ], [ 29.893418065791149, -2.447266470570997 ], [ 29.884147833455781, -2.451975596896239 ], [ 29.867822130986593, -2.451189094800877 ], [ 29.852435596825504, -2.455769213378434 ], [ 29.827120538282397, -2.450090071999134 ], [ 29.818388451266092, -2.442053029623604 ], [ 29.816487187334022, -2.423424354950011 ], [ 29.82817119014835, -2.416015402688532 ], [ 29.835419313050931, -2.418392527593006 ], [ 29.831232839423965, -2.410513441242268 ], [ 29.834080819674174, -2.404812300647008 ], [ 29.814079573613544, -2.395046766694764 ], [ 29.808914670875513, -2.384655788433821 ], [ 29.803810936425695, -2.381197672134728 ], [ 29.798608668655174, -2.380783316696678 ], [ 29.791345322928525, -2.36861885287768 ], [ 29.778389305522229, -2.37642999274984 ], [ 29.772858847258082, -2.376427166180728 ], [ 29.761979299705093, -2.387475070418044 ], [ 29.75032193211155, -2.388881432032409 ], [ 29.748179688541814, -2.391349743695648 ], [ 29.738463210808657, -2.393768366017269 ], [ 29.733311680090029, -2.403248919202173 ], [ 29.720095320642653, -2.40029097794624 ], [ 29.699879624045582, -2.40600490240418 ], [ 29.696078173568868, -2.404701648961772 ], [ 29.692031573298532, -2.392779362677422 ], [ 29.687607412452326, -2.390587300263614 ], [ 29.683458572755111, -2.392003263040155 ], [ 29.680149466025146, -2.394785695303503 ], [ 29.676492690385341, -2.404688861501614 ], [ 29.677647838077331, -2.409985728058895 ], [ 29.665301816425742, -2.418390877337074 ], [ 29.654465770878662, -2.412276991090113 ], [ 29.641475755501705, -2.409561457595156 ], [ 29.635863287160962, -2.397869972421208 ], [ 29.636351667595545, -2.3893181751936 ], [ 29.631339051555965, -2.388077555035085 ], [ 29.629332407764569, -2.376690571312834 ], [ 29.622625710008482, -2.367069433407532 ], [ 29.621459703002866, -2.358675298126356 ], [ 29.623755662294176, -2.354420256589552 ], [ 29.619680879069382, -2.355248165270452 ], [ 29.611361366833638, -2.362884731445159 ], [ 29.610942287256908, -2.365989027471616 ], [ 29.601594478502474, -2.371676237568255 ], [ 29.595205269307872, -2.365054433115577 ], [ 29.595426018695886, -2.36074981015545 ], [ 29.592251545872255, -2.35602201930073 ], [ 29.583062285796007, -2.347571286085926 ], [ 29.584219124213245, -2.341978696359759 ], [ 29.582244887491587, -2.33124533270589 ], [ 29.589221487981437, -2.330688669446491 ], [ 29.590908560381795, -2.320387090991416 ], [ 29.596134631408216, -2.318345842186853 ], [ 29.599939372504085, -2.31170379219613 ], [ 29.611890911036792, -2.304129309819792 ], [ 29.617336344696692, -2.289090600151023 ], [ 29.610602570152505, -2.285533784156669 ], [ 29.602919159191881, -2.275243194517674 ], [ 29.600985355989511, -2.262328156519156 ], [ 29.59549938988501, -2.257212259638009 ], [ 29.601081273182277, -2.252857878987824 ], [ 29.604466185566086, -2.254727466998896 ], [ 29.609447674270822, -2.25321522820009 ], [ 29.614322275852405, -2.254809551719428 ], [ 29.620727062204171, -2.257796620217756 ], [ 29.623246827679022, -2.262112292248431 ], [ 29.62877972130708, -2.263383385035101 ], [ 29.633600774556317, -2.260976105862567 ], [ 29.636569517569338, -2.251758344471944 ], [ 29.643239860231379, -2.253291406173353 ], [ 29.647021036391823, -2.261954820058832 ], [ 29.652097219211331, -2.259682449085665 ], [ 29.659176372092116, -2.250846544332464 ], [ 29.679890235546107, -2.27279475697243 ], [ 29.686315454494821, -2.269833588049564 ], [ 29.689178334712334, -2.271944644030078 ], [ 29.695558085737222, -2.267596122463067 ], [ 29.693463109634937, -2.245217500587116 ], [ 29.709550526835454, -2.247549235808555 ], [ 29.711683053230391, -2.247152560142374 ], [ 29.710516047078055, -2.242597430127236 ], [ 29.713511928932473, -2.241718157566786 ], [ 29.723359224748574, -2.247176092702452 ], [ 29.733577717537745, -2.246207865500572 ], [ 29.73726627701711, -2.247965649794781 ], [ 29.741492185016465, -2.24043029152462 ], [ 29.749214982685384, -2.245541560494558 ], [ 29.753057155363532, -2.258110611315501 ], [ 29.770801196617985, -2.268953664379992 ], [ 29.780568724367267, -2.280196400443358 ], [ 29.793725236630369, -2.28107405962007 ], [ 29.798795308556752, -2.273865639987227 ], [ 29.79784750405911, -2.269837586435453 ], [ 29.800372149255299, -2.264235760671752 ], [ 29.806450004164436, -2.261332841737185 ], [ 29.812979403277023, -2.263175182088928 ], [ 29.818766141344415, -2.259363355234501 ], [ 29.827147059289477, -2.262686508475531 ], [ 29.831766609541493, -2.270671814652448 ], [ 29.837932092591995, -2.274086264369546 ], [ 29.839429931446187, -2.278934760430807 ], [ 29.84413143961439, -2.28342679940724 ], [ 29.85069847715322, -2.282905573932992 ], [ 29.853659549848349, -2.286456753876076 ], [ 29.865190290199866, -2.283909289282138 ], [ 29.870894774474326, -2.279210554623357 ], [ 29.886119161770058, -2.277279967396473 ], [ 29.89124090604302, -2.280769787495685 ], [ 29.902622399404304, -2.281624694723894 ], [ 29.908123162953675, -2.284208844462532 ], [ 29.915944062268689, -2.278089085642743 ], [ 29.906414451965507, -2.259186040403416 ], [ 29.907216238038952, -2.249381902153014 ], [ 29.904616207172257, -2.246289559015813 ], [ 29.898870002448657, -2.246681673320395 ], [ 29.902868517768038, -2.234109149317798 ], [ 29.91046922797273, -2.232546400995584 ], [ 29.922315222969214, -2.239941085512654 ], [ 29.931955696298534, -2.234129611592251 ], [ 29.945895416440454, -2.231661130856522 ], [ 29.950841677801304, -2.233206826233991 ] ] ] } },
{ "type": "Feature", "properties": { "nisr_district_code": 23, "district_name": "Nyaruguru", "province": "Southern Province", "hdx_pcode": "RW23" }, "geometry": { "type": "Polygon", "coordinates": [ [ [ 29.540104626827162, -2.532448561352008 ], [ 29.540247464349061, -2.537019293705412 ], [ 29.558244341902967, -2.5479213773696 ], [ 29.566566998168636, -2.545435006420383 ], [ 29.570485001681728, -2.548706673474189 ], [ 29.57531166849871, -2.54787667386941 ], [ 29.588659039383163, -2.554587366413819 ], [ 29.596115910221304, -2.552049097387921 ], [ 29.598049483197169, -2.557194166477539 ], [ 29.60278103501685, -2.557106000541476 ], [ 29.605181239222905, -2.57057259814687 ], [ 29.613495052454891, -2.575644342812001 ], [ 29.61846800839189, -2.587868351643031 ], [ 29.616645459420592, -2.59405509466687 ], [ 29.609264257539596, -2.602761768640661 ], [ 29.613669475965548, -2.613575126091095 ], [ 29.612305728726501, -2.621198999234376 ], [ 29.607866879253269, -2.625555776577715 ], [ 29.609862987486995, -2.629561609680453 ], [ 29.618446043350371, -2.628324052612874 ], [ 29.625861409576498, -2.633641377847218 ], [ 29.63032253795485, -2.631185001086823 ], [ 29.636632600514073, -2.632629382440011 ], [ 29.640686553641576, -2.639012821584308 ], [ 29.639131526898471, -2.650682283260742 ], [ 29.641437521724317, -2.654844098376386 ], [ 29.651842808199074, -2.645929528125158 ], [ 29.669950055051213, -2.64191325479285 ], [ 29.672180061660629, -2.646975390202011 ], [ 29.668670830594362, -2.656962952378328 ], [ 29.678325568070523, -2.667070537175465 ], [ 29.68270986646721, -2.668641176149278 ], [ 29.682738774275091, -2.674104686182289 ], [ 29.688881892085799, -2.674473308396464 ], [ 29.704118418430408, -2.683201057982354 ], [ 29.715475019456743, -2.682929371892995 ], [ 29.724527909935066, -2.67986861294608 ], [ 29.736936048659739, -2.690651282830426 ], [ 29.746892348603165, -2.695662351136508 ], [ 29.743797799428922, -2.711314440708768 ], [ 29.737094802383329, -2.717770072930448 ], [ 29.733698053122797, -2.72450323593555 ], [ 29.723417308362226, -2.732642158908461 ], [ 29.723260443214865, -2.741245645570046 ], [ 29.718524302154908, -2.74476909311906 ], [ 29.719453430431447, -2.748515772185079 ], [ 29.716925478428163, -2.756250463388155 ], [ 29.713619229743731, -2.757420923836452 ], [ 29.71459662373525, -2.760238476424493 ], [ 29.712213470675291, -2.762096731179187 ], [ 29.714360933010713, -2.764036258566327 ], [ 29.712139605758264, -2.773041995791437 ], [ 29.701775859868167, -2.785330973445677 ], [ 29.697938679326679, -2.797554439985428 ], [ 29.701860326892653, -2.804770268233237 ], [ 29.701486261981518, -2.809814106935405 ], [ 29.689807282780006, -2.807108004630677 ], [ 29.685310101480116, -2.800516897636707 ], [ 29.679218682096636, -2.800159978300221 ], [ 29.669082177800259, -2.791950838060731 ], [ 29.665298834273795, -2.792117400597561 ], [ 29.660611297073796, -2.788262673383602 ], [ 29.648166715121842, -2.78766780872225 ], [ 29.639267531371576, -2.789690350729102 ], [ 29.630344552459203, -2.803871938139369 ], [ 29.623967597426731, -2.807108004630677 ], [ 29.621302601333948, -2.805846890721376 ], [ 29.616186759311585, -2.8105820182455 ], [ 29.608976993393615, -2.810534428820833 ], [ 29.605883694277207, -2.807012825781253 ], [ 29.591511749168003, -2.808535681076719 ], [ 29.588632601113812, -2.80320568889142 ], [ 29.573975121254986, -2.812176256329091 ], [ 29.56588495412748, -2.812104872641686 ], [ 29.551608187867611, -2.818434239148771 ], [ 29.543541815002843, -2.817696607112697 ], [ 29.544327037363043, -2.826405433164115 ], [ 29.542471057893199, -2.830236366115247 ], [ 29.532548704659217, -2.827642753709958 ], [ 29.521389033577233, -2.830331544065479 ], [ 29.514940693957985, -2.827690342235523 ], [ 29.512918151951222, -2.823335929209725 ], [ 29.507659542553871, -2.822360350050046 ], [ 29.502448523480734, -2.814674691683606 ], [ 29.492050278697473, -2.809535055398416 ], [ 29.486030243001398, -2.802563233906119 ], [ 29.482770381348072, -2.803015332091852 ], [ 29.478154226936109, -2.808868806150467 ], [ 29.47606030124194, -2.807631486503815 ], [ 29.474013964073247, -2.810034742109624 ], [ 29.470325800295488, -2.808250146327185 ], [ 29.463377773965032, -2.809987152684957 ], [ 29.45728635368236, -2.805347204010256 ], [ 29.456762872708591, -2.800992790984458 ], [ 29.45086180922522, -2.80096899582244 ], [ 29.447530562985296, -2.798732301854179 ], [ 29.441153607952646, -2.799993416662761 ], [ 29.438107898261084, -2.79808984866744 ], [ 29.432706521488921, -2.801064174671775 ], [ 29.431397818154775, -2.804704749024867 ], [ 29.419405334388731, -2.809082958111964 ], [ 29.413123557306402, -2.814436745459282 ], [ 29.407745975696347, -2.815317144870256 ], [ 29.400369647241636, -2.822265172099903 ], [ 29.39551554570598, -2.81717312523947 ], [ 29.389781045658896, -2.818981515284647 ], [ 29.385093507559528, -2.822051020138317 ], [ 29.380929449534559, -2.831188151012365 ], [ 29.377146106907286, -2.833377254656411 ], [ 29.377407848293718, -2.838445506354915 ], [ 29.370626383600811, -2.840087334762543 ], [ 29.367652057596477, -2.832711005408462 ], [ 29.3616796104257, -2.832877567945292 ], [ 29.364796704704215, -2.828546948282862 ], [ 29.361108540027086, -2.824478070006776 ], [ 29.361584432475556, -2.818505623735546 ], [ 29.356254439390977, -2.807488719129004 ], [ 29.351614489816907, -2.803895732402018 ], [ 29.351709668666242, -2.7979232861307 ], [ 29.354279486808881, -2.797352214832716 ], [ 29.356730331839447, -2.792069812072085 ], [ 29.3536608269856, -2.783860671832506 ], [ 29.347973915463992, -2.77705541197767 ], [ 29.350496144181786, -2.768893861162758 ], [ 29.346855568030133, -2.769322164186472 ], [ 29.343548117851508, -2.765253285910386 ], [ 29.338218124766751, -2.764587037561717 ], [ 29.340811737171951, -2.753189419356128 ], [ 29.33307848938102, -2.74705040874933 ], [ 29.335315182449644, -2.743814342258022 ], [ 29.347521817278082, -2.738531938598022 ], [ 29.354755379257529, -2.730727306220138 ], [ 29.348735342662085, -2.722422988030327 ], [ 29.349330208222629, -2.714190052628818 ], [ 29.345832400344978, -2.711834386447676 ], [ 29.34338155531459, -2.701626498464072 ], [ 29.339288881876396, -2.699437394819848 ], [ 29.335148620812273, -2.691561378754559 ], [ 29.331912553421684, -2.693512536174548 ], [ 29.328105415632482, -2.690324059107996 ], [ 29.329055485522264, -2.682622035778215 ], [ 29.335304904098141, -2.679625066643399 ], [ 29.345232001255955, -2.679811779389996 ], [ 29.349074483300857, -2.67672940793583 ], [ 29.354235042313508, -2.666124737266762 ], [ 29.352065073544392, -2.660241783431483 ], [ 29.355918359145033, -2.653923930944624 ], [ 29.357103958780744, -2.645256246178785 ], [ 29.365096196032663, -2.637798016465143 ], [ 29.367930538063963, -2.631379823020342 ], [ 29.363344947111852, -2.624141800403701 ], [ 29.363051977666704, -2.615101572379575 ], [ 29.356257466508911, -2.607971215698924 ], [ 29.35358530911471, -2.596971247125313 ], [ 29.351999428430869, -2.595156988104431 ], [ 29.344254203468861, -2.596213835400152 ], [ 29.34226603624867, -2.590857679238446 ], [ 29.345008142012279, -2.585270062763157 ], [ 29.340744576700988, -2.583463460570246 ], [ 29.339826367992455, -2.580742811731318 ], [ 29.345441744740935, -2.575396108343642 ], [ 29.34904097815873, -2.577308457319439 ], [ 29.361132040211462, -2.569933938300529 ], [ 29.363147234757275, -2.554768274935937 ], [ 29.374251429360026, -2.55391784363358 ], [ 29.380095104405573, -2.558097103798185 ], [ 29.390834829863504, -2.553188904444215 ], [ 29.398926070781666, -2.55368701284523 ], [ 29.4020726655211, -2.557659740104923 ], [ 29.408037829082605, -2.55851016960863 ], [ 29.413140412400079, -2.556056069931645 ], [ 29.42227646948356, -2.559603580640569 ], [ 29.424524036255367, -2.569845196798293 ], [ 29.428350395254615, -2.57069781974858 ], [ 29.428347459867393, -2.577294415304954 ], [ 29.430973769823748, -2.578825606416458 ], [ 29.433651661295162, -2.5765192491639 ], [ 29.436093756821496, -2.581068565961487 ], [ 29.443368321590906, -2.581589655638051 ], [ 29.443436437141973, -2.590611086932049 ], [ 29.445686716269098, -2.594675792353896 ], [ 29.451637891775444, -2.599833478032532 ], [ 29.455985555389102, -2.600031850489482 ], [ 29.459452494936816, -2.598110860827474 ], [ 29.461377456904241, -2.587887043152437 ], [ 29.466024273701368, -2.588700143596745 ], [ 29.471214016613583, -2.586662450711475 ], [ 29.474031337176559, -2.590209787851417 ], [ 29.480535861940698, -2.58454367944726 ], [ 29.483159419971255, -2.585913170656229 ], [ 29.48598482543942, -2.583591318984147 ], [ 29.479670105291216, -2.573048484799723 ], [ 29.484555321570898, -2.568864146163341 ], [ 29.49185369139477, -2.568713873046724 ], [ 29.492633243529436, -2.563262413929269 ], [ 29.498959904875715, -2.556372868712898 ], [ 29.512584251662116, -2.551566150657226 ], [ 29.518827958643417, -2.55209915005562 ], [ 29.520373502934898, -2.546007002221329 ], [ 29.526420352817222, -2.545885551477023 ], [ 29.531157831169057, -2.542121010975829 ], [ 29.531438438533069, -2.537011332007267 ], [ 29.534142922058376, -2.533596875995026 ], [ 29.540104626827162, -2.532448561352008 ] ] ] } },
{ "type": "Feature", "properties": { "nisr_district_code": 26, "district_name": "Ruhango", "province": "Southern Province", "hdx_pcode": "RW26" }, "geometry": { "type": "Polygon", "coordinates": [ [ [ 29.885964889368271, -2.100864270269798 ], [ 29.888764451918053, -2.106323074150541 ], [ 29.888152375132176, -2.11359060981865 ], [ 29.891734353257842, -2.117169181312629 ], [ 29.894993209469039, -2.125852974734832 ], [ 29.89831390306416, -2.126655007222811 ], [ 29.906306081860262, -2.135639172409721 ], [ 29.927085602118868, -2.14142109101051 ], [ 29.928772965899835, -2.15186374971218 ], [ 29.958951745127099, -2.198873064939966 ], [ 29.963834291319518, -2.202060086903457 ], [ 29.987587457695025, -2.201281474560324 ], [ 29.990305451735349, -2.21127092621215 ], [ 29.989853581078012, -2.22055571767218 ], [ 29.986675943540025, -2.227403810437479 ], [ 29.98354513639902, -2.232735174089007 ], [ 29.977819147535694, -2.234568966384621 ], [ 29.972768640360552, -2.235666190542196 ], [ 29.963574650749674, -2.231894696483006 ], [ 29.95245296703099, -2.233583835525599 ], [ 29.945895416440454, -2.231661130856522 ], [ 29.930269748949872, -2.234643169446627 ], [ 29.922315222969214, -2.239941085512654 ], [ 29.91046922797273, -2.232546400995584 ], [ 29.902868517768038, -2.234109149317798 ], [ 29.898870002448657, -2.246681673320395 ], [ 29.904616207172257, -2.246289559015813 ], [ 29.907216238038952, -2.249381902153014 ], [ 29.906414451965507, -2.259186040403416 ], [ 29.915944062268689, -2.278089085642743 ], [ 29.908463183129424, -2.284125729119036 ], [ 29.89124090604302, -2.280769787495685 ], [ 29.886119161770058, -2.277279967396473 ], [ 29.870894774474326, -2.279210554623357 ], [ 29.865190290199866, -2.283909289282138 ], [ 29.853659549848349, -2.286456753876076 ], [ 29.85069847715322, -2.282905573932992 ], [ 29.84413143961439, -2.28342679940724 ], [ 29.839429931446187, -2.278934760430807 ], [ 29.837932092591995, -2.274086264369546 ], [ 29.831766609541493, -2.270671814652448 ], [ 29.827147059289477, -2.262686508475531 ], [ 29.818766141344415, -2.259363355234501 ], [ 29.812979403277023, -2.263175182088928 ], [ 29.806450004164436, -2.261332841737185 ], [ 29.800372149255299, -2.264235760671752 ], [ 29.79784750405911, -2.269837586435453 ], [ 29.798795308556752, -2.273865639987227 ], [ 29.793725236630369, -2.28107405962007 ], [ 29.780568724367267, -2.280196400443358 ], [ 29.770801196617985, -2.268953664379992 ], [ 29.753057155363532, -2.258110611315501 ], [ 29.749214982685384, -2.245541560494558 ], [ 29.741492185016465, -2.24043029152462 ], [ 29.73726627701711, -2.247965649794781 ], [ 29.733577717537745, -2.246207865500572 ], [ 29.723359224748574, -2.247176092702452 ], [ 29.713511928932473, -2.241718157566786 ], [ 29.710516047078055, -2.242597430127236 ], [ 29.711683053230391, -2.247152560142374 ], [ 29.709550526835454, -2.247549235808555 ], [ 29.693463109634937, -2.245217500587116 ], [ 29.695743450400041, -2.266751924361777 ], [ 29.689178334712334, -2.271944644030078 ], [ 29.686315454494821, -2.269833588049564 ], [ 29.679890235546107, -2.27279475697243 ], [ 29.659176372092116, -2.250846544332464 ], [ 29.652097219211331, -2.259682449085665 ], [ 29.647021036391823, -2.261954820058832 ], [ 29.643239860231379, -2.253291406173353 ], [ 29.639144532893862, -2.251775401013812 ], [ 29.635717377554965, -2.252335601306899 ], [ 29.633756542530481, -2.260719548168544 ], [ 29.629838529125035, -2.263275363866913 ], [ 29.623246827679022, -2.262112292248431 ], [ 29.620727062204171, -2.257796620217756 ], [ 29.609997441528851, -2.253251879170793 ], [ 29.60565963898129, -2.254798132127934 ], [ 29.601081273182277, -2.252857878987824 ], [ 29.59549938988501, -2.257212259638009 ], [ 29.59350913713698, -2.254990068137064 ], [ 29.594995200268375, -2.25169177845267 ], [ 29.588156650209346, -2.251295123471187 ], [ 29.584806183658568, -2.248405393094244 ], [ 29.582631550106047, -2.242125831042208 ], [ 29.578453319665126, -2.238350763976505 ], [ 29.58002931859826, -2.236090610293362 ], [ 29.575411275610069, -2.234368006578136 ], [ 29.575759595628941, -2.229971500784045 ], [ 29.565122606023547, -2.219729692171469 ], [ 29.563853950399615, -2.213098130074587 ], [ 29.561976756821966, -2.212473371049184 ], [ 29.56211746385004, -2.205764575174974 ], [ 29.572839199269712, -2.203567873158774 ], [ 29.576979461233204, -2.197226609520409 ], [ 29.578395241447335, -2.199118280384272 ], [ 29.580251220017811, -2.19753594033133 ], [ 29.585164807210223, -2.201914147619688 ], [ 29.587008889548787, -2.193633623692704 ], [ 29.590102188665195, -2.194668689408419 ], [ 29.589733371298149, -2.192027486679094 ], [ 29.595896176167596, -2.188636755681695 ], [ 29.603236812329097, -2.191051908418696 ], [ 29.606282523819576, -2.187851533321584 ], [ 29.605330738922458, -2.185222228622908 ], [ 29.609114081549553, -2.180736945353757 ], [ 29.609756537434311, -2.176346839135291 ], [ 29.608804751638001, -2.171611711611166 ], [ 29.604367056894237, -2.168482721100651 ], [ 29.606472879719686, -2.158607958190617 ], [ 29.604426544349732, -2.158274833116958 ], [ 29.603784089364343, -2.154991177200983 ], [ 29.599869875594347, -2.155740706368515 ], [ 29.599108449295624, -2.151124552855744 ], [ 29.594551780540417, -2.150660558437923 ], [ 29.599512956258128, -2.144640520943287 ], [ 29.597871128749691, -2.144176527424658 ], [ 29.597668874818755, -2.138977403684151 ], [ 29.608197989845369, -2.128674337750492 ], [ 29.60609216701992, -2.126390055256844 ], [ 29.612605723675205, -2.116558765574584 ], [ 29.614980683911501, -2.121430332843455 ], [ 29.618205483696219, -2.120412972080977 ], [ 29.619615367055612, -2.12258571615781 ], [ 29.63233576658239, -2.117415948986834 ], [ 29.648834652397287, -2.118638079983415 ], [ 29.651979351366069, -2.112430745182581 ], [ 29.65886633261518, -2.119304183541238 ], [ 29.666128772724736, -2.119811522583659 ], [ 29.665392474383328, -2.10593795117543 ], [ 29.670073986125683, -2.10734099519071 ], [ 29.672435893601683, -2.104330444494418 ], [ 29.682081591092551, -2.106560914254685 ], [ 29.681536580348993, -2.110442282085645 ], [ 29.68347008677507, -2.1123989370612 ], [ 29.681278804073646, -2.113233624831834 ], [ 29.683745910645303, -2.119099081457388 ], [ 29.68795901409737, -2.121451388670581 ], [ 29.696076144698463, -2.119400020694385 ], [ 29.699289251497934, -2.11463681993328 ], [ 29.707494289929731, -2.114248258849972 ], [ 29.713437729467767, -2.11145089064605 ], [ 29.725210448603494, -2.111821088472399 ], [ 29.733498674324348, -2.118334690093849 ], [ 29.737766652609093, -2.118118490375898 ], [ 29.739436014660352, -2.12189609352983 ], [ 29.750321218049852, -2.129568556143869 ], [ 29.766439897483348, -2.135212509749496 ], [ 29.773528310683044, -2.143750015850421 ], [ 29.779147053593807, -2.145232148944454 ], [ 29.787590154262372, -2.143880103683816 ], [ 29.789350001601338, -2.146021675459909 ], [ 29.791087226494522, -2.145456352628517 ], [ 29.79275528992466, -2.138437035240915 ], [ 29.796178401012579, -2.136433173951747 ], [ 29.791807602339009, -2.127696471614871 ], [ 29.800272241770703, -2.12786665482222 ], [ 29.807632978679226, -2.12300808545477 ], [ 29.80321496110167, -2.11532461334022 ], [ 29.804435724229233, -2.111929271518565 ], [ 29.841759644092274, -2.112524397882665 ], [ 29.855321515875371, -2.106731739577994 ], [ 29.868734756703812, -2.10650599355674 ], [ 29.885964889368271, -2.100864270269798 ] ] ] } },
{ "type": "Feature", "properties": { "nisr_district_code": 31, "district_name": "Karongi", "province": "Western Province", "hdx_pcode": "RW31" }, "geometry": { "type": "Polygon", "coordinates": [ [ [ 29.374477442480067, -2.024323328858524 ], [ 29.382052469845615, -2.025322701381483 ], [ 29.380393593889369, -2.029419001785427 ], [ 29.387823369053361, -2.030471522442812 ], [ 29.38951873500179, -2.034147789988483 ], [ 29.393522178605796, -2.032940212720614 ], [ 29.394670017507234, -2.036620235835207 ], [ 29.3989639844004, -2.030435838243217 ], [ 29.399923717505654, -2.032310329358167 ], [ 29.407274426973256, -2.033954081415657 ], [ 29.407849666628987, -2.031727704469922 ], [ 29.411328399885821, -2.031987118410739 ], [ 29.411485386441488, -2.038128103029424 ], [ 29.413027558275278, -2.036659806904562 ], [ 29.417515555698397, -2.037934176820822 ], [ 29.420073528870343, -2.04293930870213 ], [ 29.425374167184042, -2.042062025442049 ], [ 29.426999449864926, -2.046097528977742 ], [ 29.430665571259301, -2.047224144778304 ], [ 29.43196354208381, -2.042964491518052 ], [ 29.436513292354743, -2.042460001527824 ], [ 29.444582054718243, -2.046882467152112 ], [ 29.447601756915692, -2.045645035090316 ], [ 29.461472068281463, -2.029475319130614 ], [ 29.466468643113391, -2.032727401648205 ], [ 29.461983041484235, -2.04367007981029 ], [ 29.466837326481492, -2.043315216324138 ], [ 29.467106876681076, -2.046432130738174 ], [ 29.477295056921331, -2.051215026652165 ], [ 29.481316345772928, -2.055700310820685 ], [ 29.479716158674012, -2.058698431987039 ], [ 29.484720507245637, -2.063364660650413 ], [ 29.501020143764716, -2.064081781848659 ], [ 29.50045833548393, -2.061008341561677 ], [ 29.502959404053247, -2.059114657115713 ], [ 29.510793779709193, -2.057484727638015 ], [ 29.514963784950748, -2.059055170559676 ], [ 29.516960002002495, -2.05679334054022 ], [ 29.526771669377244, -2.058535008084006 ], [ 29.531033845235893, -2.06390413786558 ], [ 29.536428334999759, -2.062443341187204 ], [ 29.53979292000734, -2.064223267689569 ], [ 29.538913013424899, -2.067735914380775 ], [ 29.541899284224787, -2.070191048278203 ], [ 29.543731469431894, -2.067228618505868 ], [ 29.550798467975053, -2.067674767676364 ], [ 29.554288344731344, -2.065640394188828 ], [ 29.559961620732327, -2.069433549318734 ], [ 29.562284174774927, -2.065719442797998 ], [ 29.55842192383275, -2.063817735500051 ], [ 29.561759400575898, -2.063437877156249 ], [ 29.578081256644733, -2.067635333303975 ], [ 29.583979500753504, -2.062612581005719 ], [ 29.587943777083819, -2.061941720034233 ], [ 29.587272005998305, -2.064456396245673 ], [ 29.590715867143718, -2.067723062169569 ], [ 29.592291827406097, -2.074317490359834 ], [ 29.600866996215085, -2.071862849291029 ], [ 29.610153952343115, -2.072494549283966 ], [ 29.618036412050824, -2.082671422348226 ], [ 29.624277591037956, -2.084252841495416 ], [ 29.623105313059799, -2.089793945034535 ], [ 29.619298175270597, -2.090043788389962 ], [ 29.620107191893535, -2.092815860463538 ], [ 29.622886379402996, -2.092703699715915 ], [ 29.622279901796194, -2.095373214901886 ], [ 29.618874076577367, -2.095779376616902 ], [ 29.617861508302095, -2.099348680597102 ], [ 29.615610011493015, -2.098014982405483 ], [ 29.617489785225597, -2.101964888468689 ], [ 29.616775946552803, -2.107092626723229 ], [ 29.614507373416703, -2.107145459195492 ], [ 29.61362316088027, -2.10336876975289 ], [ 29.612421533527094, -2.105165262666698 ], [ 29.614515459221085, -2.110078849859021 ], [ 29.617428625930369, -2.109965763708977 ], [ 29.619329731581939, -2.113638554475606 ], [ 29.610482271439825, -2.118323682391988 ], [ 29.610410888651611, -2.12180959313818 ], [ 29.60609216701992, -2.126390055256844 ], [ 29.608197989845369, -2.128674337750492 ], [ 29.598751529059857, -2.137145219376325 ], [ 29.597787847930828, -2.14347458588341 ], [ 29.599512956258128, -2.144640520943287 ], [ 29.594551780540417, -2.150660558437923 ], [ 29.599108449295624, -2.151124552855744 ], [ 29.599869875594347, -2.155740706368515 ], [ 29.603784089364343, -2.154991177200983 ], [ 29.604426544349732, -2.158274833116958 ], [ 29.606330112344875, -2.158203448530272 ], [ 29.604367056894237, -2.168482721100651 ], [ 29.609209260399066, -2.172254165697185 ], [ 29.609114081549553, -2.180736945353757 ], [ 29.603236812329097, -2.191051908418696 ], [ 29.595896176167596, -2.188636755681695 ], [ 29.589733371298149, -2.192027486679094 ], [ 29.590102188665195, -2.194668689408419 ], [ 29.587008889548787, -2.193633623692704 ], [ 29.585164807210223, -2.201914147619688 ], [ 29.580251220017811, -2.19753594033133 ], [ 29.578395241447335, -2.199118280384272 ], [ 29.576979461233204, -2.197226609520409 ], [ 29.572839199269712, -2.203567873158774 ], [ 29.56105471610228, -2.205923905363838 ], [ 29.558055388045783, -2.200207897176621 ], [ 29.551346515729254, -2.199826535166472 ], [ 29.55010890380289, -2.203972345946926 ], [ 29.54764050490552, -2.204621150145914 ], [ 29.549443185155038, -2.207493526305149 ], [ 29.544667144773012, -2.207886247652147 ], [ 29.548226748665545, -2.211727744040071 ], [ 29.544114667857773, -2.210912927689413 ], [ 29.542698718571064, -2.212784360210008 ], [ 29.541564966650096, -2.210833714504157 ], [ 29.539265833651445, -2.214792781961228 ], [ 29.532285311218292, -2.218505633927815 ], [ 29.53049686274009, -2.222908856758255 ], [ 29.526702717456448, -2.223531425035186 ], [ 29.527051926905006, -2.225363698375971 ], [ 29.524242729918154, -2.22454230798107 ], [ 29.523173406327768, -2.227624186606881 ], [ 29.519628300405881, -2.226643060428802 ], [ 29.517736337262217, -2.229539653532131 ], [ 29.519474488456925, -2.233769185799217 ], [ 29.516555558892026, -2.230508964417111 ], [ 29.514619242983702, -2.236582857812642 ], [ 29.509349028734693, -2.234614254444145 ], [ 29.506367171807629, -2.238103829927652 ], [ 29.501052020234713, -2.239697275708664 ], [ 29.499372267416273, -2.243072257778389 ], [ 29.497130495875783, -2.240420139977373 ], [ 29.494031247743873, -2.240955517183319 ], [ 29.489964383949168, -2.249931102838121 ], [ 29.474952360763023, -2.26083319279754 ], [ 29.474775459619867, -2.267766094329693 ], [ 29.469551833850243, -2.273740935495694 ], [ 29.467458618620473, -2.271864716783212 ], [ 29.461153045476667, -2.271829024489825 ], [ 29.458729169315728, -2.267500100049491 ], [ 29.452378782954607, -2.271632719574213 ], [ 29.447726277046076, -2.271342018219491 ], [ 29.449047538513245, -2.273453006750759 ], [ 29.441568926564681, -2.275988143438002 ], [ 29.42141173806127, -2.267060624747919 ], [ 29.418042290419482, -2.273231925512909 ], [ 29.412750008606164, -2.274651001742323 ], [ 29.408644108838605, -2.278677905061122 ], [ 29.405073766141559, -2.276101208004333 ], [ 29.402819752130032, -2.27688201918973 ], [ 29.386347869358847, -2.298049703930672 ], [ 29.382819373015739, -2.298642032503706 ], [ 29.384000846561936, -2.296395584488631 ], [ 29.381924040362211, -2.2907899411028 ], [ 29.379927403326949, -2.290213988284918 ], [ 29.374590236350489, -2.290367574503949 ], [ 29.371096121988554, -2.293247341291738 ], [ 29.367947577518787, -2.290943528221201 ], [ 29.364016997886171, -2.293185546175958 ], [ 29.344147929683178, -2.29257027859543 ], [ 29.343942880659551, -2.295191818547571 ], [ 29.33178883908371, -2.306654719439705 ], [ 29.328064341796061, -2.315754778460167 ], [ 29.323187938872291, -2.316906684995479 ], [ 29.320615349019146, -2.319978434557036 ], [ 29.321344889854888, -2.322858201344824 ], [ 29.321997635782242, -2.322858200445544 ], [ 29.324582476200394, -2.324428744990448 ], [ 29.321399174732282, -2.323075916420392 ], [ 29.320008496394994, -2.320928222059726 ], [ 29.321716729843377, -2.318137199472104 ], [ 29.322918358095922, -2.317018853836983 ], [ 29.325145791745005, -2.316005507647978 ], [ 29.32154554569048, -2.312445401933661 ], [ 29.320823446744686, -2.306104972866108 ], [ 29.308850499850674, -2.299502627943773 ], [ 29.311021005514942, -2.292851016361264 ], [ 29.305007192228299, -2.288543906775831 ], [ 29.305596461307697, -2.284295319673258 ], [ 29.309128550442292, -2.284922746087815 ], [ 29.317918986372209, -2.275627161864036 ], [ 29.311781153877153, -2.263485061486359 ], [ 29.313311506820543, -2.253401234079678 ], [ 29.311838894849156, -2.24835594477103 ], [ 29.31466283172443, -2.244519125756972 ], [ 29.3110336490838, -2.242903076415781 ], [ 29.311364912560716, -2.237343293058436 ], [ 29.304080200740817, -2.232248641761337 ], [ 29.306470097816788, -2.226157913057103 ], [ 29.3088810129485, -2.224961336296494 ], [ 29.311062457066821, -2.21672335030233 ], [ 29.315275377956478, -2.21698833284526 ], [ 29.315589095660382, -2.214008447231975 ], [ 29.309724149849774, -2.212076575773348 ], [ 29.304918670160578, -2.214676212736911 ], [ 29.302344832048515, -2.209284777070731 ], [ 29.296447038500222, -2.208779434523279 ], [ 29.293646602708694, -2.201256101088023 ], [ 29.291074313228965, -2.203816740749931 ], [ 29.289098042240862, -2.202348733307391 ], [ 29.290223506009976, -2.198963690521761 ], [ 29.282163476962946, -2.188565608516025 ], [ 29.284574712253136, -2.182936222128851 ], [ 29.281903048587015, -2.175571774617658 ], [ 29.275299325903131, -2.168386968483794 ], [ 29.276237624566786, -2.16542609094127 ], [ 29.27274388342364, -2.164348725613119 ], [ 29.270789233936217, -2.15368280661622 ], [ 29.26607960758793, -2.154436962795592 ], [ 29.264032613014795, -2.151558857954917 ], [ 29.267233739045889, -2.151394813519814 ], [ 29.262112578432802, -2.143927601377682 ], [ 29.260952487167618, -2.145148295257527 ], [ 29.257636702072237, -2.143018573848077 ], [ 29.257472210674134, -2.147035608906179 ], [ 29.255602213471359, -2.146741257203167 ], [ 29.257151887449833, -2.136525523534039 ], [ 29.254649898873868, -2.134127422842236 ], [ 29.250070132830491, -2.135798302049941 ], [ 29.253922676490401, -2.128846408634788 ], [ 29.253446520540532, -2.123825115936351 ], [ 29.256844549536492, -2.123660305278785 ], [ 29.251891234792698, -2.119823473674354 ], [ 29.252410677810541, -2.115817982313984 ], [ 29.249859630317825, -2.115875698104975 ], [ 29.248993890755475, -2.113093785649556 ], [ 29.249975061899629, -2.110023294239538 ], [ 29.252849320339951, -2.114421253338128 ], [ 29.254650058953107, -2.113313106914261 ], [ 29.255342651142573, -2.104898113657028 ], [ 29.259139082502788, -2.110867711775433 ], [ 29.261551413167258, -2.103389668198619 ], [ 29.259946143999354, -2.098856529305382 ], [ 29.264136325531236, -2.098983504585006 ], [ 29.265105955675413, -2.091895979016168 ], [ 29.26781860864202, -2.094031471375291 ], [ 29.269896384310872, -2.086505304176412 ], [ 29.27194722618373, -2.103706598280797 ], [ 29.268899821269894, -2.106784785189542 ], [ 29.271667624261493, -2.106993844290417 ], [ 29.2753325909264, -2.130131791648771 ], [ 29.268487793277192, -2.139195128652161 ], [ 29.272346000867405, -2.13813721565993 ], [ 29.272389287935379, -2.14173003781083 ], [ 29.275878221303014, -2.141349111971958 ], [ 29.276068325392995, -2.147418695816106 ], [ 29.2794796553619, -2.145116068052089 ], [ 29.278094470983145, -2.1439386621395 ], [ 29.280172247551189, -2.142648708770845 ], [ 29.280250163913973, -2.139142461655264 ], [ 29.276865120229328, -2.13718588851789 ], [ 29.279912525142986, -2.13709065750779 ], [ 29.279903868269013, -2.134406862886318 ], [ 29.282154792210118, -2.135480380914834 ], [ 29.284397059276895, -2.132779270746677 ], [ 29.287184741782529, -2.133887418969194 ], [ 29.28752141917818, -2.136913661036622 ], [ 29.290166110377907, -2.135526083561746 ], [ 29.289791817938198, -2.130824298402579 ], [ 29.284496596240988, -2.129620761788565 ], [ 29.284438880450086, -2.12718659018899 ], [ 29.281409324380963, -2.129317486113059 ], [ 29.278623564625821, -2.127424400615452 ], [ 29.278131054504602, -2.115573381106606 ], [ 29.280178049977106, -2.114403669793464 ], [ 29.277528297393179, -2.110320850227033 ], [ 29.280330758457811, -2.099276042355458 ], [ 29.280233363678992, -2.087127543301349 ], [ 29.282077389360122, -2.093730976403363 ], [ 29.285388846018517, -2.089315702657546 ], [ 29.286351260002757, -2.083203937911338 ], [ 29.288682987130226, -2.082973073848183 ], [ 29.29089791570642, -2.086390294376506 ], [ 29.292047106288937, -2.084276606080471 ], [ 29.299763095190794, -2.083763574329434 ], [ 29.301384274264979, -2.080480174720168 ], [ 29.306278955909153, -2.087547352228436 ], [ 29.310518251216482, -2.08593880053517 ], [ 29.313539683709482, -2.087133521095075 ], [ 29.313401165631408, -2.09593809886407 ], [ 29.318128252317049, -2.097144423376352 ], [ 29.320275288373903, -2.100930593472106 ], [ 29.324332676911585, -2.100879238585985 ], [ 29.323475593324016, -2.111363349738727 ], [ 29.325683231096338, -2.110705387743351 ], [ 29.324505824284469, -2.113640246999771 ], [ 29.327182650059374, -2.114318604719723 ], [ 29.328342742223928, -2.106381210824149 ], [ 29.326687013894553, -2.105303365258105 ], [ 29.327440206900118, -2.102524338727252 ], [ 29.329745241249999, -2.102141249119216 ], [ 29.326429291578709, -2.097777458862605 ], [ 29.329285850461655, -2.097038694580056 ], [ 29.337264511548138, -2.101200402676418 ], [ 29.33058644101158, -2.092282439283067 ], [ 29.325420558911713, -2.092151103190843 ], [ 29.324601833208124, -2.089268408210343 ], [ 29.326424118678201, -2.08785244183668 ], [ 29.322126969983724, -2.083678420222912 ], [ 29.325673041777616, -2.084811193681591 ], [ 29.325583496281443, -2.08034808679477 ], [ 29.323932384172185, -2.080873848449339 ], [ 29.321162014515483, -2.076564388036018 ], [ 29.318465523265285, -2.076798329579222 ], [ 29.321285143394665, -2.072550431357246 ], [ 29.317246560580539, -2.071060588375373 ], [ 29.31840396017466, -2.066615686464746 ], [ 29.32396932202656, -2.067637644561649 ], [ 29.323870819282998, -2.072735122427861 ], [ 29.326210241909283, -2.074631286304796 ], [ 29.328596862755123, -2.073114253220221 ], [ 29.326463794068996, -2.072062710125933 ], [ 29.32766223512419, -2.069222569266016 ], [ 29.332029155920896, -2.070880686194665 ], [ 29.334885714803843, -2.065906336308355 ], [ 29.339345209114203, -2.067212170804978 ], [ 29.338963040412008, -2.064322828935395 ], [ 29.329571775517199, -2.059901011722299 ], [ 29.33257779542912, -2.058236734437691 ], [ 29.324643451134474, -2.055862882166227 ], [ 29.327572062800538, -2.054379223822045 ], [ 29.332693907797552, -2.056069304454822 ], [ 29.334882840570724, -2.060019274369973 ], [ 29.338353559069635, -2.058793234020373 ], [ 29.338797484216588, -2.062115022989775 ], [ 29.346763573680217, -2.06217523709743 ], [ 29.346717701061092, -2.06034037460855 ], [ 29.343690179258413, -2.060615604926197 ], [ 29.341671830790499, -2.059583495282047 ], [ 29.345479169128435, -2.060179824938902 ], [ 29.344836967751913, -2.057633953943728 ], [ 29.34791036217354, -2.057542210504571 ], [ 29.347867713624137, -2.05552304095541 ], [ 29.345393068934971, -2.055348872852181 ], [ 29.347200068628315, -2.052895998951121 ], [ 29.342468488929779, -2.053759584637105 ], [ 29.34340827327328, -2.050594615848811 ], [ 29.338036261164529, -2.048608006254383 ], [ 29.344023306130634, -2.047552109542184 ], [ 29.345286028027811, -2.050170080085112 ], [ 29.346657604764797, -2.047530337854798 ], [ 29.348399291194543, -2.048940015269507 ], [ 29.350429442364916, -2.047285413790656 ], [ 29.351414584016016, -2.052026064051538 ], [ 29.353020199422691, -2.053179930209537 ], [ 29.354614930334815, -2.051574313903315 ], [ 29.356476356998289, -2.053860275431208 ], [ 29.354054325346961, -2.058655353561679 ], [ 29.350708526277518, -2.05839083327023 ], [ 29.354378250356088, -2.06206055824808 ], [ 29.35112136995534, -2.062221108817098 ], [ 29.352024027587003, -2.064203329719716 ], [ 29.357774178535639, -2.067035470210732 ], [ 29.353529627590429, -2.067925665936666 ], [ 29.354071484411531, -2.071525149366116 ], [ 29.359010916320887, -2.07410863540517 ], [ 29.360492275997768, -2.068066782156264 ], [ 29.368187743269896, -2.071920673000494 ], [ 29.368059817406749, -2.074987192105183 ], [ 29.372876825505283, -2.07280318671762 ], [ 29.365363311767528, -2.065597340944481 ], [ 29.358796512549173, -2.063605411860137 ], [ 29.364583614842015, -2.062638155926122 ], [ 29.359591711987914, -2.059907027287411 ], [ 29.362907945845212, -2.054867008905304 ], [ 29.360633165588251, -2.051004397334977 ], [ 29.362470842955151, -2.046617981034927 ], [ 29.367402098228251, -2.048797336927477 ], [ 29.370982382930737, -2.045205959087737 ], [ 29.363454431476892, -2.042216065818681 ], [ 29.358268079008692, -2.044354469283294 ], [ 29.356129676443626, -2.041867728712677 ], [ 29.358432571306164, -2.037484487019426 ], [ 29.358693825259923, -2.039003624517622 ], [ 29.369569682894674, -2.038626259094445 ], [ 29.371292015913991, -2.040203452327439 ], [ 29.374649597900831, -2.038529499236986 ], [ 29.375781694170005, -2.041480688383024 ], [ 29.378739334153064, -2.038952197685673 ], [ 29.380674540297729, -2.040435856029855 ], [ 29.380455111114461, -2.035011082495386 ], [ 29.378268612806362, -2.036672267910745 ], [ 29.375997970330186, -2.036001397046816 ], [ 29.37613558638829, -2.033352314457615 ], [ 29.369805311565916, -2.034831671344562 ], [ 29.368136734622635, -2.032475020405811 ], [ 29.365264027512932, -2.034608047723075 ], [ 29.359639028918199, -2.03029038909014 ], [ 29.362081689218716, -2.028363784061383 ], [ 29.364180312971182, -2.030737635433478 ], [ 29.368411963141721, -2.03097846218624 ], [ 29.368345249633581, -2.028461813761651 ], [ 29.374477442480067, -2.024323328858524 ] ] ] } },
{ "type": "Feature", "properties": { "nisr_district_code": 35, "district_name": "Ngororero", "province": "Western Province", "hdx_pcode": "RW35" }, "geometry": { "type": "Polygon", "coordinates": [ [ [ 29.63899505567748, -1.72247744307944 ], [ 29.640136007570799, -1.724609439773739 ], [ 29.649188666923603, -1.726858030873369 ], [ 29.652744771554101, -1.734070177296821 ], [ 29.658865935114836, -1.734986269900374 ], [ 29.659715401444824, -1.73873392113354 ], [ 29.664773148162265, -1.742020854179016 ], [ 29.661899949123399, -1.753430367717235 ], [ 29.667735375587039, -1.762593964739579 ], [ 29.666518864454144, -1.76522769230415 ], [ 29.671448509940806, -1.77355759530663 ], [ 29.671204629989727, -1.779504794010978 ], [ 29.673203376834383, -1.780052070146854 ], [ 29.673163942462171, -1.787127924314247 ], [ 29.669372444782443, -1.789284378970779 ], [ 29.668872758071412, -1.799658828592021 ], [ 29.67264195256411, -1.804727409442342 ], [ 29.672192234883948, -1.809149638544894 ], [ 29.669324855357775, -1.809295645277731 ], [ 29.668682400372564, -1.817647553791491 ], [ 29.670832404192165, -1.817448610265127 ], [ 29.672314809780669, -1.822637024878715 ], [ 29.664803879795326, -1.83080597441615 ], [ 29.666876160606453, -1.835976395394268 ], [ 29.66432539999732, -1.8433150314635 ], [ 29.665791356086284, -1.850234273193119 ], [ 29.663322664909114, -1.861298766324959 ], [ 29.668076046872176, -1.866095756414021 ], [ 29.667694924980974, -1.869745852788774 ], [ 29.671176452431485, -1.875940237352014 ], [ 29.668944141758818, -1.884052362326616 ], [ 29.675173920040503, -1.896267771840121 ], [ 29.67331594857227, -1.901292588981696 ], [ 29.670104128702651, -1.901660373927128 ], [ 29.669993030953695, -1.907830157535673 ], [ 29.673095557114298, -1.910543574026724 ], [ 29.661419096913793, -1.919803764532058 ], [ 29.661597556581992, -1.923016035861347 ], [ 29.663974398200093, -1.924233866299885 ], [ 29.661805758628883, -1.92908366188137 ], [ 29.664147575250571, -1.934343054588228 ], [ 29.660941251137867, -1.938273923802536 ], [ 29.66177601625019, -1.944193239026737 ], [ 29.670907197209456, -1.948833188600718 ], [ 29.67364915638348, -1.959425923467573 ], [ 29.665839658673281, -1.971860790043378 ], [ 29.655782995289098, -1.973949930444763 ], [ 29.654632924270235, -1.976303717942207 ], [ 29.651226396680979, -1.975629250689315 ], [ 29.643609333204306, -1.979085669967573 ], [ 29.625705556166498, -1.973450838185598 ], [ 29.622394404378365, -1.975796754816328 ], [ 29.622033777137229, -1.979871840213188 ], [ 29.634412916323132, -1.989929579186678 ], [ 29.636805059905729, -1.995143448211556 ], [ 29.631385836986961, -2.000706924185159 ], [ 29.628649457206773, -2.007690642808913 ], [ 29.631107361015967, -2.015437883151761 ], [ 29.633679627113334, -2.016780347934655 ], [ 29.628423824499944, -2.021878289851176 ], [ 29.63236141614664, -2.027107045353794 ], [ 29.630862356013015, -2.037945490292048 ], [ 29.63432428273946, -2.038822520842543 ], [ 29.639252018965639, -2.04945436452727 ], [ 29.635606771735173, -2.054783006830141 ], [ 29.636827109483715, -2.058803890087424 ], [ 29.633895633476886, -2.058955462724355 ], [ 29.63302766449522, -2.062049430037106 ], [ 29.63397400489664, -2.066022517924771 ], [ 29.63717625238213, -2.066997115024683 ], [ 29.63189742082945, -2.072209727696673 ], [ 29.634125890497625, -2.075515348654434 ], [ 29.633556321067427, -2.07910996765085 ], [ 29.629164303789739, -2.079755478532397 ], [ 29.629770336232102, -2.084971829686178 ], [ 29.627923721402698, -2.083512167952207 ], [ 29.624544886637299, -2.085855936102521 ], [ 29.623390306417601, -2.083395736324134 ], [ 29.618036412050824, -2.082671422348226 ], [ 29.610153952343115, -2.072494549283966 ], [ 29.600866996215085, -2.071862849291029 ], [ 29.592291827406097, -2.074317490359834 ], [ 29.590715867143718, -2.067723062169569 ], [ 29.587272005998305, -2.064456396245673 ], [ 29.587943777083819, -2.061941720034233 ], [ 29.583979500753504, -2.062612581005719 ], [ 29.577936392950182, -2.067643382236251 ], [ 29.564103452012763, -2.06342971041279 ], [ 29.557743334987013, -2.06359000737294 ], [ 29.554720002226514, -2.059161675470878 ], [ 29.548898335389911, -2.062613340033582 ], [ 29.544898334390684, -2.059371675262567 ], [ 29.539272792605392, -2.059073389025612 ], [ 29.537935001599241, -2.055733341120781 ], [ 29.540345857375588, -2.047935274693169 ], [ 29.549282987120289, -2.040056095712173 ], [ 29.548298531651856, -2.037126970533232 ], [ 29.546870854306622, -2.035627910399696 ], [ 29.546341669832426, -2.03356500771893 ], [ 29.544910911409577, -2.032080058847597 ], [ 29.545046162250681, -2.03174014748978 ], [ 29.549480202149663, -2.027196215832617 ], [ 29.560573335091494, -2.027675008594676 ], [ 29.565620823242494, -2.02497582927107 ], [ 29.562581062566078, -2.020056293962702 ], [ 29.552569479497908, -2.017462680658134 ], [ 29.547578561401682, -2.010948906366894 ], [ 29.535844308068409, -2.005910203692863 ], [ 29.531266656331272, -1.99714335787965 ], [ 29.515096052740713, -1.979468157929054 ], [ 29.51530130051469, -1.97601184566999 ], [ 29.524248165420513, -1.97592336137401 ], [ 29.526538306098143, -1.972936393599645 ], [ 29.52539021628559, -1.971032823805763 ], [ 29.528400233683943, -1.970247601445563 ], [ 29.52876905105099, -1.966333388574937 ], [ 29.527002301415155, -1.962074154398652 ], [ 29.533114679499011, -1.954356267927404 ], [ 29.52878406073604, -1.950798973493717 ], [ 29.52527435572711, -1.95122727741689 ], [ 29.51454298587019, -1.94137035975418 ], [ 29.514917750454, -1.937355019018894 ], [ 29.508201722231735, -1.932744814521537 ], [ 29.508992892707891, -1.930621144650025 ], [ 29.506470663990097, -1.930686580221475 ], [ 29.508368283869284, -1.927325590703399 ], [ 29.504179570930471, -1.926881310324158 ], [ 29.500914622711843, -1.922495284329851 ], [ 29.495715500769808, -1.923102047921044 ], [ 29.491848876424658, -1.918117077041315 ], [ 29.490171355723465, -1.919330602425318 ], [ 29.483758709296975, -1.915011880793627 ], [ 29.479624395449616, -1.91650499191175 ], [ 29.479136606769057, -1.909604555006139 ], [ 29.47194468519913, -1.902031920736536 ], [ 29.471504485044047, -1.895030356865457 ], [ 29.466602794983093, -1.8911399373582 ], [ 29.468661029283066, -1.88578020189466 ], [ 29.467203608659592, -1.88274638843492 ], [ 29.461617824103453, -1.880426414547254 ], [ 29.46173084909957, -1.875411701288921 ], [ 29.458096221963064, -1.87269911487219 ], [ 29.459320004114947, -1.866663258302615 ], [ 29.457128155739792, -1.861031666777946 ], [ 29.462080333740619, -1.854892208308778 ], [ 29.463021155901775, -1.846515748303068 ], [ 29.459477809953032, -1.843966771948902 ], [ 29.453564850237751, -1.843766897624166 ], [ 29.446935671344281, -1.838237029315304 ], [ 29.439282134962557, -1.836663016984608 ], [ 29.436742060097981, -1.831491257815243 ], [ 29.433893845124953, -1.830225384693718 ], [ 29.429671491246506, -1.816467341994221 ], [ 29.42277581355312, -1.811553754801898 ], [ 29.418153711025024, -1.812103409644606 ], [ 29.41520555978882, -1.808980367250135 ], [ 29.413698169235108, -1.801526706991885 ], [ 29.404812072419222, -1.802884188654341 ], [ 29.403521215231859, -1.799319756301687 ], [ 29.401147702904201, -1.800277489314584 ], [ 29.398174566702966, -1.797978930982824 ], [ 29.404728359925929, -1.79347933140589 ], [ 29.409720913889064, -1.793695810812912 ], [ 29.410654481219527, -1.791612197644688 ], [ 29.418420675673811, -1.794588788141971 ], [ 29.432600070537045, -1.779529946249936 ], [ 29.436401987761645, -1.779272876841687 ], [ 29.440014486179738, -1.775809208128421 ], [ 29.44670058046756, -1.77761932936843 ], [ 29.445530338554409, -1.77110637885628 ], [ 29.448045500399605, -1.761448525229226 ], [ 29.444521793845862, -1.756189601069169 ], [ 29.445062146101247, -1.752772442594142 ], [ 29.438889707693921, -1.749642054537193 ], [ 29.435173762059524, -1.743423628397667 ], [ 29.434854584571529, -1.738636877090161 ], [ 29.440218353494412, -1.735329779445716 ], [ 29.445905164291968, -1.736771566254769 ], [ 29.451673998656307, -1.735462542762056 ], [ 29.456227837245013, -1.73893318481847 ], [ 29.45248613592663, -1.747100684648884 ], [ 29.456644244036728, -1.746654535478298 ], [ 29.462247874739827, -1.752662674942463 ], [ 29.462527973986912, -1.764094006932882 ], [ 29.465003789593307, -1.765808984397011 ], [ 29.487864378838207, -1.76695059999018 ], [ 29.494815325267137, -1.771434725831933 ], [ 29.503100558943689, -1.770100803709041 ], [ 29.507603044445101, -1.776997275503745 ], [ 29.511574826517222, -1.774206086541563 ], [ 29.514829309325268, -1.76749163573039 ], [ 29.518619389673145, -1.76596190421835 ], [ 29.523614762111688, -1.756672461464837 ], [ 29.52376470697568, -1.750936335443465 ], [ 29.530414838274293, -1.751234084785181 ], [ 29.533262209683347, -1.744814740208034 ], [ 29.538160914894423, -1.740824336773683 ], [ 29.546963934138287, -1.746969618353112 ], [ 29.554239668925735, -1.748248199794456 ], [ 29.57482043991148, -1.740956296096175 ], [ 29.587246011994022, -1.746891649829741 ], [ 29.608196317106444, -1.747242858471021 ], [ 29.610705519144592, -1.742919447774194 ], [ 29.615946546795751, -1.743460690358545 ], [ 29.618065492528583, -1.740184174160187 ], [ 29.61703289994843, -1.734658701737557 ], [ 29.623323971524112, -1.7323542591417 ], [ 29.628107277528908, -1.72665249891365 ], [ 29.63899505567748, -1.72247744307944 ] ] ] } },
{ "type": "Feature", "properties": { "nisr_district_code": 34, "district_name": "Nyabihu", "province": "Western Province", "hdx_pcode": "RW34" }, "geometry": { "type": "Polygon", "coordinates": [ [ [ 29.450090202600759, -1.506149205821184 ], [ 29.483894845071095, -1.549244489841295 ], [ 29.499165001563615, -1.563661676245298 ], [ 29.507047665417534, -1.56398600055333 ], [ 29.507950938185228, -1.562244710724736 ], [ 29.528131669141427, -1.57204667531371 ], [ 29.534856766126854, -1.571227379439988 ], [ 29.538277913994609, -1.574598800194471 ], [ 29.540152667711499, -1.571222975459785 ], [ 29.545462638290292, -1.571440673448221 ], [ 29.548479816990064, -1.567869334302297 ], [ 29.553217592118191, -1.576384362748018 ], [ 29.556509433663496, -1.575771395633263 ], [ 29.555846669288382, -1.572808341731469 ], [ 29.559237551372124, -1.569915586934789 ], [ 29.567867391766772, -1.577864262825435 ], [ 29.570125832241406, -1.583523054345426 ], [ 29.584719420664801, -1.589036060365834 ], [ 29.585627887017434, -1.592004961659621 ], [ 29.590444523695918, -1.591170359324468 ], [ 29.595978496510494, -1.593427180120222 ], [ 29.607795101662642, -1.587651939885027 ], [ 29.618196173914296, -1.588353132291121 ], [ 29.624477457268899, -1.584994320931144 ], [ 29.629208371469201, -1.591192431385447 ], [ 29.63854533799714, -1.592284043773573 ], [ 29.635538889108542, -1.597447475220781 ], [ 29.636454980812726, -1.603343779491839 ], [ 29.633140391815676, -1.6088819746234 ], [ 29.634897623926253, -1.611538642993937 ], [ 29.634039828075725, -1.629027680583006 ], [ 29.635988606788882, -1.632125738911639 ], [ 29.633406892414154, -1.638488418105999 ], [ 29.633215344912383, -1.649073450279348 ], [ 29.633906579125362, -1.653487350760641 ], [ 29.636138512982118, -1.653295804157973 ], [ 29.63840376042543, -1.658284343547545 ], [ 29.640002758620437, -1.676647833330736 ], [ 29.637029620620641, -1.694661543495413 ], [ 29.633973203600544, -1.69492804319461 ], [ 29.632457487123414, -1.698625726296099 ], [ 29.634647781470019, -1.700208068147691 ], [ 29.634206390612643, -1.71464068781747 ], [ 29.638733841293845, -1.72205452339741 ], [ 29.628107277528908, -1.72665249891365 ], [ 29.623323971524112, -1.7323542591417 ], [ 29.616868124364498, -1.73481249120343 ], [ 29.618065492528583, -1.740184174160187 ], [ 29.615946546795751, -1.743460690358545 ], [ 29.610705519144592, -1.742919447774194 ], [ 29.608196317106444, -1.747242858471021 ], [ 29.593906867707947, -1.747726684738693 ], [ 29.5730752758035, -1.741017530034894 ], [ 29.556157760971995, -1.748365407537522 ], [ 29.546963934138287, -1.746969618353112 ], [ 29.538160914894423, -1.740824336773683 ], [ 29.533262209683347, -1.744814740208034 ], [ 29.530414838274293, -1.751234084785181 ], [ 29.52376470697568, -1.750936335443465 ], [ 29.523614762111688, -1.756672461464837 ], [ 29.518619389673145, -1.76596190421835 ], [ 29.514829309325268, -1.76749163573039 ], [ 29.511574826517222, -1.774206086541563 ], [ 29.507603044445101, -1.776997275503745 ], [ 29.503100558943689, -1.770100803709041 ], [ 29.494815325267137, -1.771434725831933 ], [ 29.487864378838207, -1.76695059999018 ], [ 29.470487620707313, -1.766996112880259 ], [ 29.462527973986912, -1.764094006932882 ], [ 29.462247874739827, -1.752662674942463 ], [ 29.456644244036728, -1.746654535478298 ], [ 29.452551570598533, -1.747296990463687 ], [ 29.456227837245013, -1.73893318481847 ], [ 29.452008865716611, -1.735584312765737 ], [ 29.440218353494412, -1.735329779445716 ], [ 29.434261376461517, -1.739205104731723 ], [ 29.420434430404779, -1.735203916627326 ], [ 29.422659293791458, -1.717878623099945 ], [ 29.426371205067053, -1.71484213235843 ], [ 29.434902626355235, -1.714788770185527 ], [ 29.435660619941711, -1.710188964549053 ], [ 29.432445201884565, -1.703684490147028 ], [ 29.437180810546042, -1.692618722675798 ], [ 29.430993398426846, -1.687748568241754 ], [ 29.417436154554959, -1.685794328845136 ], [ 29.414719579645048, -1.687396929724428 ], [ 29.41112728089929, -1.685992386539381 ], [ 29.407931069663345, -1.680798153312113 ], [ 29.400505695781359, -1.682041472335938 ], [ 29.398654740823698, -1.680147918291797 ], [ 29.400785219462538, -1.673049688092621 ], [ 29.399451135461579, -1.667546787753927 ], [ 29.401466410946203, -1.665015359870792 ], [ 29.398965382846203, -1.659398857171513 ], [ 29.401906397062543, -1.653802365286839 ], [ 29.400859624871838, -1.638479435677332 ], [ 29.418803212198579, -1.629341143778762 ], [ 29.411845067595859, -1.618951531587831 ], [ 29.417278706647092, -1.617462602317199 ], [ 29.413081361116038, -1.609570366079505 ], [ 29.415611999394347, -1.607325857002684 ], [ 29.4037010787419, -1.598653553318708 ], [ 29.401435963498972, -1.577355540625691 ], [ 29.406007766045644, -1.569639074183871 ], [ 29.398912458643228, -1.564721230500388 ], [ 29.395692642901199, -1.559342977995881 ], [ 29.381008159998839, -1.562204969683434 ], [ 29.380761176487329, -1.55305401083391 ], [ 29.384320268665459, -1.5527621304679 ], [ 29.384332958999043, -1.549894086342951 ], [ 29.398685165787935, -1.549042369909393 ], [ 29.397538303549869, -1.507891641385995 ], [ 29.450090202600759, -1.506149205821184 ] ] ] } },
{ "type": "Feature", "properties": { "nisr_district_code": 37, "district_name": "Nyamasheke", "province": "Western Province", "hdx_pcode": "RW37" }, "geometry": { "type": "MultiPolygon", "coordinates": [ [ [ [ 29.061956895394541, -2.384062958938372 ], [ 29.05986922988119, -2.384626925592104 ], [ 29.059522935135423, -2.384448831048547 ], [ 29.060586556124751, -2.3821088643326 ], [ 29.061956895394541, -2.384062958938372 ] ] ], [ [ [ 29.103065595900606, -2.336245317767161 ], [ 29.101329824312099, -2.336497904954327 ], [ 29.101383192780144, -2.335353552724285 ], [ 29.103065595900606, -2.336245317767161 ] ] ], [ [ [ 29.149291343520883, -2.297682543114788 ], [ 29.150103907069774, -2.299277806425571 ], [ 29.148133728089103, -2.298310821187289 ], [ 29.149291343520883, -2.297682543114788 ] ] ], [ [ [ 29.158880404407189, -2.292963920848179 ], [ 29.15775618170257, -2.289917758797489 ], [ 29.159151256825194, -2.288815797910682 ], [ 29.158624393501025, -2.291591107543545 ], [ 29.158880404407189, -2.292963920848179 ] ] ], [ [ [ 29.1401968000424, -2.28448589141076 ], [ 29.138144223377321, -2.286096971098195 ], [ 29.134141927308182, -2.285124762597646 ], [ 29.135321202911395, -2.281960026733787 ], [ 29.1401968000424, -2.28448589141076 ] ] ], [ [ [ 29.14762073231098, -2.277102587814073 ], [ 29.146424744606374, -2.281540814057304 ], [ 29.148367007731284, -2.280246269649544 ], [ 29.149954207720679, -2.284025577018734 ], [ 29.148642791132023, -2.286190962842627 ], [ 29.150745538276073, -2.286512370649308 ], [ 29.146552480712511, -2.291369476819816 ], [ 29.147717167513381, -2.29524705940426 ], [ 29.143114298785971, -2.291638717652645 ], [ 29.145113364889912, -2.287362632879176 ], [ 29.142417834115857, -2.286961124256471 ], [ 29.145449727522948, -2.285447188436918 ], [ 29.145693920438081, -2.276105680332797 ], [ 29.14762073231098, -2.277102587814073 ] ] ], [ [ [ 29.147871576612044, -2.273973770872806 ], [ 29.146747533771727, -2.274278343370784 ], [ 29.147745866678559, -2.273783186544754 ], [ 29.147871576612044, -2.273973770872806 ] ] ], [ [ [ 29.140400014449124, -2.269617425203896 ], [ 29.13708394067142, -2.272967384537117 ], [ 29.136027612284526, -2.272804809594187 ], [ 29.136913537130187, -2.270504293438392 ], [ 29.140400014449124, -2.269617425203896 ] ] ], [ [ [ 29.153193167330887, -2.267550819114972 ], [ 29.153259202750153, -2.269300723549484 ], [ 29.1527595475151, -2.269350194355957 ], [ 29.153193167330887, -2.267550819114972 ] ] ], [ [ [ 29.165099005914346, -2.261918026995303 ], [ 29.16374582481011, -2.262335449121589 ], [ 29.160928693104776, -2.25718683490449 ], [ 29.163331879462778, -2.25705506443964 ], [ 29.165099005914346, -2.261918026995303 ] ] ], [ [ [ 29.188093496118011, -2.251764479646979 ], [ 29.187667532230915, -2.251758786038994 ], [ 29.187973370974401, -2.251421480017213 ], [ 29.188093496118011, -2.251764479646979 ] ] ], [ [ [ 29.173837140871466, -2.228672241230945 ], [ 29.181986679441845, -2.233384948656314 ], [ 29.182285141945801, -2.240174418214703 ], [ 29.17849900782296, -2.240165705582753 ], [ 29.172957083202949, -2.230686012149675 ], [ 29.173837140871466, -2.228672241230945 ] ] ], [ [ [ 29.181423425950531, -2.227772809467566 ], [ 29.180225443549428, -2.22835114548895 ], [ 29.180814107385149, -2.227390694724785 ], [ 29.181423425950531, -2.227772809467566 ] ] ], [ [ [ 29.188848214373724, -2.220802713774062 ], [ 29.186714219385717, -2.223056087468456 ], [ 29.184012950936971, -2.224650707763909 ], [ 29.184993250638119, -2.221444039210907 ], [ 29.188848214373724, -2.220802713774062 ] ] ], [ [ [ 29.179468034522198, -2.20364917187178 ], [ 29.179165096991671, -2.204089809996701 ], [ 29.178999858256976, -2.203690481330656 ], [ 29.179468034522198, -2.20364917187178 ] ] ], [ [ [ 29.179942166098332, -2.203195496275135 ], [ 29.184031829505368, -2.202417065595042 ], [ 29.184060610508904, -2.203416251958379 ], [ 29.182384874062766, -2.20492035369132 ], [ 29.179942166098332, -2.203195496275135 ] ] ], [ [ [ 29.194481559576484, -2.199872839459849 ], [ 29.194655834699173, -2.202012071200133 ], [ 29.194167863456205, -2.203258139451559 ], [ 29.191972521215053, -2.200435849235006 ], [ 29.194481559576484, -2.199872839459849 ] ] ], [ [ [ 29.209533571117479, -2.199342493061585 ], [ 29.211068796587785, -2.199365210835736 ], [ 29.210291464879273, -2.200834249800699 ], [ 29.209533571117479, -2.199342493061585 ] ] ], [ [ [ 29.2472545956232, -2.150712515869791 ], [ 29.248119317152781, -2.153395948963833 ], [ 29.243607216999539, -2.158922658853569 ], [ 29.24742951735843, -2.157387753542007 ], [ 29.248668829003382, -2.159242889447699 ], [ 29.252632506385073, -2.155007997221293 ], [ 29.254058393180376, -2.15720122515638 ], [ 29.258027418830384, -2.157239812367407 ], [ 29.257763700734312, -2.159858559025241 ], [ 29.260572438167525, -2.158604788080488 ], [ 29.265258759484308, -2.161399548250531 ], [ 29.262117699172546, -2.166738670353275 ], [ 29.266161355961867, -2.166589643697104 ], [ 29.266739731553375, -2.169514203018042 ], [ 29.269755786100642, -2.168230011605721 ], [ 29.276110093506052, -2.178234097025878 ], [ 29.275464407256695, -2.180453970973828 ], [ 29.278951725441853, -2.180178757743401 ], [ 29.277533921753179, -2.182330939721012 ], [ 29.280813944408084, -2.183570687537062 ], [ 29.280491204705388, -2.190449115334359 ], [ 29.282228102245316, -2.188803114971772 ], [ 29.285704341682067, -2.191968510038545 ], [ 29.285730314102903, -2.194609017592042 ], [ 29.290223506009976, -2.198963690521761 ], [ 29.288942209515472, -2.200920262759854 ], [ 29.290492301678544, -2.20376929611611 ], [ 29.293646602708694, -2.201256101088023 ], [ 29.296447038500222, -2.208779434523279 ], [ 29.302344832048515, -2.209284777070731 ], [ 29.304918670160578, -2.214676212736911 ], [ 29.309724149849774, -2.212076575773348 ], [ 29.315589095660382, -2.214008447231975 ], [ 29.315275377956478, -2.21698833284526 ], [ 29.311062457066821, -2.21672335030233 ], [ 29.3088810129485, -2.224961336296494 ], [ 29.306470097816788, -2.226157913057103 ], [ 29.304080200740817, -2.232248641761337 ], [ 29.311364912560716, -2.237343293058436 ], [ 29.3110336490838, -2.242903076415781 ], [ 29.31466283172443, -2.244519125756972 ], [ 29.311838894849156, -2.24835594477103 ], [ 29.313311506820543, -2.253401234079678 ], [ 29.311781153877153, -2.263485061486359 ], [ 29.317918986372209, -2.275627161864036 ], [ 29.309128550442292, -2.284922746087815 ], [ 29.305596461307697, -2.284295319673258 ], [ 29.305007192228299, -2.288543906775831 ], [ 29.311021005514942, -2.292851016361264 ], [ 29.308850499850674, -2.299502627943773 ], [ 29.320823446744686, -2.306104972866108 ], [ 29.32154554569048, -2.312445401933661 ], [ 29.325145791745005, -2.316005507647978 ], [ 29.320008496394994, -2.320928222059726 ], [ 29.324791212444683, -2.324628283868136 ], [ 29.328256326368479, -2.334377263100207 ], [ 29.327284591810592, -2.339647939600698 ], [ 29.333735266969068, -2.347020140167245 ], [ 29.337536556466997, -2.348248839812029 ], [ 29.337882129057096, -2.352856465053732 ], [ 29.343969092299876, -2.359989390198137 ], [ 29.343071384536817, -2.365759731826034 ], [ 29.337433381745253, -2.370578698647974 ], [ 29.335954341419839, -2.378393505955468 ], [ 29.330649130053448, -2.379884470392002 ], [ 29.330776299586663, -2.383704106059581 ], [ 29.327471729936565, -2.388716902862742 ], [ 29.322709373638805, -2.388266812863072 ], [ 29.318287587002583, -2.398644652029048 ], [ 29.322855200507075, -2.406043086719001 ], [ 29.326418909804868, -2.405897298521398 ], [ 29.328427546494201, -2.410287141238554 ], [ 29.32866988950386, -2.421651369415179 ], [ 29.325908589509869, -2.422988056953257 ], [ 29.325297048719772, -2.430042284224021 ], [ 29.323517202257204, -2.432469345783661 ], [ 29.317530450470091, -2.43133671711574 ], [ 29.309925656444118, -2.435705427563362 ], [ 29.303129884436768, -2.434087386223871 ], [ 29.299117688630599, -2.440399947999039 ], [ 29.280307962442603, -2.441856185114733 ], [ 29.279479215593501, -2.448027298820732 ], [ 29.273267228599902, -2.456554127271072 ], [ 29.2724200105751, -2.463821092769225 ], [ 29.265624239467119, -2.472315808227921 ], [ 29.269386184524809, -2.475470987895767 ], [ 29.264653413224611, -2.482024054466481 ], [ 29.277152633487329, -2.487484923190631 ], [ 29.276718094564441, -2.489986793955235 ], [ 29.272851471118482, -2.492009335962087 ], [ 29.267033688453974, -2.487476462368721 ], [ 29.26191755145388, -2.486853341008877 ], [ 29.254788461918107, -2.477289023169827 ], [ 29.252529833485202, -2.478134847245406 ], [ 29.252046504542644, -2.475309237631207 ], [ 29.249127948196357, -2.477019474768805 ], [ 29.247947512467814, -2.475457954021254 ], [ 29.245121901954246, -2.478162731624745 ], [ 29.245456514506667, -2.475504428286668 ], [ 29.240874191690541, -2.472623049014333 ], [ 29.224264439252561, -2.475811155560293 ], [ 29.21498825970043, -2.482122303601353 ], [ 29.203472039802907, -2.475634553891537 ], [ 29.200618544910089, -2.478766891678641 ], [ 29.198490042981245, -2.487885061246476 ], [ 29.191974410690474, -2.490608427836583 ], [ 29.172892247479314, -2.480542192967817 ], [ 29.171897707013688, -2.483256264165202 ], [ 29.166553215058915, -2.482336083243609 ], [ 29.158457470335957, -2.491537905050179 ], [ 29.153085094001934, -2.489883435771801 ], [ 29.15177453176933, -2.49521863413259 ], [ 29.144236472835122, -2.491853926817245 ], [ 29.137990388046003, -2.491742390199081 ], [ 29.132552948459949, -2.48591456930184 ], [ 29.127515182879431, -2.487708459577632 ], [ 29.120423274015, -2.481694744316843 ], [ 29.119257635731326, -2.478109705798171 ], [ 29.118389074995992, -2.482672176979384 ], [ 29.121031784089684, -2.492913826411914 ], [ 29.123908031830286, -2.495783462336887 ], [ 29.122664378258516, -2.505305587582785 ], [ 29.117634199358971, -2.505464516674095 ], [ 29.115329041801868, -2.513376190858508 ], [ 29.105375431730945, -2.514884389003369 ], [ 29.100758511096341, -2.520386627440774 ], [ 29.091681827254472, -2.517931948600405 ], [ 29.080720205772852, -2.51845177562885 ], [ 29.074411365392255, -2.527763957740404 ], [ 29.073682320082977, -2.532667961756963 ], [ 29.063444227469287, -2.534881321016125 ], [ 29.058617040843753, -2.538544739048432 ], [ 29.053821418623709, -2.537550373051245 ], [ 29.051047004715496, -2.541299555829791 ], [ 29.048372476708611, -2.541270125515871 ], [ 29.043719412321128, -2.545173854090044 ], [ 29.046109244645873, -2.550093736536641 ], [ 29.043751387716437, -2.554606464416643 ], [ 29.044983220599246, -2.562339152829607 ], [ 29.037549272581014, -2.568980066976468 ], [ 29.033847630663761, -2.559328822467111 ], [ 29.035952648595991, -2.54616047332702 ], [ 29.034697320025476, -2.541417831068016 ], [ 29.02658960712478, -2.536677565717016 ], [ 29.017498787738976, -2.535283851268633 ], [ 29.016928631950972, -2.531311765225708 ], [ 29.008552627002143, -2.526740209093215 ], [ 28.997648394857716, -2.506951045654183 ], [ 28.989708972990751, -2.502076212946814 ], [ 28.981719772749475, -2.491898480130728 ], [ 28.977511609273481, -2.490503574979964 ], [ 28.976191008808055, -2.478082789089309 ], [ 28.981786300097728, -2.4718347293892 ], [ 28.975432410877094, -2.45917936973209 ], [ 28.978584675842239, -2.447655587435327 ], [ 28.976519443017839, -2.443158711904981 ], [ 28.968098154506333, -2.44275850639989 ], [ 28.964887710599346, -2.438429380511454 ], [ 28.969765195407565, -2.423451040533087 ], [ 28.967739397855102, -2.411370291006032 ], [ 28.971024811046203, -2.40075368183691 ], [ 28.976648878842919, -2.40006024698275 ], [ 28.975108100958263, -2.39685670537263 ], [ 28.978274053604796, -2.393993875516876 ], [ 28.975868532606757, -2.393336793957846 ], [ 28.975952924088293, -2.390248058001421 ], [ 28.989118045561451, -2.375865790473831 ], [ 28.994978342776239, -2.384969963892714 ], [ 28.997228190228757, -2.381790538502549 ], [ 28.995579285055999, -2.377426102532588 ], [ 28.999123997074843, -2.372465571628768 ], [ 29.004570245520494, -2.376196303916134 ], [ 28.997776256868828, -2.365489827293533 ], [ 29.002344078116831, -2.357780336892879 ], [ 29.006932568483339, -2.363050900078945 ], [ 29.005454744041142, -2.357542644277511 ], [ 29.001620667060262, -2.35504171150579 ], [ 29.001806687328784, -2.350473890257788 ], [ 29.006674206749377, -2.34936810635299 ], [ 29.006675057507952, -2.34069696099587 ], [ 29.009724864510982, -2.34018253619498 ], [ 29.011726597104886, -2.343930491399038 ], [ 29.014335468307333, -2.33876786664361 ], [ 29.010055566811015, -2.338417297420182 ], [ 29.009688120010917, -2.336524947568253 ], [ 29.012609321263188, -2.334834693366317 ], [ 29.013362587113772, -2.329616950961422 ], [ 29.016944888995571, -2.32865978811857 ], [ 29.01769773486264, -2.321608107727935 ], [ 29.022774240538912, -2.315360637083741 ], [ 29.019717488071588, -2.311544073500172 ], [ 29.026123845539036, -2.308680968451838 ], [ 29.023916167297397, -2.305690989747389 ], [ 29.020081384348611, -2.306942477313412 ], [ 29.022850668523564, -2.304220629678311 ], [ 29.020601686218999, -2.303408123685958 ], [ 29.020438113028451, -2.300325858351616 ], [ 29.024412799011461, -2.29954177813051 ], [ 29.019050943846086, -2.296460960704716 ], [ 29.027154233880797, -2.294956412908145 ], [ 29.029315365911462, -2.297286089581319 ], [ 29.032872841108908, -2.29153053100909 ], [ 29.041345972838489, -2.297252557459529 ], [ 29.043274254203471, -2.302764486092069 ], [ 29.053907713970045, -2.313371700043787 ], [ 29.049322317271258, -2.323211623217747 ], [ 29.051356815764489, -2.325585881083525 ], [ 29.050477003611046, -2.331130506367763 ], [ 29.045609643370501, -2.337659716622531 ], [ 29.042893650321727, -2.337685763686948 ], [ 29.042701423831712, -2.344803342799973 ], [ 29.045335447273207, -2.351224750421877 ], [ 29.044439075902655, -2.355873218374216 ], [ 29.04837390663057, -2.357193219891108 ], [ 29.052366416277192, -2.363035370585876 ], [ 29.05471404791508, -2.359066799992749 ], [ 29.056819341039802, -2.35962085881557 ], [ 29.055001632219717, -2.366745795282166 ], [ 29.060429494925327, -2.367231153095218 ], [ 29.061583701926235, -2.370680122389646 ], [ 29.056464741055049, -2.373109164256404 ], [ 29.058372031344309, -2.377399119273849 ], [ 29.056362023189013, -2.382554253575864 ], [ 29.05144433239008, -2.385410902391228 ], [ 29.043936909760564, -2.396303913694598 ], [ 29.040307839535256, -2.398245987961867 ], [ 29.038655626655856, -2.403266395727555 ], [ 29.040093905209535, -2.407295475405802 ], [ 29.042069570054768, -2.406657138416135 ], [ 29.04420158653404, -2.411183191550903 ], [ 29.049037777171687, -2.414138165044178 ], [ 29.050914530980936, -2.403907777821657 ], [ 29.059356011970532, -2.395686391513741 ], [ 29.057637076590009, -2.394043549570102 ], [ 29.05852652587863, -2.388990941578551 ], [ 29.061122354213492, -2.385253563301293 ], [ 29.061923504466296, -2.387858615982242 ], [ 29.064278518638769, -2.383712845671282 ], [ 29.067377913360087, -2.38271134265432 ], [ 29.063791694031476, -2.380791496929969 ], [ 29.066193780518528, -2.37551774025141 ], [ 29.068695260078197, -2.374048676105434 ], [ 29.076636346590295, -2.378178336860659 ], [ 29.079274739837462, -2.373264188491453 ], [ 29.08027865213813, -2.366446990136384 ], [ 29.078284265206793, -2.365133227216599 ], [ 29.082352182107545, -2.357171504860978 ], [ 29.080799756203806, -2.354036902580925 ], [ 29.079028203288953, -2.355224603032958 ], [ 29.080468593450941, -2.352802845674751 ], [ 29.077287070841667, -2.350096176797101 ], [ 29.082716237564259, -2.344967751460525 ], [ 29.083539316886114, -2.340219208749395 ], [ 29.074501259825485, -2.342166110577504 ], [ 29.066840277956512, -2.339206187215626 ], [ 29.0674259326608, -2.336024663707248 ], [ 29.073889153361836, -2.339511594284505 ], [ 29.078410892448819, -2.335581467010928 ], [ 29.080057052890734, -2.33983932612395 ], [ 29.086530899081946, -2.33925367141975 ], [ 29.087433123240086, -2.335169926450898 ], [ 29.094603420611403, -2.330199787190302 ], [ 29.098687166479625, -2.333349652764272 ], [ 29.095521472837643, -2.337275114354987 ], [ 29.100285842717593, -2.338509735136152 ], [ 29.106241443787678, -2.33639115632679 ], [ 29.106294213307454, -2.331072503693099 ], [ 29.102515621798613, -2.323609265655036 ], [ 29.108423763845675, -2.322579992472618 ], [ 29.107285831875689, -2.319830674146284 ], [ 29.109700789459996, -2.316850864076037 ], [ 29.107716447955728, -2.312472740424599 ], [ 29.104337069999769, -2.312795398288936 ], [ 29.105057298355657, -2.309789226391657 ], [ 29.109884917554989, -2.304074370235887 ], [ 29.115837466326038, -2.307297691535182 ], [ 29.119590340821649, -2.306723717225768 ], [ 29.120435164851049, -2.299752749189977 ], [ 29.124723519075307, -2.299269904982071 ], [ 29.127655741519359, -2.295771080870657 ], [ 29.131992230157405, -2.301201704495049 ], [ 29.12562679723904, -2.304109624559525 ], [ 29.119444903359575, -2.311527086206023 ], [ 29.12443330785101, -2.315878963143592 ], [ 29.128401321763658, -2.313324322859123 ], [ 29.129637028925853, -2.314524702852661 ], [ 29.124951628514911, -2.321445159566305 ], [ 29.122528636387617, -2.321711863411713 ], [ 29.122147019869143, -2.319466846217966 ], [ 29.117858979508487, -2.320278038300805 ], [ 29.116334979375818, -2.323677753525433 ], [ 29.120932962086659, -2.327910401044131 ], [ 29.118121151669978, -2.329235121303753 ], [ 29.115110649536884, -2.325838587880436 ], [ 29.113652304410447, -2.328537473125858 ], [ 29.116042830112637, -2.329803035081979 ], [ 29.11297924819382, -2.331754957824972 ], [ 29.114148315592264, -2.334333168440906 ], [ 29.11897071602591, -2.331593167990287 ], [ 29.116940506399363, -2.335836253939905 ], [ 29.119613499263568, -2.336722408112524 ], [ 29.116215058378419, -2.339745320889775 ], [ 29.118235648856288, -2.34053294983575 ], [ 29.119924061246454, -2.337626386848213 ], [ 29.12273047663027, -2.34168844376651 ], [ 29.126551079968504, -2.338133994787895 ], [ 29.121854816646458, -2.338099361896051 ], [ 29.12317001668298, -2.332298389359056 ], [ 29.128004160463721, -2.331899133538118 ], [ 29.126043101507964, -2.329789333011301 ], [ 29.129618150357455, -2.328985598106804 ], [ 29.128449083858204, -2.32377176955142 ], [ 29.134226820611236, -2.319534289076198 ], [ 29.133777731557114, -2.31535344610464 ], [ 29.139637499970721, -2.314336558385455 ], [ 29.136423213260681, -2.311681747114814 ], [ 29.131336061410156, -2.31184120680622 ], [ 29.136851715934025, -2.308553892448074 ], [ 29.134713326858613, -2.305761312234689 ], [ 29.139173960610048, -2.303483451799837 ], [ 29.14113258330217, -2.297273173517989 ], [ 29.142661757234361, -2.29797642986821 ], [ 29.141970767636909, -2.29548232385014 ], [ 29.14738420251896, -2.30020068171607 ], [ 29.150863685810496, -2.300552309441495 ], [ 29.154269571283702, -2.298287170816294 ], [ 29.150065388207185, -2.292813125225524 ], [ 29.152788857319994, -2.291380160765722 ], [ 29.153189550257668, -2.294786046239017 ], [ 29.156755953924279, -2.294508519952177 ], [ 29.15984901741832, -2.297334328316547 ], [ 29.158667998029724, -2.293516495789627 ], [ 29.163016019573778, -2.287065388057175 ], [ 29.160881924761089, -2.28563348479739 ], [ 29.159871351181959, -2.287497947572048 ], [ 29.158386875354008, -2.28497140300773 ], [ 29.156653366459889, -2.286340386099861 ], [ 29.157757303156966, -2.284107890166942 ], [ 29.159655773795084, -2.284417431419306 ], [ 29.159525611318021, -2.281565515735873 ], [ 29.15700022148317, -2.283279565099828 ], [ 29.154869828279988, -2.281766265101004 ], [ 29.155046353506602, -2.275765185315016 ], [ 29.157203416104831, -2.270474018660951 ], [ 29.161893374279895, -2.268558773868235 ], [ 29.165240948610876, -2.270856338449224 ], [ 29.162310708272681, -2.266050961282818 ], [ 29.167088546399416, -2.266189663721952 ], [ 29.167769302611351, -2.264335403755847 ], [ 29.165562930185079, -2.264968417658298 ], [ 29.166773912286342, -2.259216251328911 ], [ 29.171232529757479, -2.265936286030768 ], [ 29.17405335317979, -2.260174176796837 ], [ 29.177974483635676, -2.261457915850118 ], [ 29.179362267055058, -2.259324501824234 ], [ 29.177626882174994, -2.258477736158471 ], [ 29.178993823805992, -2.256152099239961 ], [ 29.179810319190896, -2.255739265454582 ], [ 29.178808165964181, -2.257392728391639 ], [ 29.180910507513918, -2.25743863158755 ], [ 29.182365771563273, -2.260523433009854 ], [ 29.181512879715637, -2.263812892251116 ], [ 29.179764917816858, -2.263376495328962 ], [ 29.180485412371898, -2.27119480369723 ], [ 29.190271800703076, -2.25581421675255 ], [ 29.198020785730765, -2.257190852176072 ], [ 29.197399864112644, -2.261674435726635 ], [ 29.199693896156436, -2.263898899814321 ], [ 29.200123219011392, -2.261441971769574 ], [ 29.203912552022675, -2.264561156072332 ], [ 29.202164977731709, -2.260656494001945 ], [ 29.205107090919629, -2.264663438666637 ], [ 29.207484112402032, -2.263734866171119 ], [ 29.202745009874381, -2.258053025926333 ], [ 29.20419621618257, -2.253831560578024 ], [ 29.21029663058518, -2.251380238906864 ], [ 29.209443503115178, -2.248687347642842 ], [ 29.206153878398904, -2.248668898051121 ], [ 29.207126470909966, -2.244848069882511 ], [ 29.203435399624016, -2.247791612992478 ], [ 29.204432498660953, -2.251460033054065 ], [ 29.202743447752038, -2.250629488460077 ], [ 29.201300621326769, -2.255561187099054 ], [ 29.186994543463445, -2.249618932867448 ], [ 29.185352444359996, -2.252736501987996 ], [ 29.185305461078197, -2.248944667062658 ], [ 29.182483737434655, -2.24680303862922 ], [ 29.190968323829185, -2.251134001832578 ], [ 29.191919213001388, -2.249872683777332 ], [ 29.189896528901709, -2.244275174759436 ], [ 29.187624749682566, -2.244821936483066 ], [ 29.183971653169277, -2.241524882467306 ], [ 29.187402638720943, -2.23644034584517 ], [ 29.186298229879586, -2.234561489421039 ], [ 29.188774268517708, -2.235027431770543 ], [ 29.189304480917205, -2.233205408902406 ], [ 29.186461921780332, -2.230665092120232 ], [ 29.187092272790299, -2.227712464958265 ], [ 29.196371206066434, -2.226768240661737 ], [ 29.194421522635199, -2.222759610667391 ], [ 29.191092822375946, -2.223718820367238 ], [ 29.194372840534182, -2.220773850033065 ], [ 29.191134372853139, -2.216687366628512 ], [ 29.194801738909131, -2.218691001288653 ], [ 29.196141922112123, -2.217251362960016 ], [ 29.193921690233953, -2.214612400441907 ], [ 29.197944540308523, -2.214589097208964 ], [ 29.194304006424748, -2.211240170297535 ], [ 29.19371256008662, -2.205420460385866 ], [ 29.198290556264322, -2.201414304426542 ], [ 29.206779948635802, -2.209982119479171 ], [ 29.21197880347896, -2.206988939188171 ], [ 29.214210763416187, -2.211575554468104 ], [ 29.218354160416265, -2.212287906561595 ], [ 29.212534451403965, -2.202831286134866 ], [ 29.215106101465398, -2.202236571660399 ], [ 29.214199219718278, -2.193980100101512 ], [ 29.210853130167951, -2.192728584656456 ], [ 29.213094640005782, -2.195635635076399 ], [ 29.210300895170132, -2.198326094573544 ], [ 29.207638326347823, -2.195765489985358 ], [ 29.203107165063773, -2.198244557540153 ], [ 29.20207894049091, -2.190515443033248 ], [ 29.197687199304905, -2.186476610207378 ], [ 29.198806918204905, -2.183744843050007 ], [ 29.197146945075463, -2.180634026039441 ], [ 29.200950505361572, -2.179035049427969 ], [ 29.202074582376152, -2.183121808024924 ], [ 29.208575056593549, -2.183723057872789 ], [ 29.211067193995948, -2.176847893715162 ], [ 29.209707846240168, -2.174046414710207 ], [ 29.212060564443714, -2.176216143360288 ], [ 29.217794225423138, -2.175222773811892 ], [ 29.211341677876195, -2.162217470859463 ], [ 29.216505817089871, -2.16376561419166 ], [ 29.21603091749289, -2.168640970304437 ], [ 29.219592079910644, -2.167621332458459 ], [ 29.223078871992374, -2.174268071514141 ], [ 29.223568385572623, -2.166217378329327 ], [ 29.225820785301043, -2.172588793537911 ], [ 29.228368332632531, -2.167049430186963 ], [ 29.231782224769869, -2.164922180114426 ], [ 29.228679577200783, -2.159067342683641 ], [ 29.235883006495616, -2.159942122231107 ], [ 29.238966608222466, -2.164471117048417 ], [ 29.2379202811962, -2.167149166800598 ], [ 29.240507136994747, -2.166569995308943 ], [ 29.240274066894816, -2.16909825488042 ], [ 29.242580726319527, -2.169329151319189 ], [ 29.242146438307575, -2.162596419988783 ], [ 29.243864728874296, -2.162348828535488 ], [ 29.241801933212724, -2.158240159755532 ], [ 29.241430886426361, -2.152034435640682 ], [ 29.242650686380205, -2.155998079747479 ], [ 29.245227029104253, -2.151563151318359 ], [ 29.247018251990891, -2.153148474422529 ], [ 29.2472545956232, -2.150712515869791 ] ] ] ] } },
{ "type": "Feature", "properties": { "nisr_district_code": 33, "district_name": "Rubavu", "province": "Western Province", "hdx_pcode": "RW33" }, "geometry": { "type": "Polygon", "coordinates": [ [ [ 29.398572148885609, -1.549089135555149 ], [ 29.384332958999043, -1.549894086342951 ], [ 29.384320268665459, -1.5527621304679 ], [ 29.380761176487329, -1.55305401083391 ], [ 29.380962110213343, -1.562166627088024 ], [ 29.395692642901199, -1.559342977995881 ], [ 29.398912458643228, -1.564721230500388 ], [ 29.406007766045644, -1.569639074183871 ], [ 29.401435963498972, -1.577355540625691 ], [ 29.4037010787419, -1.598653553318708 ], [ 29.415611999394347, -1.607325857002684 ], [ 29.413081361116038, -1.609570366079505 ], [ 29.417278706647092, -1.617462602317199 ], [ 29.411845067595859, -1.618951531587831 ], [ 29.418803212198579, -1.629341143778762 ], [ 29.400859624871838, -1.638479435677332 ], [ 29.401906397062543, -1.653802365286839 ], [ 29.398965382846203, -1.659398857171513 ], [ 29.401466410946203, -1.665015359870792 ], [ 29.399451135461579, -1.667546787753927 ], [ 29.400785219462538, -1.673049688092621 ], [ 29.398601808526752, -1.679936186405729 ], [ 29.400505695781359, -1.682041472335938 ], [ 29.407931069663345, -1.680798153312113 ], [ 29.41112728089929, -1.685992386539381 ], [ 29.414719579645048, -1.687396929724428 ], [ 29.417436154554959, -1.685794328845136 ], [ 29.430993398426846, -1.687748568241754 ], [ 29.437180810546042, -1.692618722675798 ], [ 29.432445201884565, -1.703684490147028 ], [ 29.435660619941711, -1.710188964549053 ], [ 29.434902626355235, -1.714788770185527 ], [ 29.426032791979811, -1.714994417258498 ], [ 29.422505392809722, -1.71819826463816 ], [ 29.422770280024462, -1.725582540401905 ], [ 29.419975682631854, -1.729526171895268 ], [ 29.41334944272273, -1.731312385558115 ], [ 29.406969548705735, -1.73011865695033 ], [ 29.400204181877559, -1.738136277566993 ], [ 29.382549141129982, -1.734258919813281 ], [ 29.371965231310487, -1.736070477270657 ], [ 29.373007006867862, -1.740181823332388 ], [ 29.369767370967519, -1.745869923757904 ], [ 29.371358041440548, -1.748534920749967 ], [ 29.366224277728275, -1.752355657187777 ], [ 29.358477371034002, -1.750516906030309 ], [ 29.35511559101182, -1.747428115215277 ], [ 29.350555331263688, -1.75133440056211 ], [ 29.344916843737384, -1.750408385738356 ], [ 29.341348233134628, -1.745803120317613 ], [ 29.330814997414183, -1.745863762502575 ], [ 29.310650121505926, -1.737784391736208 ], [ 29.300714728102289, -1.746989495169038 ], [ 29.301523334634243, -1.751361676100472 ], [ 29.298680279071714, -1.755691914450231 ], [ 29.301542769883032, -1.763586965565944 ], [ 29.299566706638263, -1.768915687908612 ], [ 29.29732309688357, -1.767533864296367 ], [ 29.288155732601123, -1.770999156285902 ], [ 29.282233444218225, -1.768962169368627 ], [ 29.281648097081952, -1.77196028873633 ], [ 29.278978340877931, -1.772624159277447 ], [ 29.278585729248146, -1.770189969691283 ], [ 29.272653733582981, -1.767777197459586 ], [ 29.276315724391349, -1.763037311622518 ], [ 29.275302074231451, -1.760124849981859 ], [ 29.269712720266011, -1.759989220526015 ], [ 29.273167697930862, -1.757576447395037 ], [ 29.276265756259672, -1.758897048759745 ], [ 29.280520231223822, -1.755256472608002 ], [ 29.28043024416051, -1.752802485346339 ], [ 29.27811160126949, -1.754344650884898 ], [ 29.275652763064624, -1.752953466229335 ], [ 29.278122386838728, -1.751206395558625 ], [ 29.27674198595393, -1.749027951578664 ], [ 29.278877293052712, -1.746946565131824 ], [ 29.282015548378897, -1.748089709572443 ], [ 29.281983195268307, -1.746310286690245 ], [ 29.28009592838438, -1.742492616041391 ], [ 29.269872335539898, -1.739667108050436 ], [ 29.271996857968634, -1.736949444061475 ], [ 29.274488050183461, -1.739235732942712 ], [ 29.278866509282036, -1.738534748279863 ], [ 29.279376691081598, -1.735858069094454 ], [ 29.2672670949005, -1.731251471777873 ], [ 29.264606316628299, -1.733840337561488 ], [ 29.257904098395453, -1.728828405906102 ], [ 29.255342201481465, -1.729241904290435 ], [ 29.257202947358312, -1.726041781003363 ], [ 29.260996355197715, -1.726014813033106 ], [ 29.261086246033646, -1.71974041039148 ], [ 29.265405222173396, -1.717671215154282 ], [ 29.26605243816957, -1.714832903515584 ], [ 29.269066740837484, -1.714548346329059 ], [ 29.253433760060037, -1.698045049339536 ], [ 29.244939046399903, -1.697964147227504 ], [ 29.242866737709743, -1.668074615151361 ], [ 29.256405870134888, -1.6583188253534 ], [ 29.268493532750444, -1.629003866535206 ], [ 29.293644435342497, -1.61467951085067 ], [ 29.299069606377397, -1.606280012912243 ], [ 29.310372046632754, -1.599974441567176 ], [ 29.32053234519169, -1.580605629346244 ], [ 29.326385818351024, -1.574823538075754 ], [ 29.327908673646402, -1.565757792687939 ], [ 29.33687924198362, -1.547554915526883 ], [ 29.353487880161627, -1.536966313944144 ], [ 29.361649430976538, -1.509198003784784 ], [ 29.397538303549869, -1.507891641385995 ], [ 29.398572148885609, -1.549089135555149 ] ] ] } },
{ "type": "Feature", "properties": { "nisr_district_code": 36, "district_name": "Rusizi", "province": "Western Province", "hdx_pcode": "RW36" }, "geometry": { "type": "MultiPolygon", "coordinates": [ [ [ [ 28.89127016928305, -2.433523362013513 ], [ 28.8901138335867, -2.446570380918234 ], [ 28.886173819166554, -2.453209531494649 ], [ 28.887030701305843, -2.448216674459903 ], [ 28.883920286292291, -2.44410094150519 ], [ 28.887125159798426, -2.443034899540886 ], [ 28.89127016928305, -2.433523362013513 ] ] ], [ [ [ 28.89243883468448, -2.453861751318665 ], [ 28.89410212181544, -2.44476165812394 ], [ 28.898340301064056, -2.433070678369076 ], [ 28.899731703355574, -2.436381256389864 ], [ 28.89243883468448, -2.453861751318665 ] ] ], [ [ [ 28.893583813742179, -2.427993315638999 ], [ 28.892738053518546, -2.424514127325106 ], [ 28.893322430285966, -2.42358246206097 ], [ 28.894269947000478, -2.424268595319357 ], [ 28.893583813742179, -2.427993315638999 ] ] ], [ [ [ 28.929730452698326, -2.394904482255956 ], [ 28.92825802958458, -2.394946463508474 ], [ 28.929302271083007, -2.394222433718219 ], [ 28.929730452698326, -2.394904482255956 ] ] ], [ [ [ 28.94771350047775, -2.391719555712924 ], [ 28.9514066590901, -2.39572236079827 ], [ 28.951433461585079, -2.399359067167118 ], [ 28.956662360079893, -2.396443410235139 ], [ 28.958583238226037, -2.392189744660967 ], [ 28.963724868308088, -2.394594556093888 ], [ 28.968704981050191, -2.390646358742432 ], [ 28.965618208313753, -2.399664401390978 ], [ 28.970509627217627, -2.396107357868138 ], [ 28.967739397855102, -2.411370291006032 ], [ 28.969765195407565, -2.423451040533087 ], [ 28.964887710599346, -2.438429380511454 ], [ 28.968098154506333, -2.44275850639989 ], [ 28.976519443017839, -2.443158711904981 ], [ 28.978584675842239, -2.447655587435327 ], [ 28.975432410877094, -2.45917936973209 ], [ 28.981786300097728, -2.4718347293892 ], [ 28.97632926518347, -2.477589084668497 ], [ 28.976411018953446, -2.488304420512544 ], [ 28.987953771549495, -2.497992762955604 ], [ 28.989708972990751, -2.502076212946814 ], [ 28.997648394857716, -2.506951045654183 ], [ 29.008552627002143, -2.526740209093215 ], [ 29.016928631950972, -2.531311765225708 ], [ 29.017498787738976, -2.535283851268633 ], [ 29.02658960712478, -2.536677565717016 ], [ 29.034697320025476, -2.541417831068016 ], [ 29.035952648595991, -2.54616047332702 ], [ 29.033847630663761, -2.559328822467111 ], [ 29.037549272581014, -2.568980066976468 ], [ 29.044983220599246, -2.562339152829607 ], [ 29.043751387716437, -2.554606464416643 ], [ 29.046109244645873, -2.550093736536641 ], [ 29.043719412321128, -2.545173854090044 ], [ 29.048372476708611, -2.541270125515871 ], [ 29.051047004715496, -2.541299555829791 ], [ 29.053821418623709, -2.537550373051245 ], [ 29.058617040843753, -2.538544739048432 ], [ 29.063444227469287, -2.534881321016125 ], [ 29.073682320082977, -2.532667961756963 ], [ 29.074411365392255, -2.527763957740404 ], [ 29.080720205772852, -2.51845177562885 ], [ 29.091681827254472, -2.517931948600405 ], [ 29.100758511096341, -2.520386627440774 ], [ 29.105375431730945, -2.514884389003369 ], [ 29.115329041801868, -2.513376190858508 ], [ 29.117634199358971, -2.505464516674095 ], [ 29.122664378258516, -2.505305587582785 ], [ 29.123908031830286, -2.495783462336887 ], [ 29.121031784089684, -2.492913826411914 ], [ 29.118389074995992, -2.482672176979384 ], [ 29.119257635731326, -2.478109705798171 ], [ 29.120423274015, -2.481694744316843 ], [ 29.127515182879431, -2.487708459577632 ], [ 29.132552948459949, -2.48591456930184 ], [ 29.137990388046003, -2.491742390199081 ], [ 29.144236472835122, -2.491853926817245 ], [ 29.15177453176933, -2.49521863413259 ], [ 29.153085094001934, -2.489883435771801 ], [ 29.158457470335957, -2.491537905050179 ], [ 29.166553215058915, -2.482336083243609 ], [ 29.171897707013688, -2.483256264165202 ], [ 29.172892247479314, -2.480542192967817 ], [ 29.191974410690474, -2.490608427836583 ], [ 29.198490042981245, -2.487885061246476 ], [ 29.200618544910089, -2.478766891678641 ], [ 29.203472039802907, -2.475634553891537 ], [ 29.21498825970043, -2.482122303601353 ], [ 29.224264439252561, -2.475811155560293 ], [ 29.240874191690541, -2.472623049014333 ], [ 29.245456514506667, -2.475504428286668 ], [ 29.245121901954246, -2.478162731624745 ], [ 29.247947512467814, -2.475457954021254 ], [ 29.249127948196357, -2.477019474768805 ], [ 29.252046504542644, -2.475309237631207 ], [ 29.252529833485202, -2.478134847245406 ], [ 29.254788461918107, -2.477289023169827 ], [ 29.26191755145388, -2.486853341008877 ], [ 29.267033688453974, -2.487476462368721 ], [ 29.272631371041118, -2.492009335962087 ], [ 29.276718094564441, -2.489986793955235 ], [ 29.277771641348298, -2.486711277803145 ], [ 29.279987073544572, -2.489253043393236 ], [ 29.288729333691837, -2.489618375887271 ], [ 29.292144296921901, -2.493352814280814 ], [ 29.299698525666489, -2.495082095462265 ], [ 29.301063748693206, -2.493261799292557 ], [ 29.30716174032219, -2.492897741137734 ], [ 29.310802332661606, -2.498540658724358 ], [ 29.322543242776494, -2.507551125484009 ], [ 29.321520499571523, -2.517212381246348 ], [ 29.32413790713883, -2.517726345594229 ], [ 29.324046064774183, -2.525797366155447 ], [ 29.31914975175977, -2.53794006188427 ], [ 29.326056304954545, -2.536544759233251 ], [ 29.328923472240536, -2.539108199383889 ], [ 29.334609208348422, -2.538124131523445 ], [ 29.339225832206555, -2.540140865708341 ], [ 29.340225232608457, -2.543406379600699 ], [ 29.337172650297621, -2.548280704191053 ], [ 29.337921228881807, -2.553637064498882 ], [ 29.335969897892571, -2.557246673395198 ], [ 29.344966533079091, -2.557602375948831 ], [ 29.346924812230373, -2.55940679188994 ], [ 29.344680738425371, -2.563321179229006 ], [ 29.346921800400832, -2.565351385258075 ], [ 29.344260874639676, -2.570804840870678 ], [ 29.345441744740935, -2.575396108343642 ], [ 29.339735944758221, -2.581250532985691 ], [ 29.345008142012279, -2.585270062763157 ], [ 29.342542746850302, -2.593157280783809 ], [ 29.345245554938575, -2.596994140267362 ], [ 29.352936730645556, -2.595846581954187 ], [ 29.356257466508911, -2.607971215698924 ], [ 29.363051977666704, -2.615101572379575 ], [ 29.363344947111852, -2.624141800403701 ], [ 29.367723688597341, -2.630327916600062 ], [ 29.365337286286735, -2.637484048749761 ], [ 29.357103958780744, -2.645256246178785 ], [ 29.355918359145033, -2.653923930944624 ], [ 29.352065073544392, -2.660241783431483 ], [ 29.354235042313508, -2.666124737266762 ], [ 29.349074483300857, -2.67672940793583 ], [ 29.345232001255955, -2.679811779389996 ], [ 29.335304904098141, -2.679625066643399 ], [ 29.329055485522264, -2.682622035778215 ], [ 29.33502964680083, -2.674072340266298 ], [ 29.3350296477002, -2.669432391591598 ], [ 29.32620184673797, -2.65353759208612 ], [ 29.322513682060841, -2.653799332573004 ], [ 29.319824890806128, -2.656678479728003 ], [ 29.315327710405608, -2.651562639504202 ], [ 29.314851817957138, -2.646970279354799 ], [ 29.293579436841693, -2.640878859072038 ], [ 29.284204359743587, -2.631765523360186 ], [ 29.281824899299796, -2.626673476499753 ], [ 29.272973304074828, -2.6240322755689 ], [ 29.267096035753564, -2.624746113342414 ], [ 29.265335234233685, -2.618845049859131 ], [ 29.255055962562675, -2.622771161659688 ], [ 29.251344003622986, -2.626911422723899 ], [ 29.247560660096344, -2.622104911512369 ], [ 29.246418519299294, -2.625198211528146 ], [ 29.24437218302997, -2.623080490672048 ], [ 29.239303930432097, -2.627411109435019 ], [ 29.235925096566067, -2.62479370276717 ], [ 29.235829917716732, -2.627887001883578 ], [ 29.233141127361211, -2.628838786780519 ], [ 29.230404746681831, -2.629052937842647 ], [ 29.22640725209315, -2.625650308814687 ], [ 29.223789844525843, -2.631123069274078 ], [ 29.220434804922373, -2.632312799496062 ], [ 29.218959539051486, -2.626554504286871 ], [ 29.215556910023526, -2.625864460776184 ], [ 29.212987091880887, -2.621676608488566 ], [ 29.20813299214397, -2.621985939299665 ], [ 29.203421658882494, -2.615727956479897 ], [ 29.197258854912416, -2.618012238973633 ], [ 29.185956415556252, -2.615942108441483 ], [ 29.188550027961629, -2.613015370962535 ], [ 29.187098556353479, -2.610278990283155 ], [ 29.182577580790852, -2.614347869458611 ], [ 29.173773574990552, -2.615585188205805 ], [ 29.17379736925329, -2.610469347982003 ], [ 29.168752911817524, -2.606567031343288 ], [ 29.16851496649257, -2.603235786002734 ], [ 29.162518724159863, -2.600784941871537 ], [ 29.162899437758998, -2.595573920999484 ], [ 29.151025927105028, -2.595883251810583 ], [ 29.149693429508321, -2.591742989847002 ], [ 29.148789234036048, -2.595050440025626 ], [ 29.145053480833621, -2.594979056338309 ], [ 29.139533130949385, -2.598643425853331 ], [ 29.141627056643376, -2.604258954586991 ], [ 29.138747908589185, -2.60587698783269 ], [ 29.135488047835228, -2.604711051873532 ], [ 29.127945155944229, -2.610588321094077 ], [ 29.123852482506212, -2.607280870016083 ], [ 29.124209401842609, -2.604044802625494 ], [ 29.115619548003895, -2.599523827062867 ], [ 29.116095440452366, -2.597239543669938 ], [ 29.108219423487707, -2.595240796825194 ], [ 29.095560691372906, -2.597072982032478 ], [ 29.093014668392374, -2.592052318859273 ], [ 29.088945789216741, -2.592028524596713 ], [ 29.076929512087506, -2.598738604702844 ], [ 29.073122374298304, -2.60378306213861 ], [ 29.06229582739061, -2.602260206843055 ], [ 29.058512483864146, -2.610540730770039 ], [ 29.058226948215154, -2.618273979460429 ], [ 29.05346802642838, -2.619344736570251 ], [ 29.054300838213248, -2.640141226136595 ], [ 29.06179613978021, -2.649825632247061 ], [ 29.058417305014633, -2.653037905375 ], [ 29.054776729762349, -2.653037905375 ], [ 29.054990881723935, -2.656392944978292 ], [ 29.052397268419366, -2.657106783651087 ], [ 29.048042854494287, -2.665006593979025 ], [ 29.049256380777482, -2.66924203389275 ], [ 29.046734151160319, -2.671193192212018 ], [ 29.058060385678413, -2.678093629117629 ], [ 29.056704093818968, -2.683804335801432 ], [ 29.051826198920121, -2.68625518083191 ], [ 29.049089818240564, -2.685303396834249 ], [ 29.047733525481927, -2.687421116791067 ], [ 29.054990880824743, -2.689443658797741 ], [ 29.055086059674078, -2.693203206262907 ], [ 29.050469906161307, -2.69444052590947 ], [ 29.052563830956107, -2.698937708108729 ], [ 29.049875039701394, -2.70212618517528 ], [ 29.055633335809954, -2.705790555589583 ], [ 29.055324005898225, -2.708669703643774 ], [ 29.057346547904988, -2.70983563870374 ], [ 29.045163708238658, -2.72492142158628 ], [ 29.04237973813461, -2.725111778385847 ], [ 29.043069781645297, -2.735866942505328 ], [ 29.04128518586268, -2.735200693257378 ], [ 29.04095206168839, -2.74448059150606 ], [ 29.036692825713455, -2.74000720446882 ], [ 29.034884435668278, -2.734010963035483 ], [ 29.024034094497846, -2.725183162073253 ], [ 29.021250124393799, -2.719876964150514 ], [ 29.015658390822157, -2.717021611258342 ], [ 29.004118005241846, -2.704577030205669 ], [ 28.99714618464883, -2.702887612373373 ], [ 28.995694713040681, -2.699366010233162 ], [ 28.988461151061411, -2.699580162194748 ], [ 28.983131158875846, -2.693917044935612 ], [ 28.980489957945348, -2.694036018047774 ], [ 28.974707867574228, -2.695416105069149 ], [ 28.968806804090857, -2.703530067358673 ], [ 28.966617699547353, -2.703530067358673 ], [ 28.959455521255311, -2.69379807182345 ], [ 28.947272681588981, -2.690585799594969 ], [ 28.94375107944877, -2.693036643725988 ], [ 28.940015325346973, -2.689467453060479 ], [ 28.940443628370776, -2.685779288383439 ], [ 28.937326534991808, -2.681829383219426 ], [ 28.934661537999656, -2.68094898200989 ], [ 28.933876315639633, -2.683090497128727 ], [ 28.917552975689336, -2.680164473711478 ], [ 28.910343208872174, -2.668814444930645 ], [ 28.910021981829164, -2.664959718616056 ], [ 28.89760119593851, -2.660748072065789 ], [ 28.895423988526286, -2.655073057675462 ], [ 28.896102134905693, -2.6522177047832 ], [ 28.904132815477073, -2.64950511926575 ], [ 28.905774642985509, -2.64532916500887 ], [ 28.90402573949628, -2.626947829078985 ], [ 28.900349472849978, -2.621950961067976 ], [ 28.902348219694812, -2.608209573812792 ], [ 28.897494119058525, -2.598858290977335 ], [ 28.899492866802373, -2.584188914886421 ], [ 28.895209837464069, -2.574766249262928 ], [ 28.892889862677212, -2.560096872272733 ], [ 28.877756490369915, -2.550745589437365 ], [ 28.869583042423546, -2.538610339195791 ], [ 28.86262311896181, -2.532828248824582 ], [ 28.861730820620995, -2.524190805561111 ], [ 28.866120925940091, -2.51665981170085 ], [ 28.87433006707904, -2.509414352590212 ], [ 28.889249286525381, -2.504524559660537 ], [ 28.893955281411071, -2.489344449586517 ], [ 28.893601962960307, -2.480789087446367 ], [ 28.89597424591474, -2.475534731842244 ], [ 28.897604559403039, -2.477255900239562 ], [ 28.895590642794094, -2.482202363048514 ], [ 28.898255676658263, -2.480102640324467 ], [ 28.899599889723209, -2.476129167527009 ], [ 28.897916261726191, -2.47123444091667 ], [ 28.901848511399802, -2.466643504394173 ], [ 28.900565708540665, -2.464330283515682 ], [ 28.8969073123227, -2.469052168522679 ], [ 28.893972480945312, -2.467674535751175 ], [ 28.898572354930312, -2.453288292320777 ], [ 28.897731120095276, -2.450475200370106 ], [ 28.904437423948142, -2.433010650421131 ], [ 28.901488812258929, -2.420502819149795 ], [ 28.908348749994833, -2.408390656303683 ], [ 28.910821358618993, -2.408470418075271 ], [ 28.916596095233754, -2.402775442332728 ], [ 28.920924429718713, -2.407249831214709 ], [ 28.919171660044068, -2.403460489210175 ], [ 28.926857030627556, -2.395843432028733 ], [ 28.92936254454585, -2.40326706482309 ], [ 28.928352867590828, -2.399114367034339 ], [ 28.930159404133232, -2.397581086797696 ], [ 28.93145358341626, -2.403160097660318 ], [ 28.9338512839097, -2.404348567032655 ], [ 28.93515101111041, -2.400591294852251 ], [ 28.939655588434714, -2.399499299353159 ], [ 28.94037344347981, -2.392805309917068 ], [ 28.946125248281678, -2.388982737063617 ], [ 28.948897960672387, -2.38397570491481 ], [ 28.950270856714749, -2.390570988360408 ], [ 28.94771350047775, -2.391719555712924 ] ] ], [ [ [ 28.941459319991719, -2.379415328254775 ], [ 28.933268704886988, -2.39263958374979 ], [ 28.930016703308208, -2.393568727314899 ], [ 28.927746639096046, -2.389894387915581 ], [ 28.92976330223475, -2.388141686589463 ], [ 28.929570511869745, -2.383575356417523 ], [ 28.934279577940163, -2.381664276385165 ], [ 28.935134811622259, -2.384536173205698 ], [ 28.941459319991719, -2.379415328254775 ] ] ], [ [ [ 28.927047395521004, -2.376567103388949 ], [ 28.935338609689214, -2.374978851192966 ], [ 28.934934815889218, -2.377572098473435 ], [ 28.92982907954848, -2.378047677058571 ], [ 28.927361455866734, -2.381430564169096 ], [ 28.916743190146182, -2.378030294962097 ], [ 28.912181329604774, -2.379757597634991 ], [ 28.913510180450491, -2.384930267817576 ], [ 28.920193470652283, -2.382451096840621 ], [ 28.918951807280163, -2.385630966495856 ], [ 28.925553597320668, -2.388603389534761 ], [ 28.92362436357369, -2.390039098725405 ], [ 28.925042125893501, -2.394130865646871 ], [ 28.921041498966165, -2.39867429818027 ], [ 28.918837445891537, -2.397576770951171 ], [ 28.911108763958342, -2.400058816161422 ], [ 28.91036833503075, -2.40463667384333 ], [ 28.907216669014051, -2.40432834038048 ], [ 28.901690505912175, -2.409871515957696 ], [ 28.899333551902078, -2.409632230642933 ], [ 28.89922587427473, -2.413317216216416 ], [ 28.889519084937969, -2.41920522783895 ], [ 28.88648463385876, -2.43047972435978 ], [ 28.8818006354911, -2.434024128810431 ], [ 28.879072791176402, -2.432301278681027 ], [ 28.880050866854095, -2.428433840449318 ], [ 28.881621173078702, -2.431520612286387 ], [ 28.883765762080376, -2.430416912110689 ], [ 28.885811645990838, -2.417360941354352 ], [ 28.893139242881876, -2.409247980909568 ], [ 28.893120262690058, -2.400323018092776 ], [ 28.895525073223698, -2.402880373430405 ], [ 28.897953161809003, -2.401091674041445 ], [ 28.896274829020168, -2.398825007467987 ], [ 28.899958603207015, -2.400120175105925 ], [ 28.899704988994184, -2.395077282490521 ], [ 28.901621538703164, -2.396460887659802 ], [ 28.904104933795754, -2.394090680340589 ], [ 28.9026150791227, -2.388748893546533 ], [ 28.907780324502379, -2.390848664833956 ], [ 28.907624638366396, -2.384693730830956 ], [ 28.911082360762446, -2.3754475976285 ], [ 28.922255718626626, -2.373955908338455 ], [ 28.927047395521004, -2.376567103388949 ] ] ] ] } },
{ "type": "Feature", "properties": { "nisr_district_code": 32, "district_name": "Rutsiro", "province": "Western Province", "hdx_pcode": "RW32" }, "geometry": { "type": "MultiPolygon", "coordinates": [ [ [ [ 29.307224462638953, -2.025931339159881 ], [ 29.306835626363242, -2.02669891232491 ], [ 29.306840676056527, -2.026072734169271 ], [ 29.307224462638953, -2.025931339159881 ] ] ], [ [ [ 29.305192459764367, -2.025841783771265 ], [ 29.305268206962214, -2.026114474403385 ], [ 29.304991728385648, -2.025962979108143 ], [ 29.305192459764367, -2.025841783771265 ] ] ], [ [ [ 29.30146225088232, -2.022682322431158 ], [ 29.303078195902071, -2.024050825285218 ], [ 29.301078464299717, -2.023823582792128 ], [ 29.30146225088232, -2.022682322431158 ] ] ], [ [ [ 29.30691810408727, -2.015219876695851 ], [ 29.308902123634144, -2.015821367562032 ], [ 29.311963441060012, -2.019475197921994 ], [ 29.304718624065334, -2.01779641097547 ], [ 29.30691810408727, -2.015219876695851 ] ] ], [ [ [ 29.299173624663116, -2.01117576754758 ], [ 29.302859997890767, -2.011822146275011 ], [ 29.302183321003621, -2.013781477633059 ], [ 29.299173624663116, -2.01117576754758 ] ] ], [ [ [ 29.332898178008609, -2.009896736445127 ], [ 29.333539427003135, -2.010337728903056 ], [ 29.333658729267025, -2.011081236210067 ], [ 29.332898178008609, -2.009896736445127 ] ] ], [ [ [ 29.338808255396803, -2.005323208998855 ], [ 29.3390763109232, -2.006847085024932 ], [ 29.338286832971033, -2.005613295217368 ], [ 29.338808255396803, -2.005323208998855 ] ] ], [ [ [ 29.326792326304901, -2.004086118679338 ], [ 29.327620497587919, -2.00632319216153 ], [ 29.325277379647357, -2.00311655148765 ], [ 29.326792326304901, -2.004086118679338 ] ] ], [ [ [ 29.339087887895648, -2.003198962661979 ], [ 29.338826258025346, -2.003364201396763 ], [ 29.339024545946184, -2.003094311253373 ], [ 29.339087887895648, -2.003198962661979 ] ] ], [ [ [ 29.323024051818674, -2.002679425215226 ], [ 29.324694281715818, -2.001776138957612 ], [ 29.325310675247589, -2.002923711659988 ], [ 29.323024051818674, -2.002679425215226 ] ] ], [ [ [ 29.343062224941779, -2.002092011437163 ], [ 29.342272864800972, -2.002496413178945 ], [ 29.342311748788202, -2.001454301274886 ], [ 29.343062224941779, -2.002092011437163 ] ] ], [ [ [ 29.325088371831026, -2.001672768183627 ], [ 29.328129629878735, -2.001820476433791 ], [ 29.328235676135666, -2.002104528201321 ], [ 29.325088371831026, -2.001672768183627 ] ] ], [ [ [ 29.32446704012192, -2.000722302592151 ], [ 29.324682762299641, -2.001404029172494 ], [ 29.324163103444494, -2.001145541533467 ], [ 29.32446704012192, -2.000722302592151 ] ] ], [ [ [ 29.342029349075165, -2.000956575985103 ], [ 29.342781769563214, -2.000956575985103 ], [ 29.342854677601398, -2.001341535283497 ], [ 29.342029349075165, -2.000956575985103 ] ] ], [ [ [ 29.341003276580107, -2.000803954738706 ], [ 29.340898288825084, -2.003401454913123 ], [ 29.340062267359873, -2.003623097327945 ], [ 29.339436222303899, -2.000924497167811 ], [ 29.341003276580107, -2.000803954738706 ] ] ], [ [ [ 29.326073965840987, -2.000071939868032 ], [ 29.325776775877682, -2.000206154690221 ], [ 29.325901403926718, -1.999964887269601 ], [ 29.326073965840987, -2.000071939868032 ] ] ], [ [ [ 29.306950813329518, -1.986952849294499 ], [ 29.307812269420868, -1.988675762376391 ], [ 29.30620051254375, -1.988692434907835 ], [ 29.305694753610172, -1.992071568248177 ], [ 29.30510007151123, -1.989303790437502 ], [ 29.306950813329518, -1.986952849294499 ] ] ], [ [ [ 29.329395243995531, -1.986780859349191 ], [ 29.327959831581001, -1.987015675033333 ], [ 29.328012853810275, -1.986523316897471 ], [ 29.329395243995531, -1.986780859349191 ] ] ], [ [ [ 29.303432205032347, -1.980188029254093 ], [ 29.302031018117052, -1.979448426803432 ], [ 29.301653415272948, -1.978674497230204 ], [ 29.302764379272677, -1.978184550176787 ], [ 29.303432205032347, -1.980188029254093 ] ] ], [ [ [ 29.325613545328959, -1.968492642821185 ], [ 29.325120281575739, -1.968782281177328 ], [ 29.325522265040565, -1.968078372818616 ], [ 29.325613545328959, -1.968492642821185 ] ] ], [ [ [ 29.322193897530429, -1.959041891370161 ], [ 29.321557277346482, -1.961201405520419 ], [ 29.320100958392697, -1.96058559025275 ], [ 29.320071832049582, -1.959095983792525 ], [ 29.322193897530429, -1.959041891370161 ] ] ], [ [ [ 29.31921425473411, -1.95554199706548 ], [ 29.320234719057108, -1.956431391495495 ], [ 29.318928712789887, -1.956220745091264 ], [ 29.31921425473411, -1.95554199706548 ] ] ], [ [ [ 29.320139625643431, -1.940434156511073 ], [ 29.319093416428171, -1.939989458846425 ], [ 29.319938340282253, -1.939291986036251 ], [ 29.320139625643431, -1.940434156511073 ] ] ], [ [ [ 29.152347063566236, -1.919844895025824 ], [ 29.156172047502043, -1.926668000127985 ], [ 29.15378068902778, -1.928202751655628 ], [ 29.152805109868101, -1.925097556307132 ], [ 29.149206175024982, -1.923128551841169 ], [ 29.148361466108835, -1.927673321666446 ], [ 29.152567162744408, -1.938767558975629 ], [ 29.151115692035628, -1.941688346539972 ], [ 29.147207428180327, -1.940391541236564 ], [ 29.143275368263726, -1.932836752214284 ], [ 29.143899976202963, -1.928393109354387 ], [ 29.147754704316203, -1.927274761920706 ], [ 29.148557771923816, -1.920505196157729 ], [ 29.152347063566236, -1.919844895025824 ] ] ], [ [ [ 29.282675310817002, -1.911900096112407 ], [ 29.281945817645532, -1.911557027234923 ], [ 29.28274882589778, -1.911115938549701 ], [ 29.282675310817002, -1.911900096112407 ] ] ], [ [ [ 29.266201311941014, -1.899882731702596 ], [ 29.270454598900624, -1.911559936541763 ], [ 29.264125232393628, -1.927163252282205 ], [ 29.260478709025389, -1.92155367436252 ], [ 29.265969315631562, -1.915658558995193 ], [ 29.266605821601448, -1.909864570593423 ], [ 29.261632746953897, -1.901048667661842 ], [ 29.263238883967329, -1.902089682392883 ], [ 29.266201311941014, -1.899882731702596 ] ] ], [ [ [ 29.286587831163462, -1.870209946131996 ], [ 29.286331472219789, -1.870615220216066 ], [ 29.286159937331274, -1.869819751879976 ], [ 29.286587831163462, -1.870209946131996 ] ] ], [ [ [ 29.285401871799149, -1.855937105412997 ], [ 29.284577662029559, -1.854848441902013 ], [ 29.285326944782913, -1.854905739508139 ], [ 29.285401871799149, -1.855937105412997 ] ] ], [ [ [ 29.28206126721366, -1.847315963261009 ], [ 29.285237847149109, -1.849225482070305 ], [ 29.283364022431851, -1.84921953305498 ], [ 29.283447303250536, -1.851729863742124 ], [ 29.28251336539957, -1.85244370241483 ], [ 29.28206126721366, -1.847315963261009 ] ] ], [ [ [ 29.287148372299637, -1.833283547297848 ], [ 29.286256982274022, -1.831919374679336 ], [ 29.287478336256239, -1.830102116419463 ], [ 29.288473147417864, -1.830762042534195 ], [ 29.287148372299637, -1.833283547297848 ] ] ], [ [ [ 29.288536970504946, -1.828307754898939 ], [ 29.286855946045048, -1.827036952593242 ], [ 29.287823538325835, -1.825364844911592 ], [ 29.288710870610284, -1.825726019839957 ], [ 29.288536970504946, -1.828307754898939 ] ] ], [ [ [ 29.268796672628444, -1.823727901621342 ], [ 29.271390285033821, -1.826279873617198 ], [ 29.270474193329459, -1.82786221546879 ], [ 29.268552777388795, -1.825530344449844 ], [ 29.268796672628444, -1.823727901621342 ] ] ], [ [ [ 29.282766514663077, -1.819506295978768 ], [ 29.280690436014883, -1.821903602569164 ], [ 29.277032013716624, -1.823890453181731 ], [ 29.278864198923731, -1.819791831627671 ], [ 29.282766514663077, -1.819506295978768 ] ] ], [ [ [ 29.267579019356365, -1.786051207397199 ], [ 29.266707031304644, -1.786415906768613 ], [ 29.267485787539076, -1.785863374095398 ], [ 29.267579019356365, -1.786051207397199 ] ] ], [ [ [ 29.421160365858395, -1.730566465370009 ], [ 29.420434430404779, -1.735203916627326 ], [ 29.427542197914097, -1.738282739356889 ], [ 29.434748180384201, -1.738506925054451 ], [ 29.437413252020111, -1.748188429052766 ], [ 29.445062146101247, -1.752772442594142 ], [ 29.444209759672784, -1.755253498550114 ], [ 29.448448862524994, -1.763876308045165 ], [ 29.445530338554409, -1.77110637885628 ], [ 29.446938876528133, -1.777085999918848 ], [ 29.439798006772715, -1.775849798129647 ], [ 29.436401987761645, -1.779272876841687 ], [ 29.43029997886099, -1.780923532095325 ], [ 29.418420675673811, -1.794588788141971 ], [ 29.410654481219527, -1.791612197644688 ], [ 29.409720913889064, -1.793695810812912 ], [ 29.404728359925929, -1.79347933140589 ], [ 29.398174566702966, -1.797978930982824 ], [ 29.401147702904201, -1.800277489314584 ], [ 29.403521215231859, -1.799319756301687 ], [ 29.404812072419222, -1.802884188654341 ], [ 29.413698169235108, -1.801526706991885 ], [ 29.41520555978882, -1.808980367250135 ], [ 29.418153711025024, -1.812103409644606 ], [ 29.42277581355312, -1.811553754801898 ], [ 29.429671491246506, -1.816467341994221 ], [ 29.433893845124953, -1.830225384693718 ], [ 29.436742060097981, -1.831491257815243 ], [ 29.439282134962557, -1.836663016984608 ], [ 29.446935671344281, -1.838237029315304 ], [ 29.453564850237751, -1.843766897624166 ], [ 29.459477809953032, -1.843966771948902 ], [ 29.463021155901775, -1.846515748303068 ], [ 29.462080333740619, -1.854892208308778 ], [ 29.457128155739792, -1.861031666777946 ], [ 29.459320004114947, -1.866663258302615 ], [ 29.458096221963064, -1.87269911487219 ], [ 29.46173084909957, -1.875411701288921 ], [ 29.461617824103453, -1.880426414547254 ], [ 29.467203608659592, -1.88274638843492 ], [ 29.468661029283066, -1.88578020189466 ], [ 29.466602794983093, -1.8911399373582 ], [ 29.471504485044047, -1.895030356865457 ], [ 29.47194468519913, -1.902031920736536 ], [ 29.479136606769057, -1.909604555006139 ], [ 29.479624395449616, -1.91650499191175 ], [ 29.483758709296975, -1.915011880793627 ], [ 29.490171355723465, -1.919330602425318 ], [ 29.491848876424658, -1.918117077041315 ], [ 29.495715500769808, -1.923102047921044 ], [ 29.500914622711843, -1.922495284329851 ], [ 29.504179570930471, -1.926881310324158 ], [ 29.508368283869284, -1.927325590703399 ], [ 29.506470663990097, -1.930686580221475 ], [ 29.508992892707891, -1.930621144650025 ], [ 29.508201722231735, -1.932744814521537 ], [ 29.514917750454, -1.937355019018894 ], [ 29.51454298587019, -1.94137035975418 ], [ 29.52527435572711, -1.95122727741689 ], [ 29.52878406073604, -1.950798973493717 ], [ 29.533114679499011, -1.954356267927404 ], [ 29.527002301415155, -1.962074154398652 ], [ 29.52876905105099, -1.966333388574937 ], [ 29.528400233683943, -1.970247601445563 ], [ 29.52539021628559, -1.971032823805763 ], [ 29.526538306098143, -1.972936393599645 ], [ 29.524248165420513, -1.97592336137401 ], [ 29.51530130051469, -1.97601184566999 ], [ 29.515014872738259, -1.979234765871729 ], [ 29.531266656331272, -1.99714335787965 ], [ 29.535844308068409, -2.005910203692863 ], [ 29.547578561401682, -2.010948906366894 ], [ 29.552569479497908, -2.017462680658134 ], [ 29.564377556379167, -2.021448278115446 ], [ 29.565620823242494, -2.02497582927107 ], [ 29.563225499657147, -2.027022021648828 ], [ 29.549789532061393, -2.027112935013931 ], [ 29.545046162250681, -2.03174014748978 ], [ 29.549282987120289, -2.040056095712173 ], [ 29.540345857375588, -2.047935274693169 ], [ 29.537935001599241, -2.055733341120781 ], [ 29.539358334319726, -2.059180008150785 ], [ 29.544898334390684, -2.059371675262567 ], [ 29.548898335389911, -2.062613340033582 ], [ 29.554720002226514, -2.059161675470878 ], [ 29.555817282141977, -2.062358031497936 ], [ 29.562205002059255, -2.065518340898687 ], [ 29.560034438838361, -2.06940580883096 ], [ 29.554288344731344, -2.065640394188828 ], [ 29.550798467975053, -2.067674767676364 ], [ 29.543731469431894, -2.067228618505868 ], [ 29.541179497435859, -2.070179151146834 ], [ 29.538913013424899, -2.067735914380775 ], [ 29.53979292000734, -2.064223267689569 ], [ 29.536428334999759, -2.062443341187204 ], [ 29.531033845235893, -2.06390413786558 ], [ 29.526771669377244, -2.058535008084006 ], [ 29.516960002002495, -2.05679334054022 ], [ 29.514963784950748, -2.059055170559676 ], [ 29.510793779709193, -2.057484727638015 ], [ 29.502959404053247, -2.059114657115713 ], [ 29.50045833548393, -2.061008341561677 ], [ 29.501020143764716, -2.064081781848659 ], [ 29.484720507245637, -2.063364660650413 ], [ 29.479716158674012, -2.058698431987039 ], [ 29.481316345772928, -2.055700310820685 ], [ 29.477295056921331, -2.051215026652165 ], [ 29.467106876681076, -2.046432130738174 ], [ 29.466837326481492, -2.043315216324138 ], [ 29.461983041484235, -2.04367007981029 ], [ 29.466468643113391, -2.032727401648205 ], [ 29.4609241698146, -2.029325000148641 ], [ 29.460733303099634, -2.031377637967558 ], [ 29.454970936659446, -2.034997585470111 ], [ 29.45121247017936, -2.043428741343301 ], [ 29.447601756915692, -2.045645035090316 ], [ 29.444582054718243, -2.046882467152112 ], [ 29.436513292354743, -2.042460001527824 ], [ 29.43196354208381, -2.042964491518052 ], [ 29.430665571259301, -2.047224144778304 ], [ 29.426999449864926, -2.046097528977742 ], [ 29.425374167184042, -2.042062025442049 ], [ 29.420073528870343, -2.04293930870213 ], [ 29.417515555698397, -2.037934176820822 ], [ 29.413027558275278, -2.036659806904562 ], [ 29.411485386441488, -2.038128103029424 ], [ 29.411328399885821, -2.031987118410739 ], [ 29.407849666628987, -2.031727704469922 ], [ 29.407274426973256, -2.033954081415657 ], [ 29.399923717505654, -2.032310329358167 ], [ 29.3989639844004, -2.030435838243217 ], [ 29.394670017507234, -2.036620235835207 ], [ 29.393522178605796, -2.032940212720614 ], [ 29.38951873500179, -2.034147789988483 ], [ 29.387823369053361, -2.030471522442812 ], [ 29.380393593889369, -2.029419001785427 ], [ 29.382207610093285, -2.025565882559344 ], [ 29.380715006192542, -2.024684047830461 ], [ 29.376567655772828, -2.025494815433293 ], [ 29.37417568036344, -2.023817693131902 ], [ 29.368595032734628, -2.02830169576661 ], [ 29.366433460935564, -2.027067687423723 ], [ 29.367160719291856, -2.024649557930636 ], [ 29.364294111384186, -2.024788948351175 ], [ 29.368348571729424, -2.020928424107427 ], [ 29.364040007939945, -2.019116159782953 ], [ 29.361648650365051, -2.023934568125763 ], [ 29.359507135246037, -2.022090485787287 ], [ 29.353195615785193, -2.027664373212146 ], [ 29.354855289440057, -2.021804950138296 ], [ 29.350637693874464, -2.019508771412649 ], [ 29.354641136579279, -2.018140579723904 ], [ 29.354111707489377, -2.011948033375044 ], [ 29.357341824965271, -2.011680343872746 ], [ 29.354596379119673, -2.009110398026304 ], [ 29.358140876200583, -2.007460094407832 ], [ 29.353925841004862, -2.006678920795546 ], [ 29.352561017277228, -2.004207653060653 ], [ 29.352566965393184, -2.007372335864555 ], [ 29.34933684701792, -2.008169454456755 ], [ 29.350780882131982, -2.01098911685419 ], [ 29.346178112330062, -2.010951937981498 ], [ 29.347813991722365, -2.00825273617481 ], [ 29.346765541396696, -2.004980978289395 ], [ 29.344081211678724, -2.010059639640594 ], [ 29.344869408996093, -2.000147696958588 ], [ 29.343248400793048, -1.998110283762478 ], [ 29.347348776025289, -1.996583031681498 ], [ 29.349341488418961, -1.992978041703231 ], [ 29.35304155022737, -1.994316489214454 ], [ 29.35441451012159, -1.991002760868599 ], [ 29.348691907205787, -1.989331189182997 ], [ 29.347799608864971, -1.986065379413715 ], [ 29.345907937101739, -1.989771390237449 ], [ 29.343978979446444, -1.985969978431757 ], [ 29.342253909790077, -1.991632264717203 ], [ 29.339152693042497, -1.987552983083652 ], [ 29.337748434043103, -1.989876753009734 ], [ 29.339402470747505, -1.991540936764713 ], [ 29.334196820626762, -1.993489250528458 ], [ 29.335789973228781, -1.990465305329414 ], [ 29.335495696169527, -1.988070504250372 ], [ 29.333354581248965, -1.988486550413848 ], [ 29.333872101516317, -1.984995820200786 ], [ 29.330982992571169, -1.986449571590454 ], [ 29.329055628514549, -1.984879127769512 ], [ 29.330453561682706, -1.98211300471135 ], [ 29.327288878878715, -1.977104239568883 ], [ 29.331816664107773, -1.976006298651767 ], [ 29.327177170490042, -1.972840219200711 ], [ 29.329501301943555, -1.969691678328245 ], [ 29.327045615862584, -1.967578034098916 ], [ 29.328050195460225, -1.964586337689201 ], [ 29.324412804707183, -1.96479406759208 ], [ 29.323547970762281, -1.962721009766677 ], [ 29.326678005385769, -1.960664317803984 ], [ 29.322492365430424, -1.958880130313701 ], [ 29.325532002000248, -1.95860033054075 ], [ 29.327904722924696, -1.956010013251464 ], [ 29.326988812883553, -1.953778978716836 ], [ 29.329979825808355, -1.953031224811108 ], [ 29.327222485529408, -1.95005449222091 ], [ 29.323051425383067, -1.951141072002794 ], [ 29.323109845343136, -1.948722558499283 ], [ 29.325271317317519, -1.948360364639046 ], [ 29.320843218339892, -1.945871749881312 ], [ 29.3247455538643, -1.943873846600719 ], [ 29.326124223554178, -1.940170133544739 ], [ 29.325096505299502, -1.938932201459898 ], [ 29.322572788203754, -1.941500519533313 ], [ 29.320954754958233, -1.937401898878444 ], [ 29.324642918735815, -1.933023689791436 ], [ 29.32305462876818, -1.931423502692342 ], [ 29.323936239565878, -1.926658222698807 ], [ 29.321247647960707, -1.926496032665759 ], [ 29.318880085547743, -1.931897409437833 ], [ 29.317029981348657, -1.931420787639093 ], [ 29.3171258877497, -1.934643332823483 ], [ 29.312914242098802, -1.938997745849192 ], [ 29.313598336593987, -1.94406005033102 ], [ 29.31095713476412, -1.94301903559998 ], [ 29.307280867218271, -1.94655253487156 ], [ 29.307780554828849, -1.942227865123825 ], [ 29.302730148377758, -1.944773888104445 ], [ 29.301501807562385, -1.934944103887271 ], [ 29.296167255814314, -1.938282871157482 ], [ 29.289623738245101, -1.934796959512009 ], [ 29.292990675879043, -1.932964775204183 ], [ 29.290629060682665, -1.928497337182267 ], [ 29.291502042485423, -1.922338269895152 ], [ 29.288041161670424, -1.922560993295142 ], [ 29.287107222920088, -1.917926993635677 ], [ 29.2839484891316, -1.919562873028069 ], [ 29.283841413150807, -1.921906641178473 ], [ 29.28234235211799, -1.920455171369062 ], [ 29.286143541791059, -1.915077588859637 ], [ 29.284271119116905, -1.90715696102487 ], [ 29.28110643451453, -1.908269358544035 ], [ 29.279940500353934, -1.905860153922812 ], [ 29.276085773140064, -1.906484762761507 ], [ 29.274443944732258, -1.904718013125673 ], [ 29.279196918403077, -1.903480692579918 ], [ 29.280053523551313, -1.901130975414189 ], [ 29.275564107897328, -1.899157229722237 ], [ 29.275617645437951, -1.896878895344723 ], [ 29.27071000816041, -1.897461863773986 ], [ 29.273660539002815, -1.88955015541531 ], [ 29.278003055796436, -1.888509142482919 ], [ 29.281377610688313, -1.890866990419193 ], [ 29.281006971294648, -1.885358733718568 ], [ 29.283475661572627, -1.886488976485057 ], [ 29.28551010161004, -1.882199999030621 ], [ 29.286811519536176, -1.883855507925303 ], [ 29.287638414681243, -1.881146356918839 ], [ 29.28479495892044, -1.877279732573512 ], [ 29.289196962270186, -1.877951930836874 ], [ 29.289533930146899, -1.870988100720139 ], [ 29.286644107139875, -1.868692833007801 ], [ 29.287304408271869, -1.866188449537243 ], [ 29.2833247589306, -1.866396652483504 ], [ 29.28742828898449, -1.857867014551096 ], [ 29.284877647985102, -1.853934275646252 ], [ 29.287001316957333, -1.852625572312283 ], [ 29.286305325330513, -1.850597082189565 ], [ 29.288440891434202, -1.848604283460775 ], [ 29.288809707901702, -1.850430520552016 ], [ 29.291230808754836, -1.848812487306317 ], [ 29.296156293078528, -1.850133086872374 ], [ 29.297324116714723, -1.847392555821748 ], [ 29.291777092938592, -1.839044750914509 ], [ 29.289337596453063, -1.822516254021844 ], [ 29.286499688609762, -1.823085749707565 ], [ 29.284471197587852, -1.820914492210035 ], [ 29.287362242773323, -1.81980209469087 ], [ 29.285321854620133, -1.817404787201105 ], [ 29.287047689599415, -1.813915116389498 ], [ 29.289099974884063, -1.813873475080785 ], [ 29.289938734784887, -1.809881928608059 ], [ 29.287368917541617, -1.81115494144738 ], [ 29.28769090720979, -1.804652429366061 ], [ 29.28527573288881, -1.804368305652793 ], [ 29.283246622233843, -1.807259645815995 ], [ 29.285982760995804, -1.80858747772984 ], [ 29.282881970526613, -1.812648933001848 ], [ 29.280474395477068, -1.811284021140536 ], [ 29.280135323186645, -1.813969836538621 ], [ 29.275227685009735, -1.809842960084451 ], [ 29.274812765696783, -1.807027760122948 ], [ 29.278033961897759, -1.806938529389568 ], [ 29.276463516278344, -1.803931486049193 ], [ 29.278083037901997, -1.802361041328971 ], [ 29.275196455152457, -1.801013672542829 ], [ 29.274768152128654, -1.797083099205532 ], [ 29.278696665119124, -1.796413668156183 ], [ 29.277470000640154, -1.793977275231085 ], [ 29.279161237801137, -1.793654485166274 ], [ 29.279320359347121, -1.789364255855708 ], [ 29.275006763851035, -1.789261102717677 ], [ 29.276385363393825, -1.785098533070839 ], [ 29.274440762930947, -1.783534177660118 ], [ 29.268979899602837, -1.785009444430286 ], [ 29.270205322117942, -1.7774189640139 ], [ 29.267921039624472, -1.774444636210915 ], [ 29.269878146059607, -1.773564237699399 ], [ 29.273221288531797, -1.776199489614749 ], [ 29.276326486578224, -1.7746052506317 ], [ 29.279360298239315, -1.777526039095412 ], [ 29.278089294485515, -1.779308786771028 ], [ 29.28233644267279, -1.776742190899372 ], [ 29.282519122859323, -1.774047644882748 ], [ 29.289801545904719, -1.77311598591402 ], [ 29.288186079324124, -1.77097206061202 ], [ 29.290102924010835, -1.769532093131565 ], [ 29.29732309688357, -1.767533864296367 ], [ 29.299566706638263, -1.768915687908612 ], [ 29.301542769883032, -1.763586965565944 ], [ 29.298680279071714, -1.755691914450231 ], [ 29.301523334634243, -1.751361676100472 ], [ 29.300714728102289, -1.746989495169038 ], [ 29.310650121505926, -1.737784391736208 ], [ 29.330814997414183, -1.745863762502575 ], [ 29.341348233134628, -1.745803120317613 ], [ 29.344916843737384, -1.750408385738356 ], [ 29.350555331263688, -1.75133440056211 ], [ 29.35511559101182, -1.747428115215277 ], [ 29.358477371034002, -1.750516906030309 ], [ 29.366224277728275, -1.752355657187777 ], [ 29.371358041440548, -1.748534920749967 ], [ 29.369767370967519, -1.745869923757904 ], [ 29.373007006867862, -1.740181823332388 ], [ 29.372201278166504, -1.735953577995153 ], [ 29.382549141129982, -1.734258919813281 ], [ 29.399859719950133, -1.738206444471724 ], [ 29.408398411357755, -1.729504242826485 ], [ 29.411709435442173, -1.73128935212189 ], [ 29.419294195270911, -1.729317030956124 ], [ 29.421160365858395, -1.730566465370009 ] ] ] ] } }
]
}
