{
"type": "FeatureCollection",
"name": "rwanda_districts_simplified",
"crs": { "type": "name", "properties": { "name": "urn:ogc:def:crs:OGC:1.3:CRS84" } },
"features": [
{ "type": "Feature", "properties": { "district_name": "Bugesera", "gaul_district_code": 21974, "district_code": 57 }, "geometry": { "type": "Polygon", "coordinates": [ [ [ 29.958983214786134, -2.327325264588658 ], [ 29.982402379763577, -2.335422963553618 ], [ 29.998058337999865, -2.343837290188926 ], [ 30.018993778756901, -2.34340478004965 ], [ 30.030261975314268, -2.347993172294312 ], [ 30.043474306035005, -2.357990476137698 ], [ 30.049667936892991, -2.365972251121997 ], [ 30.065069707792176, -2.394987624261746 ], [ 30.097732570433447, -2.423494678944312 ], [ 30.107194845416259, -2.425996207012739 ], [ 30.123818393836725, -2.435993495086597 ], [ 30.131800113539729, -2.437750405917861 ], [ 30.156253812128163, -2.431632556739989 ], [ 30.165332619173931, -2.426633906601833 ], [ 30.182468941288693, -2.429184471563686 ], [ 30.19656861905786, -2.408578995296268 ], [ 30.198914089450369, -2.387799558923775 ], [ 30.213272408152932, -2.382725129156394 ], [ 30.214547676684891, -2.370203941317724 ], [ 30.217860834094441, -2.367399202462064 ], [ 30.220054648939552, -2.354877991891414 ], [ 30.224362130160607, -2.350213827244676 ], [ 30.231630526430003, -2.350851465915003 ], [ 30.243821661971335, -2.360104075608334 ], [ 30.24815592222804, -2.364184150277399 ], [ 30.2498370471729, -2.370739020013171 ], [ 30.256458776772771, -2.373432368609572 ], [ 30.277889188610523, -2.375140155084817 ], [ 30.29474019591493, -2.373508156544896 ], [ 30.372386515751593, -2.355493396507271 ], [ 30.373706410439414, -2.348430154525657 ], [ 30.3679675369481, -2.348225051464663 ], [ 30.366513890310113, -2.349928430501588 ], [ 30.364382426331204, -2.345866197662966 ], [ 30.362924253671096, -2.346374482932791 ], [ 30.362817295736772, -2.342646681057985 ], [ 30.359004750816688, -2.341674597070748 ], [ 30.359463996706072, -2.337144171392494 ], [ 30.357497522730633, -2.334981498464894 ], [ 30.359669121907558, -2.333425317356349 ], [ 30.35741281485004, -2.328043162168064 ], [ 30.359356947962496, -2.325002069977508 ], [ 30.353613658044875, -2.311437476015372 ], [ 30.344347613158924, -2.307388617923196 ], [ 30.343331012209926, -2.300245142019239 ], [ 30.328147736626985, -2.288281320570061 ], [ 30.330493235437046, -2.27756610738949 ], [ 30.329133222547085, -2.27398994754119 ], [ 30.334649113954562, -2.271943204319602 ], [ 30.333137468833616, -2.268482966096889 ], [ 30.33491665448777, -2.270016870224348 ], [ 30.337288864248528, -2.267006969752279 ], [ 30.337583232022311, -2.259297221700986 ], [ 30.334475181521196, -2.249094784533768 ], [ 30.340098175485682, -2.246758212307391 ], [ 30.338417065160808, -2.237902426345809 ], [ 30.335826340979239, -2.238727363541627 ], [ 30.333587832171567, -2.231971809885343 ], [ 30.33563455073844, -2.226353352642862 ], [ 30.333935611195809, -2.217292451540126 ], [ 30.321891605834089, -2.2085794004326 ], [ 30.32728269187254, -2.202697823691794 ], [ 30.326355173112042, -2.200173998142173 ], [ 30.322145798611999, -2.198064836878574 ], [ 30.317753534724329, -2.204548343544838 ], [ 30.314150587255067, -2.205471411252409 ], [ 30.312469582532184, -2.202702296332737 ], [ 30.309976897115195, -2.206675346251479 ], [ 30.307600231117213, -2.203638705553146 ], [ 30.304697294411564, -2.207406654756732 ], [ 30.298677558718552, -2.204053361991354 ], [ 30.297411113844682, -2.207054335231847 ], [ 30.296439117233948, -2.203504907542313 ], [ 30.294236279556483, -2.206679785798478 ], [ 30.292385782785004, -2.204891687188181 ], [ 30.293464824385701, -2.203027806970577 ], [ 30.287583275411006, -2.205623019037743 ], [ 30.286945644371492, -2.207848072795921 ], [ 30.284408378965832, -2.206969650352442 ], [ 30.283882243830572, -2.209194697867886 ], [ 30.278798831827189, -2.209185820797622 ], [ 30.277844652457517, -2.200008952700619 ], [ 30.274888245443414, -2.198613268965268 ], [ 30.27599858921095, -2.195549885037282 ], [ 30.271766910097337, -2.195264520688686 ], [ 30.27428179926083, -2.193645839374992 ], [ 30.266099342947509, -2.188584741903464 ], [ 30.268386890787021, -2.186765457179717 ], [ 30.26936789753929, -2.178114796368773 ], [ 30.259589102578548, -2.173619993238898 ], [ 30.263147424893283, -2.166048467281496 ], [ 30.267294351359514, -2.164581451249572 ], [ 30.2691939663247, -2.155016646889436 ], [ 30.273956306380619, -2.14963005133254 ], [ 30.270580744478728, -2.145344846817604 ], [ 30.266326796770983, -2.145416193991944 ], [ 30.269635395551852, -2.137844649650309 ], [ 30.266438234916933, -2.138031931506025 ], [ 30.270339918805924, -2.132903976914886 ], [ 30.26628665788957, -2.13326963637387 ], [ 30.267932077902842, -2.127820594383323 ], [ 30.265220948498438, -2.126893077388729 ], [ 30.270134829343089, -2.124748281573469 ], [ 30.267463795912175, -2.122563324556936 ], [ 30.270678887855411, -2.122911113778509 ], [ 30.269029013128009, -2.112597209613483 ], [ 30.260726160011767, -2.106287587915265 ], [ 30.252846925558295, -2.107866092955761 ], [ 30.249841448917199, -2.102006857975486 ], [ 30.252347514115762, -2.102408177621652 ], [ 30.253011899060972, -2.100214272542111 ], [ 30.247857127665412, -2.098207696922841 ], [ 30.246211720592569, -2.09491690510706 ], [ 30.249658688370126, -2.090890288235616 ], [ 30.244588654715077, -2.090386461458342 ], [ 30.246225102263242, -2.086997531197071 ], [ 30.24199792334359, -2.077352473990609 ], [ 30.244865094990093, -2.073651441877664 ], [ 30.241632292184779, -2.075109557072274 ], [ 30.238791815039029, -2.068884688561856 ], [ 30.236981389407749, -2.071252469239747 ], [ 30.233213514876141, -2.068764278844351 ], [ 30.231661695082675, -2.070654912780364 ], [ 30.222096975567322, -2.066164599339581 ], [ 30.221798210002689, -2.072429668648473 ], [ 30.21086889595751, -2.075631256769616 ], [ 30.208068617940693, -2.079742540885968 ], [ 30.206864618425364, -2.074752861414271 ], [ 30.204661866258238, -2.073548892903826 ], [ 30.206802181346479, -2.068037455085134 ], [ 30.203921677642111, -2.067939302771946 ], [ 30.204831303260352, -2.065308450346784 ], [ 30.200943004078926, -2.066472302306389 ], [ 30.19913258808775, -2.057041274597377 ], [ 30.195097042401329, -2.061750099447088 ], [ 30.19266686629042, -2.060456986021831 ], [ 30.19075390683858, -2.0557437183798 ], [ 30.193781689684251, -2.053581044055294 ], [ 30.191239987872162, -2.051320284032388 ], [ 30.189697099397236, -2.04255366674434 ], [ 30.18545208175096, -2.038192657861997 ], [ 30.182901412294356, -2.03833979508949 ], [ 30.180988488118473, -2.033617600304032 ], [ 30.17901757837636, -2.03302012573142 ], [ 30.178250557502803, -2.035958638039187 ], [ 30.175370049783595, -2.035191699009003 ], [ 30.172600908822954, -2.02821763333712 ], [ 30.171945456854104, -2.031307787009862 ], [ 30.166665871956472, -2.03005034957815 ], [ 30.165591254521924, -2.033876227333044 ], [ 30.162429720005363, -2.02947512426027 ], [ 30.161604813961951, -2.032025694671633 ], [ 30.157957247860864, -2.030799489542767 ], [ 30.157538086291609, -2.035619746558313 ], [ 30.1527356056481, -2.03436676019645 ], [ 30.147219758791181, -2.040939471401025 ], [ 30.146122782141674, -2.039405526513383 ], [ 30.142684837056965, -2.04105984544862 ], [ 30.141739454893919, -2.038299676236052 ], [ 30.139657123508311, -2.040752171952375 ], [ 30.13724470096896, -2.039543796025233 ], [ 30.138203419475953, -2.04332956014397 ], [ 30.134685176917309, -2.042954985528742 ], [ 30.137115355825216, -2.046089719265054 ], [ 30.134725355718246, -2.047645985758145 ], [ 30.132901525543645, -2.043860149774022 ], [ 30.128986449224755, -2.048011615266007 ], [ 30.130141369909776, -2.049719439676103 ], [ 30.127920691853753, -2.052814037194631 ], [ 30.123608759543615, -2.04956783672456 ], [ 30.12289975436428, -2.052996865695593 ], [ 30.125700064981167, -2.055364690687307 ], [ 30.119823037171418, -2.05633231080371 ], [ 30.118904458353242, -2.059810403628689 ], [ 30.118168639032451, -2.054686870443751 ], [ 30.113714069828404, -2.060265214151306 ], [ 30.110120009363108, -2.056274317244803 ], [ 30.108715335848895, -2.058851701313311 ], [ 30.105527159615342, -2.057429229253641 ], [ 30.104198319160538, -2.060033330417954 ], [ 30.103667678230909, -2.056568642342662 ], [ 30.10167447305631, -2.055890866185022 ], [ 30.096243243853987, -2.064456780432542 ], [ 30.094981384018716, -2.061058909849622 ], [ 30.091342750803054, -2.064006388451506 ], [ 30.092060648977807, -2.060113627139731 ], [ 30.090094154104587, -2.059252967018797 ], [ 30.081635279716433, -2.064791189095189 ], [ 30.07909805114685, -2.062396678093526 ], [ 30.07687740792786, -2.069254773893051 ], [ 30.075798277719738, -2.064724307247205 ], [ 30.072400485948439, -2.064394373793975 ], [ 30.071856408159245, -2.068108762824876 ], [ 30.068610231398146, -2.068273736310572 ], [ 30.066019510310205, -2.07125241085122 ], [ 30.062287260890518, -2.066699692160799 ], [ 30.054483813444172, -2.064537020951218 ], [ 30.057859312024192, -2.060523812229684 ], [ 30.057988645530891, -2.055770429032636 ], [ 30.04670715815438, -2.054669042906887 ], [ 30.044134178835357, -2.056590932416299 ], [ 30.045231196993996, -2.059551747214099 ], [ 30.042056238690616, -2.058035692044593 ], [ 30.038489005545838, -2.059230726924082 ], [ 30.039853500776815, -2.061874946629685 ], [ 30.036589446497775, -2.065625078364922 ], [ 30.040290489030113, -2.065665165691257 ], [ 30.039354083897102, -2.068906934834673 ], [ 30.027198567871835, -2.063926141557926 ], [ 30.027813900364745, -2.069450959774912 ], [ 30.02450969602322, -2.068171210371151 ], [ 30.019346086710865, -2.074182037681347 ], [ 30.017994965286039, -2.087412194453293 ], [ 30.01486469641873, -2.093467654848666 ], [ 30.017575807126988, -2.098221078900894 ], [ 30.015636092402993, -2.103942131016071 ], [ 30.020808661982972, -2.111763397429137 ], [ 30.018133155793528, -2.118184453503386 ], [ 30.011279547879063, -2.121800825990363 ], [ 30.009705481400228, -2.131503783437618 ], [ 30.003342355212585, -2.139066437469185 ], [ 29.993764205727597, -2.145558913906831 ], [ 29.988689748307717, -2.144096315361417 ], [ 29.986121310775722, -2.146504213605725 ], [ 29.985394468888074, -2.153736916020726 ], [ 29.98331650879598, -2.155475948244217 ], [ 29.983865000904622, -2.166213461085317 ], [ 29.981657787437967, -2.171252219821616 ], [ 29.98643789154179, -2.190029503994826 ], [ 29.984275265908451, -2.198140596984832 ], [ 29.984908435309706, -2.200628799574077 ], [ 29.988765518152974, -2.202305423943397 ], [ 29.990286110331688, -2.218483031101666 ], [ 29.98371786621734, -2.230460211455481 ], [ 29.984533897176817, -2.243253324470249 ], [ 29.979347946281521, -2.248256440622224 ], [ 29.979245354373532, -2.25591721671048 ], [ 29.973265691375737, -2.26396589057918 ], [ 29.973461886011044, -2.274368972953143 ], [ 29.966902621306577, -2.287242406596564 ], [ 29.961533814194468, -2.290225488833861 ], [ 29.961243995809131, -2.303968491810808 ], [ 29.966184675271606, -2.317640082483899 ], [ 29.958983214786134, -2.327325264588658 ] ] ] } },
{ "type": "Feature", "properties": { "district_name": "Gatsibo", "gaul_district_code": 21978, "district_code": 53 }, "geometry": { "type": "Polygon", "coordinates": [ [ [ 30.162487685231206, -1.542920283516935 ], [ 30.163236826241317, -1.555976566433696 ], [ 30.169773836194022, -1.569269116093279 ], [ 30.170674623079375, -1.583877130064816 ], [ 30.182847948032549, -1.605811442406393 ], [ 30.189460794022164, -1.613061974039936 ], [ 30.194093817416356, -1.625569769162678 ], [ 30.197233020565154, -1.624227573754403 ], [ 30.201375502868604, -1.628579636554522 ], [ 30.20816671981742, -1.627571904081396 ], [ 30.211096357051147, -1.633221560820652 ], [ 30.210637031420259, -1.638434237880184 ], [ 30.216139587640992, -1.6444049762808 ], [ 30.216563231031135, -1.650228576800534 ], [ 30.220036861874092, -1.65223520109134 ], [ 30.224027708615601, -1.650785934165153 ], [ 30.22738993616931, -1.667413920868994 ], [ 30.242368043521708, -1.673973289611914 ], [ 30.252414331303832, -1.686931414903341 ], [ 30.252383167560261, -1.692081709734301 ], [ 30.262960105476303, -1.708495638499131 ], [ 30.247772436802752, -1.718519701581463 ], [ 30.247090241994094, -1.721979944069108 ], [ 30.252240465691024, -1.727723271516386 ], [ 30.254822280392403, -1.73790789146961 ], [ 30.253257158112184, -1.745247578187513 ], [ 30.255941508788798, -1.762994809905961 ], [ 30.26337039450917, -1.78114777728971 ], [ 30.274188147525106, -1.795341113513009 ], [ 30.275097816397277, -1.806983813050751 ], [ 30.271262993465957, -1.817266482454806 ], [ 30.275258361076347, -1.829912482018821 ], [ 30.286365921091626, -1.824146888721154 ], [ 30.294276409885924, -1.824833567159849 ], [ 30.32022838625366, -1.858423993614959 ], [ 30.331353859891969, -1.862731509851441 ], [ 30.339754811630414, -1.869941832080981 ], [ 30.353020596046154, -1.875970545135077 ], [ 30.36666543903122, -1.869402327723969 ], [ 30.384497433194824, -1.86678035143882 ], [ 30.399488935871329, -1.856310418302009 ], [ 30.4197688800271, -1.846424579944947 ], [ 30.428602358839591, -1.82922136689246 ], [ 30.445283872303662, -1.810930139211503 ], [ 30.449203397961202, -1.800518104674612 ], [ 30.449109784308661, -1.775872674741163 ], [ 30.458950975079425, -1.76720865098813 ], [ 30.460016766608522, -1.747285338385685 ], [ 30.459133793320959, -1.743254339976924 ], [ 30.454099516773255, -1.740075003869805 ], [ 30.452619063035439, -1.734795450284111 ], [ 30.443379795915195, -1.727255063189523 ], [ 30.444481229437695, -1.710435387491271 ], [ 30.465711033878364, -1.673942090111376 ], [ 30.478490750771062, -1.670767219302699 ], [ 30.488648581302503, -1.673772635881531 ], [ 30.493250413094461, -1.667636885094494 ], [ 30.496634855073257, -1.666562289037534 ], [ 30.508045714238492, -1.666562275581341 ], [ 30.514756619623945, -1.663704010976136 ], [ 30.52609171713814, -1.664265831588286 ], [ 30.529881923191603, -1.662045222322147 ], [ 30.527768360912209, -1.657073314611288 ], [ 30.519184531129131, -1.654067858904655 ], [ 30.515924912293993, -1.643580030362444 ], [ 30.558790282555922, -1.62661319370345 ], [ 30.63820687285547, -1.599706968037069 ], [ 30.841515103885421, -1.651441472917072 ], [ 30.746286584407315, -1.520455378222739 ], [ 30.740610113513906, -1.45862994469738 ], [ 30.739120818101185, -1.458215213477267 ], [ 30.552895345069889, -1.469269351408745 ], [ 30.524267904967719, -1.478392687963263 ], [ 30.51066320607406, -1.47892772135048 ], [ 30.472029557404873, -1.489014249044968 ], [ 30.46862284544568, -1.485509395824809 ], [ 30.462950855739837, -1.471592545115681 ], [ 30.458081530152057, -1.468341871464541 ], [ 30.453212107970124, -1.468381955192067 ], [ 30.447673926934527, -1.470838964985847 ], [ 30.443740993309955, -1.475592326485156 ], [ 30.433850728044295, -1.477326941748772 ], [ 30.430800721868732, -1.484394612786024 ], [ 30.415822609872084, -1.48538898074491 ], [ 30.404991464053609, -1.481991141669316 ], [ 30.407747168655867, -1.501129605881808 ], [ 30.404322576927399, -1.507929768684656 ], [ 30.403305918145186, -1.522934609455025 ], [ 30.392702188533271, -1.547945700016732 ], [ 30.380858780053583, -1.542848951784731 ], [ 30.345426753300657, -1.545885599034513 ], [ 30.347446719143072, -1.542273769323754 ], [ 30.3457433591987, -1.526274472230201 ], [ 30.347027544939824, -1.496518879775675 ], [ 30.326899173958687, -1.508429146799307 ], [ 30.316010103140957, -1.531915236393222 ], [ 30.312001371702674, -1.532062381499666 ], [ 30.297250596296177, -1.528370273227391 ], [ 30.28055129649281, -1.519233533904077 ], [ 30.279427612962895, -1.51526497579544 ], [ 30.27269877668359, -1.513445673462131 ], [ 30.274629647979921, -1.496157693348823 ], [ 30.266986709911766, -1.485674371623903 ], [ 30.259571232819887, -1.484845005300668 ], [ 30.256766442861064, -1.482249800298607 ], [ 30.255562535634049, -1.484675520079048 ], [ 30.247897272171706, -1.4853711378059 ], [ 30.247589585346979, -1.489616238749154 ], [ 30.245288734183735, -1.488010953945867 ], [ 30.234742952989109, -1.490726510573984 ], [ 30.227126842860635, -1.495270358718215 ], [ 30.224866050230496, -1.492474520927803 ], [ 30.220554094670959, -1.493049706424723 ], [ 30.215680279533501, -1.497878934012684 ], [ 30.209798775643332, -1.49487350736599 ], [ 30.204612814029502, -1.498824241408816 ], [ 30.19705908226355, -1.499301379509641 ], [ 30.195288861746608, -1.503439399081013 ], [ 30.197424748747352, -1.508059028291562 ], [ 30.194151768816159, -1.512808008148995 ], [ 30.180729882752445, -1.519037342636714 ], [ 30.178085578731565, -1.530965443728495 ], [ 30.166937894403237, -1.534376642512278 ], [ 30.162487685231206, -1.542920283516935 ] ] ] } },
{ "type": "Feature", "properties": { "district_name": "Kayonza", "gaul_district_code": 21984, "district_code": 54 }, "geometry": { "type": "Polygon", "coordinates": [ [ [ 30.4197688800271, -1.846424579944947 ], [ 30.450389516594335, -1.840458280417032 ], [ 30.462210638034101, -1.840957703479922 ], [ 30.472412996890824, -1.845336564014247 ], [ 30.488902797941339, -1.859110676535112 ], [ 30.482936526423146, -1.887550874387425 ], [ 30.478352603226732, -1.890368986818325 ], [ 30.465697674776617, -1.884969014030356 ], [ 30.461390170893576, -1.885771690753557 ], [ 30.458977782578241, -1.893365519825526 ], [ 30.46147489854096, -1.902916893730006 ], [ 30.458812806505104, -1.906827555787245 ], [ 30.459209645236179, -1.91158093676616 ], [ 30.466736604454876, -1.922251586418878 ], [ 30.470361850360057, -1.934518547746841 ], [ 30.470972741981043, -1.956863098425624 ], [ 30.468810044255907, -1.964367806412329 ], [ 30.471498909716946, -1.984728033962198 ], [ 30.475052836354298, -1.998644918344519 ], [ 30.483707908602995, -2.009984396886228 ], [ 30.485852780100526, -2.021805485646329 ], [ 30.482954365457424, -2.05361668643968 ], [ 30.50254768224092, -2.045523415301301 ], [ 30.506962134945944, -2.046870047277968 ], [ 30.516179074714554, -2.05865104030917 ], [ 30.524040552535396, -2.062909491171726 ], [ 30.529025785352907, -2.063716554074286 ], [ 30.540722031718179, -2.054535296463849 ], [ 30.550050448121379, -2.053424965511049 ], [ 30.558460324342477, -2.05550286789226 ], [ 30.561831355616452, -2.064135687258298 ], [ 30.5790791770407, -2.061188229950893 ], [ 30.581108116348727, -2.066209174960803 ], [ 30.575039290613727, -2.081874047281128 ], [ 30.576122817537932, -2.092156718509549 ], [ 30.587002972809106, -2.091813377340002 ], [ 30.589192466219416, -2.094390730661761 ], [ 30.600754902689111, -2.096254590787457 ], [ 30.602685691761387, -2.100151868036547 ], [ 30.606582912676338, -2.101534175591503 ], [ 30.607693209282463, -2.097989223022375 ], [ 30.609213826609047, -2.098394977978035 ], [ 30.611715373924302, -2.100455069111204 ], [ 30.60916475206739, -2.114180194678919 ], [ 30.619768448338281, -2.113854697060164 ], [ 30.628437025841833, -2.124998013318148 ], [ 30.639647165169571, -2.12344620810746 ], [ 30.646438347100332, -2.119410757019274 ], [ 30.655740016187334, -2.118964808611094 ], [ 30.656056644691631, -2.115861317021792 ], [ 30.660676276173412, -2.117497756720943 ], [ 30.663833362495925, -2.113836824897687 ], [ 30.668180950349551, -2.114804496844159 ], [ 30.674833973130553, -2.11283800944037 ], [ 30.67729982169751, -2.102764905973263 ], [ 30.680595119254217, -2.0986446705571 ], [ 30.680131324324293, -2.093249210638279 ], [ 30.68385918327273, -2.088330786094922 ], [ 30.693678061686324, -2.082435887149422 ], [ 30.691622421661524, -2.090885854282764 ], [ 30.696152926423302, -2.091857943900328 ], [ 30.707265000784442, -2.086190414029686 ], [ 30.70819247558736, -2.067792162350148 ], [ 30.71092143794338, -2.059261944606771 ], [ 30.709110996057927, -2.057701252462153 ], [ 30.723995507089942, -2.047436398592899 ], [ 30.725337720434133, -2.050914468766913 ], [ 30.733109959430198, -2.050972474033581 ], [ 30.744293372737154, -2.05737127121506 ], [ 30.762785281453169, -2.052818536102768 ], [ 30.768443818145311, -2.03774230108034 ], [ 30.787073973572294, -2.022960397881504 ], [ 30.80427715079351, -2.001940158764611 ], [ 30.8064264703868, -1.996870206316879 ], [ 30.803443305357643, -1.992598358269456 ], [ 30.805284892787675, -1.989441287427337 ], [ 30.80958354721723, -1.984714667641803 ], [ 30.81448409207179, -1.985561866558315 ], [ 30.817841754075843, -1.981116177115072 ], [ 30.822871590537865, -1.979163096181622 ], [ 30.828351846499192, -1.971297254074663 ], [ 30.807603623594929, -1.93817505870303 ], [ 30.814220979331289, -1.894627460234943 ], [ 30.831642705003055, -1.812753908042539 ], [ 30.8215383195312, -1.697089266781368 ], [ 30.845925179857915, -1.657719885853807 ], [ 30.841515103885421, -1.651441472917072 ], [ 30.63820687285547, -1.599706968037069 ], [ 30.558790282555922, -1.62661319370345 ], [ 30.515924912293993, -1.643580030362444 ], [ 30.519184531129131, -1.654067858904655 ], [ 30.527768360912209, -1.657073314611288 ], [ 30.529881923191603, -1.662045222322147 ], [ 30.52609171713814, -1.664265831588286 ], [ 30.514756619623945, -1.663704010976136 ], [ 30.508045714238492, -1.666562275581341 ], [ 30.496634855073257, -1.666562289037534 ], [ 30.493250413094461, -1.667636885094494 ], [ 30.488648581302503, -1.673772635881531 ], [ 30.478490750771062, -1.670767219302699 ], [ 30.465711033878364, -1.673942090111376 ], [ 30.444811218141126, -1.709730799295189 ], [ 30.443379795915195, -1.727255063189523 ], [ 30.452619063035439, -1.734795450284111 ], [ 30.454099516773255, -1.740075003869805 ], [ 30.45994539770097, -1.745078133978982 ], [ 30.459142758439572, -1.766539786411039 ], [ 30.449216758777418, -1.77547136269046 ], [ 30.449234602496915, -1.800210453298928 ], [ 30.445961688922281, -1.809659262620384 ], [ 30.428602358839591, -1.82922136689246 ], [ 30.4197688800271, -1.846424579944947 ] ] ] } },
{ "type": "Feature", "properties": { "district_name": "Kirehe", "gaul_district_code": 21986, "district_code": 55 }, "geometry": { "type": "Polygon", "coordinates": [ [ [ 30.656056644691631, -2.115861317021792 ], [ 30.658223790937459, -2.131356645641795 ], [ 30.656310789388574, -2.14155018249504 ], [ 30.65405901086849, -2.144265734181328 ], [ 30.64428907744006, -2.145300296332502 ], [ 30.639972698791723, -2.148332441676926 ], [ 30.652756929332917, -2.155302056583471 ], [ 30.660328506552862, -2.167007180632939 ], [ 30.644699292467259, -2.186685216263617 ], [ 30.636940525457362, -2.191737343535713 ], [ 30.628022281238838, -2.18234205626838 ], [ 30.622814026234504, -2.187300533075952 ], [ 30.618890005569753, -2.186899245932252 ], [ 30.615951518728501, -2.19916618605801 ], [ 30.603492783057611, -2.202086934518412 ], [ 30.601343483929199, -2.207469042562414 ], [ 30.583462526847789, -2.209506879135426 ], [ 30.581455928746188, -2.21982968259055 ], [ 30.570999275508839, -2.234504562221546 ], [ 30.581723482849288, -2.232484636853716 ], [ 30.585326407795367, -2.236845643101288 ], [ 30.587863637189656, -2.250713432835977 ], [ 30.581513882751455, -2.25460178199572 ], [ 30.576956685265746, -2.262431910557724 ], [ 30.560765622671113, -2.266480823065739 ], [ 30.554647782558259, -2.277971898886216 ], [ 30.546478669002401, -2.286038392150743 ], [ 30.532584174844477, -2.292414923935045 ], [ 30.519465481900507, -2.295549675003572 ], [ 30.512518226055956, -2.299843803069394 ], [ 30.507644370121323, -2.299335442641964 ], [ 30.500358191412271, -2.294916487787489 ], [ 30.496603662063361, -2.288482001388678 ], [ 30.491011906639816, -2.287228995051636 ], [ 30.485130357505234, -2.294938778797881 ], [ 30.484822704948009, -2.308552411520327 ], [ 30.466424425470542, -2.312806383830549 ], [ 30.46049832991288, -2.319432594683886 ], [ 30.463227271730371, -2.324765698134316 ], [ 30.459133793320959, -2.332957097286115 ], [ 30.458674549888585, -2.344354522328411 ], [ 30.460542891346613, -2.347203884812456 ], [ 30.470174565927252, -2.351431133918077 ], [ 30.469385349313296, -2.36266803730781 ], [ 30.471186742314302, -2.366302262729461 ], [ 30.478299084195324, -2.368335572834067 ], [ 30.485732391263369, -2.366043598136394 ], [ 30.489727746351416, -2.376816818917256 ], [ 30.49473980002082, -2.377472297059052 ], [ 30.499947948763086, -2.384647006367382 ], [ 30.508304373176742, -2.389395926095701 ], [ 30.510627535728041, -2.400699711773069 ], [ 30.52101280850874, -2.404530122291404 ], [ 30.534216197462708, -2.404926965581356 ], [ 30.543254794473171, -2.413238738919143 ], [ 30.550692577778257, -2.411321306880517 ], [ 30.564114461850821, -2.414487312234094 ], [ 30.569541164301739, -2.418986503530583 ], [ 30.584777967602896, -2.413519632849583 ], [ 30.593232340433257, -2.403865678187215 ], [ 30.609552695016916, -2.399134613607231 ], [ 30.614827775667582, -2.402585925070215 ], [ 30.624673464843049, -2.39983465631135 ], [ 30.630996474567723, -2.403517913750319 ], [ 30.640806496358156, -2.40386567451517 ], [ 30.645029289036909, -2.409640269792681 ], [ 30.657826958934908, -2.413131741859156 ], [ 30.669420571036099, -2.403245922417903 ], [ 30.673491744253472, -2.396887194896798 ], [ 30.683881468671107, -2.389944416413702 ], [ 30.689892327590922, -2.381802092866617 ], [ 30.691207710114117, -2.370007743217801 ], [ 30.696264342436752, -2.363180859247076 ], [ 30.703862680415288, -2.362373754065112 ], [ 30.71046661502308, -2.35728594604383 ], [ 30.717034851637159, -2.355386344294159 ], [ 30.733234761057357, -2.363470732625631 ], [ 30.73871056153115, -2.373160331026222 ], [ 30.747918558049815, -2.379697352716279 ], [ 30.764056054680939, -2.382502126405322 ], [ 30.767404825760266, -2.391487213945582 ], [ 30.776483571575337, -2.388588810407358 ], [ 30.786757326663061, -2.37663841961142 ], [ 30.792295550225123, -2.375929409930523 ], [ 30.797129195846505, -2.366239793621107 ], [ 30.806176751187685, -2.363662443146279 ], [ 30.810493167260333, -2.36578943171801 ], [ 30.816869697965185, -2.364790582196618 ], [ 30.827303979879115, -2.355676185700958 ], [ 30.836721577286763, -2.343293306486807 ], [ 30.835629090153546, -2.337915609391945 ], [ 30.837947864372236, -2.329768824809069 ], [ 30.844805961363626, -2.323615279360243 ], [ 30.852631690467735, -2.32113599285926 ], [ 30.857496529533545, -2.313729407548177 ], [ 30.856818736970112, -2.311798617041597 ], [ 30.853242565847353, -2.31379186470288 ], [ 30.851182470246105, -2.312249027750576 ], [ 30.850183602355798, -2.301266252431178 ], [ 30.853661730445673, -2.292700292384918 ], [ 30.853501214405394, -2.27382938754283 ], [ 30.845867173168049, -2.258017405534781 ], [ 30.846866076094258, -2.251123667482488 ], [ 30.842326698006396, -2.240689329491472 ], [ 30.846643076099973, -2.223588677213303 ], [ 30.843998852445964, -2.205975250836084 ], [ 30.850152409508652, -2.198470587990177 ], [ 30.852533557593809, -2.186328428878448 ], [ 30.860105154926305, -2.179403474245118 ], [ 30.859070612996458, -2.167939136523236 ], [ 30.862713724953913, -2.162302843565739 ], [ 30.861389383632417, -2.154833847757338 ], [ 30.865964415978478, -2.14365932783836 ], [ 30.868702257419823, -2.139342908797342 ], [ 30.876171240260703, -2.134674236011976 ], [ 30.876590414230826, -2.124752746378395 ], [ 30.874240481061086, -2.119861118512373 ], [ 30.886445013650821, -2.102822899025482 ], [ 30.886801785432709, -2.093195663532013 ], [ 30.893178303610288, -2.092517901402599 ], [ 30.89964846857303, -2.0768976624703 ], [ 30.898234925563067, -2.070106481546254 ], [ 30.893307585883168, -2.067109902258834 ], [ 30.884995842070673, -2.053099443648108 ], [ 30.877785468291503, -2.05020099748615 ], [ 30.828351846499192, -1.971297254074663 ], [ 30.822871590537865, -1.979163096181622 ], [ 30.817841754075843, -1.981116177115072 ], [ 30.81448409207179, -1.985561866558315 ], [ 30.80958354721723, -1.984714667641803 ], [ 30.805284892787675, -1.989441287427337 ], [ 30.803443305357643, -1.992598358269456 ], [ 30.8064264703868, -1.996870206316879 ], [ 30.80427715079351, -2.001940158764611 ], [ 30.787073973572294, -2.022960397881504 ], [ 30.768443818145311, -2.03774230108034 ], [ 30.762785281453169, -2.052818536102768 ], [ 30.744293372737154, -2.05737127121506 ], [ 30.733109959430198, -2.050972474033581 ], [ 30.725337720434133, -2.050914468766913 ], [ 30.723995507089942, -2.047436398592899 ], [ 30.718171889890527, -2.050624641107962 ], [ 30.709110996057927, -2.057701252462153 ], [ 30.71092143794338, -2.059261944606771 ], [ 30.70819247558736, -2.067792162350148 ], [ 30.707265000784442, -2.086190414029686 ], [ 30.696152926423302, -2.091857943900328 ], [ 30.691546620880473, -2.09078778188667 ], [ 30.693678061686324, -2.082435887149422 ], [ 30.688438661613876, -2.085164834679825 ], [ 30.680131324324293, -2.093249210638279 ], [ 30.680595119254217, -2.0986446705571 ], [ 30.67729982169751, -2.102764905973263 ], [ 30.674833973130553, -2.11283800944037 ], [ 30.668180950349551, -2.114804496844159 ], [ 30.663833362495925, -2.113836824897687 ], [ 30.660676276173412, -2.117497756720943 ], [ 30.656056644691631, -2.115861317021792 ] ] ] } },
{ "type": "Feature", "properties": { "district_name": "Ngoma", "gaul_district_code": 21989, "district_code": 56 }, "geometry": { "type": "Polygon", "coordinates": [ [ [ 30.373706410439421, -2.348394455281324 ], [ 30.37360385896427, -2.34396213569812 ], [ 30.376716251340373, -2.340818472066694 ], [ 30.380484214780832, -2.325586214617167 ], [ 30.392867161241234, -2.312842071669831 ], [ 30.40908041970971, -2.309863401134808 ], [ 30.421329541898579, -2.322736802637903 ], [ 30.429489761431959, -2.328074390335123 ], [ 30.43728420630455, -2.329354122086316 ], [ 30.443049891446677, -2.321849444536146 ], [ 30.451959124831713, -2.317952186013127 ], [ 30.46049832991288, -2.319432594683886 ], [ 30.466424425470542, -2.312806383830549 ], [ 30.484822704948009, -2.308552411520327 ], [ 30.485130357505234, -2.294938778797881 ], [ 30.491011906639816, -2.287228995051636 ], [ 30.496603662063361, -2.288482001388678 ], [ 30.500358191412271, -2.294916487787489 ], [ 30.507644370121323, -2.299335442641964 ], [ 30.512518226055956, -2.299843803069394 ], [ 30.519465481900507, -2.295549675003572 ], [ 30.532584174844477, -2.292414923935045 ], [ 30.546478669002401, -2.286038392150743 ], [ 30.554647782558259, -2.277971898886216 ], [ 30.560765622671113, -2.266480823065739 ], [ 30.576956685265746, -2.262431910557724 ], [ 30.581513882751455, -2.25460178199572 ], [ 30.587863637189656, -2.250713432835977 ], [ 30.585326407795367, -2.236845643101288 ], [ 30.581723482849288, -2.232484636853716 ], [ 30.570999275508839, -2.234504562221546 ], [ 30.581455928746188, -2.21982968259055 ], [ 30.583462526847789, -2.209506879135426 ], [ 30.601343483929199, -2.207469042562414 ], [ 30.603492783057611, -2.202086934518412 ], [ 30.615951518728501, -2.19916618605801 ], [ 30.618890005569753, -2.186899245932252 ], [ 30.622814026234504, -2.187300533075952 ], [ 30.628022281238838, -2.18234205626838 ], [ 30.636940525457362, -2.191737343535713 ], [ 30.644699292467259, -2.186685216263617 ], [ 30.660328506552862, -2.167007180632939 ], [ 30.652756929332917, -2.155302056583471 ], [ 30.639972698791723, -2.148332441676926 ], [ 30.64428907744006, -2.145300296332502 ], [ 30.65405901086849, -2.144265734181328 ], [ 30.656310789388574, -2.14155018249504 ], [ 30.658223790937459, -2.131356645641795 ], [ 30.655740016187334, -2.118964808611094 ], [ 30.646438347100332, -2.119410757019274 ], [ 30.639647165169571, -2.12344620810746 ], [ 30.628437025841833, -2.124998013318148 ], [ 30.619768448338281, -2.113854697060164 ], [ 30.60916475206739, -2.114180194678919 ], [ 30.611715373924302, -2.100455069111204 ], [ 30.609213826609047, -2.098394977978035 ], [ 30.607693209282463, -2.097989223022375 ], [ 30.606582912676338, -2.101534175591503 ], [ 30.602685691761387, -2.100151868036547 ], [ 30.600754902689111, -2.096254590787457 ], [ 30.589192466219416, -2.094390730661761 ], [ 30.587002972809106, -2.091813377340002 ], [ 30.576122817537932, -2.092156718509549 ], [ 30.575039290613727, -2.081874047281128 ], [ 30.581108116348727, -2.066209174960803 ], [ 30.5790791770407, -2.061188229950893 ], [ 30.561831355616452, -2.064135687258298 ], [ 30.558460324342477, -2.05550286789226 ], [ 30.550050448121379, -2.053424965511049 ], [ 30.540722031718179, -2.054535296463849 ], [ 30.529025785352907, -2.063716554074286 ], [ 30.524040552535396, -2.062909491171726 ], [ 30.516179074714554, -2.05865104030917 ], [ 30.506962134945944, -2.046870047277968 ], [ 30.50254768224092, -2.045523415301301 ], [ 30.482954365457424, -2.05361668643968 ], [ 30.477821893814493, -2.058659933135504 ], [ 30.467093341841323, -2.055485038693849 ], [ 30.457956632656991, -2.057794896906851 ], [ 30.449631470790784, -2.065923783475234 ], [ 30.446942675138647, -2.078498509412755 ], [ 30.435406999862597, -2.082694512392642 ], [ 30.409053689757073, -2.085744497908856 ], [ 30.39497626075044, -2.079470531118636 ], [ 30.368275204489411, -2.078400372182227 ], [ 30.297348719711334, -2.11880428853671 ], [ 30.283503263283169, -2.123307997327133 ], [ 30.280769835846577, -2.131013311247489 ], [ 30.270339918805924, -2.132618616163505 ], [ 30.266438234916933, -2.138031931506025 ], [ 30.269635395551852, -2.137844649650309 ], [ 30.266326796770983, -2.145416193991944 ], [ 30.270580744478728, -2.145344846817604 ], [ 30.273956306380619, -2.14963005133254 ], [ 30.2691939663247, -2.155016646889436 ], [ 30.267294351359514, -2.164581451249572 ], [ 30.263147424893283, -2.166048467281496 ], [ 30.259589102578548, -2.173619993238898 ], [ 30.269782567638369, -2.178957535021636 ], [ 30.266277679453893, -2.189044053415105 ], [ 30.27428179926083, -2.193645839374992 ], [ 30.271918480800082, -2.195367072911943 ], [ 30.27599858921095, -2.195549885037282 ], [ 30.274888245443414, -2.198613268965268 ], [ 30.277844652457517, -2.200008952700619 ], [ 30.27933396489966, -2.209431063809747 ], [ 30.283882243830572, -2.209194697867886 ], [ 30.284408378965832, -2.206969650352442 ], [ 30.286945644371492, -2.207848072795921 ], [ 30.287583275411006, -2.205623019037743 ], [ 30.293464824385701, -2.203027806970577 ], [ 30.292385782785004, -2.204891687188181 ], [ 30.294236279556483, -2.206679785798478 ], [ 30.296439117233948, -2.203504907542313 ], [ 30.297411113844682, -2.207054335231847 ], [ 30.298677558718552, -2.204053361991354 ], [ 30.304697294411564, -2.207406654756732 ], [ 30.307600231117213, -2.203638705553146 ], [ 30.309976897115195, -2.206675346251479 ], [ 30.312469582532184, -2.202702296332737 ], [ 30.314150587255067, -2.205471411252409 ], [ 30.317753534724329, -2.204548343544838 ], [ 30.322145798611999, -2.198064836878574 ], [ 30.324045409825857, -2.200294383196164 ], [ 30.325909271971888, -2.199505082178975 ], [ 30.32728269187254, -2.202697823691794 ], [ 30.321891605834089, -2.2085794004326 ], [ 30.333935611195809, -2.217292451540126 ], [ 30.33563455073844, -2.226353352642862 ], [ 30.333587832171567, -2.231971809885343 ], [ 30.335826340979239, -2.238727363541627 ], [ 30.338417065160808, -2.237902426345809 ], [ 30.340098175485682, -2.246758212307391 ], [ 30.334475181521196, -2.249094784533768 ], [ 30.337583232022311, -2.259297221700986 ], [ 30.337288864248528, -2.267006969752279 ], [ 30.33491665448777, -2.270016870224348 ], [ 30.333137468833616, -2.268482966096889 ], [ 30.334649113954562, -2.271943204319602 ], [ 30.329133222547085, -2.27398994754119 ], [ 30.330493235437046, -2.27756610738949 ], [ 30.328147736626985, -2.288281320570061 ], [ 30.343331012209926, -2.300245142019239 ], [ 30.344347613158924, -2.307388617923196 ], [ 30.353613658044875, -2.311437476015372 ], [ 30.359356947962496, -2.325002069977508 ], [ 30.35741281485004, -2.328043162168064 ], [ 30.359669121907558, -2.333425317356349 ], [ 30.357497522730633, -2.334981498464894 ], [ 30.359463996706072, -2.337144171392494 ], [ 30.359004750816688, -2.341674597070748 ], [ 30.362817295736772, -2.342646681057985 ], [ 30.362924253671096, -2.346374482932791 ], [ 30.364382426331204, -2.345866197662966 ], [ 30.366513890310113, -2.349928430501588 ], [ 30.3679675369481, -2.348225051464663 ], [ 30.373706410439421, -2.348394455281324 ] ] ] } },
{ "type": "Feature", "properties": { "district_name": "Nyagatare", "gaul_district_code": 21992, "district_code": 52 }, "geometry": { "type": "Polygon", "coordinates": [ [ [ 30.740610113513906, -1.45862994469738 ], [ 30.73966928640252, -1.448338322775277 ], [ 30.684621622406386, -1.397473383723162 ], [ 30.631665403850839, -1.391203849941442 ], [ 30.608674268973214, -1.351486618843369 ], [ 30.582133637714502, -1.342849385749933 ], [ 30.578432624726727, -1.337605471860615 ], [ 30.573139693397632, -1.339059130238766 ], [ 30.569483204825417, -1.337694611957507 ], [ 30.567244719345901, -1.326404207342502 ], [ 30.563846870609638, -1.324246005103563 ], [ 30.555200744337945, -1.306583512183555 ], [ 30.55995861053955, -1.296514823119291 ], [ 30.559896167663407, -1.286945608365636 ], [ 30.556623187063007, -1.273603966428676 ], [ 30.552114983110975, -1.27088837309348 ], [ 30.551432810213974, -1.250447883407909 ], [ 30.546492107497645, -1.245877322307509 ], [ 30.532722351636828, -1.221298698351797 ], [ 30.524076219133878, -1.212037157157094 ], [ 30.521543426610442, -1.205179076193786 ], [ 30.522533322164509, -1.200608505770658 ], [ 30.514935053344029, -1.192399264558401 ], [ 30.50925413197503, -1.175044481546767 ], [ 30.509936354914345, -1.171584191829829 ], [ 30.501165317358264, -1.163740637830948 ], [ 30.491163572729274, -1.159665059291321 ], [ 30.477759498624216, -1.161025071485081 ], [ 30.470040803720202, -1.154728833129017 ], [ 30.470905861310889, -1.146635564392811 ], [ 30.468002978140987, -1.139411780294017 ], [ 30.469545829610261, -1.131135720976159 ], [ 30.476836485664574, -1.121874129650095 ], [ 30.473313807127418, -1.119096139858351 ], [ 30.459356778487511, -1.117366003553926 ], [ 30.45367585366726, -1.103346591650323 ], [ 30.451575624290541, -1.089206768933875 ], [ 30.452685953226418, -1.081795737661734 ], [ 30.459789300050716, -1.076110387286006 ], [ 30.46812786586792, -1.060735425816271 ], [ 30.473514445268179, -1.057408957342866 ], [ 30.467664084442927, -1.05237907688108 ], [ 30.450875598809297, -1.048423846649815 ], [ 30.439594062766194, -1.048365866733802 ], [ 30.431086086087721, -1.058059930758642 ], [ 30.431228767960334, -1.062443236961068 ], [ 30.427554505573855, -1.064646059632896 ], [ 30.398637204452363, -1.063740835116364 ], [ 30.391105829292851, -1.068766248303735 ], [ 30.377264702934596, -1.061261611141382 ], [ 30.37334967871508, -1.065809896239838 ], [ 30.37528486618799, -1.067580123704963 ], [ 30.374022947457508, -1.069684844464094 ], [ 30.359348063880397, -1.06329941233599 ], [ 30.355174325333603, -1.064489968704699 ], [ 30.348962860523972, -1.086803327108107 ], [ 30.339277637298803, -1.094611198908116 ], [ 30.338965502406232, -1.104608540855305 ], [ 30.343339897385857, -1.126475960174534 ], [ 30.338341230377651, -1.130850333748138 ], [ 30.308037219191483, -1.144285576295708 ], [ 30.297727748212537, -1.158652833117641 ], [ 30.298039893683754, -1.168962240587651 ], [ 30.293665477091903, -1.176774632469225 ], [ 30.292416937034631, -1.188644738607417 ], [ 30.28835476521688, -1.193331275998035 ], [ 30.278674025806559, -1.197705597628006 ], [ 30.275548203576928, -1.210824294450235 ], [ 30.263678044424037, -1.213638001880041 ], [ 30.256490027581378, -1.218324480090775 ], [ 30.246180555380587, -1.232379599096266 ], [ 30.243059154772009, -1.241752595542895 ], [ 30.235674905745725, -1.245734576393191 ], [ 30.230948248060884, -1.254648326778751 ], [ 30.22094646467551, -1.261444016920483 ], [ 30.211947989749628, -1.274763347701448 ], [ 30.204693041273874, -1.272221690049543 ], [ 30.199248486452806, -1.274763335361425 ], [ 30.196711293045368, -1.278754264924149 ], [ 30.191993546464889, -1.275124540473151 ], [ 30.189090701790644, -1.268591974633849 ], [ 30.173849438539076, -1.268591948425433 ], [ 30.170224230400109, -1.275485745510272 ], [ 30.176029977137087, -1.285648018105328 ], [ 30.177501501145468, -1.307221133759334 ], [ 30.170946549232564, -1.304875641085816 ], [ 30.166955688598289, -1.307051726104734 ], [ 30.161515575100999, -1.319751210472521 ], [ 30.170554207271053, -1.339723519509423 ], [ 30.149997709772368, -1.347500175451087 ], [ 30.138863354963487, -1.355972523082499 ], [ 30.13659365659819, -1.362768138839318 ], [ 30.128660951348404, -1.365604130812765 ], [ 30.124130509522363, -1.373349640667337 ], [ 30.12393876377816, -1.383734875238732 ], [ 30.118650226626738, -1.384867458694145 ], [ 30.111096547960972, -1.373724211447463 ], [ 30.103538388717201, -1.371079954118249 ], [ 30.099386956827434, -1.376368398090781 ], [ 30.085028606940487, -1.372591594359993 ], [ 30.067085231176168, -1.381656902278133 ], [ 30.071428337631215, -1.389402390007409 ], [ 30.070514275550366, -1.391957433509277 ], [ 30.075597647753046, -1.392434538214889 ], [ 30.08281687636542, -1.403105189610156 ], [ 30.082732168439982, -1.413490467677226 ], [ 30.093634723124541, -1.412933065538259 ], [ 30.092568948528918, -1.420379744753223 ], [ 30.0953871688364, -1.42620779574701 ], [ 30.098414827720482, -1.425645943756454 ], [ 30.100804948276441, -1.433217517391129 ], [ 30.099262069919998, -1.434853967920211 ], [ 30.106677612107273, -1.436945318892857 ], [ 30.108140119596264, -1.443807902558914 ], [ 30.115243474844508, -1.448249146640595 ], [ 30.11480655412441, -1.450501009041123 ], [ 30.123595365496055, -1.465688666797033 ], [ 30.122444970413476, -1.469113268186788 ], [ 30.125829421188197, -1.471815460997712 ], [ 30.126012264387025, -1.479391526491283 ], [ 30.129213874313873, -1.478370345135787 ], [ 30.133601578288101, -1.481536332181447 ], [ 30.136571364726272, -1.491020850768363 ], [ 30.133780005241039, -1.494748663985099 ], [ 30.142158666190241, -1.502748286261502 ], [ 30.145507463359976, -1.513896023960492 ], [ 30.145288964598052, -1.51574655484217 ], [ 30.138386245722455, -1.516888087941118 ], [ 30.139871137994849, -1.526724871516116 ], [ 30.144254438579832, -1.529302194856253 ], [ 30.148338928213182, -1.527135105042973 ], [ 30.151843771564334, -1.521195575990056 ], [ 30.156476785846774, -1.519353931970022 ], [ 30.179343041222449, -1.517342934804879 ], [ 30.182152294108484, -1.518894678125877 ], [ 30.185456485640746, -1.515590506630647 ], [ 30.192131821711477, -1.514729875437966 ], [ 30.197424748747352, -1.508059028291562 ], [ 30.195877440676124, -1.50037601643354 ], [ 30.199377859204006, -1.497927950455829 ], [ 30.204612814029502, -1.498824241408816 ], [ 30.209798775643332, -1.49487350736599 ], [ 30.215680279533501, -1.497878934012684 ], [ 30.222306542521441, -1.492724219931439 ], [ 30.22754146992866, -1.495172250204951 ], [ 30.234742952989109, -1.490726510573984 ], [ 30.245288734183735, -1.488010953945867 ], [ 30.247589585346979, -1.489616238749154 ], [ 30.247897272171706, -1.4853711378059 ], [ 30.255562535634049, -1.484675520079048 ], [ 30.256766442861064, -1.482249800298607 ], [ 30.259571232819887, -1.484845005300668 ], [ 30.266986709911766, -1.485674371623903 ], [ 30.274629647979921, -1.496157693348823 ], [ 30.27269877668359, -1.513445673462131 ], [ 30.279427612962895, -1.51526497579544 ], [ 30.28055129649281, -1.519233533904077 ], [ 30.297250596296177, -1.528370273227391 ], [ 30.312001371702674, -1.532062381499666 ], [ 30.316010103140957, -1.531915236393222 ], [ 30.326899173958687, -1.508429146799307 ], [ 30.347027544939824, -1.496518879775675 ], [ 30.3457433591987, -1.526274472230201 ], [ 30.347446719143072, -1.542273769323754 ], [ 30.345426753300657, -1.545885599034513 ], [ 30.380858780053583, -1.542848951784731 ], [ 30.392702188533271, -1.547945700016732 ], [ 30.403305918145186, -1.522934609455025 ], [ 30.404322576927399, -1.507929768684656 ], [ 30.407747168655867, -1.501129605881808 ], [ 30.404991464053609, -1.481991141669316 ], [ 30.415822609872084, -1.48538898074491 ], [ 30.430800721868732, -1.484394612786024 ], [ 30.433850728044295, -1.477326941748772 ], [ 30.443740993309955, -1.475592326485156 ], [ 30.447673926934527, -1.470838964985847 ], [ 30.453212107970124, -1.468381955192067 ], [ 30.458081530152057, -1.468341871464541 ], [ 30.462950855739837, -1.471592545115681 ], [ 30.46862284544568, -1.485509395824809 ], [ 30.472029557404873, -1.489014249044968 ], [ 30.51066320607406, -1.47892772135048 ], [ 30.524267904967719, -1.478392687963263 ], [ 30.552895345069889, -1.469269351408745 ], [ 30.740610113513906, -1.45862994469738 ] ] ] } },
{ "type": "Feature", "properties": { "district_name": "Rwamagana", "gaul_district_code": 22003, "district_code": 51 }, "geometry": { "type": "GeometryCollection", "geometries": [ { "type": "LineString", "coordinates": [ [ 30.31045848743199, -1.846103508935014 ], [ 30.310552128554114, -1.84604999972238 ] ] }, { "type": "Polygon", "coordinates": [ [ [ 30.221887320227097, -2.06874645315095 ], [ 30.221963134313366, -2.069482180673102 ], [ 30.22224851540232, -2.070284837871692 ], [ 30.221887320227097, -2.06874645315095 ] ] ] }, { "type": "Polygon", "coordinates": [ [ [ 30.218645588937797, -2.072001543874041 ], [ 30.21903796461142, -2.071952508076424 ], [ 30.218779345497857, -2.07193469526641 ], [ 30.218645588937797, -2.072001543874041 ] ] ] }, { "type": "Polygon", "coordinates": [ [ [ 30.26628665788957, -2.13326963637387 ], [ 30.280769835846577, -2.131013311247489 ], [ 30.283503263283169, -2.123307997327133 ], [ 30.297348719711334, -2.11880428853671 ], [ 30.368275204489411, -2.078400372182227 ], [ 30.39497626075044, -2.079470531118636 ], [ 30.409053689757073, -2.085744497908856 ], [ 30.435406999862597, -2.082694512392642 ], [ 30.446942675138647, -2.078498509412755 ], [ 30.449270289928471, -2.066766581703401 ], [ 30.454121842549664, -2.059957504171491 ], [ 30.466188093521815, -2.05548502889417 ], [ 30.477821893814493, -2.058659933135504 ], [ 30.482954365457424, -2.05361668643968 ], [ 30.485852780100526, -2.021805485646329 ], [ 30.483707908602995, -2.009984396886228 ], [ 30.475052836354298, -1.998644918344519 ], [ 30.471498909716946, -1.984728033962198 ], [ 30.468810044255907, -1.964367806412329 ], [ 30.470972741981043, -1.956863098425624 ], [ 30.469180222507955, -1.92872171767477 ], [ 30.458652224902874, -1.909008028300772 ], [ 30.46147489854096, -1.902916893730006 ], [ 30.458977782578241, -1.893365519825526 ], [ 30.460935330130184, -1.886008019850065 ], [ 30.465697674776617, -1.884969014030356 ], [ 30.471298268424558, -1.88845608259281 ], [ 30.480029170045654, -1.889749175244189 ], [ 30.482936526423146, -1.887550874387425 ], [ 30.487101302334025, -1.872296257411286 ], [ 30.488902797941339, -1.859110676535112 ], [ 30.472412996890824, -1.845336564014247 ], [ 30.455851902637832, -1.840297760403057 ], [ 30.43059562144073, -1.843160513226956 ], [ 30.404019303577794, -1.853929256094025 ], [ 30.384497433194824, -1.86678035143882 ], [ 30.36666543903122, -1.869402327723969 ], [ 30.354496560671112, -1.875988415283632 ], [ 30.345890533614899, -1.873451148786138 ], [ 30.332187644902021, -1.863190758416561 ], [ 30.32022838625366, -1.858423993614959 ], [ 30.311515296516589, -1.84771324144761 ], [ 30.298690935042636, -1.828739783517002 ], [ 30.292269790344132, -1.823990802371938 ], [ 30.286365921091626, -1.824146888721154 ], [ 30.272351010867755, -1.831642674962966 ], [ 30.264057082213011, -1.827972792871166 ], [ 30.260320352146962, -1.828659525522761 ], [ 30.256079717077604, -1.841604247322902 ], [ 30.247772436802752, -1.845746812448876 ], [ 30.249163666596576, -1.852355174236748 ], [ 30.24757180199493, -1.857420728361062 ], [ 30.263205434000696, -1.862365853361473 ], [ 30.265229838981742, -1.864938732055909 ], [ 30.260815331940876, -1.868688869196765 ], [ 30.258166644585359, -1.875662896613626 ], [ 30.258090763294696, -1.894404475882973 ], [ 30.27294408702009, -1.900107711423914 ], [ 30.270678887855411, -1.908401641011853 ], [ 30.27662280688514, -1.926545667727134 ], [ 30.277055321450892, -1.935040275494267 ], [ 30.265225349727871, -1.953371661044347 ], [ 30.254064238510516, -1.951378413481921 ], [ 30.243099300740862, -1.954727239022261 ], [ 30.2334988716377, -1.962441459157546 ], [ 30.231768760228963, -1.968470141784825 ], [ 30.23282549560475, -1.976322658208124 ], [ 30.236785228390058, -1.982783866321335 ], [ 30.236352669423283, -1.986975413051536 ], [ 30.229976200000042, -2.012062317717654 ], [ 30.228656263491857, -2.043307277939512 ], [ 30.220594247489785, -2.060653162537899 ], [ 30.222047929807776, -2.06619584877401 ], [ 30.231661695082675, -2.070654912780364 ], [ 30.233213514876141, -2.068764278844351 ], [ 30.236981389407749, -2.071252469239747 ], [ 30.238252290904185, -2.068683992350877 ], [ 30.241632292184779, -2.075109557072274 ], [ 30.244865094990093, -2.073651441877664 ], [ 30.24199792334359, -2.077352473990609 ], [ 30.246225102263242, -2.086997531197071 ], [ 30.244588654715077, -2.090386461458342 ], [ 30.249658688370126, -2.090890288235616 ], [ 30.246211720592569, -2.09491690510706 ], [ 30.247857127665412, -2.098207696922841 ], [ 30.253011899060972, -2.100214272542111 ], [ 30.252347514115762, -2.102408177621652 ], [ 30.249841448917199, -2.102006857975486 ], [ 30.252846925558295, -2.107866092955761 ], [ 30.260726160011767, -2.106287587915265 ], [ 30.269029013128009, -2.112597209613483 ], [ 30.270678887855411, -2.122911113778509 ], [ 30.267463795912175, -2.122563324556936 ], [ 30.270134829343089, -2.124748281573469 ], [ 30.265220948498438, -2.126893077388729 ], [ 30.267932077902842, -2.127820594383323 ], [ 30.26628665788957, -2.13326963637387 ] ] ] } ] } },
{ "type": "Feature", "properties": { "district_name": "Gasabo", "gaul_district_code": 21977, "district_code": 12 }, "geometry": { "type": "MultiPolygon", "coordinates": [ [ [ [ 30.236196655541725, -1.981896537189496 ], [ 30.236174292362985, -1.982150667114613 ], [ 30.236620234561208, -1.982422718616139 ], [ 30.236196655541725, -1.981896537189496 ] ] ], [ [ [ 30.247772436802752, -1.845746812448876 ], [ 30.23554116630762, -1.845786919543721 ], [ 30.218378075411412, -1.841466042202857 ], [ 30.21331247512525, -1.83538383908097 ], [ 30.203529257108162, -1.830741904001659 ], [ 30.189897734043978, -1.813338026082409 ], [ 30.17449607260502, -1.801209305042623 ], [ 30.172578622980605, -1.797160402278762 ], [ 30.161827690618683, -1.78995452996513 ], [ 30.147857359652956, -1.792687913611638 ], [ 30.142604572345345, -1.780719699794727 ], [ 30.138497703528053, -1.779560339417387 ], [ 30.134096591341144, -1.782204608216688 ], [ 30.130279621361513, -1.790043677404575 ], [ 30.130591721945294, -1.799684266102001 ], [ 30.12803224651709, -1.808981520983547 ], [ 30.122864066084649, -1.812441766421232 ], [ 30.117700444342923, -1.819968695333895 ], [ 30.1132591665002, -1.820499352408538 ], [ 30.099529646807127, -1.812682527381607 ], [ 30.09471829307542, -1.820575174832843 ], [ 30.080284165634151, -1.826380895450035 ], [ 30.063459947352392, -1.828837844905719 ], [ 30.056548337565211, -1.837533111963657 ], [ 30.057025473795303, -1.844266374207752 ], [ 30.051496161696043, -1.844676606455763 ], [ 30.045525420648548, -1.853898046790567 ], [ 30.02934781030747, -1.865197394898631 ], [ 30.026886403282983, -1.85703274969388 ], [ 30.021620236722306, -1.852555844596161 ], [ 30.015841221085402, -1.836315792113192 ], [ 30.006405773699193, -1.838674626335238 ], [ 29.991146733786618, -1.847508094629481 ], [ 29.992974956152612, -1.855423048472865 ], [ 29.989091089847271, -1.866124899375899 ], [ 29.993416417840805, -1.873959531482602 ], [ 29.995414047098397, -1.893485914341155 ], [ 30.004118226690871, -1.905726122950707 ], [ 30.019626962357115, -1.913872938231198 ], [ 30.018588028209049, -1.916222850004766 ], [ 30.014708599977514, -1.916387853684072 ], [ 30.014160144443633, -1.920499123019791 ], [ 30.022003667274706, -1.918559440669453 ], [ 30.023903255083681, -1.925065280777636 ], [ 30.03111361493287, -1.929475307285886 ], [ 30.028563000842524, -1.935049192081572 ], [ 30.030306506199786, -1.939722303955482 ], [ 30.033811437642342, -1.938027875066234 ], [ 30.03404775358641, -1.942968557721074 ], [ 30.041431977494987, -1.94242008178027 ], [ 30.049195271150136, -1.934491800871109 ], [ 30.059130160418846, -1.933653503578199 ], [ 30.07343944626243, -1.943958507201575 ], [ 30.077367870711704, -1.957126214182721 ], [ 30.083427811963659, -1.963872840283263 ], [ 30.097366982745566, -1.966927330990241 ], [ 30.098455017422609, -1.964180492146496 ], [ 30.100773748924421, -1.968893787057927 ], [ 30.10387725565052, -1.964951931686038 ], [ 30.116951311804389, -1.959413725419251 ], [ 30.123724723741372, -1.962254156035591 ], [ 30.139550072082116, -1.952742932236294 ], [ 30.14957861124072, -1.955507534056138 ], [ 30.163553430427669, -1.965687687045207 ], [ 30.17906664007975, -1.97138641985092 ], [ 30.183423194172843, -1.978168716671732 ], [ 30.183721958294733, -1.987305417525938 ], [ 30.21065931086363, -1.987604131799156 ], [ 30.219189596011518, -1.982819562129645 ], [ 30.235915706827811, -1.981241038125284 ], [ 30.23282549560475, -1.976322658208124 ], [ 30.231768760228963, -1.968470141784825 ], [ 30.233980481309704, -1.961505059445942 ], [ 30.243099300740862, -1.954727239022261 ], [ 30.254064238510516, -1.951378413481921 ], [ 30.265225349727871, -1.953371661044347 ], [ 30.277001895329164, -1.935285517269407 ], [ 30.27662280688514, -1.926545667727134 ], [ 30.270678887855411, -1.908401641011853 ], [ 30.27294408702009, -1.900107711423914 ], [ 30.258090763294696, -1.894404475882973 ], [ 30.258166644585359, -1.875662896613626 ], [ 30.260815331940876, -1.868688869196765 ], [ 30.265229838981742, -1.864938732055909 ], [ 30.263205434000696, -1.862365853361473 ], [ 30.24757180199493, -1.857420728361062 ], [ 30.249163666596576, -1.852355174236748 ], [ 30.247772436802752, -1.845746812448876 ] ] ] ] } },
{ "type": "Feature", "properties": { "district_name": "Kicukiro", "gaul_district_code": 21985, "district_code": 13 }, "geometry": { "type": "GeometryCollection", "geometries": [ { "type": "LineString", "coordinates": [ [ 30.123925372164244, -1.961777049362454 ], [ 30.123925372164244, -1.9617725902614 ] ] }, { "type": "Polygon", "coordinates": [ [ [ 30.221798210002689, -2.072429668648473 ], [ 30.220594247489785, -2.060653162537899 ], [ 30.228656263491857, -2.043307277939512 ], [ 30.229976200000042, -2.012062317717654 ], [ 30.234016139725536, -2.000513250076305 ], [ 30.235915706827811, -1.981241038125284 ], [ 30.219189596011518, -1.982819562129645 ], [ 30.21065931086363, -1.987604131799156 ], [ 30.184190097067599, -1.987399038782484 ], [ 30.180859185498452, -1.97296940460286 ], [ 30.163553430427669, -1.965687687045207 ], [ 30.14957861124072, -1.955507534056138 ], [ 30.138649338859459, -1.952818713922743 ], [ 30.123724723741372, -1.962254156035591 ], [ 30.116951311804389, -1.959413725419251 ], [ 30.10387725565052, -1.964951931686038 ], [ 30.100773748924421, -1.968893787057927 ], [ 30.098455017422609, -1.964180492146496 ], [ 30.097366982745566, -1.966927330990241 ], [ 30.083427811963659, -1.963872840283263 ], [ 30.076913108460509, -1.954820870852888 ], [ 30.072297876501494, -1.957692506171633 ], [ 30.069270157342512, -1.969134550544269 ], [ 30.060829102441566, -1.972991720112249 ], [ 30.060904920017546, -1.979573347136656 ], [ 30.048776121667537, -1.992513635344315 ], [ 30.050372479973394, -1.995532463196744 ], [ 30.048530926550992, -2.002769587556372 ], [ 30.052936523690999, -2.001873311877849 ], [ 30.064365153457452, -2.00794657515438 ], [ 30.065341672536103, -2.016967349932638 ], [ 30.072828553380248, -2.021239174488173 ], [ 30.07405033636757, -2.027843119069968 ], [ 30.078054639008588, -2.031334566422277 ], [ 30.079147061435727, -2.037947388936798 ], [ 30.081684289079227, -2.039833613262015 ], [ 30.082348734394003, -2.057420319786811 ], [ 30.086843482174014, -2.06012696811742 ], [ 30.086794474695147, -2.06247695527791 ], [ 30.090838853619228, -2.059355547945596 ], [ 30.091342750803054, -2.064006388451506 ], [ 30.094981384018716, -2.061058909849622 ], [ 30.096243243853987, -2.064456780432542 ], [ 30.10167447305631, -2.055890866185022 ], [ 30.103667678230909, -2.056568642342662 ], [ 30.104198319160538, -2.060033330417954 ], [ 30.105527159615342, -2.057429229253641 ], [ 30.108715335848895, -2.058851701313311 ], [ 30.110120009363108, -2.056274317244803 ], [ 30.113714069828404, -2.060265214151306 ], [ 30.118168639032451, -2.054686870443751 ], [ 30.119345859879886, -2.059640921573723 ], [ 30.119823037171418, -2.05633231080371 ], [ 30.125700064981167, -2.055364690687307 ], [ 30.12289975436428, -2.052996865695593 ], [ 30.123608759543615, -2.04956783672456 ], [ 30.127920691853753, -2.052814037194631 ], [ 30.130141369909776, -2.049719439676103 ], [ 30.128986449224755, -2.048011615266007 ], [ 30.132901525543645, -2.043860149774022 ], [ 30.134725355718246, -2.047645985758145 ], [ 30.137115355825216, -2.046089719265054 ], [ 30.134685176917309, -2.042954985528742 ], [ 30.138203419475953, -2.04332956014397 ], [ 30.13724470096896, -2.039543796025233 ], [ 30.139657123508311, -2.040752171952375 ], [ 30.141739454893919, -2.038299676236052 ], [ 30.142684837056965, -2.04105984544862 ], [ 30.146122782141674, -2.039405526513383 ], [ 30.147219758791181, -2.040939471401025 ], [ 30.1527356056481, -2.03436676019645 ], [ 30.157538086291609, -2.035619746558313 ], [ 30.157957247860864, -2.030799489542767 ], [ 30.161604813961951, -2.032025694671633 ], [ 30.162429720005363, -2.02947512426027 ], [ 30.165591254521924, -2.033876227333044 ], [ 30.166665871956472, -2.03005034957815 ], [ 30.171945456854104, -2.031307787009862 ], [ 30.172600908822954, -2.02821763333712 ], [ 30.175370049783595, -2.035191699009003 ], [ 30.178250557502803, -2.035958638039187 ], [ 30.17901757837636, -2.03302012573142 ], [ 30.180988488118473, -2.033617600304032 ], [ 30.182901412294356, -2.03833979508949 ], [ 30.18545208175096, -2.038192657861997 ], [ 30.189697099397236, -2.04255366674434 ], [ 30.191239987872162, -2.051320284032388 ], [ 30.193781689684251, -2.053581044055294 ], [ 30.19075390683858, -2.0557437183798 ], [ 30.19266686629042, -2.060456986021831 ], [ 30.195097042401329, -2.061750099447088 ], [ 30.19913258808775, -2.057041274597377 ], [ 30.200943004078926, -2.066472302306389 ], [ 30.204831303260352, -2.065308450346784 ], [ 30.203921677642111, -2.067939302771946 ], [ 30.206802181346479, -2.068037455085134 ], [ 30.204661866258238, -2.073548892903826 ], [ 30.206864618425364, -2.074752861414271 ], [ 30.208068617940693, -2.079742540885968 ], [ 30.21086889595751, -2.075631256769616 ], [ 30.221798210002689, -2.072429668648473 ] ] ] } ] } },
{ "type": "Feature", "properties": { "district_name": "Nyarugenge", "gaul_district_code": 21996, "district_code": 11 }, "geometry": { "type": "Polygon", "coordinates": [ [ [ 30.086794474695147, -2.06247695527791 ], [ 30.086843482174014, -2.06012696811742 ], [ 30.082348734394003, -2.057420319786811 ], [ 30.081684289079227, -2.039833613262015 ], [ 30.079147061435727, -2.037947388936798 ], [ 30.078054639008588, -2.031334566422277 ], [ 30.07405033636757, -2.027843119069968 ], [ 30.072828553380248, -2.021239174488173 ], [ 30.065341672536103, -2.016967349932638 ], [ 30.064365153457452, -2.00794657515438 ], [ 30.052936523690999, -2.001873311877849 ], [ 30.048530926550992, -2.002769587556372 ], [ 30.050372479973394, -1.995532463196744 ], [ 30.048776121667537, -1.992513635344315 ], [ 30.060904920017546, -1.979573347136656 ], [ 30.060829102441566, -1.972991720112249 ], [ 30.069270157342512, -1.969134550544269 ], [ 30.072297876501494, -1.957692506171633 ], [ 30.076890806647398, -1.954825278189038 ], [ 30.074291077434015, -1.945046495599607 ], [ 30.066924699191215, -1.937787073104301 ], [ 30.05781029397555, -1.933519729770694 ], [ 30.049195271150136, -1.934491800871109 ], [ 30.041431977494987, -1.94242008178027 ], [ 30.03404775358641, -1.942968557721074 ], [ 30.033811437642342, -1.938027875066234 ], [ 30.030306506199786, -1.939722303955482 ], [ 30.028563000842524, -1.935049192081572 ], [ 30.03111361493287, -1.929475307285886 ], [ 30.023903255083681, -1.925065280777636 ], [ 30.022003667274706, -1.918559440669453 ], [ 30.014262709942386, -1.92069088098228 ], [ 30.014708599977514, -1.916387853684072 ], [ 30.018588028209049, -1.916222850004766 ], [ 30.019707300621508, -1.913984423144277 ], [ 30.004118226690871, -1.905726122950707 ], [ 29.995414047098397, -1.893485914341155 ], [ 29.993362878008305, -1.873816810797643 ], [ 29.989434390284089, -1.866771469754522 ], [ 29.984627487702017, -1.868131482428236 ], [ 29.979998957615731, -1.871359848479023 ], [ 29.97903134899202, -1.87456148046041 ], [ 29.977519716882146, -1.881040541587305 ], [ 29.980373508251816, -1.886757137696445 ], [ 29.978028006819464, -1.890676661667987 ], [ 29.986170354821237, -1.896339754782623 ], [ 29.992502268608757, -1.907353698430594 ], [ 29.982839377078996, -1.913377953510123 ], [ 29.984926253631315, -1.921346368047641 ], [ 29.988564935257379, -1.925323907001491 ], [ 29.985488147029361, -1.929185506677397 ], [ 29.989898179680342, -1.929720603263809 ], [ 29.98703991339179, -1.931566631284307 ], [ 29.992199109113876, -1.939115886850838 ], [ 29.994031727479701, -1.940596321716184 ], [ 29.995463087785801, -1.938549612390167 ], [ 29.996560059822571, -1.94206335113831 ], [ 29.998678124808908, -1.940618617691685 ], [ 29.997790824189913, -1.944819103119027 ], [ 29.995570165771845, -1.945844648660436 ], [ 29.99840611398384, -1.947659541965296 ], [ 30.000047078916062, -1.954967999789367 ], [ 29.998709347806447, -1.956907721600563 ], [ 30.001139603919409, -1.957384804431454 ], [ 30.003235371562578, -1.954700434570558 ], [ 30.003797189127937, -1.959373599411599 ], [ 30.003667891916574, -1.969687503789103 ], [ 29.998076154594898, -1.971216989354594 ], [ 30.000600001567076, -1.974271435321509 ], [ 29.998459651825545, -1.975698341983724 ], [ 30.002263254097517, -1.983354614071559 ], [ 29.995694972378711, -1.983662286522941 ], [ 29.998027114852412, -1.987733481386538 ], [ 29.992992773415402, -1.99322707359802 ], [ 29.997117494974677, -1.992620664752303 ], [ 29.995106395762853, -1.997503397157624 ], [ 30.000880916103224, -1.998439750850068 ], [ 29.999355944480921, -2.000963657222927 ], [ 30.003556410456579, -2.00201595341674 ], [ 30.004470485163555, -2.007656725002338 ], [ 30.008621933072874, -2.007161799432108 ], [ 30.007324327123357, -2.009195143957403 ], [ 30.010347615951744, -2.012980885702289 ], [ 30.014124427291257, -2.011375647938296 ], [ 30.015506806495846, -2.012824852196152 ], [ 30.013393149595618, -2.018915966797906 ], [ 30.011805702505566, -2.017622813171928 ], [ 30.008229556971742, -2.018206971716852 ], [ 30.007730111438619, -2.020552489985994 ], [ 30.005826063180944, -2.019803319815087 ], [ 30.005201811046224, -2.024075167107578 ], [ 30.008911738561949, -2.028137404808185 ], [ 30.002138365338514, -2.031495083198319 ], [ 30.002673463469996, -2.028311312277873 ], [ 29.997429551817334, -2.030010182448469 ], [ 29.995543352181951, -2.034411326290994 ], [ 29.992439819748707, -2.033800453701578 ], [ 29.986246126072551, -2.043940462750783 ], [ 29.983361143328256, -2.043677376818372 ], [ 29.987432262605434, -2.050985798087999 ], [ 29.985804729271575, -2.053554283444295 ], [ 29.987231589531927, -2.055360190378076 ], [ 29.983651002799576, -2.057843909491475 ], [ 29.987592800850692, -2.05743813888339 ], [ 29.988912735577731, -2.062468003017415 ], [ 29.991481120294043, -2.062124648292481 ], [ 29.991070877065159, -2.065353024247592 ], [ 29.994196756296127, -2.06528615269772 ], [ 29.99402731730013, -2.068349586692704 ], [ 29.997059458320447, -2.066695262220049 ], [ 30.0000247643958, -2.069968212086537 ], [ 30.000929954813433, -2.066690769536074 ], [ 30.003284409420882, -2.067029656866851 ], [ 30.005447084797975, -2.073067295500302 ], [ 30.008233966689243, -2.070142120924373 ], [ 30.012581613692529, -2.072978127800813 ], [ 30.015707437710862, -2.070489938167462 ], [ 30.016336139050853, -2.075769506478886 ], [ 30.02450969602322, -2.068171210371151 ], [ 30.027644503436068, -2.069660507062659 ], [ 30.027198567871835, -2.063926141557926 ], [ 30.039354083897102, -2.068906934834673 ], [ 30.040290489030113, -2.065665165691257 ], [ 30.036589446497775, -2.065625078364922 ], [ 30.039853500776815, -2.061874946629685 ], [ 30.038489005545838, -2.059230726924082 ], [ 30.042056238690616, -2.058035692044593 ], [ 30.045231196993996, -2.059551747214099 ], [ 30.044134178835357, -2.056590932416299 ], [ 30.04670715815438, -2.054669042906887 ], [ 30.057988645530891, -2.055770429032636 ], [ 30.057859312024192, -2.060523812229684 ], [ 30.054483813444172, -2.064537020951218 ], [ 30.062287260890518, -2.066699692160799 ], [ 30.064601503990307, -2.0710874599172 ], [ 30.071419434172888, -2.068510097118646 ], [ 30.072641229970476, -2.064291787094657 ], [ 30.075798277719738, -2.064724307247205 ], [ 30.07687740792786, -2.069254773893051 ], [ 30.07909805114685, -2.062396678093526 ], [ 30.081635279716433, -2.064791189095189 ], [ 30.086794474695147, -2.06247695527791 ] ] ] } },
{ "type": "Feature", "properties": { "district_name": "Burera", "gaul_district_code": 21975, "district_code": 44 }, "geometry": { "type": "Polygon", "coordinates": [ [ [ 29.656375225266085, -1.41515816605983 ], [ 29.660325994496539, -1.450376120726764 ], [ 29.671487162685793, -1.446260375548351 ], [ 29.674541589462368, -1.457818377490973 ], [ 29.679620513844654, -1.456681291918653 ], [ 29.68564479145962, -1.461671004593984 ], [ 29.69605676215923, -1.457724741409489 ], [ 29.702081043504517, -1.462790280489787 ], [ 29.703079850308942, -1.467797811552413 ], [ 29.711088433151954, -1.471842222967057 ], [ 29.717781553196001, -1.482548533827329 ], [ 29.722994221575814, -1.484274191058557 ], [ 29.724991883986629, -1.492804471818324 ], [ 29.736318031220321, -1.48942445013642 ], [ 29.747104608869016, -1.481821699707083 ], [ 29.75913076579722, -1.503194181662249 ], [ 29.76342038962936, -1.517351816230726 ], [ 29.765239713641783, -1.536771191957557 ], [ 29.761690278128039, -1.549640147126127 ], [ 29.770568379932854, -1.554286569573572 ], [ 29.774260531270851, -1.559954069477465 ], [ 29.779473213771023, -1.559053321295274 ], [ 29.782465216859539, -1.566705137301728 ], [ 29.786638931191259, -1.569139793588387 ], [ 29.794718869240061, -1.566566948895211 ], [ 29.797157951863042, -1.56804286290956 ], [ 29.804305887606347, -1.565715227655483 ], [ 29.804684980700557, -1.563846854965264 ], [ 29.812925406620995, -1.566513406327542 ], [ 29.822672958195877, -1.561389901015558 ], [ 29.826770840641935, -1.562562626534781 ], [ 29.837463780083155, -1.559601824911021 ], [ 29.84044693856768, -1.564047553698513 ], [ 29.837116036553805, -1.569278042319142 ], [ 29.842261809716987, -1.579819342199308 ], [ 29.853628031470119, -1.579846116010718 ], [ 29.858479533565259, -1.60692180086341 ], [ 29.863041191922608, -1.612183511288428 ], [ 29.873239153072841, -1.612937110092292 ], [ 29.874567961218926, -1.610056505198595 ], [ 29.885983246902356, -1.609088941090189 ], [ 29.887329939523273, -1.612089859272406 ], [ 29.89299744996114, -1.608237227965197 ], [ 29.905313499441021, -1.610970678499652 ], [ 29.903761686010018, -1.603572977130895 ], [ 29.905152952614092, -1.595007092939596 ], [ 29.900930212320723, -1.589633831476175 ], [ 29.909482708484717, -1.589794402048135 ], [ 29.917081007969088, -1.595823093452371 ], [ 29.922275946128394, -1.59170735317885 ], [ 29.936139239037548, -1.597566600552229 ], [ 29.941628431590612, -1.595123006934169 ], [ 29.948972510933885, -1.597486326990205 ], [ 29.947661541505198, -1.593584590012715 ], [ 29.951786226300101, -1.595377166529075 ], [ 29.954497361267777, -1.593103028654943 ], [ 29.951117345508511, -1.57651074618315 ], [ 29.955870730658521, -1.565443229856733 ], [ 29.964253842167309, -1.574316857593965 ], [ 29.971455288494742, -1.569746294526819 ], [ 29.972686015734546, -1.586802313703523 ], [ 29.991053059550016, -1.569028360532264 ], [ 29.997563353245283, -1.568948056548839 ], [ 29.989835729621937, -1.556502748739508 ], [ 29.982090288369818, -1.550696979187524 ], [ 29.979396992772514, -1.54549320066844 ], [ 29.974126334444996, -1.543727377966656 ], [ 29.972636966822439, -1.53775218645207 ], [ 29.97069281602192, -1.536191503594121 ], [ 29.969823329296535, -1.54076657127136 ], [ 29.966447752029257, -1.539839103392964 ], [ 29.961435708313896, -1.527612219007394 ], [ 29.966800020010037, -1.525721527185394 ], [ 29.969390789339787, -1.518234702076641 ], [ 29.975080569167826, -1.517882472102597 ], [ 29.982777011984933, -1.521280289803016 ], [ 29.995507718324031, -1.509606368800788 ], [ 29.993438733448439, -1.500781775797446 ], [ 29.980707921289312, -1.501468487834281 ], [ 29.975588956440667, -1.491600499558779 ], [ 29.983423596364624, -1.486120300616613 ], [ 29.979941001855117, -1.476256772697828 ], [ 29.980386916545601, -1.469822246219678 ], [ 29.984698849331526, -1.468038626963295 ], [ 29.983918544483281, -1.465416662943252 ], [ 29.988181410056676, -1.462148133138775 ], [ 29.981425878865625, -1.453640205258923 ], [ 29.978688022259668, -1.457211897654226 ], [ 29.943140020885938, -1.465804636140006 ], [ 29.930262166593462, -1.472702874275567 ], [ 29.92354674103856, -1.480582059740618 ], [ 29.918779963742942, -1.473719519796554 ], [ 29.909357911189858, -1.4708122108656 ], [ 29.899935828672831, -1.462553943749431 ], [ 29.887026722979602, -1.428125240820052 ], [ 29.885978833231537, -1.415216115018097 ], [ 29.882955523694839, -1.408937670247085 ], [ 29.885051341300834, -1.401143208316376 ], [ 29.882723712405767, -1.393464619719073 ], [ 29.884235333897674, -1.387765862503893 ], [ 29.880841930521026, -1.358688069646315 ], [ 29.883111594441583, -1.35632475965489 ], [ 29.871482249849155, -1.354906800006002 ], [ 29.863727895296776, -1.359820699568394 ], [ 29.849672837971369, -1.337971135445452 ], [ 29.84202101151552, -1.333083906483846 ], [ 29.84202101151552, -1.322453414933582 ], [ 29.832032593907922, -1.313316748436625 ], [ 29.830503179882861, -1.309365963262804 ], [ 29.824380762486346, -1.309067228776315 ], [ 29.819917271157706, -1.314377980842913 ], [ 29.823105519160244, -1.317989900731191 ], [ 29.818954096904289, -1.326890220509303 ], [ 29.810138436461006, -1.329467612483666 ], [ 29.797447851205888, -1.347999646736788 ], [ 29.7990887478134, -1.359223209884364 ], [ 29.794165911517194, -1.363610908751395 ], [ 29.785831883276874, -1.358335793756115 ], [ 29.780275793174557, -1.350001784002486 ], [ 29.771112420054152, -1.345556026429838 ], [ 29.75055589411075, -1.345832506432944 ], [ 29.734168710601345, -1.341944159151195 ], [ 29.722499220397484, -1.344164781978477 ], [ 29.70823455284479, -1.351187903035239 ], [ 29.67916125222763, -1.383846309000934 ], [ 29.660031744112722, -1.385366891517112 ], [ 29.660152079154443, -1.400724047561301 ], [ 29.656375225266085, -1.41515816605983 ] ] ] } },
{ "type": "Feature", "properties": { "district_name": "Gakenke", "gaul_district_code": 21976, "district_code": 42 }, "geometry": { "type": "Polygon", "coordinates": [ [ [ 29.761752743460558, -1.549680292642603 ], [ 29.756700559541645, -1.557207261995961 ], [ 29.756589054425731, -1.561875950193789 ], [ 29.751911502484397, -1.565938217829144 ], [ 29.753570253718955, -1.582231752790595 ], [ 29.749980671096139, -1.585353097903284 ], [ 29.74801870984211, -1.583542746841229 ], [ 29.735671435769344, -1.584126870465652 ], [ 29.728073163214614, -1.576604327109597 ], [ 29.71956965435135, -1.57453978764885 ], [ 29.713028108835296, -1.566424259636481 ], [ 29.703985045990276, -1.56019488437722 ], [ 29.690219802956811, -1.560957361287188 ], [ 29.684173267012131, -1.558009896182602 ], [ 29.67946447998861, -1.562558213777796 ], [ 29.678635066529974, -1.572484147372607 ], [ 29.673529407372182, -1.574628952731212 ], [ 29.676619594475252, -1.580349991324617 ], [ 29.668668993299203, -1.579342246483406 ], [ 29.674282997034648, -1.592942521711504 ], [ 29.667139558517931, -1.592474286598367 ], [ 29.668793829951994, -1.594677069787178 ], [ 29.667175188639792, -1.598779488084964 ], [ 29.665030380742792, -1.596442887690704 ], [ 29.653293967726501, -1.598262184011306 ], [ 29.647706718296192, -1.596594500750529 ], [ 29.642797311551977, -1.589424274869953 ], [ 29.63778082206052, -1.592336077148668 ], [ 29.635537851104036, -1.597446189705152 ], [ 29.636456479521073, -1.603345600020632 ], [ 29.633138848085892, -1.608883808413191 ], [ 29.634895745052567, -1.611536942227752 ], [ 29.634039628603428, -1.629025560861622 ], [ 29.635988234455684, -1.632124636143039 ], [ 29.633406447529559, -1.638487741520886 ], [ 29.633214635553959, -1.649073651694429 ], [ 29.633905829542346, -1.653488194119454 ], [ 29.636139806304364, -1.653296422209007 ], [ 29.638405052142389, -1.65828617343035 ], [ 29.640001473356286, -1.676648725849543 ], [ 29.637031636214889, -1.69466352773861 ], [ 29.632456670616314, -1.696919791829902 ], [ 29.634646011793492, -1.700206190345974 ], [ 29.635586930843687, -1.719353535879285 ], [ 29.640135178232775, -1.724610826801191 ], [ 29.649187199954049, -1.7268582213385 ], [ 29.654926031062615, -1.735178880720744 ], [ 29.668111647576161, -1.731179100397322 ], [ 29.688217668073918, -1.731616096680328 ], [ 29.694866177208244, -1.733689597095634 ], [ 29.696516057068095, -1.736418517784367 ], [ 29.701108923659518, -1.737747372953012 ], [ 29.701104504114049, -1.74444940272374 ], [ 29.703392042271812, -1.747271984435109 ], [ 29.710334863777323, -1.753269491418422 ], [ 29.713554342663194, -1.752448986202858 ], [ 29.716648953609145, -1.755320690669089 ], [ 29.720947480686192, -1.754995188829511 ], [ 29.728505664547615, -1.748159363307878 ], [ 29.733580164622676, -1.748337718065425 ], [ 29.738342455689885, -1.751374358436312 ], [ 29.741552984914282, -1.749764614827613 ], [ 29.747916122297504, -1.750656459398346 ], [ 29.744183863775966, -1.7637126940937 ], [ 29.748411121968587, -1.772488203522188 ], [ 29.756339360396268, -1.775012045341006 ], [ 29.763772735312777, -1.780880231609149 ], [ 29.769721129071804, -1.791368072532386 ], [ 29.769346534765756, -1.806801004858595 ], [ 29.771901619008091, -1.810368256400217 ], [ 29.778068578254846, -1.809440789018558 ], [ 29.785894337786768, -1.819647682005046 ], [ 29.789577514208329, -1.820784720491963 ], [ 29.791539508958742, -1.82519923560373 ], [ 29.796306269673021, -1.826340771643625 ], [ 29.798990702643618, -1.829680629299634 ], [ 29.800810003407932, -1.838732610985468 ], [ 29.796399900204474, -1.846179336350988 ], [ 29.800903630903623, -1.850785593351841 ], [ 29.81048174333624, -1.852542431248238 ], [ 29.816457019252965, -1.851387572812893 ], [ 29.823413203597195, -1.856644820808472 ], [ 29.827832161999044, -1.854879025069243 ], [ 29.841039977468363, -1.85717993671666 ], [ 29.848192359453282, -1.865340046754175 ], [ 29.848914808817568, -1.87154713376718 ], [ 29.8525623168645, -1.873295117041248 ], [ 29.862635419073928, -1.868546189041763 ], [ 29.864900615710738, -1.863511848723823 ], [ 29.872039665822346, -1.861639020185513 ], [ 29.874371801269984, -1.857327061753121 ], [ 29.879856494006834, -1.854031817703154 ], [ 29.892881552835991, -1.862481775888543 ], [ 29.90198257764926, -1.862521902918623 ], [ 29.90480511522108, -1.85987321730632 ], [ 29.903418346460551, -1.84902419964189 ], [ 29.908653342717937, -1.845265166466661 ], [ 29.910887332151209, -1.84009711382488 ], [ 29.907739242911632, -1.831589121353135 ], [ 29.912225131238316, -1.807046273381977 ], [ 29.914512633266586, -1.804749818489026 ], [ 29.918655086666448, -1.805378520640093 ], [ 29.932652258904739, -1.799889375089658 ], [ 29.923100816918787, -1.788046010393524 ], [ 29.920246974041223, -1.777620616045249 ], [ 29.921236974270677, -1.772871702891659 ], [ 29.911823739929684, -1.759588033011095 ], [ 29.912376667624894, -1.756007375523466 ], [ 29.906102726903455, -1.748872826923325 ], [ 29.903239968427304, -1.729823542216213 ], [ 29.901157579697895, -1.726858249958403 ], [ 29.903075006051534, -1.723585239938105 ], [ 29.900033890437573, -1.719380346536956 ], [ 29.896885816836345, -1.707247073996335 ], [ 29.891847036464053, -1.69817732128011 ], [ 29.888105853046742, -1.695706923432695 ], [ 29.883486145855905, -1.684349588829732 ], [ 29.875085197115435, -1.675181737370869 ], [ 29.872472248725078, -1.664154343788554 ], [ 29.879615673188486, -1.656859263738599 ], [ 29.880926676142526, -1.649657818919645 ], [ 29.874634878005232, -1.644583377921369 ], [ 29.871473333294023, -1.632704337201042 ], [ 29.869110072696301, -1.631500340425985 ], [ 29.865087960469989, -1.614020676503419 ], [ 29.858479533565259, -1.60692180086341 ], [ 29.853628031470119, -1.579846116010718 ], [ 29.842261809716987, -1.579819342199308 ], [ 29.837116036553805, -1.569278042319142 ], [ 29.84044693856768, -1.564047553698513 ], [ 29.837463780083155, -1.559601824911021 ], [ 29.826770840641935, -1.562562626534781 ], [ 29.822672958195877, -1.561389901015558 ], [ 29.812925406620995, -1.566513406327542 ], [ 29.804684980700557, -1.563846854965264 ], [ 29.804305887606347, -1.565715227655483 ], [ 29.797157951863042, -1.56804286290956 ], [ 29.794718869240061, -1.566566948895211 ], [ 29.786638931191259, -1.569139793588387 ], [ 29.781769629803815, -1.565929285995147 ], [ 29.781778552138835, -1.561519252306022 ], [ 29.779473213771023, -1.559053321295274 ], [ 29.774260531270851, -1.559954069477465 ], [ 29.770568379932854, -1.554286569573572 ], [ 29.761752743460558, -1.549680292642603 ] ] ] } },
{ "type": "Feature", "properties": { "district_name": "Gicumbi", "gaul_district_code": 21979, "district_code": 45 }, "geometry": { "type": "Polygon", "coordinates": [ [ [ 30.162487685231206, -1.542920283516935 ], [ 30.166937894403237, -1.534376642512278 ], [ 30.178085578731565, -1.530965443728495 ], [ 30.181340722613854, -1.518783165994556 ], [ 30.179343041222449, -1.517342934804879 ], [ 30.156476785846774, -1.519353931970022 ], [ 30.150657674956644, -1.522163206907009 ], [ 30.148338928213182, -1.527135105042973 ], [ 30.144499634835622, -1.52928882044081 ], [ 30.139942505450012, -1.526867528150111 ], [ 30.138448626861486, -1.516584841055288 ], [ 30.145288964598052, -1.51574655484217 ], [ 30.145543057479191, -1.514123463061349 ], [ 30.142158666190241, -1.502748286261502 ], [ 30.133780005241039, -1.494748663985099 ], [ 30.136571364726272, -1.491020850768363 ], [ 30.133788904554422, -1.481897483918593 ], [ 30.129213874313873, -1.478370345135787 ], [ 30.126012264387025, -1.479391526491283 ], [ 30.125829421188197, -1.471815460997712 ], [ 30.122444970413476, -1.469113268186788 ], [ 30.123595365496055, -1.465688666797033 ], [ 30.11480655412441, -1.450501009041123 ], [ 30.115243474844508, -1.448249146640595 ], [ 30.108140119596264, -1.443807902558914 ], [ 30.106677612107273, -1.436945318892857 ], [ 30.099262069919998, -1.434853967920211 ], [ 30.100804948276441, -1.433217517391129 ], [ 30.098414827720482, -1.425645943756454 ], [ 30.0953871688364, -1.42620779574701 ], [ 30.092568948528918, -1.420379744753223 ], [ 30.093634723124541, -1.412933065538259 ], [ 30.082732168439982, -1.413490467677226 ], [ 30.08281687636542, -1.403105189610156 ], [ 30.075940992790489, -1.392791270193956 ], [ 30.070514275550366, -1.391957433509277 ], [ 30.070483069154918, -1.389839358088472 ], [ 30.051407025732118, -1.398659468038557 ], [ 30.053890731888501, -1.428611256312228 ], [ 30.042221297100088, -1.426943529674807 ], [ 30.038377552789491, -1.418301789979066 ], [ 30.024585534018239, -1.417356471685235 ], [ 30.021754014248749, -1.412446985983477 ], [ 30.015899161503857, -1.412255297637944 ], [ 29.995690562253213, -1.430956755959601 ], [ 29.990402012998747, -1.441912739684112 ], [ 29.981425878865625, -1.453640205258923 ], [ 29.988181410056676, -1.462148133138775 ], [ 29.983918544483281, -1.465416662943252 ], [ 29.984698849331526, -1.468038626963295 ], [ 29.980694601239449, -1.468997353988179 ], [ 29.979941001855117, -1.476256772697828 ], [ 29.983423596364624, -1.486120300616613 ], [ 29.976190938148701, -1.490227110337125 ], [ 29.976097253597288, -1.493865771114397 ], [ 29.980707921289312, -1.501468487834281 ], [ 29.993438733448439, -1.500781775797446 ], [ 29.995507718324031, -1.509606368800788 ], [ 29.982777011984933, -1.521280289803016 ], [ 29.975080569167826, -1.517882472102597 ], [ 29.969390789339787, -1.518234702076641 ], [ 29.966800020010037, -1.525721527185394 ], [ 29.961449118474405, -1.52773259165259 ], [ 29.966447752029257, -1.539839103392964 ], [ 29.969823329296535, -1.54076657127136 ], [ 29.97069281602192, -1.536191503594121 ], [ 29.972636966822439, -1.53775218645207 ], [ 29.974126334444996, -1.543727377966656 ], [ 29.979396992772514, -1.54549320066844 ], [ 29.982090288369818, -1.550696979187524 ], [ 29.989835729621937, -1.556502748739508 ], [ 29.997563353245283, -1.568948056548839 ], [ 29.991053059550016, -1.569028360532264 ], [ 29.972686015734546, -1.586802313703523 ], [ 29.971455288494742, -1.569746294526819 ], [ 29.964253842167309, -1.574316857593965 ], [ 29.955870730658521, -1.565443229856733 ], [ 29.951117345508511, -1.57651074618315 ], [ 29.954497361267777, -1.593103028654943 ], [ 29.951786226300101, -1.595377166529075 ], [ 29.947661541505198, -1.593584590012715 ], [ 29.948972510933885, -1.597486326990205 ], [ 29.943951618575305, -1.595729462141271 ], [ 29.950537663814814, -1.604152665379861 ], [ 29.957806005738465, -1.607282943370524 ], [ 29.9595851817264, -1.611394295597834 ], [ 29.95829204793991, -1.614738594312479 ], [ 29.966612726128261, -1.620495264360435 ], [ 29.967330669905266, -1.628838297942792 ], [ 29.974567769182627, -1.63917889867617 ], [ 29.97854979154468, -1.639098634985652 ], [ 29.9826387854297, -1.632316351465873 ], [ 29.986808014009156, -1.63352921286394 ], [ 29.993929234869459, -1.641265804356808 ], [ 29.999886555407851, -1.661483331353055 ], [ 30.007275290727339, -1.651775870196002 ], [ 30.018003872272587, -1.654295292275069 ], [ 30.013143480678739, -1.642982535371953 ], [ 30.013950603681785, -1.631192687536823 ], [ 30.010499219585657, -1.622617834674535 ], [ 30.012452324867418, -1.619371572721808 ], [ 30.019377304943372, -1.616348302437933 ], [ 30.022445122539217, -1.610547068990333 ], [ 30.035104556954302, -1.602039056999555 ], [ 30.041249195386282, -1.611041966695261 ], [ 30.053538425925431, -1.618256821799307 ], [ 30.062242652408045, -1.633796763182508 ], [ 30.076355650171674, -1.651000014842505 ], [ 30.071691474227205, -1.652186152841233 ], [ 30.063286099125108, -1.65952131149889 ], [ 30.060512519520383, -1.658905973957419 ], [ 30.061908176477459, -1.661113234738318 ], [ 30.055357781846414, -1.666036096453282 ], [ 30.055090205115917, -1.669072745359936 ], [ 30.063397531280405, -1.687239125337449 ], [ 30.066501108931568, -1.688108610302288 ], [ 30.073220917944376, -1.701450264880338 ], [ 30.078487095846782, -1.705137952922358 ], [ 30.083410006637134, -1.714934560268538 ], [ 30.081501473487375, -1.722136042749651 ], [ 30.076935322120487, -1.725930724025117 ], [ 30.076070308909578, -1.73403294663705 ], [ 30.081786891356327, -1.740048250425543 ], [ 30.086196952213665, -1.751360993820656 ], [ 30.084399873433572, -1.75647114802452 ], [ 30.090945855908263, -1.761844346313556 ], [ 30.093835326128453, -1.767819516474774 ], [ 30.099186273998434, -1.772720089715319 ], [ 30.113290451067662, -1.775252822543041 ], [ 30.118155332561944, -1.771404623961509 ], [ 30.126342174566421, -1.771997688815881 ], [ 30.132959503619681, -1.77960047827506 ], [ 30.132879233054812, -1.783863351215053 ], [ 30.138109759475242, -1.779658425796817 ], [ 30.14252430758539, -1.780639434453935 ], [ 30.147857359652956, -1.792687913611638 ], [ 30.163923505762224, -1.790797273940974 ], [ 30.189897734043978, -1.813338026082409 ], [ 30.203529257108162, -1.830741904001659 ], [ 30.21331247512525, -1.83538383908097 ], [ 30.217370271893774, -1.840837295961812 ], [ 30.23554116630762, -1.845786919543721 ], [ 30.246876136506739, -1.846023256938853 ], [ 30.256079717077604, -1.841604247322902 ], [ 30.260320352146962, -1.828659525522761 ], [ 30.264057082213011, -1.827972792871166 ], [ 30.271133691227266, -1.831571295286156 ], [ 30.275623986767137, -1.830469903875307 ], [ 30.271262993465957, -1.817266482454806 ], [ 30.275097816397277, -1.806983813050751 ], [ 30.274188147525106, -1.795341113513009 ], [ 30.26337039450917, -1.78114777728971 ], [ 30.255941508788798, -1.762994809905961 ], [ 30.253257158112184, -1.745247578187513 ], [ 30.254822280392403, -1.73790789146961 ], [ 30.252240465691024, -1.727723271516386 ], [ 30.247090241994094, -1.721979944069108 ], [ 30.247772436802752, -1.718519701581463 ], [ 30.262960105476303, -1.708495638499131 ], [ 30.252383167560261, -1.692081709734301 ], [ 30.252414331303832, -1.686931414903341 ], [ 30.242368043521708, -1.673973289611914 ], [ 30.22738993616931, -1.667413920868994 ], [ 30.224027708615601, -1.650785934165153 ], [ 30.220036861874092, -1.65223520109134 ], [ 30.216563231031135, -1.650228576800534 ], [ 30.216139587640992, -1.6444049762808 ], [ 30.210637031420259, -1.638434237880184 ], [ 30.211096357051147, -1.633221560820652 ], [ 30.20816671981742, -1.627571904081396 ], [ 30.201375502868604, -1.628579636554522 ], [ 30.197233020565154, -1.624227573754403 ], [ 30.194093817416356, -1.625569769162678 ], [ 30.189460794022164, -1.613061974039936 ], [ 30.182847948032549, -1.605811442406393 ], [ 30.170674623079375, -1.583877130064816 ], [ 30.169773836194022, -1.569269116093279 ], [ 30.163236826241317, -1.555976566433696 ], [ 30.162487685231206, -1.542920283516935 ] ] ] } },
{ "type": "Feature", "properties": { "district_name": "Musanze", "gaul_district_code": 21988, "district_code": 43 }, "geometry": { "type": "Polygon", "coordinates": [ [ [ 29.660325994496539, -1.450376120726764 ], [ 29.656375225266085, -1.41515816605983 ], [ 29.660152079154443, -1.400724047561301 ], [ 29.660031744112722, -1.385366891517112 ], [ 29.619021333092142, -1.388622008491791 ], [ 29.589511009929137, -1.386619868666464 ], [ 29.555501458512289, -1.393420019549001 ], [ 29.526352363317201, -1.412852775123866 ], [ 29.450070515944432, -1.506128253240986 ], [ 29.483892723071328, -1.549243291822245 ], [ 29.497858666972153, -1.56288819660994 ], [ 29.507048847958398, -1.563985078057808 ], [ 29.507949627109454, -1.562246055985598 ], [ 29.528131461101861, -1.572047150095139 ], [ 29.534855867573157, -1.571226671936008 ], [ 29.538275959416776, -1.574597738925047 ], [ 29.540153223156558, -1.571222248381085 ], [ 29.545464010240593, -1.571440710697677 ], [ 29.548478406727515, -1.567868987902616 ], [ 29.553218435954605, -1.576385837484881 ], [ 29.556509261321136, -1.575770510440599 ], [ 29.555844855507715, -1.572809690917281 ], [ 29.559238168124878, -1.569915705961787 ], [ 29.567866593175577, -1.577866310645617 ], [ 29.570127352279698, -1.583524881366086 ], [ 29.584717513779136, -1.5890363389414 ], [ 29.585627182005197, -1.592006065726532 ], [ 29.590442939505678, -1.591172240569299 ], [ 29.595976715288632, -1.59342855473841 ], [ 29.607793319671028, -1.587654044242707 ], [ 29.618196429606382, -1.588354068060952 ], [ 29.624479266252134, -1.584996374041227 ], [ 29.629210401828253, -1.591194536850703 ], [ 29.63854326846095, -1.592282562557403 ], [ 29.642797311551977, -1.589424274869953 ], [ 29.647706718296192, -1.596594500750529 ], [ 29.653293967726501, -1.598262184011306 ], [ 29.665030380742792, -1.596442887690704 ], [ 29.667175188639792, -1.598779488084964 ], [ 29.668793829951994, -1.594677069787178 ], [ 29.667139558517931, -1.592474286598367 ], [ 29.674282997034648, -1.592942521711504 ], [ 29.668668993299203, -1.579342246483406 ], [ 29.676619594475252, -1.580349991324617 ], [ 29.673529407372182, -1.574628952731212 ], [ 29.678635066529974, -1.572484147372607 ], [ 29.67946447998861, -1.562558213777796 ], [ 29.684173267012131, -1.558009896182602 ], [ 29.690219802956811, -1.560957361287188 ], [ 29.703985045990276, -1.56019488437722 ], [ 29.713028108835296, -1.566424259636481 ], [ 29.71956965435135, -1.57453978764885 ], [ 29.728073163214614, -1.576604327109597 ], [ 29.7369199976775, -1.584670850764887 ], [ 29.74801870984211, -1.583542746841229 ], [ 29.749753320394596, -1.585379885546919 ], [ 29.753142159417067, -1.583631888903833 ], [ 29.751911502484397, -1.565938217829144 ], [ 29.756589054425731, -1.561875950193789 ], [ 29.756700559541645, -1.557207261995961 ], [ 29.763103825534479, -1.546367219804673 ], [ 29.764967770739233, -1.528098265869901 ], [ 29.760232186191377, -1.505700181736849 ], [ 29.747104608869016, -1.481821699707083 ], [ 29.736318031220321, -1.48942445013642 ], [ 29.724991883986629, -1.492804471818324 ], [ 29.722994221575814, -1.484274191058557 ], [ 29.717781553196001, -1.482548533827329 ], [ 29.711088433151954, -1.471842222967057 ], [ 29.703079850308942, -1.467797811552413 ], [ 29.702081043504517, -1.462790280489787 ], [ 29.69605676215923, -1.457724741409489 ], [ 29.68564479145962, -1.461671004593984 ], [ 29.679620513844654, -1.456681291918653 ], [ 29.674541589462368, -1.457818377490973 ], [ 29.671487162685793, -1.446260375548351 ], [ 29.660325994496539, -1.450376120726764 ] ] ] } },
{ "type": "Feature", "properties": { "district_name": "Rulindo", "gaul_district_code": 22000, "district_code": 41 }, "geometry": { "type": "Polygon", "coordinates": [ [ [ 29.989086591300328, -1.866000043603419 ], [ 29.992974956152612, -1.855423048472865 ], [ 29.991146733786618, -1.847508094629481 ], [ 30.006405773699193, -1.838674626335238 ], [ 30.015841221085402, -1.836315792113192 ], [ 30.021620236722306, -1.852555844596161 ], [ 30.026886403282983, -1.85703274969388 ], [ 30.02934781030747, -1.865197394898631 ], [ 30.045525420648548, -1.853898046790567 ], [ 30.051496161696043, -1.844676606455763 ], [ 30.057025473795303, -1.844266374207752 ], [ 30.056548337565211, -1.837533111963657 ], [ 30.063459947352392, -1.828837844905719 ], [ 30.080284165634151, -1.826380895450035 ], [ 30.09471829307542, -1.820575174832843 ], [ 30.099529646807127, -1.812682527381607 ], [ 30.1132591665002, -1.820499352408538 ], [ 30.117700444342923, -1.819968695333895 ], [ 30.122864066084649, -1.812441766421232 ], [ 30.12803224651709, -1.808981520983547 ], [ 30.133048673498998, -1.779850173433635 ], [ 30.126788133585578, -1.772274144468759 ], [ 30.122453870482399, -1.770967682316075 ], [ 30.117080676480974, -1.771805991414174 ], [ 30.114173289732008, -1.775221632215024 ], [ 30.099186273998434, -1.772720089715319 ], [ 30.084399873433572, -1.75647114802452 ], [ 30.086196952213665, -1.751360993820656 ], [ 30.081786891356327, -1.740048250425543 ], [ 30.075874086855872, -1.732900330339463 ], [ 30.076935322120487, -1.725930724025117 ], [ 30.081501473487375, -1.722136042749651 ], [ 30.083410006637134, -1.714934560268538 ], [ 30.078487095846782, -1.705137952922358 ], [ 30.073220917944376, -1.701450264880338 ], [ 30.066501108931568, -1.688108610302288 ], [ 30.063397531280405, -1.687239125337449 ], [ 30.054956460633232, -1.667984694151079 ], [ 30.061908176477459, -1.661113234738318 ], [ 30.060512519520383, -1.658905973957419 ], [ 30.063286099125108, -1.65952131149889 ], [ 30.071691474227205, -1.652186152841233 ], [ 30.076355650171674, -1.651000014842505 ], [ 30.062242652408045, -1.633796763182508 ], [ 30.053538425925431, -1.618256821799307 ], [ 30.041249195386282, -1.611041966695261 ], [ 30.035104556954302, -1.602039056999555 ], [ 30.022445122539217, -1.610547068990333 ], [ 30.019377304943372, -1.616348302437933 ], [ 30.012452324867418, -1.619371572721808 ], [ 30.010499219585657, -1.622617834674535 ], [ 30.013950603681785, -1.631192687536823 ], [ 30.013143480678739, -1.642982535371953 ], [ 30.018003872272587, -1.654295292275069 ], [ 30.007275290727339, -1.651775870196002 ], [ 29.999886555407851, -1.661483331353055 ], [ 29.993929234869459, -1.641265804356808 ], [ 29.986808014009156, -1.63352921286394 ], [ 29.9826387854297, -1.632316351465873 ], [ 29.97854979154468, -1.639098634985652 ], [ 29.974567769182627, -1.63917889867617 ], [ 29.967330669905266, -1.628838297942792 ], [ 29.966612726128261, -1.620495264360435 ], [ 29.95829204793991, -1.614738594312479 ], [ 29.9595851817264, -1.611394295597834 ], [ 29.957806005738465, -1.607282943370524 ], [ 29.950537663814814, -1.604152665379861 ], [ 29.943951618575305, -1.595729462141271 ], [ 29.936139239037548, -1.597566600552229 ], [ 29.922164398011695, -1.591707329460302 ], [ 29.917081007969088, -1.595823093452371 ], [ 29.909482708484717, -1.589794402048135 ], [ 29.900930212320723, -1.589633831476175 ], [ 29.905152952614092, -1.595007092939596 ], [ 29.903761686010018, -1.603572977130895 ], [ 29.905313499441021, -1.610970678499652 ], [ 29.89299744996114, -1.608237227965197 ], [ 29.887329939523273, -1.612089859272406 ], [ 29.885983246902356, -1.609088941090189 ], [ 29.882086008655754, -1.609120102884591 ], [ 29.874567961218926, -1.610056505198595 ], [ 29.873239153072841, -1.612937110092292 ], [ 29.864267420322388, -1.612919270855936 ], [ 29.874634878005232, -1.644583377921369 ], [ 29.880926676142526, -1.649657818919645 ], [ 29.879615673188486, -1.656859263738599 ], [ 29.872472248725078, -1.664154343788554 ], [ 29.875085197115435, -1.675181737370869 ], [ 29.883486145855905, -1.684349588829732 ], [ 29.888105853046742, -1.695706923432695 ], [ 29.891847036464053, -1.69817732128011 ], [ 29.896885816836345, -1.707247073996335 ], [ 29.900033890437573, -1.719380346536956 ], [ 29.903075006051534, -1.723585239938105 ], [ 29.901157579697895, -1.726858249958403 ], [ 29.903239968427304, -1.729823542216213 ], [ 29.906102726903455, -1.748872826923325 ], [ 29.912376667624894, -1.756007375523466 ], [ 29.911823739929684, -1.759588033011095 ], [ 29.921236974270677, -1.772871702891659 ], [ 29.920246974041223, -1.777620616045249 ], [ 29.923100816918787, -1.788046010393524 ], [ 29.932652258904739, -1.799889375089658 ], [ 29.918655086666448, -1.805378520640093 ], [ 29.914512633266586, -1.804749818489026 ], [ 29.912225131238316, -1.807046273381977 ], [ 29.907739242911632, -1.831589121353135 ], [ 29.910887332151209, -1.84009711382488 ], [ 29.908653342717937, -1.845265166466661 ], [ 29.903418346460551, -1.84902419964189 ], [ 29.903940063364669, -1.858129734406884 ], [ 29.90480511522108, -1.85987321730632 ], [ 29.911279723974801, -1.857924569884161 ], [ 29.917999634588423, -1.864417029924753 ], [ 29.918472315842418, -1.86964310143614 ], [ 29.926944559199949, -1.86781936244396 ], [ 29.929102800137059, -1.871551624422053 ], [ 29.931648928215424, -1.871551603553555 ], [ 29.933811595254461, -1.877678435776547 ], [ 29.942364154395083, -1.877990568009416 ], [ 29.94235965430363, -1.884358145261674 ], [ 29.947790891990227, -1.887145070700265 ], [ 29.948660431118896, -1.890948666982422 ], [ 29.953668003912757, -1.891149333383441 ], [ 29.959522805970291, -1.895260629858942 ], [ 29.956588642838433, -1.900179001553459 ], [ 29.963598432527249, -1.903831009040335 ], [ 29.962880469066356, -1.907621241478182 ], [ 29.968240312817425, -1.908896573699124 ], [ 29.971843271805536, -1.907353738875485 ], [ 29.975669144368958, -1.909476244680681 ], [ 29.977198616393348, -1.905779673962896 ], [ 29.982839377078996, -1.913377953510123 ], [ 29.992502268608757, -1.907353698430594 ], [ 29.986170354821237, -1.896339754782623 ], [ 29.978028006819464, -1.890676661667987 ], [ 29.980373508251816, -1.886757137696445 ], [ 29.977519716882146, -1.881040541587305 ], [ 29.979998957615731, -1.871359848479023 ], [ 29.989086591300328, -1.866000043603419 ] ] ] } },
{ "type": "Feature", "properties": { "district_name": "Gisagara", "gaul_district_code": 21980, "district_code": 22 }, "geometry": { "type": "GeometryCollection", "geometries": [ { "type": "LineString", "coordinates": [ [ 29.713317969859784, -2.763367350235155 ], [ 29.713313510758731, -2.763376268437264 ] ] }, { "type": "Polygon", "coordinates": [ [ [ 29.697938571218142, -2.797555248416251 ], [ 29.701862542521138, -2.804770101721626 ], [ 29.701104504114049, -2.81045099739977 ], [ 29.708256914608754, -2.819168535958814 ], [ 29.715480638611186, -2.815761779631794 ], [ 29.722436825909611, -2.815529890680534 ], [ 29.723761156211253, -2.818120667885149 ], [ 29.732291452379233, -2.811146624123514 ], [ 29.739341269370676, -2.811048545834922 ], [ 29.744946352549942, -2.807146785151201 ], [ 29.753414213718766, -2.810945934086972 ], [ 29.762550918953675, -2.794875341371655 ], [ 29.764762620479431, -2.779678764932485 ], [ 29.771723247890197, -2.764437532830612 ], [ 29.786911008460859, -2.76576636998856 ], [ 29.795427817887663, -2.757748859214021 ], [ 29.807471883768997, -2.759982909329216 ], [ 29.812296654087753, -2.766283585582923 ], [ 29.813036866598384, -2.772637830117444 ], [ 29.83226890580891, -2.781395498874151 ], [ 29.833191984265355, -2.774595387578965 ], [ 29.836384694971958, -2.772178547976863 ], [ 29.844384294815512, -2.767929004819886 ], [ 29.852977037105646, -2.766595753182636 ], [ 29.855010357886712, -2.762644950791991 ], [ 29.866849271269121, -2.759817911420838 ], [ 29.871727499030197, -2.761610473917227 ], [ 29.878010425700502, -2.7601880057443 ], [ 29.892948372439506, -2.747100567571892 ], [ 29.893385391263955, -2.735181399090375 ], [ 29.918365265507198, -2.70244712358146 ], [ 29.918512382475623, -2.696195440554119 ], [ 29.925486445509801, -2.682479243923326 ], [ 29.928795087203255, -2.657445874565516 ], [ 29.933659994363552, -2.651122877106765 ], [ 29.936005465451881, -2.642222488889155 ], [ 29.928558764611861, -2.633246344162372 ], [ 29.930935473547912, -2.623222239064961 ], [ 29.931697991875119, -2.58917703442035 ], [ 29.920782129270975, -2.557602140685641 ], [ 29.92944616353671, -2.54579440882408 ], [ 29.929227667677214, -2.540760114336829 ], [ 29.934279809749675, -2.53380389480388 ], [ 29.938092353764958, -2.511677866818759 ], [ 29.943099873234171, -2.500806570243479 ], [ 29.950377170076234, -2.496369746487473 ], [ 29.956004572997315, -2.489672194361593 ], [ 29.963651895862807, -2.489520560923936 ], [ 29.967749806872014, -2.484994618658201 ], [ 29.96882000740252, -2.475942588448631 ], [ 29.966924853047647, -2.47061843057792 ], [ 29.970380697745451, -2.461352420497307 ], [ 29.965761034165975, -2.450035205546023 ], [ 29.96762938562771, -2.445785721333063 ], [ 29.962612974216185, -2.435846385643385 ], [ 29.961970790338224, -2.414375797672074 ], [ 29.955059203893832, -2.397190446056186 ], [ 29.942497921751688, -2.414509560467604 ], [ 29.934101471926255, -2.431739532599284 ], [ 29.924572369823004, -2.440211808147709 ], [ 29.902094053936395, -2.447453440269876 ], [ 29.893416638365562, -2.447266165486774 ], [ 29.88414608831123, -2.451974915638882 ], [ 29.867821381585074, -2.451190174395904 ], [ 29.852437467903993, -2.455769614717843 ], [ 29.84635081168479, -2.453459802388812 ], [ 29.840825932750668, -2.457294642420454 ], [ 29.829125288679837, -2.467630853387182 ], [ 29.822307338034005, -2.476968187535864 ], [ 29.804279213262969, -2.489917411657107 ], [ 29.803695026192404, -2.497448866143613 ], [ 29.805665919022339, -2.503312552814323 ], [ 29.803962565450789, -2.506433972777515 ], [ 29.797572661431374, -2.510215252149167 ], [ 29.786344680791949, -2.505965747397147 ], [ 29.784578900311892, -2.509657857457833 ], [ 29.787414880024915, -2.51489283994118 ], [ 29.786086029671761, -2.517229461746032 ], [ 29.775968312531642, -2.522691811830027 ], [ 29.771032112868774, -2.530339210899389 ], [ 29.763059207874733, -2.534949901148148 ], [ 29.767879511290108, -2.554659147091299 ], [ 29.766564080367008, -2.562239580879764 ], [ 29.759951221442581, -2.570778790792085 ], [ 29.757489840038637, -2.599392802825852 ], [ 29.773292888222873, -2.623507666415903 ], [ 29.769252974379846, -2.633643190242192 ], [ 29.766483858911201, -2.67181308941705 ], [ 29.757855453963145, -2.686652946602075 ], [ 29.746078988413792, -2.696668085351063 ], [ 29.743702280475009, -2.711450061266512 ], [ 29.737093906471411, -2.717768572923854 ], [ 29.733696018238373, -2.724501850687324 ], [ 29.723417812519461, -2.732644136513106 ], [ 29.723261738892763, -2.74124578374761 ], [ 29.718526156214313, -2.744768418799339 ], [ 29.719453700677331, -2.748514105466631 ], [ 29.716925409505901, -2.756250643508506 ], [ 29.713621160253631, -2.757418889272889 ], [ 29.714597701011254, -2.760237043788477 ], [ 29.712212150836486, -2.762096538095496 ], [ 29.714361366220764, -2.764036248670594 ], [ 29.712140736609147, -2.773043627958726 ], [ 29.706825489376445, -2.777533885927811 ], [ 29.705688470387646, -2.782193706817738 ], [ 29.703044229267974, -2.782880353142831 ], [ 29.697938571218142, -2.797555248416251 ] ] ] } ] } },
{ "type": "Feature", "properties": { "district_name": "Huye", "gaul_district_code": 21981, "district_code": 24 }, "geometry": { "type": "Polygon", "coordinates": [ [ [ 29.846034171777642, -2.453620374069292 ], [ 29.827118698488469, -2.4500887362516 ], [ 29.818775697857244, -2.442731201090293 ], [ 29.816488195466199, -2.423423347669245 ], [ 29.82817100951527, -2.416016740319281 ], [ 29.835421546999015, -2.41839343596317 ], [ 29.831234464256855, -2.410514256322103 ], [ 29.834079380678006, -2.404811058013431 ], [ 29.814080276019208, -2.39504558223015 ], [ 29.808916673971691, -2.384655919431602 ], [ 29.803810998208917, -2.381195618491416 ], [ 29.798607177539839, -2.380785430960994 ], [ 29.791343319562966, -2.368620957470557 ], [ 29.77838961381002, -2.376428850510263 ], [ 29.772860348811978, -2.376428859309181 ], [ 29.761980162978094, -2.387474047246458 ], [ 29.750324037991582, -2.388883101529853 ], [ 29.748179262290936, -2.391348991873 ], [ 29.738462812099989, -2.393770307612684 ], [ 29.733312578635921, -2.403250371948567 ], [ 29.720095775267108, -2.400289512811776 ], [ 29.69987825166081, -2.406006052195607 ], [ 29.696172735149194, -2.404860086161293 ], [ 29.692030177240522, -2.392780380483926 ], [ 29.68760682960788, -2.390586499209667 ], [ 29.68331267533403, -2.392066929060421 ], [ 29.680151204471365, -2.394786970744305 ], [ 29.676494676340795, -2.404690664098181 ], [ 29.677649612326604, -2.409983610252414 ], [ 29.665574388236976, -2.418661009563804 ], [ 29.664664701847403, -2.42259839742707 ], [ 29.661917924423324, -2.423102299748436 ], [ 29.657128818064475, -2.429309304838319 ], [ 29.647867296880047, -2.432457482555042 ], [ 29.642186365001351, -2.437554219487643 ], [ 29.641981300718104, -2.444314236106117 ], [ 29.632055268572408, -2.46292201783866 ], [ 29.616586673305438, -2.469668645480782 ], [ 29.610446507417606, -2.477962569634906 ], [ 29.600872792676391, -2.473748741983537 ], [ 29.595089404317772, -2.478796455424227 ], [ 29.598054634243717, -2.489797038260211 ], [ 29.596926470692399, -2.495638463736148 ], [ 29.604132446077706, -2.507829614961095 ], [ 29.589738441999589, -2.516203828382159 ], [ 29.587223488425458, -2.522558074288278 ], [ 29.585083133340451, -2.521862432778638 ], [ 29.583388695959055, -2.524399653558678 ], [ 29.591357082635881, -2.536978759924134 ], [ 29.588048483010155, -2.553843102278488 ], [ 29.591740553937306, -2.554529840063636 ], [ 29.596114972895514, -2.552050535523623 ], [ 29.598050211477915, -2.557196382867418 ], [ 29.60278134242423, -2.557107164155343 ], [ 29.605180327586613, -2.57057368711552 ], [ 29.613496502123109, -2.575643681540067 ], [ 29.618307867475217, -2.586158192435634 ], [ 29.617090536683506, -2.593248203733359 ], [ 29.609264842421542, -2.602763937957686 ], [ 29.613670474734985, -2.613577216192709 ], [ 29.612305929387819, -2.621197833305903 ], [ 29.607655073408104, -2.624992554673285 ], [ 29.609862398193364, -2.629563086406578 ], [ 29.618446103376726, -2.628323490335009 ], [ 29.625861647560964, -2.633643176634045 ], [ 29.630320710522959, -2.631186192111155 ], [ 29.636634845553605, -2.632630958538153 ], [ 29.640688124374488, -2.639011918818425 ], [ 29.639131946434233, -2.650681437951158 ], [ 29.641602209560112, -2.654926498074824 ], [ 29.65184483036537, -2.645928016725733 ], [ 29.6699487405768, -2.64191483049725 ], [ 29.672178346469721, -2.64697586744967 ], [ 29.668668993299203, -2.656964306285814 ], [ 29.678327416724308, -2.6670686071009 ], [ 29.682710744245135, -2.668642635499482 ], [ 29.68273744178661, -2.67410506509354 ], [ 29.688882073445928, -2.674475177765378 ], [ 29.704118867022935, -2.683201621181973 ], [ 29.715476131136047, -2.682929625173958 ], [ 29.724519249034405, -2.679866217605053 ], [ 29.736937848081944, -2.690652807452426 ], [ 29.746890507796405, -2.69566033684508 ], [ 29.752633834386288, -2.691468816787706 ], [ 29.757855453963145, -2.686652946602075 ], [ 29.766483858911201, -2.67181308941705 ], [ 29.769252974379846, -2.633643190242192 ], [ 29.773292888222873, -2.623507666415903 ], [ 29.757489840038637, -2.599392802825852 ], [ 29.759951221442581, -2.570778790792085 ], [ 29.766564080367008, -2.562239580879764 ], [ 29.767879511290108, -2.554659147091299 ], [ 29.763059207874733, -2.534949901148148 ], [ 29.771032112868774, -2.530339210899389 ], [ 29.775968312531642, -2.522691811830027 ], [ 29.786086029671761, -2.517229461746032 ], [ 29.787414880024915, -2.51489283994118 ], [ 29.784578900311892, -2.509657857457833 ], [ 29.786344680791949, -2.505965747397147 ], [ 29.797572661431374, -2.510215252149167 ], [ 29.803962565450789, -2.506433972777515 ], [ 29.805665919022339, -2.503312552814323 ], [ 29.803695026192404, -2.497448866143613 ], [ 29.804279213262969, -2.489917411657107 ], [ 29.822307338034005, -2.476968187535864 ], [ 29.833423878832129, -2.463069184674107 ], [ 29.846034171777642, -2.453620374069292 ] ] ] } },
{ "type": "Feature", "properties": { "district_name": "Kamonyi", "gaul_district_code": 21982, "district_code": 28 }, "geometry": { "type": "Polygon", "coordinates": [ [ [ 30.019346086710865, -2.074182037681347 ], [ 30.016233663312828, -2.075715971025725 ], [ 30.015011797307015, -2.070240253585313 ], [ 30.01335302269019, -2.072978141668731 ], [ 30.008233966689243, -2.070142120924373 ], [ 30.005447084797975, -2.073067295500302 ], [ 30.002348012575322, -2.06677998291917 ], [ 30.0000247643958, -2.069968212086537 ], [ 29.997059458320447, -2.066695262220049 ], [ 29.99402731730013, -2.068349586692704 ], [ 29.994196756296127, -2.06528615269772 ], [ 29.991070877065159, -2.065353024247592 ], [ 29.991481120294043, -2.062124648292481 ], [ 29.988912735577731, -2.062468003017415 ], [ 29.987592800850692, -2.05743813888339 ], [ 29.983651002799576, -2.057843909491475 ], [ 29.987231589531927, -2.055360190378076 ], [ 29.985804729271575, -2.053554283444295 ], [ 29.987432262605434, -2.050985798087999 ], [ 29.983361143328256, -2.043677376818372 ], [ 29.986246126072551, -2.043940462750783 ], [ 29.992439819748707, -2.033800453701578 ], [ 29.995543352181951, -2.034411326290994 ], [ 29.997429551817334, -2.030010182448469 ], [ 30.002673463469996, -2.028311312277873 ], [ 30.002138365338514, -2.031495083198319 ], [ 30.008911738561949, -2.028137404808185 ], [ 30.005201811046224, -2.024075167107578 ], [ 30.005826063180944, -2.019803319815087 ], [ 30.007730111438619, -2.020552489985994 ], [ 30.008229556971742, -2.018206971716852 ], [ 30.011805702505566, -2.017622813171928 ], [ 30.013393149595618, -2.018915966797906 ], [ 30.015506806495846, -2.012824852196152 ], [ 30.014124427291257, -2.011375647938296 ], [ 30.010347615951744, -2.012980885702289 ], [ 30.007324327123357, -2.009195143957403 ], [ 30.008621933072874, -2.007161799432108 ], [ 30.004470485163555, -2.007656725002338 ], [ 30.003556410456579, -2.00201595341674 ], [ 29.999355944480921, -2.000963657222927 ], [ 30.000880916103224, -1.998439750850068 ], [ 29.995106395762853, -1.997503397157624 ], [ 29.997117494974677, -1.992620664752303 ], [ 29.992992773415402, -1.99322707359802 ], [ 29.998027114852412, -1.987733481386538 ], [ 29.995694972378711, -1.983662286522941 ], [ 30.002263254097517, -1.983354614071559 ], [ 29.998459651825545, -1.975698341983724 ], [ 30.000600001567076, -1.974271435321509 ], [ 29.998076154594898, -1.971216989354594 ], [ 30.003667891916574, -1.969687503789103 ], [ 30.003431522889304, -1.955538763041396 ], [ 29.998709347806447, -1.956907721600563 ], [ 30.000047078916062, -1.954967999789367 ], [ 29.99840611398384, -1.947659541965296 ], [ 29.995570165771845, -1.945844648660436 ], [ 29.997790824189913, -1.944819103119027 ], [ 29.998678124808908, -1.940618617691685 ], [ 29.996560059822571, -1.94206335113831 ], [ 29.994954774908166, -1.938366770310383 ], [ 29.994031727479701, -1.940596321716184 ], [ 29.98783360786263, -1.933274458127282 ], [ 29.98703991339179, -1.931566631284307 ], [ 29.989898179680342, -1.929720603263809 ], [ 29.985407876686267, -1.928547856683952 ], [ 29.9884534413825, -1.924918149584929 ], [ 29.977198616393348, -1.905779673962896 ], [ 29.975669144368958, -1.909476244680681 ], [ 29.971843271805536, -1.907353738875485 ], [ 29.968240312817425, -1.908896573699124 ], [ 29.962880469066356, -1.907621241478182 ], [ 29.963598432527249, -1.903831009040335 ], [ 29.956588642838433, -1.900179001553459 ], [ 29.959522805970291, -1.895260629858942 ], [ 29.953668003912757, -1.891149333383441 ], [ 29.948660431118896, -1.890948666982422 ], [ 29.947790891990227, -1.887145070700265 ], [ 29.94235965430363, -1.884358145261674 ], [ 29.942364154395083, -1.877990568009416 ], [ 29.933811595254461, -1.877678435776547 ], [ 29.931648928215424, -1.871551603553555 ], [ 29.929102800137059, -1.871551624422053 ], [ 29.926944559199949, -1.86781936244396 ], [ 29.918472315842418, -1.86964310143614 ], [ 29.917999634588423, -1.864417029924753 ], [ 29.910138201320795, -1.857344918931816 ], [ 29.90198257764926, -1.862521902918623 ], [ 29.89451796175215, -1.862798397364842 ], [ 29.879856494006834, -1.854031817703154 ], [ 29.874371801269984, -1.857327061753121 ], [ 29.872039665822346, -1.861639020185513 ], [ 29.864900615710738, -1.863511848723823 ], [ 29.862635419073928, -1.868546189041763 ], [ 29.8525623168645, -1.873295117041248 ], [ 29.848914808817568, -1.87154713376718 ], [ 29.848192359453282, -1.865340046754175 ], [ 29.841039977468363, -1.85717993671666 ], [ 29.827832161999044, -1.854879025069243 ], [ 29.823413203597195, -1.856644820808472 ], [ 29.817451386859499, -1.852912563186719 ], [ 29.812889725278076, -1.855998249698355 ], [ 29.811128344999414, -1.871738853257868 ], [ 29.808653560407407, -1.871877134300598 ], [ 29.807984689741065, -1.875760960422099 ], [ 29.804858893285722, -1.876987210427609 ], [ 29.801229118451676, -1.887153987793953 ], [ 29.798174628495566, -1.887537479500883 ], [ 29.79837981784663, -1.891207326631229 ], [ 29.794589551528812, -1.894823622915926 ], [ 29.793818147681812, -1.899987313580699 ], [ 29.787205257662215, -1.907166459738337 ], [ 29.787035828147062, -1.911469439271678 ], [ 29.78405266883664, -1.912535221277027 ], [ 29.785354772297978, -1.917110209172936 ], [ 29.789336712801163, -1.91781923339429 ], [ 29.79288615044538, -1.93084429724516 ], [ 29.790536210613354, -1.956916634776633 ], [ 29.796712060407245, -1.963114804000347 ], [ 29.801425382216411, -1.977000390171685 ], [ 29.798094425257442, -1.984817249415304 ], [ 29.799200218904343, -1.993137912401424 ], [ 29.797162456702065, -1.998649346981545 ], [ 29.803730709900119, -2.002145262665924 ], [ 29.807079461384205, -2.010822710193223 ], [ 29.811846306898389, -2.01140238864039 ], [ 29.812180689163895, -2.013658698218326 ], [ 29.810196375627925, -2.018019719531742 ], [ 29.801090885705616, -2.019803363143032 ], [ 29.794758971839183, -2.028498594031627 ], [ 29.790233046667321, -2.030968905742002 ], [ 29.797024219908671, -2.039566053967329 ], [ 29.804564593140938, -2.035847196707029 ], [ 29.807516487188355, -2.0387990766106 ], [ 29.80779744423894, -2.043021860059464 ], [ 29.805135351136631, -2.046285911783781 ], [ 29.807650209036918, -2.048203327898225 ], [ 29.809103917963256, -2.05468238984921 ], [ 29.815172782800403, -2.05977024043785 ], [ 29.809937768915336, -2.062133552552939 ], [ 29.803289255861038, -2.05754073187703 ], [ 29.794857108327001, -2.064563811069873 ], [ 29.796729903159388, -2.069825558199294 ], [ 29.795106821651785, -2.074186521842269 ], [ 29.791860601766874, -2.075880991719101 ], [ 29.792560643351113, -2.08290405423049 ], [ 29.804430779993588, -2.088491310435759 ], [ 29.805340441876631, -2.095327117854121 ], [ 29.800484514877514, -2.093159996864843 ], [ 29.799730897799908, -2.095255784356532 ], [ 29.79422836228396, -2.096094075110269 ], [ 29.79200776537553, -2.100267830712377 ], [ 29.796997455836287, -2.105502803400124 ], [ 29.799441091550481, -2.105337791572479 ], [ 29.802473206973641, -2.11315017061609 ], [ 29.812992264954158, -2.111188128371161 ], [ 29.818748937980377, -2.112980702170142 ], [ 29.841757872553679, -2.112525860089192 ], [ 29.855322474255768, -2.106733487402025 ], [ 29.868735482147603, -2.106506073378408 ], [ 29.885523959556686, -2.100526431614165 ], [ 29.888765773318966, -2.106323298867903 ], [ 29.888150430425526, -2.113591602808945 ], [ 29.891735551854044, -2.117167826470483 ], [ 29.894995137355494, -2.125854126257813 ], [ 29.898312724170783, -2.12665679568196 ], [ 29.906307844100009, -2.135637418786665 ], [ 29.927087254596568, -2.141420884232653 ], [ 29.928772849247171, -2.151864048977713 ], [ 29.958951982660658, -2.19887190250346 ], [ 29.96383469443569, -2.202060137804181 ], [ 29.9833834605889, -2.202537284435539 ], [ 29.98643789154179, -2.190029503994826 ], [ 29.981657787437967, -2.171252219821616 ], [ 29.983865000904622, -2.166213461085317 ], [ 29.983414598895049, -2.155114758428627 ], [ 29.985394468888074, -2.153736916020726 ], [ 29.986121310775722, -2.146504213605725 ], [ 29.988689748307717, -2.144096315361417 ], [ 29.993764205727597, -2.145558913906831 ], [ 30.003342355212585, -2.139066437469185 ], [ 30.009705481400228, -2.131503783437618 ], [ 30.011279547879063, -2.121800825990363 ], [ 30.018133155793528, -2.118184453503386 ], [ 30.020808661982972, -2.111763397429137 ], [ 30.015636092402993, -2.103942131016071 ], [ 30.017575807126988, -2.098221078900894 ], [ 30.01486469641873, -2.093467654848666 ], [ 30.017994965286039, -2.087412194453293 ], [ 30.019346086710865, -2.074182037681347 ] ] ] } },
{ "type": "Feature", "properties": { "district_name": "Muhanga", "gaul_district_code": 21987, "district_code": 27 }, "geometry": { "type": "Polygon", "coordinates": [ [ [ 29.658872331513482, -1.734996096856668 ], [ 29.659715123649324, -1.738732825678343 ], [ 29.664838611633588, -1.742219809638642 ], [ 29.661900064492539, -1.753430031326499 ], [ 29.667737047064719, -1.762593496577741 ], [ 29.666519699053225, -1.765228763749129 ], [ 29.671447024766746, -1.773558424331297 ], [ 29.671206197012658, -1.779506865311087 ], [ 29.673324300150433, -1.780978349946048 ], [ 29.673163750496368, -1.787127408301645 ], [ 29.669373540921789, -1.78928561838678 ], [ 29.668874107287959, -1.799657513786575 ], [ 29.672642051267513, -1.804727499018419 ], [ 29.672191696238304, -1.809150953970366 ], [ 29.669324472905409, -1.809293618876458 ], [ 29.668682343399787, -1.817645508869777 ], [ 29.670831693124743, -1.817449329284243 ], [ 29.672316529774786, -1.822635282764983 ], [ 29.664802980922087, -1.830804313306973 ], [ 29.666876443493504, -1.835976895290419 ], [ 29.664325811445408, -1.84331658559505 ], [ 29.665792857095866, -1.850232632536331 ], [ 29.663322485967527, -1.861300138993553 ], [ 29.668075929279016, -1.866093631931437 ], [ 29.667696908079108, -1.86974566985951 ], [ 29.671174988393293, -1.875939336912425 ], [ 29.668945455058129, -1.884050467859764 ], [ 29.675174851583193, -1.896268376431792 ], [ 29.673315370906849, -1.901293771980783 ], [ 29.670104784960582, -1.901659474169402 ], [ 29.669993387854365, -1.907830833142761 ], [ 29.673096913692238, -1.910541945711825 ], [ 29.66141846441851, -1.919803515877744 ], [ 29.661596887402222, -1.923014107963402 ], [ 29.66397356968562, -1.924235853139189 ], [ 29.661806432442226, -1.9290828960218 ], [ 29.664147480322907, -1.934344640821806 ], [ 29.660941371924107, -1.938273108103632 ], [ 29.661775221745, -1.944194843053975 ], [ 29.670907460398507, -1.948832271748706 ], [ 29.673649819317731, -1.959427070506026 ], [ 29.665837505687911, -1.971859106229632 ], [ 29.655782198048801, -1.973950368173067 ], [ 29.65463176943684, -1.976304813555055 ], [ 29.651224992229913, -1.975631449421972 ], [ 29.643608807909551, -1.979087292274974 ], [ 29.625705554382783, -1.973450972193556 ], [ 29.622392447237647, -1.975796434967588 ], [ 29.622035679126057, -1.97987210387108 ], [ 29.634414141496865, -1.989927349403168 ], [ 29.636804279811884, -1.99514448885761 ], [ 29.631386439509864, -2.000705031361823 ], [ 29.628648567282944, -2.00769242210569 ], [ 29.63110548260812, -2.015437889683684 ], [ 29.633678468125122, -2.016780076644962 ], [ 29.628425619257314, -2.021876814373488 ], [ 29.632363019084437, -2.027107346497424 ], [ 29.630860252852372, -2.037947434778443 ], [ 29.634325001327664, -2.038821401673431 ], [ 29.639252299253336, -2.049456325261769 ], [ 29.635604794096064, -2.05478500031784 ], [ 29.636826564469612, -2.058802605383486 ], [ 29.633896897809372, -2.058954248535873 ], [ 29.633027421863236, -2.062048883014612 ], [ 29.633972684872194, -2.066021899150665 ], [ 29.637174363852107, -2.066998458572993 ], [ 29.631899270643963, -2.072211116642158 ], [ 29.634012833428141, -2.075047131330166 ], [ 29.63355802213907, -2.079109350033851 ], [ 29.629165830114953, -2.079755923579305 ], [ 29.629772234148145, -2.084973108963545 ], [ 29.62792170767278, -2.083510525353301 ], [ 29.624697798541863, -2.0854859029505 ], [ 29.623105892331271, -2.089793372895696 ], [ 29.619369176130075, -2.089771107208476 ], [ 29.620109345779969, -2.092816629246066 ], [ 29.622887357590571, -2.092705174810284 ], [ 29.622481594905391, -2.095032852350365 ], [ 29.618874253514218, -2.095777526931874 ], [ 29.617862027032299, -2.09934921581486 ], [ 29.615610162064144, -2.098015984335824 ], [ 29.617491892611984, -2.10196673144624 ], [ 29.616773997129151, -2.107094661470763 ], [ 29.614508759708446, -2.107143744178627 ], [ 29.61362138741563, -2.10336685487142 ], [ 29.612421882642138, -2.105163912002399 ], [ 29.614517692661593, -2.110077855246135 ], [ 29.617429451680405, -2.109966328799024 ], [ 29.619329023430321, -2.113640668927465 ], [ 29.612711721141007, -2.118019512164091 ], [ 29.614981409448362, -2.121430690144789 ], [ 29.618205362327661, -2.120413998748168 ], [ 29.619275515960354, -2.122585602314752 ], [ 29.632336223592265, -2.117417517369884 ], [ 29.64476816877843, -2.119259135612228 ], [ 29.650159235659515, -2.117533417635568 ], [ 29.651978612476722, -2.112432230424147 ], [ 29.658867910643451, -2.119303682679265 ], [ 29.666127323334205, -2.119812040316549 ], [ 29.665694806969924, -2.105480518888601 ], [ 29.670073576097625, -2.107339968609998 ], [ 29.672436942755606, -2.104330076214429 ], [ 29.677538132772938, -2.105921945584763 ], [ 29.679406486624718, -2.104561932757924 ], [ 29.682955972465763, -2.107924054798787 ], [ 29.681537992282689, -2.110443496455445 ], [ 29.6834687049293, -2.112401021666611 ], [ 29.681279324284006, -2.113234878759167 ], [ 29.686264566859922, -2.120864412369591 ], [ 29.69564652461878, -2.119638168934223 ], [ 29.699102347337597, -2.114737586061116 ], [ 29.703918223815315, -2.113515774292852 ], [ 29.725210348968226, -2.111821346788358 ], [ 29.733499835858048, -2.118336099001285 ], [ 29.73776718243202, -2.11811758260973 ], [ 29.739434938163775, -2.121894480660677 ], [ 29.750319619997772, -2.12956855762327 ], [ 29.766439242332666, -2.135213813869055 ], [ 29.773720920693076, -2.143851066195634 ], [ 29.779147675291775, -2.145233397337913 ], [ 29.787588725891389, -2.143882262889779 ], [ 29.789934210464065, -2.145839820881851 ], [ 29.79102222556013, -2.140992806179182 ], [ 29.796176953439041, -2.136431139531983 ], [ 29.791807071628096, -2.127695730862118 ], [ 29.800270407487943, -2.127865218835737 ], [ 29.807632456011603, -2.12300923404448 ], [ 29.800573637864407, -2.110826934890161 ], [ 29.79974423540914, -2.105752506771728 ], [ 29.796997455836287, -2.105502803400124 ], [ 29.792030025403609, -2.100406060282951 ], [ 29.79422836228396, -2.096094075110269 ], [ 29.799730897799908, -2.095255784356532 ], [ 29.800484514877514, -2.093159996864843 ], [ 29.805492007448397, -2.094644911978473 ], [ 29.802780937196452, -2.086850366238572 ], [ 29.79205679043265, -2.082137100020641 ], [ 29.791860601766874, -2.075880991719101 ], [ 29.795106821651785, -2.074186521842269 ], [ 29.796729903159388, -2.069825558199294 ], [ 29.794857108327001, -2.064563811069873 ], [ 29.803387386321997, -2.057505047014694 ], [ 29.809937768915336, -2.062133552552939 ], [ 29.815172782800403, -2.05977024043785 ], [ 29.809103917963256, -2.05468238984921 ], [ 29.807650209036918, -2.048203327898225 ], [ 29.805135351136631, -2.046285911783781 ], [ 29.80779744423894, -2.043021860059464 ], [ 29.807516487188355, -2.0387990766106 ], [ 29.804564593140938, -2.035847196707029 ], [ 29.797024219908671, -2.039566053967329 ], [ 29.790241880124984, -2.03113834612652 ], [ 29.794758971839183, -2.028498594031627 ], [ 29.801090885705616, -2.019803363143032 ], [ 29.810196375627925, -2.018019719531742 ], [ 29.812180689163895, -2.013658698218326 ], [ 29.811846306898389, -2.01140238864039 ], [ 29.807079461384205, -2.010822710193223 ], [ 29.803730709900119, -2.002145262665924 ], [ 29.797162456702065, -1.998649346981545 ], [ 29.799200218904343, -1.993137912401424 ], [ 29.798094425257442, -1.984817249415304 ], [ 29.801425382216411, -1.977000390171685 ], [ 29.796712060407245, -1.963114804000347 ], [ 29.790536210613354, -1.956916634776633 ], [ 29.79288615044538, -1.93084429724516 ], [ 29.789336712801163, -1.91781923339429 ], [ 29.785354772297978, -1.917110209172936 ], [ 29.78405266883664, -1.912535221277027 ], [ 29.787035828147062, -1.911469439271678 ], [ 29.787205257662215, -1.907166459738337 ], [ 29.793818147681812, -1.899987313580699 ], [ 29.794589551528812, -1.894823622915926 ], [ 29.79837981784663, -1.891207326631229 ], [ 29.798174628495566, -1.887537479500883 ], [ 29.801229118451676, -1.887153987793953 ], [ 29.804858893285722, -1.876987210427609 ], [ 29.807984689741065, -1.875760960422099 ], [ 29.808653560407407, -1.871877134300598 ], [ 29.811128344999414, -1.871738853257868 ], [ 29.812100405698267, -1.857594591169601 ], [ 29.817451386859499, -1.852912563186719 ], [ 29.816314297462053, -1.851378640350877 ], [ 29.804965855158528, -1.852212483290822 ], [ 29.797327457371861, -1.848003073250597 ], [ 29.796614013560021, -1.844953035595947 ], [ 29.800810003407932, -1.838732610985468 ], [ 29.798990702643618, -1.829680629299634 ], [ 29.796306269673021, -1.826340771643625 ], [ 29.791539508958742, -1.82519923560373 ], [ 29.789577514208329, -1.820784720491963 ], [ 29.785894337786768, -1.819647682005046 ], [ 29.778068578254846, -1.809440789018558 ], [ 29.771901619008091, -1.810368256400217 ], [ 29.769346534765756, -1.806801004858595 ], [ 29.769721129071804, -1.791368072532386 ], [ 29.763772735312777, -1.780880231609149 ], [ 29.756339360396268, -1.775012045341006 ], [ 29.750288340597599, -1.77446359582138 ], [ 29.744308721707835, -1.764586674560487 ], [ 29.747916122297504, -1.750656459398346 ], [ 29.741552984914282, -1.749764614827613 ], [ 29.738342455689885, -1.751374358436312 ], [ 29.733580164622676, -1.748337718065425 ], [ 29.728505664547615, -1.748159363307878 ], [ 29.720947480686192, -1.754995188829511 ], [ 29.717447121307917, -1.755525775493804 ], [ 29.713554342663194, -1.752448986202858 ], [ 29.710334863777323, -1.753269491418422 ], [ 29.703392042271812, -1.747271984435109 ], [ 29.701104504114049, -1.74444940272374 ], [ 29.701108923659518, -1.737747372953012 ], [ 29.696516057068095, -1.736418517784367 ], [ 29.694692304466734, -1.733618225932519 ], [ 29.688217668073918, -1.731616096680328 ], [ 29.668111647576161, -1.731179100397322 ], [ 29.658872331513482, -1.734996096856668 ] ] ] } },
{ "type": "Feature", "properties": { "district_name": "Nyamagabe", "gaul_district_code": 21993, "district_code": 25 }, "geometry": { "type": "GeometryCollection", "geometries": [ { "type": "LineString", "coordinates": [ [ 29.334615435592738, -2.538124778722447 ], [ 29.334615435592738, -2.538129237823501 ] ] }, { "type": "LineString", "coordinates": [ [ 29.514847832294461, -2.233550337442046 ], [ 29.514794331859321, -2.23353250396366 ] ] }, { "type": "Polygon", "coordinates": [ [ [ 29.583388695959055, -2.524399653558678 ], [ 29.585083133340451, -2.521862432778638 ], [ 29.587223488425458, -2.522558074288278 ], [ 29.589738441999589, -2.516203828382159 ], [ 29.604132446077706, -2.507829614961095 ], [ 29.596926470692399, -2.495638463736148 ], [ 29.597573082696776, -2.485605515623555 ], [ 29.59501801937478, -2.480633603763856 ], [ 29.596730275115167, -2.47641973016253 ], [ 29.600872792676391, -2.473748741983537 ], [ 29.610446507417606, -2.477962569634906 ], [ 29.616586673305438, -2.469668645480782 ], [ 29.632055268572408, -2.46292201783866 ], [ 29.641981300718104, -2.444314236106117 ], [ 29.642186365001351, -2.437554219487643 ], [ 29.647867296880047, -2.432457482555042 ], [ 29.657128818064475, -2.429309304838319 ], [ 29.661917924423324, -2.423102299748436 ], [ 29.664664701847403, -2.42259839742707 ], [ 29.666091604535008, -2.418464813275442 ], [ 29.654466777524156, -2.412275537268298 ], [ 29.641477348895897, -2.409560001115233 ], [ 29.635863368843626, -2.397868220302292 ], [ 29.636353899053635, -2.389320117686275 ], [ 29.631341868480447, -2.388080493278639 ], [ 29.629330763071344, -2.376691913157771 ], [ 29.622624337185375, -2.367069186680959 ], [ 29.621460461621318, -2.358677203857573 ], [ 29.62375689568993, -2.354418715812648 ], [ 29.619681287807847, -2.35524815049666 ], [ 29.611360610540707, -2.362886599034777 ], [ 29.610941459388346, -2.36599012085756 ], [ 29.60159519109791, -2.371675484037756 ], [ 29.595205283145344, -2.365053671968219 ], [ 29.595423771976016, -2.360750689157647 ], [ 29.592253351202338, -2.356023996154786 ], [ 29.58306314653268, -2.347569528422329 ], [ 29.584218047458517, -2.341977854495604 ], [ 29.582242723297384, -2.331244759938015 ], [ 29.589221212646159, -2.330687374785197 ], [ 29.590906734745076, -2.320386901388084 ], [ 29.5961327526548, -2.318344612310791 ], [ 29.599940842878702, -2.311705011570938 ], [ 29.611891291805204, -2.304129001103545 ], [ 29.617335790231582, -2.28908844683018 ], [ 29.61082550492646, -2.285739681956098 ], [ 29.608720795602871, -2.281146802664991 ], [ 29.604457947364285, -2.27848914947445 ], [ 29.600984332576509, -2.262329350528369 ], [ 29.593510877618701, -2.254989723550914 ], [ 29.594995728158487, -2.251689975633857 ], [ 29.588155432955816, -2.251293124102044 ], [ 29.584806685053021, -2.248403625254333 ], [ 29.582630642354943, -2.242125203645677 ], [ 29.578452473031167, -2.238352820711285 ], [ 29.580030989499107, -2.236092027708568 ], [ 29.575411371111283, -2.234366335420282 ], [ 29.575759143748371, -2.229969700476004 ], [ 29.565124225720918, -2.219731605679136 ], [ 29.56385335467418, -2.213096427760318 ], [ 29.561909158469302, -2.212209082634064 ], [ 29.562118762034327, -2.205765674330327 ], [ 29.560031914367794, -2.205199389224224 ], [ 29.558426633025459, -2.200445947233494 ], [ 29.551345590567944, -2.199826177893938 ], [ 29.550110433599304, -2.203973109096588 ], [ 29.547640087714559, -2.204619711068236 ], [ 29.54944157382613, -2.207491371542706 ], [ 29.544665847323117, -2.207888182577301 ], [ 29.548228698959349, -2.211727527433998 ], [ 29.54411288240334, -2.210911488945123 ], [ 29.542699356686107, -2.212784307683968 ], [ 29.541566773971663, -2.210835665514872 ], [ 29.539265919556595, -2.214790885844405 ], [ 29.532287382358529, -2.21850533377802 ], [ 29.530494795992734, -2.222910912217035 ], [ 29.526704591558964, -2.223530766198346 ], [ 29.527052393975531, -2.2253634155372 ], [ 29.52424313528098, -2.224542952675671 ], [ 29.523172977620234, -2.227624187275494 ], [ 29.519628001341541, -2.226643177598152 ], [ 29.51773737059526, -2.229541583477843 ], [ 29.519476394240698, -2.233768806572298 ], [ 29.516555647379946, -2.230509221026738 ], [ 29.515035111467178, -2.232560439930162 ], [ 29.514825527608664, -2.233412087526262 ], [ 29.514843405973377, -2.233528042762594 ], [ 29.514847831310821, -2.233550332779556 ], [ 29.514865709672762, -2.233635077371308 ], [ 29.514865709672762, -2.233657333314739 ], [ 29.515088657969905, -2.234937091379324 ], [ 29.514834466791292, -2.236484431716046 ], [ 29.509349775636721, -2.234616089911946 ], [ 29.506366599373251, -2.238103077645379 ], [ 29.501051358033653, -2.239699473017406 ], [ 29.4993702670475, -2.243070540827639 ], [ 29.497131850520066, -2.240421821140658 ], [ 29.49403272638116, -2.240956929170114 ], [ 29.489966081655357, -2.249933073306761 ], [ 29.47495223080508, -2.260831127064414 ], [ 29.474773928801913, -2.267765012894063 ], [ 29.469552256295771, -2.273740241005345 ], [ 29.467456540204658, -2.271862926774785 ], [ 29.46115132490986, -2.271827235905577 ], [ 29.458730010347665, -2.267501934352386 ], [ 29.452380319894441, -2.271631068083052 ], [ 29.447724990434633, -2.271341190396026 ], [ 29.449049306300285, -2.273454838623755 ], [ 29.44156697546503, -2.275987625301386 ], [ 29.421411848640048, -2.26706048504344 ], [ 29.41803628516255, -2.273236369624884 ], [ 29.412747827797205, -2.274649843985251 ], [ 29.408645423575859, -2.278676411560701 ], [ 29.405073727855754, -2.276099083697764 ], [ 29.402821809588886, -2.276883865077713 ], [ 29.387206054556785, -2.297730202866731 ], [ 29.382818302086491, -2.298639816240385 ], [ 29.383999963500376, -2.296396929088599 ], [ 29.381922061483749, -2.290791836672642 ], [ 29.376125200305857, -2.289984698342038 ], [ 29.371095339251795, -2.293248814009056 ], [ 29.367947191833053, -2.290943401922053 ], [ 29.364018778903009, -2.293186348356816 ], [ 29.347734146811831, -2.291643528847943 ], [ 29.344149002904064, -2.29257098659112 ], [ 29.343943869065455, -2.295192963597423 ], [ 29.337317670710902, -2.29970555022361 ], [ 29.328065022057761, -2.315753877714858 ], [ 29.323186745627449, -2.316908767909567 ], [ 29.320194704684464, -2.320939772889488 ], [ 29.324792059003958, -2.324627455425712 ], [ 29.328256796367466, -2.334375093892898 ], [ 29.327284629201444, -2.339645716391324 ], [ 29.333736969680611, -2.347021092434169 ], [ 29.337536105985894, -2.348247325867978 ], [ 29.337883918077267, -2.352858062674777 ], [ 29.343970629521976, -2.359988161685569 ], [ 29.343069898235107, -2.365758230379927 ], [ 29.337433578799818, -2.370578517393472 ], [ 29.335953173977469, -2.378395288631337 ], [ 29.330651295617525, -2.379884641412041 ], [ 29.330776159444294, -2.383706088744464 ], [ 29.327471973491399, -2.388718119508591 ], [ 29.322709597109913, -2.388267789947409 ], [ 29.318286239892828, -2.398644102786032 ], [ 29.322856800782688, -2.406041749426302 ], [ 29.327195476631687, -2.406884520710132 ], [ 29.3286714498559, -2.421653050330317 ], [ 29.325906834906508, -2.422986351358888 ], [ 29.323516689734017, -2.432470846285288 ], [ 29.31753264917565, -2.431338205556977 ], [ 29.309925359542127, -2.435703707827276 ], [ 29.30312975717063, -2.434089501413613 ], [ 29.299116561352601, -2.440399120194233 ], [ 29.2803080369866, -2.441857229045464 ], [ 29.279478634798544, -2.448028627322496 ], [ 29.273267101852717, -2.456554441414897 ], [ 29.272419929566833, -2.463822764158984 ], [ 29.266230620212458, -2.470738829405809 ], [ 29.265624202432654, -2.472317351691828 ], [ 29.269387676294013, -2.475469952984443 ], [ 29.264652155670319, -2.482024798217291 ], [ 29.277913520023613, -2.486760374061523 ], [ 29.279986950028839, -2.489253021438858 ], [ 29.288731312520806, -2.489618698276162 ], [ 29.292142469467073, -2.493350917836416 ], [ 29.299700682805511, -2.495081108081575 ], [ 29.301065160258904, -2.493261759582637 ], [ 29.307160747910469, -2.492896144698315 ], [ 29.310803869821264, -2.498541369135837 ], [ 29.322544668557889, -2.50755319269802 ], [ 29.321519023293789, -2.517211569574597 ], [ 29.324136518272823, -2.517724400604088 ], [ 29.324047363799274, -2.525795345151716 ], [ 29.319084405518456, -2.537785901854338 ], [ 29.326058377843655, -2.53654627024877 ], [ 29.328925611750794, -2.539110256371021 ], [ 29.334615426755612, -2.538124748959449 ], [ 29.339226154892973, -2.540140283963359 ], [ 29.340225004371316, -2.543404377905012 ], [ 29.337170481484797, -2.548282616346129 ], [ 29.337937441189833, -2.5535086817318 ], [ 29.335970985712621, -2.557245431037327 ], [ 29.344965016278341, -2.557602148946757 ], [ 29.346927009704871, -2.55940804342817 ], [ 29.344679602624634, -2.563323161424695 ], [ 29.346953769618498, -2.565954005569415 ], [ 29.343988440286683, -2.572856706995075 ], [ 29.345727504865582, -2.576151976306393 ], [ 29.349040584835016, -2.577306904677053 ], [ 29.361133711669112, -2.569935975859087 ], [ 29.363149180266291, -2.554766160654902 ], [ 29.374252366892058, -2.553918914054892 ], [ 29.380093773877142, -2.558097116638864 ], [ 29.390835765847584, -2.553187655183387 ], [ 29.398924626346083, -2.553687036555596 ], [ 29.40207272728194, -2.557660132408743 ], [ 29.408038972192031, -2.558511757431184 ], [ 29.413140188662872, -2.556054853361951 ], [ 29.422896703361115, -2.56019730305346 ], [ 29.42452430495787, -2.569846837549556 ], [ 29.428350221775624, -2.57069851293782 ], [ 29.428345705232129, -2.577293495730158 ], [ 29.430972184445221, -2.578827439374445 ], [ 29.433652104331376, -2.576517609916198 ], [ 29.436095621829164, -2.581070375512847 ], [ 29.443368458519561, -2.581587618872402 ], [ 29.443435314150552, -2.590612865145338 ], [ 29.445687224051873, -2.594675118234353 ], [ 29.454681232699389, -2.600329254040769 ], [ 29.459015466729685, -2.598938015811326 ], [ 29.461378783141253, -2.587888359072125 ], [ 29.466025174617663, -2.588699917950984 ], [ 29.471215544999293, -2.586662079119967 ], [ 29.474029201276252, -2.590211533925745 ], [ 29.480535079325676, -2.584544005159195 ], [ 29.483161498507137, -2.585912953535054 ], [ 29.485984040303521, -2.583589749027329 ], [ 29.479669982983165, -2.573048482765508 ], [ 29.484557195839521, -2.568865835694635 ], [ 29.49185229672792, -2.568714200337922 ], [ 29.492632606107673, -2.563260763641112 ], [ 29.499004694435122, -2.55634467429301 ], [ 29.512582660288714, -2.551564492992223 ], [ 29.519003694133762, -2.551974773428784 ], [ 29.520501973777201, -2.545901418975628 ], [ 29.526419180550029, -2.545883633485349 ], [ 29.531159230792458, -2.54212014035255 ], [ 29.531440119060026, -2.53701000989637 ], [ 29.534142335238453, -2.533598787484764 ], [ 29.540443119901902, -2.532484017322757 ], [ 29.540246846772686, -2.53701892670118 ], [ 29.558301787869365, -2.547943704163494 ], [ 29.566568938632361, -2.545433238098064 ], [ 29.570506368542016, -2.548715169587843 ], [ 29.575313258555525, -2.547876806905507 ], [ 29.588048483010155, -2.553843102278488 ], [ 29.591357082635881, -2.536978759924134 ], [ 29.583388695959055, -2.524399653558678 ] ] ] } ] } },
{ "type": "Feature", "properties": { "district_name": "Nyanza", "gaul_district_code": 21995, "district_code": 21 }, "geometry": { "type": "GeometryCollection", "geometries": [ { "type": "LineString", "coordinates": [ [ 29.810151766854936, -2.386965712111682 ], [ 29.810147349235361, -2.386965712111682 ] ] }, { "type": "LineString", "coordinates": [ [ 29.864414600830344, -2.284103136108977 ], [ 29.864410149954747, -2.284085332606589 ] ] }, { "type": "Polygon", "coordinates": [ [ [ 29.955670099246593, -2.329840136004186 ], [ 29.966184675271606, -2.317640082483899 ], [ 29.961243995809131, -2.303968491810808 ], [ 29.961533814194468, -2.290225488833861 ], [ 29.966902621306577, -2.287242406596564 ], [ 29.973461886011044, -2.274368972953143 ], [ 29.973265691375737, -2.26396589057918 ], [ 29.979245354373532, -2.25591721671048 ], [ 29.979347946281521, -2.248256440622224 ], [ 29.984640895575936, -2.242811905590429 ], [ 29.983552912871225, -2.232698636052208 ], [ 29.97277079267942, -2.23566839684816 ], [ 29.963576112019556, -2.231896028191247 ], [ 29.952455103810387, -2.233586031697054 ], [ 29.945895798063638, -2.231659678278778 ], [ 29.930271079328403, -2.234642801340689 ], [ 29.922316011648114, -2.239940221687125 ], [ 29.910468197133554, -2.232547073568239 ], [ 29.902869884019143, -2.234107735779161 ], [ 29.898870119610109, -2.246682417452699 ], [ 29.904617824587174, -2.246289977987591 ], [ 29.90721754046362, -2.249380177022599 ], [ 29.906414903857385, -2.259185733516791 ], [ 29.915943946367388, -2.278087829642256 ], [ 29.908122729572451, -2.284210179363392 ], [ 29.90262018901408, -2.281623921504813 ], [ 29.891240534377076, -2.280767749016272 ], [ 29.886117069334343, -2.277280749007547 ], [ 29.870893667688843, -2.279211565589945 ], [ 29.865190461429805, -2.283911451178946 ], [ 29.8536592875986, -2.286457565578492 ], [ 29.85069840020094, -2.282903652515895 ], [ 29.844130166979014, -2.283425410723101 ], [ 29.839430307146259, -2.278935076820019 ], [ 29.83793196971029, -2.274087996248549 ], [ 29.831765108836375, -2.270672368979077 ], [ 29.827145456748152, -2.262686121104819 ], [ 29.818766777898869, -2.259364087686376 ], [ 29.81297884029804, -2.263176602583284 ], [ 29.806276860086538, -2.261348407970945 ], [ 29.800372956489237, -2.264237859740752 ], [ 29.797849133789157, -2.269838502096464 ], [ 29.798794435438143, -2.273865090548164 ], [ 29.79372451541083, -2.281075438459168 ], [ 29.780570144747191, -2.28019700676422 ], [ 29.770800202420222, -2.268955603814127 ], [ 29.753057512338852, -2.258111062292949 ], [ 29.749213703393249, -2.245540882031309 ], [ 29.741490598914897, -2.24043071120327 ], [ 29.737267815049226, -2.247966626545092 ], [ 29.733575657729514, -2.24620972135069 ], [ 29.723359837285429, -2.247177381102164 ], [ 29.713509709202128, -2.241719408706378 ], [ 29.710517644053443, -2.242597839611234 ], [ 29.71168149276442, -2.247150595485467 ], [ 29.709550001860407, -2.247547444970162 ], [ 29.693461576320466, -2.245215371219886 ], [ 29.695557334699991, -2.267595592591998 ], [ 29.689176440443756, -2.271943213614266 ], [ 29.686313628980933, -2.269834077029513 ], [ 29.679888113715766, -2.272794918837834 ], [ 29.659175602867276, -2.250847203961071 ], [ 29.652098954373606, -2.25968070531594 ], [ 29.647020012891257, -2.261954825755693 ], [ 29.643238740680321, -2.253290776687614 ], [ 29.636567903048132, -2.251756865062674 ], [ 29.633602592471824, -2.260978248377048 ], [ 29.628777861058733, -2.26338169977367 ], [ 29.623239701579486, -2.262106420786367 ], [ 29.620729231576686, -2.257794457449084 ], [ 29.614321432898226, -2.254811345823248 ], [ 29.601082427467968, -2.252858215790163 ], [ 29.595499579560819, -2.257210327428925 ], [ 29.600984332576509, -2.262329350528369 ], [ 29.602919504970949, -2.275242940067582 ], [ 29.610602617365675, -2.285534527877663 ], [ 29.617335790231582, -2.28908844683018 ], [ 29.611891291805204, -2.304129001103545 ], [ 29.599940842878702, -2.311705011570938 ], [ 29.5961327526548, -2.318344612310791 ], [ 29.590906734745076, -2.320386901388084 ], [ 29.589221212646159, -2.330687374785197 ], [ 29.582416557167392, -2.331044104817731 ], [ 29.581654075123492, -2.333509976181675 ], [ 29.58367850509509, -2.336381666105551 ], [ 29.58306314653268, -2.347569528422329 ], [ 29.592253351202338, -2.356023996154786 ], [ 29.599499456022027, -2.3711403505164 ], [ 29.606473473666988, -2.36977144828617 ], [ 29.614045041379295, -2.360184346894719 ], [ 29.619681287807847, -2.35524815049666 ], [ 29.62375689568993, -2.354418715812648 ], [ 29.621460461621318, -2.358677203857573 ], [ 29.622624337185375, -2.367069186680959 ], [ 29.629330763071344, -2.376691913157771 ], [ 29.631341868480447, -2.388080493278639 ], [ 29.636353899053635, -2.389320117686275 ], [ 29.635863368843626, -2.397868220302292 ], [ 29.641477348895897, -2.409560001115233 ], [ 29.654466777524156, -2.412275537268298 ], [ 29.666345791337545, -2.418567374881154 ], [ 29.677649612326604, -2.409983610252414 ], [ 29.676494676340795, -2.404690664098181 ], [ 29.680151204471365, -2.394786970744305 ], [ 29.683459864730224, -2.392004488654364 ], [ 29.68760682960788, -2.390586499209667 ], [ 29.692030177240522, -2.392780380483926 ], [ 29.696172735149194, -2.404860086161293 ], [ 29.69987825166081, -2.406006052195607 ], [ 29.720095775267108, -2.400289512811776 ], [ 29.733312578635921, -2.403250371948567 ], [ 29.738462812099989, -2.393770307612684 ], [ 29.748179262290936, -2.391348991873 ], [ 29.750324037991582, -2.388883101529853 ], [ 29.761980162978094, -2.387474047246458 ], [ 29.772860348811978, -2.376428859309181 ], [ 29.77838961381002, -2.376428850510263 ], [ 29.791343319562966, -2.368620957470557 ], [ 29.798607177539839, -2.380785430960994 ], [ 29.803810998208917, -2.381195618491416 ], [ 29.808916673971691, -2.384655919431602 ], [ 29.814080276019208, -2.39504558223015 ], [ 29.834079380678006, -2.404811058013431 ], [ 29.831234464256855, -2.410514256322103 ], [ 29.835421546999015, -2.41839343596317 ], [ 29.82817100951527, -2.416016740319281 ], [ 29.816488195466199, -2.423423347669245 ], [ 29.818775697857244, -2.442731201090293 ], [ 29.827118698488469, -2.4500887362516 ], [ 29.852437467903993, -2.455769614717843 ], [ 29.867821381585074, -2.451190174395904 ], [ 29.88414608831123, -2.451974915638882 ], [ 29.893416638365562, -2.447266165486774 ], [ 29.902615687615331, -2.447306281724596 ], [ 29.924572369823004, -2.440211808147709 ], [ 29.934101471926255, -2.431739532599284 ], [ 29.942497921751688, -2.414509560467604 ], [ 29.955059203893832, -2.397190446056186 ], [ 29.952276701502885, -2.383425187953389 ], [ 29.943407553947342, -2.36999885048135 ], [ 29.94420132639554, -2.363880920006799 ], [ 29.956677841199561, -2.349170374702555 ], [ 29.955670099246593, -2.329840136004186 ] ] ] } ] } },
{ "type": "Feature", "properties": { "district_name": "Nyaruguru", "gaul_district_code": 21997, "district_code": 23 }, "geometry": { "type": "GeometryCollection", "geometries": [ { "type": "LineString", "coordinates": [ [ 29.575616470228322, -2.548113165082166 ], [ 29.575620929329379, -2.548113165082163 ] ] }, { "type": "Polygon", "coordinates": [ [ [ 29.697938571218142, -2.797555248416251 ], [ 29.703044229267974, -2.782880353142831 ], [ 29.705688470387646, -2.782193706817738 ], [ 29.706825489376445, -2.777533885927811 ], [ 29.712140736609147, -2.773043627958726 ], [ 29.714361366220764, -2.764036248670594 ], [ 29.712212150836486, -2.762096538095496 ], [ 29.714597701011254, -2.760237043788477 ], [ 29.713621160253631, -2.757418889272889 ], [ 29.716925409505901, -2.756250643508506 ], [ 29.719453700677331, -2.748514105466631 ], [ 29.718526156214313, -2.744768418799339 ], [ 29.723261738892763, -2.74124578374761 ], [ 29.723417812519461, -2.732644136513106 ], [ 29.733696018238373, -2.724501850687324 ], [ 29.737093906471411, -2.717768572923854 ], [ 29.743795946347863, -2.71131628518548 ], [ 29.746890507796405, -2.69566033684508 ], [ 29.736937848081944, -2.690652807452426 ], [ 29.724519249034405, -2.679866217605053 ], [ 29.715476131136047, -2.682929625173958 ], [ 29.704118867022935, -2.683201621181973 ], [ 29.688882073445928, -2.674475177765378 ], [ 29.68273744178661, -2.67410506509354 ], [ 29.682710744245135, -2.668642635499482 ], [ 29.678327416724308, -2.6670686071009 ], [ 29.668668993299203, -2.656964306285814 ], [ 29.672178346469721, -2.64697586744967 ], [ 29.6699487405768, -2.64191483049725 ], [ 29.65184483036537, -2.645928016725733 ], [ 29.641602209560112, -2.654926498074824 ], [ 29.639131946434233, -2.650681437951158 ], [ 29.640688124374488, -2.639011918818425 ], [ 29.636634845553605, -2.632630958538153 ], [ 29.630320710522959, -2.631186192111155 ], [ 29.625861647560964, -2.633643176634045 ], [ 29.618446103376726, -2.628323490335009 ], [ 29.609862398193364, -2.629563086406578 ], [ 29.607655073408104, -2.624992554673285 ], [ 29.612305929387819, -2.621197833305903 ], [ 29.613670474734985, -2.613577216192709 ], [ 29.609264842421542, -2.602763937957686 ], [ 29.617090536683506, -2.593248203733359 ], [ 29.618307867475217, -2.586158192435634 ], [ 29.613496502123109, -2.575643681540067 ], [ 29.605180327586613, -2.57057368711552 ], [ 29.60278134242423, -2.557107164155343 ], [ 29.598050211477915, -2.557196382867418 ], [ 29.596114972895514, -2.552050535523623 ], [ 29.588659308543441, -2.554587783001161 ], [ 29.57711475004011, -2.550057321558723 ], [ 29.575313258555525, -2.547876806905507 ], [ 29.570484073495589, -2.548706246344337 ], [ 29.566568938632361, -2.545433238098064 ], [ 29.558301787869365, -2.547943704163494 ], [ 29.540246846772686, -2.53701892670118 ], [ 29.540443119901902, -2.532484017322757 ], [ 29.534142335238453, -2.533598787484764 ], [ 29.531440119060026, -2.53701000989637 ], [ 29.531159230792458, -2.54212014035255 ], [ 29.526419180550029, -2.545883633485349 ], [ 29.520501973777201, -2.545901418975628 ], [ 29.519003694133762, -2.551974773428784 ], [ 29.512582660288714, -2.551564492992223 ], [ 29.499004694435122, -2.55634467429301 ], [ 29.492632606107673, -2.563260763641112 ], [ 29.49185229672792, -2.568714200337922 ], [ 29.484557195839521, -2.568865835694635 ], [ 29.479669982983165, -2.573048482765508 ], [ 29.485984040303521, -2.583589749027329 ], [ 29.483161498507137, -2.585912953535054 ], [ 29.480535079325676, -2.584544005159195 ], [ 29.474029201276252, -2.590211533925745 ], [ 29.471215544999293, -2.586662079119967 ], [ 29.466025174617663, -2.588699917950984 ], [ 29.461378783141253, -2.587888359072125 ], [ 29.459015466729685, -2.598938015811326 ], [ 29.454681232699389, -2.600329254040769 ], [ 29.445687224051873, -2.594675118234353 ], [ 29.443435314150552, -2.590612865145338 ], [ 29.443368458519561, -2.581587618872402 ], [ 29.436095621829164, -2.581070375512847 ], [ 29.433652104331376, -2.576517609916198 ], [ 29.430972184445221, -2.578827439374445 ], [ 29.428345705232129, -2.577293495730158 ], [ 29.428350221775624, -2.57069851293782 ], [ 29.42452430495787, -2.569846837549556 ], [ 29.422896703361115, -2.56019730305346 ], [ 29.413140188662872, -2.556054853361951 ], [ 29.408038972192031, -2.558511757431184 ], [ 29.40207272728194, -2.557660132408743 ], [ 29.398924626346083, -2.553687036555596 ], [ 29.390835765847584, -2.553187655183387 ], [ 29.380093773877142, -2.558097116638864 ], [ 29.374252366892058, -2.553918914054892 ], [ 29.363149180266291, -2.554766160654902 ], [ 29.361133711669112, -2.569935975859087 ], [ 29.349040584835016, -2.577306904677053 ], [ 29.345442092691787, -2.575393962415429 ], [ 29.339828106069039, -2.580744877543226 ], [ 29.340746668361614, -2.583464944632668 ], [ 29.345009587190091, -2.585270859047794 ], [ 29.342267254729208, -2.590858114743776 ], [ 29.344256044551599, -2.596213456204076 ], [ 29.352001470564691, -2.59515669539882 ], [ 29.353584495657163, -2.596971559390409 ], [ 29.356255468476927, -2.607972138738946 ], [ 29.363051100911662, -2.61510225097188 ], [ 29.363345427377926, -2.624140812232004 ], [ 29.367929383973987, -2.631377964554754 ], [ 29.365097818276844, -2.637799063707856 ], [ 29.357102691438413, -2.645254687371299 ], [ 29.355916560202903, -2.653923175579593 ], [ 29.352063937735057, -2.660241715214551 ], [ 29.354235474998809, -2.666123275651572 ], [ 29.349076293741664, -2.676731453492277 ], [ 29.345232530156217, -2.679812739217506 ], [ 29.332492871249467, -2.680593067834482 ], [ 29.327449641071986, -2.687361964219631 ], [ 29.329648038843398, -2.691036297599123 ], [ 29.334084790747028, -2.689578150143271 ], [ 29.339078967575386, -2.698835263165478 ], [ 29.344907065211849, -2.70247384426643 ], [ 29.350124164643169, -2.700525236283108 ], [ 29.351051700485765, -2.712890300643767 ], [ 29.348081934790805, -2.719944631264405 ], [ 29.349736242395014, -2.724345734604475 ], [ 29.351702691050608, -2.72432794389335 ], [ 29.352447423554946, -2.734962904730313 ], [ 29.344264905611642, -2.740862274207291 ], [ 29.334441561260007, -2.744460742412899 ], [ 29.333170706365461, -2.74704706694243 ], [ 29.341299610677289, -2.753588573517684 ], [ 29.337848295067733, -2.763938082052474 ], [ 29.350516604815727, -2.768281278403919 ], [ 29.347720766926646, -2.776142673962876 ], [ 29.353637924450059, -2.783174705570951 ], [ 29.356674650413034, -2.791361572368786 ], [ 29.353593356154839, -2.797827312452541 ], [ 29.351430670027504, -2.798068089487299 ], [ 29.351716070573282, -2.804462425647362 ], [ 29.355974506927932, -2.807213707753397 ], [ 29.370493339028695, -2.839881079212 ], [ 29.376950160766771, -2.837847681299579 ], [ 29.38462423193101, -2.82117511835235 ], [ 29.388619593104107, -2.818548736316016 ], [ 29.394938139095057, -2.816270129123803 ], [ 29.400668087947615, -2.819556507248882 ], [ 29.415102242852242, -2.812778616913219 ], [ 29.418945943187516, -2.808738695800419 ], [ 29.430825000843832, -2.804422312336123 ], [ 29.437714308894677, -2.797363532858574 ], [ 29.456790326425526, -2.800551762090381 ], [ 29.45723622493135, -2.804783505151041 ], [ 29.464531375883624, -2.810584783513234 ], [ 29.470051678731881, -2.807632816486959 ], [ 29.476004597683762, -2.807088829629749 ], [ 29.47712388552269, -2.808810038358692 ], [ 29.483353246129798, -2.801862777652591 ], [ 29.486122315460307, -2.801974221756387 ], [ 29.492271442449596, -2.809019654510798 ], [ 29.500641177889861, -2.812622546245593 ], [ 29.512948286954, -2.822851777805406 ], [ 29.515030686135482, -2.827194935736522 ], [ 29.521282304981106, -2.829901621266488 ], [ 29.531997557633609, -2.827021035828546 ], [ 29.542748468399246, -2.829473504858821 ], [ 29.543992537699083, -2.816640250857131 ], [ 29.551844994803321, -2.817652468542436 ], [ 29.565204473186366, -2.811770874760921 ], [ 29.573485026239272, -2.811806576379118 ], [ 29.587936932981364, -2.802830422587308 ], [ 29.591285784282455, -2.808069805447046 ], [ 29.605719876969911, -2.806411028497852 ], [ 29.612247996948433, -2.811048537709179 ], [ 29.616319130588789, -2.810036321832264 ], [ 29.629736594606996, -2.803686534261082 ], [ 29.639069515027106, -2.788686109691522 ], [ 29.66131148125282, -2.787830000829429 ], [ 29.669841763874054, -2.791571146988014 ], [ 29.679446622278491, -2.799673359129682 ], [ 29.685230103529317, -2.799789274401362 ], [ 29.701104504114049, -2.81045099739977 ], [ 29.701862542521138, -2.804770101721626 ], [ 29.697938571218142, -2.797555248416251 ] ] ] } ] } },
{ "type": "Feature", "properties": { "district_name": "Ruhango", "gaul_district_code": 21999, "district_code": 26 }, "geometry": { "type": "GeometryCollection", "geometries": [ { "type": "LineString", "coordinates": [ [ 29.705304965266748, -2.113761049668101 ], [ 29.705309424367798, -2.113756590567057 ] ] }, { "type": "Polygon", "coordinates": [ [ [ 29.984908435309706, -2.200628799574077 ], [ 29.9833834605889, -2.202537284435539 ], [ 29.96383469443569, -2.202060137804181 ], [ 29.959339913383584, -2.199273254872701 ], [ 29.928772849247171, -2.151864048977713 ], [ 29.927087254596568, -2.141420884232653 ], [ 29.906307844100009, -2.135637418786665 ], [ 29.898312724170783, -2.12665679568196 ], [ 29.894995137355494, -2.125854126257813 ], [ 29.891735551854044, -2.117167826470483 ], [ 29.888150430425526, -2.113591602808945 ], [ 29.888765773318966, -2.106323298867903 ], [ 29.885523959556686, -2.100526431614165 ], [ 29.868735482147603, -2.106506073378408 ], [ 29.855322474255768, -2.106733487402025 ], [ 29.841757872553679, -2.112525860089192 ], [ 29.804435284596689, -2.111928335581353 ], [ 29.803213471893216, -2.115326219662767 ], [ 29.807632456011603, -2.12300923404448 ], [ 29.800270407487943, -2.127865218835737 ], [ 29.791807071628096, -2.127695730862118 ], [ 29.796176953439041, -2.136431139531983 ], [ 29.792756831028907, -2.138437708848846 ], [ 29.791089182775146, -2.14545637037088 ], [ 29.789350139743139, -2.146022647828601 ], [ 29.787588725891389, -2.143882262889779 ], [ 29.779147675291775, -2.145233397337913 ], [ 29.773720920693076, -2.143851066195634 ], [ 29.766439242332666, -2.135213813869055 ], [ 29.750319619997772, -2.12956855762327 ], [ 29.739434938163775, -2.121894480660677 ], [ 29.73776718243202, -2.11811758260973 ], [ 29.733499835858048, -2.118336099001285 ], [ 29.725210348968226, -2.111821346788358 ], [ 29.713438384018051, -2.111451216858899 ], [ 29.707494402964642, -2.114247104889794 ], [ 29.703918223815315, -2.113515774292852 ], [ 29.699102347337597, -2.114737586061116 ], [ 29.69564652461878, -2.119638168934223 ], [ 29.686264566859922, -2.120864412369591 ], [ 29.681279324284006, -2.113234878759167 ], [ 29.6834687049293, -2.112401021666611 ], [ 29.681537992282689, -2.110443496455445 ], [ 29.68208193611845, -2.106559621193212 ], [ 29.672436942755606, -2.104330076214429 ], [ 29.670073576097625, -2.107339968609998 ], [ 29.665391549612036, -2.105939812237621 ], [ 29.666127323334205, -2.119812040316549 ], [ 29.658867910643451, -2.119303682679265 ], [ 29.651978612476722, -2.112432230424147 ], [ 29.650159235659515, -2.117533417635568 ], [ 29.64476816877843, -2.119259135612228 ], [ 29.632336223592265, -2.117417517369884 ], [ 29.619275515960354, -2.122585602314752 ], [ 29.618205362327661, -2.120413998748168 ], [ 29.614981409448362, -2.121430690144789 ], [ 29.612604701196517, -2.116556883050464 ], [ 29.61074528313431, -2.117957084189862 ], [ 29.610410863025812, -2.121809726856705 ], [ 29.606089953593258, -2.12638920477514 ], [ 29.608199124303862, -2.128672292524555 ], [ 29.598750245138667, -2.137144594721013 ], [ 29.59778714512111, -2.14347652532145 ], [ 29.599512812638377, -2.144640339255992 ], [ 29.594549814642605, -2.150660093451469 ], [ 29.599106983232787, -2.151123864071914 ], [ 29.599869548821779, -2.155739045239652 ], [ 29.603784654206237, -2.154989896179181 ], [ 29.604426724039467, -2.158276281570735 ], [ 29.606473473666988, -2.158606213628392 ], [ 29.604368788390268, -2.168483114559551 ], [ 29.608805529417548, -2.171613399867215 ], [ 29.609755376103855, -2.17634901644245 ], [ 29.609113241875217, -2.180736751961655 ], [ 29.605331932324958, -2.185222627541807 ], [ 29.606281713759369, -2.187853465352468 ], [ 29.603236163822935, -2.191050636275367 ], [ 29.595896485125085, -2.188638293430015 ], [ 29.589734018975623, -2.19202717844682 ], [ 29.590104048686438, -2.194667001975311 ], [ 29.587009498593666, -2.19363243753811 ], [ 29.585163369591065, -2.201912999945415 ], [ 29.580249501583999, -2.197534195689106 ], [ 29.578394526821814, -2.19911712909005 ], [ 29.57698098589842, -2.197226507477541 ], [ 29.572838481960641, -2.203567341927203 ], [ 29.562118762034327, -2.205765674330327 ], [ 29.561302730891256, -2.209350807523748 ], [ 29.565124225720918, -2.219731605679136 ], [ 29.575759143748371, -2.229969700476004 ], [ 29.575411371111283, -2.234366335420282 ], [ 29.580030989499107, -2.236092027708568 ], [ 29.578452473031167, -2.238352820711285 ], [ 29.582630642354943, -2.242125203645677 ], [ 29.584659570113953, -2.248202965727935 ], [ 29.588155432955816, -2.251293124102044 ], [ 29.594995728158487, -2.251689975633857 ], [ 29.593510877618701, -2.254989723550914 ], [ 29.595499579560819, -2.257210327428925 ], [ 29.601082427467968, -2.252858215790163 ], [ 29.605657430867311, -2.254797970547734 ], [ 29.609996131468019, -2.253250671710672 ], [ 29.620729231576686, -2.257794457449084 ], [ 29.623248545543856, -2.26211089614647 ], [ 29.629839179862525, -2.263274676776528 ], [ 29.633758676959221, -2.260719636964457 ], [ 29.635716218292735, -2.252336524602031 ], [ 29.63914529932369, -2.251774700591135 ], [ 29.643238740680321, -2.253290776687614 ], [ 29.647020012891257, -2.261954825755693 ], [ 29.652098954373606, -2.25968070531594 ], [ 29.659175602867276, -2.250847203961071 ], [ 29.679888113715766, -2.272794918837834 ], [ 29.686313628980933, -2.269834077029513 ], [ 29.689176440443756, -2.271943213614266 ], [ 29.695744642303566, -2.266752803123674 ], [ 29.693461576320466, -2.245215371219886 ], [ 29.709550001860407, -2.247547444970162 ], [ 29.71168149276442, -2.247150595485467 ], [ 29.710517644053443, -2.242597839611234 ], [ 29.713509709202128, -2.241719408706378 ], [ 29.723359837285429, -2.247177381102164 ], [ 29.733575657729514, -2.24620972135069 ], [ 29.737267815049226, -2.247966626545092 ], [ 29.741490598914897, -2.24043071120327 ], [ 29.749213703393249, -2.245540882031309 ], [ 29.753057512338852, -2.258111062292949 ], [ 29.770800202420222, -2.268955603814127 ], [ 29.780570144747191, -2.28019700676422 ], [ 29.79372451541083, -2.281075438459168 ], [ 29.798794435438143, -2.273865090548164 ], [ 29.797849133789157, -2.269838502096464 ], [ 29.800372956489237, -2.264237859740752 ], [ 29.806276860086538, -2.261348407970945 ], [ 29.81297884029804, -2.263176602583284 ], [ 29.818766777898869, -2.259364087686376 ], [ 29.827145456748152, -2.262686121104819 ], [ 29.831765108836375, -2.270672368979077 ], [ 29.83793196971029, -2.274087996248549 ], [ 29.839430307146259, -2.278935076820019 ], [ 29.844130166979014, -2.283425410723101 ], [ 29.85069840020094, -2.282903652515895 ], [ 29.8536592875986, -2.286457565578492 ], [ 29.865190461429805, -2.283911451178946 ], [ 29.870893667688843, -2.279211565589945 ], [ 29.886117069334343, -2.277280749007547 ], [ 29.891240534377076, -2.280767749016272 ], [ 29.908461644393398, -2.284125495682556 ], [ 29.915943946367388, -2.278087829642256 ], [ 29.906414903857385, -2.259185733516791 ], [ 29.90721754046362, -2.249380177022599 ], [ 29.904617824587174, -2.246289977987591 ], [ 29.898870119610109, -2.246682417452699 ], [ 29.902869884019143, -2.234107735779161 ], [ 29.910468197133554, -2.232547073568239 ], [ 29.922316011648114, -2.239940221687125 ], [ 29.930271079328403, -2.234642801340689 ], [ 29.945895798063638, -2.231659678278778 ], [ 29.952455103810387, -2.233586031697054 ], [ 29.963576112019556, -2.231896028191247 ], [ 29.97277079267942, -2.23566839684816 ], [ 29.98354391541022, -2.232734303677192 ], [ 29.990678538368542, -2.215602437817828 ], [ 29.988671930479992, -2.202024465387324 ], [ 29.984908435309706, -2.200628799574077 ] ] ] } ] } },
{ "type": "Feature", "properties": { "district_name": "Karongi", "gaul_district_code": 21983, "district_code": 31 }, "geometry": { "type": "GeometryCollection", "geometries": [ { "type": "LineString", "coordinates": [ [ 29.290506007972049, -2.203759086229801 ], [ 29.290492630668897, -2.203768004431908 ] ] }, { "type": "LineString", "coordinates": [ [ 29.363684315360143, -2.293186357856672 ], [ 29.36371106996647, -2.293195276058771 ] ] }, { "type": "Polygon", "coordinates": [ [ [ 29.612421882642138, -2.105163912002399 ], [ 29.61362138741563, -2.10336685487142 ], [ 29.614508759708446, -2.107143744178627 ], [ 29.616773997129151, -2.107094661470763 ], [ 29.617491892611984, -2.10196673144624 ], [ 29.615610162064144, -2.098015984335824 ], [ 29.617862027032299, -2.09934921581486 ], [ 29.618874253514218, -2.095777526931874 ], [ 29.622280924134003, -2.095371716968256 ], [ 29.622887357590571, -2.092705174810284 ], [ 29.620109345779969, -2.092816629246066 ], [ 29.619297803371779, -2.090043080072446 ], [ 29.623105892331271, -2.089793372895696 ], [ 29.624546214464065, -2.085856018352856 ], [ 29.623391287052623, -2.083394567701696 ], [ 29.61803590585593, -2.082672213363254 ], [ 29.610152241910598, -2.072496524545803 ], [ 29.600868369998143, -2.071863341061048 ], [ 29.592293511545048, -2.074315869616039 ], [ 29.590714953871629, -2.067725260203568 ], [ 29.587272584848396, -2.064456783366748 ], [ 29.587945867602272, -2.061941839695522 ], [ 29.583977248511907, -2.062610687062771 ], [ 29.578082324626504, -2.067636098946969 ], [ 29.561757596054711, -2.063440079658693 ], [ 29.558422209031708, -2.063819117272162 ], [ 29.562283772645074, -2.065718680459199 ], [ 29.559960600371955, -2.069433136003413 ], [ 29.554288546479459, -2.065638400573626 ], [ 29.550797075653026, -2.06767621268091 ], [ 29.543729460284244, -2.067230316385788 ], [ 29.541901178377419, -2.07019114340197 ], [ 29.538913633639215, -2.067734224278843 ], [ 29.539796514849353, -2.064224923452678 ], [ 29.536429909306573, -2.062441245895003 ], [ 29.531034361887144, -2.063903855857917 ], [ 29.526771497127395, -2.05853505343731 ], [ 29.516961445429267, -2.05679159857765 ], [ 29.514963775103652, -2.059056771146656 ], [ 29.510794519213707, -2.057482746413403 ], [ 29.502959910714271, -2.059114796099628 ], [ 29.500458304795281, -2.061009913568485 ], [ 29.50102020067051, -2.064082210324183 ], [ 29.484722118463193, -2.063364277492894 ], [ 29.479714601259278, -2.058700063875921 ], [ 29.481315361331266, -2.055699116118586 ], [ 29.477293331649129, -2.051213243135703 ], [ 29.467108682572036, -2.046433075387532 ], [ 29.466836699641238, -2.043316171255446 ], [ 29.4619851891138, -2.04366841202646 ], [ 29.466466617879597, -2.032725804564787 ], [ 29.460923954861162, -2.02932354115096 ], [ 29.460732177509982, -2.031379168790293 ], [ 29.454971035683279, -2.03499550754881 ], [ 29.45121205211067, -2.04342766201491 ], [ 29.447600137887569, -2.045643810128766 ], [ 29.444581329994982, -2.046883474836602 ], [ 29.436514840396381, -2.04245999193219 ], [ 29.431962083280805, -2.042963914934294 ], [ 29.430664444795923, -2.047222334638373 ], [ 29.426999060539853, -2.046098651074964 ], [ 29.425376003252339, -2.042063171178113 ], [ 29.420074084835839, -2.042937136853922 ], [ 29.417514542221031, -2.037934052730097 ], [ 29.413028768912678, -2.036658742778402 ], [ 29.411485888895935, -2.038130206465715 ], [ 29.411329828595754, -2.031985591335538 ], [ 29.407851730814304, -2.031726994859438 ], [ 29.407276453649228, -2.033952027309007 ], [ 29.399923423437357, -2.032311118787611 ], [ 29.398964751972859, -2.030433838222229 ], [ 29.394670627334467, -2.036618577028606 ], [ 29.393520144021622, -2.032939850119791 ], [ 29.389520310420625, -2.034148246362052 ], [ 29.387821450877176, -2.030469526502653 ], [ 29.380392584145344, -2.029417124467489 ], [ 29.382051311109706, -2.025323701485938 ], [ 29.374279121823697, -2.023816500723771 ], [ 29.368593766265729, -2.028302388297197 ], [ 29.362480343330208, -2.027410543473304 ], [ 29.354676902386831, -2.029506306170667 ], [ 29.298996102635616, -2.020556936850813 ], [ 29.252171109897574, -2.02303173968793 ], [ 29.151667399400065, -2.024043961338867 ], [ 29.166110471371848, -2.063056638489605 ], [ 29.17055618022771, -2.086386624652668 ], [ 29.16879040354403, -2.117034059463453 ], [ 29.218843772716728, -2.128248673820012 ], [ 29.251466570007089, -2.147592223048432 ], [ 29.269454611185122, -2.163297182373634 ], [ 29.281516494975172, -2.182217188660499 ], [ 29.282015849776212, -2.189128748898697 ], [ 29.290225044078426, -2.19896555407706 ], [ 29.28923516383788, -2.202506066009259 ], [ 29.29107229192115, -2.203817038282524 ], [ 29.29364520799966, -2.201257517368111 ], [ 29.296445528044057, -2.208780012420181 ], [ 29.302344889332836, -2.209283911980723 ], [ 29.304917786659871, -2.214674966828518 ], [ 29.309724698269221, -2.212075306900721 ], [ 29.315588432939467, -2.214010589320286 ], [ 29.31527628533857, -2.21698923152557 ], [ 29.311062494027006, -2.216721698139988 ], [ 29.308881988852235, -2.224962101778926 ], [ 29.306469586920546, -2.226157125918065 ], [ 29.304079481569399, -2.232248301958813 ], [ 29.311365698867693, -2.237345034219795 ], [ 29.311035727594916, -2.242901073185478 ], [ 29.314660939625583, -2.244519726486576 ], [ 29.311838363927112, -2.248354526316601 ], [ 29.313309882083129, -2.253402231282063 ], [ 29.311713484068758, -2.262851079577825 ], [ 29.315802469030508, -2.274373431373197 ], [ 29.31792056763452, -2.275626422551567 ], [ 29.309127233033113, -2.284923666483419 ], [ 29.305595571197134, -2.284294896826474 ], [ 29.305007041320227, -2.28854444229312 ], [ 29.311022344377051, -2.292851908123066 ], [ 29.308850790430682, -2.299500440943906 ], [ 29.320823409654349, -2.306104374684622 ], [ 29.321545787824899, -2.312445244974672 ], [ 29.325144332290517, -2.316003545305043 ], [ 29.322919191698993, -2.31702026968589 ], [ 29.321715237326401, -2.31813504453891 ], [ 29.320007439773946, -2.320926443555737 ], [ 29.321398671468032, -2.323075737762867 ], [ 29.324582467076876, -2.324426815406549 ], [ 29.32134514234756, -2.322857199421037 ], [ 29.320613900711983, -2.319976635230414 ], [ 29.323186745627449, -2.316908767909567 ], [ 29.328065022057761, -2.315753877714858 ], [ 29.331788358965635, -2.306652833772906 ], [ 29.343943869065455, -2.295192963597423 ], [ 29.344149002904064, -2.29257098659112 ], [ 29.364018778903009, -2.293186348356816 ], [ 29.367947191833053, -2.290943401922053 ], [ 29.371095339251795, -2.293248814009056 ], [ 29.374591232801009, -2.290368183035477 ], [ 29.37992882113457, -2.290212151282787 ], [ 29.383999963500376, -2.296396929088599 ], [ 29.382818302086491, -2.298639816240385 ], [ 29.386349969922112, -2.298051211842767 ], [ 29.402821809588886, -2.276883865077713 ], [ 29.405073727855754, -2.276099083697764 ], [ 29.408645423575859, -2.278676411560701 ], [ 29.412747827797205, -2.274649843985251 ], [ 29.41803628516255, -2.273236369624884 ], [ 29.421411848640048, -2.26706048504344 ], [ 29.44156697546503, -2.275987625301386 ], [ 29.449049306300285, -2.273454838623755 ], [ 29.447724990434633, -2.271341190396026 ], [ 29.452380319894441, -2.271631068083052 ], [ 29.458730010347665, -2.267501934352386 ], [ 29.46115132490986, -2.271827235905577 ], [ 29.467456540204658, -2.271862926774785 ], [ 29.469552256295771, -2.273740241005345 ], [ 29.474773928801913, -2.267765012894063 ], [ 29.47495223080508, -2.260831127064414 ], [ 29.489966081655357, -2.249933073306761 ], [ 29.49403272638116, -2.240956929170114 ], [ 29.497131850520066, -2.240421821140658 ], [ 29.4993702670475, -2.243070540827639 ], [ 29.501051358033653, -2.239699473017406 ], [ 29.506366599373251, -2.238103077645379 ], [ 29.509349775636721, -2.234616089911946 ], [ 29.514834466791292, -2.236484431716046 ], [ 29.516555647379946, -2.230509221026738 ], [ 29.519476394240698, -2.233768806572298 ], [ 29.51773737059526, -2.229541583477843 ], [ 29.519628001341541, -2.226643177598152 ], [ 29.523172977620234, -2.227624187275494 ], [ 29.52424313528098, -2.224542952675671 ], [ 29.527052393975531, -2.2253634155372 ], [ 29.526704591558964, -2.223530766198346 ], [ 29.530494795992734, -2.222910912217035 ], [ 29.532287382358529, -2.21850533377802 ], [ 29.539265919556595, -2.214790885844405 ], [ 29.541566773971663, -2.210835665514872 ], [ 29.542699356686107, -2.212784307683968 ], [ 29.54411288240334, -2.210911488945123 ], [ 29.548228698959349, -2.211727527433998 ], [ 29.544665847323117, -2.207888182577301 ], [ 29.54944157382613, -2.207491371542706 ], [ 29.547640087714559, -2.204619711068236 ], [ 29.550110433599304, -2.203973109096588 ], [ 29.551345590567944, -2.199826177893938 ], [ 29.558056521235635, -2.200209620576672 ], [ 29.561053045489142, -2.205921780683721 ], [ 29.572838481960641, -2.203567341927203 ], [ 29.57698098589842, -2.197226507477541 ], [ 29.578394526821814, -2.19911712909005 ], [ 29.580249501583999, -2.197534195689106 ], [ 29.585163369591065, -2.201912999945415 ], [ 29.587009498593666, -2.19363243753811 ], [ 29.590104048686438, -2.194667001975311 ], [ 29.589734018975623, -2.19202717844682 ], [ 29.595896485125085, -2.188638293430015 ], [ 29.60426176216712, -2.190337199184234 ], [ 29.609755376103855, -2.17634901644245 ], [ 29.608805529417548, -2.171613399867215 ], [ 29.604368788390268, -2.168483114559551 ], [ 29.606473473666988, -2.158606213628392 ], [ 29.604426724039467, -2.158276281570735 ], [ 29.603784654206237, -2.154989896179181 ], [ 29.599869548821779, -2.155739045239652 ], [ 29.599106983232787, -2.151123864071914 ], [ 29.594549814642605, -2.150660093451469 ], [ 29.599512812638377, -2.144640339255992 ], [ 29.59778714512111, -2.14347652532145 ], [ 29.598750245138667, -2.137144594721013 ], [ 29.608199124303862, -2.128672292524555 ], [ 29.606089953593258, -2.12638920477514 ], [ 29.610410863025812, -2.121809726856705 ], [ 29.610482151800451, -2.118322724487737 ], [ 29.619329023430321, -2.113640668927465 ], [ 29.617429451680405, -2.109966328799024 ], [ 29.614517692661593, -2.110077855246135 ], [ 29.612421882642138, -2.105163912002399 ] ], [ [ 29.30510507070635, -2.025845414538971 ], [ 29.305270107374103, -2.026112986130734 ], [ 29.305390472346406, -2.025961362320724 ], [ 29.30510507070635, -2.025845414538971 ] ], [ [ 29.30707158318366, -2.025921198600236 ], [ 29.3078162754034, -2.02674611983243 ], [ 29.308271048108896, -2.026425108210169 ], [ 29.30707158318366, -2.025921198600236 ] ], [ [ 29.301461985592521, -2.022683886261457 ], [ 29.302866598672665, -2.024106381575497 ], [ 29.3033125230866, -2.023571300847747 ], [ 29.301461985592521, -2.022683886261457 ] ] ] } ] } },
{ "type": "Feature", "properties": { "district_name": "Ngororero", "gaul_district_code": 21990, "district_code": 35 }, "geometry": { "type": "GeometryCollection", "geometries": [ { "type": "LineString", "coordinates": [ [ 29.671629851148726, -1.912677904700584 ], [ 29.671634293212172, -1.912682346764019 ] ] }, { "type": "Polygon", "coordinates": [ [ [ 29.638735073224733, -1.722055781934439 ], [ 29.628109016540282, -1.726653097576038 ], [ 29.623324426735532, -1.732356321638008 ], [ 29.617032606194705, -1.734657200253288 ], [ 29.618067126191853, -1.74018204037528 ], [ 29.615944569939032, -1.743459449011987 ], [ 29.610705127997541, -1.742919939300715 ], [ 29.608194701853339, -1.747240778195141 ], [ 29.587245780857426, -1.746892997443301 ], [ 29.574818271279266, -1.740957919929933 ], [ 29.554239527204043, -1.748248541395813 ], [ 29.54696227922717, -1.74696878511003 ], [ 29.538160034434075, -1.740824136506982 ], [ 29.53326393250655, -1.744815001357807 ], [ 29.530414529087317, -1.751236117075604 ], [ 29.523766025783193, -1.750937363451115 ], [ 29.523614423045824, -1.75667177917097 ], [ 29.518620204963177, -1.765960103682404 ], [ 29.514830041453433, -1.767489568416175 ], [ 29.511574903069768, -1.774204991892454 ], [ 29.507601778502945, -1.77699634342865 ], [ 29.503102595299534, -1.77010260466756 ], [ 29.494813112488359, -1.771435846027561 ], [ 29.487865792713588, -1.766950005655406 ], [ 29.465003988837559, -1.765808493876779 ], [ 29.462529172688338, -1.764096192437995 ], [ 29.462248327256816, -1.75266301523089 ], [ 29.456643168992521, -1.74665666551801 ], [ 29.452549706431139, -1.747298766023758 ], [ 29.456228524230703, -1.738933500871437 ], [ 29.451675765407806, -1.735464306940216 ], [ 29.445905674543823, -1.736770805831921 ], [ 29.440220364684976, -1.735330513811927 ], [ 29.434856024239362, -1.738634742885624 ], [ 29.435172610569811, -1.743423819541241 ], [ 29.438891540627107, -1.749644224058265 ], [ 29.445062951478516, -1.752774499071451 ], [ 29.444523329874013, -1.756190166045642 ], [ 29.4480460646475, -1.761447470082988 ], [ 29.445531111885597, -1.771105864943093 ], [ 29.446699425408266, -1.7776206199596 ], [ 29.44001518852642, -1.775810251202038 ], [ 29.436403349982914, -1.779274957460952 ], [ 29.432599695710021, -1.77952915091341 ], [ 29.418419775218197, -1.794587483248816 ], [ 29.410656517712606, -1.791613266487827 ], [ 29.409720059509237, -1.793695713927525 ], [ 29.404730326737401, -1.793477187103703 ], [ 29.398175435466655, -1.79798087088364 ], [ 29.401149677568217, -1.80027729622448 ], [ 29.403521906214493, -1.799318613251128 ], [ 29.404810574788414, -1.802885876805381 ], [ 29.413697551842162, -1.801525852775832 ], [ 29.415204804250635, -1.808981485628882 ], [ 29.418152217944041, -1.812102876919295 ], [ 29.422776346203154, -1.811554383547848 ], [ 29.429670109184855, -1.816468335207086 ], [ 29.433750136284818, -1.829925859635483 ], [ 29.439283919567316, -1.836663608911441 ], [ 29.446935761144537, -1.838237685583735 ], [ 29.453566375674139, -1.843766929356735 ], [ 29.45947915506984, -1.84396761021331 ], [ 29.463019676959451, -1.846513719777872 ], [ 29.46207886351425, -1.854892380374753 ], [ 29.457129266082006, -1.861032581141979 ], [ 29.459318630708307, -1.866664411298503 ], [ 29.458096851210822, -1.872697614647261 ], [ 29.461730992963869, -1.875413157800647 ], [ 29.461619521923591, -1.880425208655063 ], [ 29.467202353658418, -1.88274843032171 ], [ 29.468660445202275, -1.88578056413971 ], [ 29.466604823164889, -1.89114044715446 ], [ 29.47150540343673, -1.895028764564525 ], [ 29.471946829984315, -1.902034031226065 ], [ 29.479134916710159, -1.90960553844701 ], [ 29.47962536469327, -1.91650382246624 ], [ 29.48375896059774, -1.915010012186843 ], [ 29.490171187051182, -1.919330866753678 ], [ 29.491847782163354, -1.918117968901856 ], [ 29.495713879588536, -1.923103295244745 ], [ 29.500913185698657, -1.922496800212471 ], [ 29.504181665029744, -1.926880097815064 ], [ 29.508368726032181, -1.927326043024432 ], [ 29.506469184700336, -1.930688195702408 ], [ 29.50899307937766, -1.930621281395815 ], [ 29.508203741934455, -1.932743830891347 ], [ 29.514919167731833, -1.937354567928231 ], [ 29.514544606873571, -1.941372185439503 ], [ 29.525273194329003, -1.951226839015463 ], [ 29.528782543611737, -1.950798713817142 ], [ 29.533116764567694, -1.954357119302331 ], [ 29.527003365390687, -1.962075840697167 ], [ 29.528769180387499, -1.966334219541011 ], [ 29.528399080530665, -1.970249372763246 ], [ 29.525389129716302, -1.971034154779302 ], [ 29.526539628489921, -1.972938162040696 ], [ 29.524247648830155, -1.975921310301731 ], [ 29.515302666768626, -1.976010482415638 ], [ 29.515097508629594, -1.979466283986078 ], [ 29.531266223269181, -1.997142160433618 ], [ 29.535845762814791, -2.005908741834183 ], [ 29.547577616204805, -2.010947566774421 ], [ 29.552567375878343, -2.017462295818572 ], [ 29.562582560810807, -2.02005747589163 ], [ 29.565619158103203, -2.024975880570389 ], [ 29.560571457566674, -2.027673618471253 ], [ 29.549481657718463, -2.027196520267091 ], [ 29.545044842530853, -2.03174483502084 ], [ 29.549281061173595, -2.040056543513112 ], [ 29.540344983370868, -2.047935784685076 ], [ 29.537937033440592, -2.055734736515697 ], [ 29.539274768727008, -2.059074602619113 ], [ 29.544897686677292, -2.059373389449099 ], [ 29.54889756439475, -2.062615166301816 ], [ 29.554712199734535, -2.059159363281056 ], [ 29.557744363093871, -2.063591712264319 ], [ 29.56410303518793, -2.06343120085582 ], [ 29.577935202754567, -2.067645007444829 ], [ 29.583977248511907, -2.062610687062771 ], [ 29.587945867602272, -2.061941839695522 ], [ 29.587272584848396, -2.064456783366748 ], [ 29.590714953871629, -2.067725260203568 ], [ 29.592293511545048, -2.074315869616039 ], [ 29.600868369998143, -2.071863341061048 ], [ 29.610152241910598, -2.072496524545803 ], [ 29.61803590585593, -2.082672213363254 ], [ 29.623391287052623, -2.083394567701696 ], [ 29.624546214464065, -2.085856018352856 ], [ 29.62792170767278, -2.083510525353301 ], [ 29.629772234148145, -2.084973108963545 ], [ 29.629165830114953, -2.079755923579305 ], [ 29.63355802213907, -2.079109350033851 ], [ 29.634012833428141, -2.075047131330166 ], [ 29.631899270643963, -2.072211116642158 ], [ 29.637174363852107, -2.066998458572993 ], [ 29.633972684872194, -2.066021899150665 ], [ 29.633027421863236, -2.062048883014612 ], [ 29.633896897809372, -2.058954248535873 ], [ 29.636826564469612, -2.058802605383486 ], [ 29.635604794096064, -2.05478500031784 ], [ 29.639252299253336, -2.049456325261769 ], [ 29.634325001327664, -2.038821401673431 ], [ 29.630860252852372, -2.037947434778443 ], [ 29.632363019084437, -2.027107346497424 ], [ 29.628425619257314, -2.021876814373488 ], [ 29.633678468125122, -2.016780076644962 ], [ 29.63110548260812, -2.015437889683684 ], [ 29.628648567282944, -2.00769242210569 ], [ 29.631386439509864, -2.000705031361823 ], [ 29.636804279811884, -1.99514448885761 ], [ 29.634414141496865, -1.989927349403168 ], [ 29.622035679126057, -1.97987210387108 ], [ 29.622392447237647, -1.975796434967588 ], [ 29.625705554382783, -1.973450972193556 ], [ 29.643608807909551, -1.979087292274974 ], [ 29.651224992229913, -1.975631449421972 ], [ 29.65463176943684, -1.976304813555055 ], [ 29.655782198048801, -1.973950368173067 ], [ 29.665837505687911, -1.971859106229632 ], [ 29.673649819317731, -1.959427070506026 ], [ 29.670907460398507, -1.948832271748706 ], [ 29.661775221745, -1.944194843053975 ], [ 29.660941371924107, -1.938273108103632 ], [ 29.664147480322907, -1.934344640821806 ], [ 29.661806432442226, -1.9290828960218 ], [ 29.66397356968562, -1.924235853139189 ], [ 29.661596887402222, -1.923014107963402 ], [ 29.66141846441851, -1.919803515877744 ], [ 29.666096113591845, -1.915174977049189 ], [ 29.670746907994193, -1.914055741067523 ], [ 29.673096913692238, -1.910541945711825 ], [ 29.669993387854365, -1.907830833142761 ], [ 29.670104784960582, -1.901659474169402 ], [ 29.673315370906849, -1.901293771980783 ], [ 29.675174851583193, -1.896268376431792 ], [ 29.668945455058129, -1.884050467859764 ], [ 29.671174988393293, -1.875939336912425 ], [ 29.667696908079108, -1.86974566985951 ], [ 29.668075929279016, -1.866093631931437 ], [ 29.663322485967527, -1.861300138993553 ], [ 29.665792857095866, -1.850232632536331 ], [ 29.664325811445408, -1.84331658559505 ], [ 29.666876443493504, -1.835976895290419 ], [ 29.664802980922087, -1.830804313306973 ], [ 29.672316529774786, -1.822635282764983 ], [ 29.670831693124743, -1.817449329284243 ], [ 29.668682343399787, -1.817645508869777 ], [ 29.669324472905409, -1.809293618876458 ], [ 29.672191696238304, -1.809150953970366 ], [ 29.672642051267513, -1.804727499018419 ], [ 29.668874107287959, -1.799657513786575 ], [ 29.669373540921789, -1.78928561838678 ], [ 29.673163750496368, -1.787127408301645 ], [ 29.673203887927013, -1.780050829255344 ], [ 29.671206197012658, -1.779506865311087 ], [ 29.671447024766746, -1.773558424331297 ], [ 29.666519699053225, -1.765228763749129 ], [ 29.667737047064719, -1.762593496577741 ], [ 29.661900064492539, -1.753430031326499 ], [ 29.664771770887008, -1.742019171077757 ], [ 29.659715123649324, -1.738732825678343 ], [ 29.658867910643451, -1.734987149265141 ], [ 29.652745580314626, -1.734068624461274 ], [ 29.649187199954049, -1.7268582213385 ], [ 29.640135178232775, -1.724610826801191 ], [ 29.638735073224733, -1.722055781934439 ] ] ] } ] } },
{ "type": "Feature", "properties": { "district_name": "Nyabihu", "gaul_district_code": 21991, "district_code": 34 }, "geometry": { "type": "Polygon", "coordinates": [ [ [ 29.632456670616314, -1.698627677219389 ], [ 29.633972684872194, -1.694926628088349 ], [ 29.637031636214889, -1.69466352773861 ], [ 29.640001473356286, -1.676648725849543 ], [ 29.638405052142389, -1.65828617343035 ], [ 29.636139806304364, -1.653296422209007 ], [ 29.633905829542346, -1.653488194119454 ], [ 29.633214635553959, -1.649073651694429 ], [ 29.633406447529559, -1.638487741520886 ], [ 29.635988234455684, -1.632124636143039 ], [ 29.634039628603428, -1.629025560861622 ], [ 29.634895745052567, -1.611536942227752 ], [ 29.633138848085892, -1.608883808413191 ], [ 29.636456479521073, -1.603345600020632 ], [ 29.635537851104036, -1.597446189705152 ], [ 29.63854326846095, -1.592282562557403 ], [ 29.629210401828253, -1.591194536850703 ], [ 29.624479266252134, -1.584996374041227 ], [ 29.618196429606382, -1.588354068060952 ], [ 29.607793319671028, -1.587654044242707 ], [ 29.595976715288632, -1.59342855473841 ], [ 29.590442939505678, -1.591172240569299 ], [ 29.585627182005197, -1.592006065726532 ], [ 29.584717513779136, -1.5890363389414 ], [ 29.570127352279698, -1.583524881366086 ], [ 29.567866593175577, -1.577866310645617 ], [ 29.559238168124878, -1.569915705961787 ], [ 29.555844855507715, -1.572809690917281 ], [ 29.556509261321136, -1.575770510440599 ], [ 29.553218435954605, -1.576385837484881 ], [ 29.548478406727515, -1.567868987902616 ], [ 29.545464010240593, -1.571440710697677 ], [ 29.540153223156558, -1.571222248381085 ], [ 29.538275959416776, -1.574597738925047 ], [ 29.534855867573157, -1.571226671936008 ], [ 29.528131461101861, -1.572047150095139 ], [ 29.507949627109454, -1.562246055985598 ], [ 29.507048847958398, -1.563985078057808 ], [ 29.499165174729946, -1.563659610486396 ], [ 29.483892723071328, -1.549243291822245 ], [ 29.450070515944432, -1.506128253240986 ], [ 29.392231464400965, -1.506012339184017 ], [ 29.397542278485187, -1.508130429578753 ], [ 29.398683783776221, -1.549042651179334 ], [ 29.384334377529033, -1.549894337245498 ], [ 29.384321000982567, -1.552761517726002 ], [ 29.380762707610533, -1.553055856909542 ], [ 29.380963360557935, -1.562165814678433 ], [ 29.395691775553921, -1.559343187771447 ], [ 29.398911251134713, -1.564720858091038 ], [ 29.406005610078694, -1.569639257893534 ], [ 29.40143506982162, -1.57735347362742 ], [ 29.403700295683201, -1.598654602719637 ], [ 29.415610532183873, -1.607327578933521 ], [ 29.413082264574431, -1.60957048961388 ], [ 29.414228253845224, -1.612571453090751 ], [ 29.422633671032713, -1.625150572092051 ], [ 29.41734963173954, -1.627313265776353 ], [ 29.418803264264309, -1.629342149371392 ], [ 29.414089998719806, -1.632494705701356 ], [ 29.400859855937945, -1.638478837283623 ], [ 29.401907710762217, -1.653800320949626 ], [ 29.398964751972859, -1.659400922029344 ], [ 29.401466248581492, -1.665014957864779 ], [ 29.399450776073252, -1.66754770001527 ], [ 29.400784034536308, -1.673050237530967 ], [ 29.398652604422214, -1.680149148797255 ], [ 29.400507587246604, -1.682039811400874 ], [ 29.407931977148479, -1.680800151610821 ], [ 29.411129128781411, -1.685990587765453 ], [ 29.414718744065024, -1.687395214985388 ], [ 29.417434301161521, -1.685794354593309 ], [ 29.430994412521294, -1.687747474751286 ], [ 29.437179176257718, -1.692616766884856 ], [ 29.432443658037801, -1.703684267159271 ], [ 29.435658691008978, -1.710190130318465 ], [ 29.434900656312038, -1.714787446026916 ], [ 29.426370368210506, -1.714840947226416 ], [ 29.422660417102627, -1.717877592808768 ], [ 29.420435251276452, -1.73520566068866 ], [ 29.434262965417386, -1.739205478778003 ], [ 29.440220364684976, -1.735330513811927 ], [ 29.45201020121165, -1.735584716385623 ], [ 29.456259691249539, -1.739593426483702 ], [ 29.452549706431139, -1.747298766023758 ], [ 29.456643168992521, -1.74665666551801 ], [ 29.462248327256816, -1.75266301523089 ], [ 29.462529172688338, -1.764096192437995 ], [ 29.470488683016395, -1.76699456725495 ], [ 29.487865792713588, -1.766950005655406 ], [ 29.494813112488359, -1.771435846027561 ], [ 29.503102595299534, -1.77010260466756 ], [ 29.507601778502945, -1.77699634342865 ], [ 29.511574903069768, -1.774204991892454 ], [ 29.514830041453433, -1.767489568416175 ], [ 29.518620204963177, -1.765960103682404 ], [ 29.523614423045824, -1.75667177917097 ], [ 29.523766025783193, -1.750937363451115 ], [ 29.530414529087317, -1.751236117075604 ], [ 29.53326393250655, -1.744815001357807 ], [ 29.538160034434075, -1.740824136506982 ], [ 29.54696227922717, -1.74696878511003 ], [ 29.556156929310863, -1.748364443564633 ], [ 29.573074787686974, -1.741015842033747 ], [ 29.593907700265977, -1.747726829407684 ], [ 29.608194701853339, -1.747240778195141 ], [ 29.610705127997541, -1.742919939300715 ], [ 29.615944569939032, -1.743459449011987 ], [ 29.618067126191853, -1.74018204037528 ], [ 29.617032606194705, -1.734657200253288 ], [ 29.623324426735532, -1.732356321638008 ], [ 29.628109016540282, -1.726653097576038 ], [ 29.638735073224733, -1.722055781934439 ], [ 29.634204555890939, -1.714640315137711 ], [ 29.634646011793492, -1.700206190345974 ], [ 29.632456670616314, -1.698627677219389 ] ], [ [ 29.423186569750403, -1.725895051003012 ], [ 29.423141934083688, -1.725895093341023 ], [ 29.423240061682158, -1.726006545969373 ], [ 29.423186569750403, -1.725895051003012 ] ], [ [ 29.422954712110332, -1.725814815366908 ], [ 29.422887758498494, -1.725828181157576 ], [ 29.422985886268297, -1.725846029564509 ], [ 29.422954712110332, -1.725814815366908 ] ] ] } },
{ "type": "Feature", "properties": { "district_name": "Nyamasheke", "gaul_district_code": 21994, "district_code": 37 }, "geometry": { "type": "Polygon", "coordinates": [ [ [ 29.264652155670319, -2.482024798217291 ], [ 29.269387676294013, -2.475469952984443 ], [ 29.265624202432654, -2.472317351691828 ], [ 29.266230620212458, -2.470738829405809 ], [ 29.272419929566833, -2.463822764158984 ], [ 29.273267101852717, -2.456554441414897 ], [ 29.279478634798544, -2.448028627322496 ], [ 29.2803080369866, -2.441857229045464 ], [ 29.299116561352601, -2.440399120194233 ], [ 29.30312975717063, -2.434089501413613 ], [ 29.309925359542127, -2.435703707827276 ], [ 29.31753264917565, -2.431338205556977 ], [ 29.323516689734017, -2.432470846285288 ], [ 29.325295876011467, -2.430040649155858 ], [ 29.325906834906508, -2.422986351358888 ], [ 29.3286714498559, -2.421653050330317 ], [ 29.328426238156201, -2.410286790207429 ], [ 29.326660382838362, -2.406108604137655 ], [ 29.322856800782688, -2.406041749426302 ], [ 29.318286239892828, -2.398644102786032 ], [ 29.322709597109913, -2.388267789947409 ], [ 29.327471973491399, -2.388718119508591 ], [ 29.330776159444294, -2.383706088744464 ], [ 29.330651295617525, -2.379884641412041 ], [ 29.335953173977469, -2.378395288631337 ], [ 29.337433578799818, -2.370578517393472 ], [ 29.343208131825833, -2.365419350491733 ], [ 29.34303418786973, -2.356866757147364 ], [ 29.337883918077267, -2.352858062674777 ], [ 29.337536105985894, -2.348247325867978 ], [ 29.333736969680611, -2.347021092434169 ], [ 29.327284629201444, -2.339645716391324 ], [ 29.328256796367466, -2.334375093892898 ], [ 29.324792059003958, -2.324627455425712 ], [ 29.320105547828174, -2.321367875950701 ], [ 29.325144332290517, -2.316003545305043 ], [ 29.321545787824899, -2.312445244974672 ], [ 29.320823409654349, -2.306104374684622 ], [ 29.308850790430682, -2.299500440943906 ], [ 29.311022344377051, -2.292851908123066 ], [ 29.305007041320227, -2.28854444229312 ], [ 29.305595571197134, -2.284294896826474 ], [ 29.309127233033113, -2.284923666483419 ], [ 29.31792056763452, -2.275626422551567 ], [ 29.315802469030508, -2.274373431373197 ], [ 29.311713484068758, -2.262851079577825 ], [ 29.313309882083129, -2.253402231282063 ], [ 29.311838363927112, -2.248354526316601 ], [ 29.314660939625583, -2.244519726486576 ], [ 29.311035727594916, -2.242901073185478 ], [ 29.311365698867693, -2.237345034219795 ], [ 29.304079481569399, -2.232248301958813 ], [ 29.306469586920546, -2.226157125918065 ], [ 29.308881988852235, -2.224962101778926 ], [ 29.311062494027006, -2.216721698139988 ], [ 29.31527628533857, -2.21698923152557 ], [ 29.315864951557575, -2.215013872060466 ], [ 29.309724698269221, -2.212075306900721 ], [ 29.304917786659871, -2.214674966828518 ], [ 29.302344889332836, -2.209283911980723 ], [ 29.296445528044057, -2.208780012420181 ], [ 29.29364520799966, -2.201257517368111 ], [ 29.29107229192115, -2.203817038282524 ], [ 29.28923516383788, -2.202506066009259 ], [ 29.290225044078426, -2.19896555407706 ], [ 29.282015849776212, -2.189128748898697 ], [ 29.281516494975172, -2.182217188660499 ], [ 29.269454611185122, -2.163297182373634 ], [ 29.251466570007089, -2.147592223048432 ], [ 29.218843772716728, -2.128248673820012 ], [ 29.16879040354403, -2.117034059463453 ], [ 29.168335560102587, -2.124997965131621 ], [ 29.159167603457117, -2.156666522592461 ], [ 29.129166857824373, -2.215553434597011 ], [ 29.115000249144423, -2.24805582330361 ], [ 29.100276264581641, -2.2675019401346 ], [ 29.08722448830035, -2.275278593755993 ], [ 29.071666730521663, -2.280277229696243 ], [ 29.020556527040014, -2.27833310698444 ], [ 29.002778096221824, -2.281111114315795 ], [ 28.993333712349877, -2.285556813183308 ], [ 28.988611480878049, -2.29444383266254 ], [ 28.988054133086813, -2.3075000895451 ], [ 28.990279160017732, -2.31916505858371 ], [ 28.988334983333242, -2.33083455607021 ], [ 28.984999653773784, -2.334446439902853 ], [ 28.969999239056076, -2.339998006867694 ], [ 28.966387331822752, -2.343609881418387 ], [ 28.957776776813017, -2.36222219228925 ], [ 28.971064939877184, -2.381472110505568 ], [ 28.972447222040678, -2.386814093952752 ], [ 28.971368117404243, -2.400936048701757 ], [ 28.967738475717095, -2.411370370562451 ], [ 28.969767301361124, -2.423450070355563 ], [ 28.964889067332251, -2.438428191597983 ], [ 28.968099667081315, -2.442758016188779 ], [ 28.976518402416787, -2.443159327976579 ], [ 28.978582998453373, -2.447654071597624 ], [ 28.975430354615714, -2.459180867546858 ], [ 28.981784608835241, -2.471835771944408 ], [ 28.976331154635368, -2.477588047289368 ], [ 28.976411365643543, -2.488303238906134 ], [ 28.987951545345492, -2.497992871113173 ], [ 28.989708406501613, -2.502077379837266 ], [ 28.997650092719699, -2.506951230173637 ], [ 29.008552546322587, -2.526740678077718 ], [ 29.017073948891948, -2.531449499748466 ], [ 29.017497542314512, -2.535284338627364 ], [ 29.026589688852667, -2.536675581767229 ], [ 29.034696312467176, -2.541420083668313 ], [ 29.035953801881245, -2.546160103863643 ], [ 29.033849041854513, -2.559327803609897 ], [ 29.03827696022444, -2.569075384351562 ], [ 29.040087319349777, -2.565057755736547 ], [ 29.044983412650751, -2.562337715518219 ], [ 29.043752722690311, -2.554605588254689 ], [ 29.046107104468792, -2.55009301378906 ], [ 29.043721557986654, -2.545174626324632 ], [ 29.0483723980396, -2.541268431909491 ], [ 29.05104784107764, -2.541299626406441 ], [ 29.053821341955345, -2.537549578795232 ], [ 29.058614898878258, -2.538543939933708 ], [ 29.063444082419803, -2.534882998905989 ], [ 29.073682198815593, -2.532666818993917 ], [ 29.0744134919, -2.527761823356727 ], [ 29.080718640837684, -2.518451255020204 ], [ 29.091683611016318, -2.517933995993211 ], [ 29.100757850634523, -2.520386461284417 ], [ 29.105377484422267, -2.514883918726053 ], [ 29.11533020934791, -2.513376791853188 ], [ 29.117635562139014, -2.505466349007741 ], [ 29.122665470419648, -2.505305794200094 ], [ 29.123909543594156, -2.495785619899206 ], [ 29.121033402007903, -2.492913962056102 ], [ 29.118389184893122, -2.482671397324977 ], [ 29.119258703991957, -2.478109741306884 ], [ 29.120422492206735, -2.48169483557101 ], [ 29.127516934146723, -2.487710173123076 ], [ 29.132551305836088, -2.485913156287363 ], [ 29.137991376605996, -2.491741239663239 ], [ 29.144238604646436, -2.491852689805656 ], [ 29.151774490761621, -2.495219319490151 ], [ 29.153085399981606, -2.489881793520234 ], [ 29.158458633439412, -2.491536059073239 ], [ 29.16655192534601, -2.482336977820245 ], [ 29.171898419238605, -2.483255541529899 ], [ 29.172892715206618, -2.48054440233134 ], [ 29.19197326493595, -2.49060861004003 ], [ 29.198487982370317, -2.487884099847226 ], [ 29.200619460312229, -2.47876523059218 ], [ 29.203473239264156, -2.475634957653706 ], [ 29.214986698231034, -2.482122953931265 ], [ 29.224266088335586, -2.475813331324638 ], [ 29.240630989890985, -2.472625073600408 ], [ 29.245326398307185, -2.475345064510794 ], [ 29.245121304808638, -2.478163261640189 ], [ 29.24794834262331, -2.475456565550335 ], [ 29.249130020191867, -2.477017283359969 ], [ 29.252046268438459, -2.475309394590143 ], [ 29.252527811870269, -2.478136505553006 ], [ 29.25478858913036, -2.477289240495901 ], [ 29.25906489129261, -2.484499658786266 ], [ 29.264576352777929, -2.488200654538443 ], [ 29.267033322045858, -2.487478305443162 ], [ 29.272629506752363, -2.492008732470957 ], [ 29.276718507650475, -2.489988766061153 ], [ 29.277151035866485, -2.487482770427439 ], [ 29.273998400202299, -2.485177436874305 ], [ 29.264652155670319, -2.482024798217291 ] ] ] } },
{ "type": "Feature", "properties": { "district_name": "Rubavu", "gaul_district_code": 21998, "district_code": 33 }, "geometry": { "type": "MultiPolygon", "coordinates": [ [ [ [ 29.423141934083688, -1.725895093341023 ], [ 29.423240061682158, -1.726006545969373 ], [ 29.423186569750403, -1.725895051003012 ], [ 29.423141934083688, -1.725895093341023 ] ] ], [ [ [ 29.422887758498494, -1.725828181157576 ], [ 29.422985886268297, -1.725846029564509 ], [ 29.422954712110332, -1.725814815366908 ], [ 29.422887758498494, -1.725828181157576 ] ] ], [ [ [ 29.380762707610533, -1.55310936358523 ], [ 29.384321000982567, -1.552761517726002 ], [ 29.384334377529033, -1.549894337245498 ], [ 29.398683783776221, -1.549042651179334 ], [ 29.397506581388402, -1.50802784230357 ], [ 29.392231464400965, -1.506012339184017 ], [ 29.361717853100057, -1.505954380173132 ], [ 29.255479725060361, -1.659173558065792 ], [ 29.241826026289129, -1.668778421262533 ], [ 29.244225026059819, -1.678325345673668 ], [ 29.244728851006219, -1.697552984725688 ], [ 29.232519882787944, -1.714876593181649 ], [ 29.199165808237954, -1.746112594833463 ], [ 29.190015698805048, -1.75980650154431 ], [ 29.245000890941245, -1.766133995619126 ], [ 29.265584129123763, -1.769464942450408 ], [ 29.278430794278442, -1.773982011625734 ], [ 29.300802086723554, -1.767547501233157 ], [ 29.30154229007595, -1.763587848029668 ], [ 29.298679576724155, -1.755690802489499 ], [ 29.301524474184379, -1.751361012948824 ], [ 29.300160000968344, -1.748623076529081 ], [ 29.310652222586658, -1.737783039464881 ], [ 29.330816303718141, -1.745862886681143 ], [ 29.341348701929881, -1.745804959863375 ], [ 29.34491592623267, -1.750406742871451 ], [ 29.350556743704072, -1.751334220594227 ], [ 29.35511389824536, -1.74742807499167 ], [ 29.358476117898508, -1.750518207629714 ], [ 29.366226021249108, -1.752355346503914 ], [ 29.371358464400529, -1.748533915654938 ], [ 29.369766505736873, -1.745871844567071 ], [ 29.373008257175023, -1.740182049163871 ], [ 29.371964890764158, -1.736070700022829 ], [ 29.382550768152864, -1.734260305604764 ], [ 29.400204389248842, -1.738135286069858 ], [ 29.406968841079518, -1.730117837854023 ], [ 29.413349742588739, -1.731312879554537 ], [ 29.41997604366858, -1.729524752851036 ], [ 29.422771829486681, -1.725582901880558 ], [ 29.422504280207903, -1.718198643404201 ], [ 29.426031445327929, -1.714992587714179 ], [ 29.434762420820221, -1.714979188964699 ], [ 29.435658691008978, -1.710190130318465 ], [ 29.432443658037801, -1.703684267159271 ], [ 29.437179176257718, -1.692616766884856 ], [ 29.430994412521294, -1.687747474751286 ], [ 29.417434301161521, -1.685794354593309 ], [ 29.414718744065024, -1.687395214985388 ], [ 29.411129128781411, -1.685990587765453 ], [ 29.407931977148479, -1.680800151610821 ], [ 29.400507587246604, -1.682039811400874 ], [ 29.398652604422214, -1.680149148797255 ], [ 29.400784034536308, -1.673050237530967 ], [ 29.399450776073252, -1.66754770001527 ], [ 29.401466248581492, -1.665014957864779 ], [ 29.398964751972859, -1.659400922029344 ], [ 29.401907710762217, -1.653800320949626 ], [ 29.400859855937945, -1.638478837283623 ], [ 29.414089998719806, -1.632494705701356 ], [ 29.418803264264309, -1.629342149371392 ], [ 29.41734963173954, -1.627313265776353 ], [ 29.422633671032713, -1.625150572092051 ], [ 29.414228253845224, -1.612571453090751 ], [ 29.413082264574431, -1.60957048961388 ], [ 29.415610532183873, -1.607327578933521 ], [ 29.403700295683201, -1.598654602719637 ], [ 29.40143506982162, -1.57735347362742 ], [ 29.406005610078694, -1.569639257893534 ], [ 29.398911251134713, -1.564720858091038 ], [ 29.395691775553921, -1.559343187771447 ], [ 29.381007920534969, -1.562205950917732 ], [ 29.380762707610533, -1.55310936358523 ] ] ] ] } },
{ "type": "Feature", "properties": { "district_name": "Rusizi", "gaul_district_code": 22001, "district_code": 36 }, "geometry": { "type": "Polygon", "coordinates": [ [ [ 29.277151035866485, -2.487482770427439 ], [ 29.276718507650475, -2.489988766061153 ], [ 29.272629506752363, -2.492008732470957 ], [ 29.267033322045858, -2.487478305443162 ], [ 29.26191870552789, -2.486854047874786 ], [ 29.25478858913036, -2.477289240495901 ], [ 29.252527811870269, -2.478136505553006 ], [ 29.252046268438459, -2.475309394590143 ], [ 29.249130020191867, -2.477017283359969 ], [ 29.24794834262331, -2.475456565550335 ], [ 29.245121304808638, -2.478163261640189 ], [ 29.245326398307185, -2.475345064510794 ], [ 29.240630989890985, -2.472625073600408 ], [ 29.224266088335586, -2.475813331324638 ], [ 29.214986698231034, -2.482122953931265 ], [ 29.203473239264156, -2.475634957653706 ], [ 29.200619460312229, -2.47876523059218 ], [ 29.198487982370317, -2.487884099847226 ], [ 29.19197326493595, -2.49060861004003 ], [ 29.172892715206618, -2.48054440233134 ], [ 29.171898419238605, -2.483255541529899 ], [ 29.16655192534601, -2.482336977820245 ], [ 29.158458633439412, -2.491536059073239 ], [ 29.153085399981606, -2.489881793520234 ], [ 29.151774490761621, -2.495219319490151 ], [ 29.144238604646436, -2.491852689805656 ], [ 29.137991376605996, -2.491741239663239 ], [ 29.132551305836088, -2.485913156287363 ], [ 29.127516934146723, -2.487710173123076 ], [ 29.120422492206735, -2.48169483557101 ], [ 29.119258703991957, -2.478109741306884 ], [ 29.118389184893122, -2.482671397324977 ], [ 29.121033402007903, -2.492913962056102 ], [ 29.123909543594156, -2.495785619899206 ], [ 29.122665470419648, -2.505305794200094 ], [ 29.117635562139014, -2.505466349007741 ], [ 29.11533020934791, -2.513376791853188 ], [ 29.105377484422267, -2.514883918726053 ], [ 29.100757850634523, -2.520386461284417 ], [ 29.091683611016318, -2.517933995993211 ], [ 29.080718640837684, -2.518451255020204 ], [ 29.0744134919, -2.527761823356727 ], [ 29.073682198815593, -2.532666818993917 ], [ 29.063444082419803, -2.534882998905989 ], [ 29.058614898878258, -2.538543939933708 ], [ 29.053821341955345, -2.537549578795232 ], [ 29.05104784107764, -2.541299626406441 ], [ 29.0483723980396, -2.541268431909491 ], [ 29.043721557986654, -2.545174626324632 ], [ 29.046107104468792, -2.55009301378906 ], [ 29.043752722690311, -2.554605588254689 ], [ 29.044983412650751, -2.562337715518219 ], [ 29.0375501113067, -2.568981752383879 ], [ 29.033849041854513, -2.559327803609897 ], [ 29.035953801881245, -2.546160103863643 ], [ 29.034696312467176, -2.541420083668313 ], [ 29.026589688852667, -2.536675581767229 ], [ 29.017497542314512, -2.535284338627364 ], [ 29.017073948891948, -2.531449499748466 ], [ 29.008552546322587, -2.526740678077718 ], [ 28.997650092719699, -2.506951230173637 ], [ 28.989708406501613, -2.502077379837266 ], [ 28.987951545345492, -2.497992871113173 ], [ 28.976411365643543, -2.488303238906134 ], [ 28.976331154635368, -2.477588047289368 ], [ 28.981784608835241, -2.471835771944408 ], [ 28.975430354615714, -2.459180867546858 ], [ 28.978582998453373, -2.447654071597624 ], [ 28.976518402416787, -2.443159327976579 ], [ 28.968099667081315, -2.442758016188779 ], [ 28.964889067332251, -2.438428191597983 ], [ 28.969767301361124, -2.423450070355563 ], [ 28.967738475717095, -2.411370370562451 ], [ 28.971368117404243, -2.400936048701757 ], [ 28.972447222040678, -2.386814093952752 ], [ 28.971064939877184, -2.381472110505568 ], [ 28.957776776813017, -2.36222219228925 ], [ 28.938611560873639, -2.369445885338198 ], [ 28.904998868006128, -2.362222176813987 ], [ 28.889164609247327, -2.367220796607057 ], [ 28.881111511105725, -2.373057753670934 ], [ 28.872777384101013, -2.38527569976248 ], [ 28.865000782475882, -2.404721837047955 ], [ 28.86194628503247, -2.435833011937314 ], [ 28.866387562631107, -2.45222019862308 ], [ 28.872500947005804, -2.459720412755122 ], [ 28.881597515565943, -2.464125975227755 ], [ 28.891898090543936, -2.482439512006944 ], [ 28.893249171288787, -2.490791449408276 ], [ 28.889311789715986, -2.504717210232074 ], [ 28.876228806812978, -2.509145090823045 ], [ 28.866766589441955, -2.515922914150336 ], [ 28.862806851839018, -2.521826746017942 ], [ 28.861870459634545, -2.529206549284607 ], [ 28.862405592374454, -2.532363640205808 ], [ 28.870458675072417, -2.538869448949148 ], [ 28.87783849661313, -2.550347193696952 ], [ 28.893472069159664, -2.560411366378995 ], [ 28.895487645148815, -2.574836587192269 ], [ 28.900049279476072, -2.584365673943593 ], [ 28.897833089083225, -2.594835623712323 ], [ 28.902533024762519, -2.608654387064492 ], [ 28.900517450890678, -2.621674989208975 ], [ 28.904276546247342, -2.62677170526129 ], [ 28.906358899794544, -2.645161051191231 ], [ 28.903674549646471, -2.65005712041701 ], [ 28.895755154270493, -2.652942145672654 ], [ 28.897632415519556, -2.66046021842303 ], [ 28.910786830121062, -2.665222543368054 ], [ 28.910380983956831, -2.66797383524368 ], [ 28.918166612029744, -2.680454854188888 ], [ 28.938161185041352, -2.68186390221938 ], [ 28.944470858862129, -2.690786572946206 ], [ 28.95977002074002, -2.693805353013561 ], [ 28.966949199472051, -2.703000044595279 ], [ 28.968893379030057, -2.703740257247556 ], [ 28.970101749898795, -2.699040334224501 ], [ 28.97540361744776, -2.695013804228893 ], [ 28.982382127643479, -2.693604699064415 ], [ 28.995130657182862, -2.698772835116204 ], [ 29.021702509482431, -2.719908941552057 ], [ 29.040640305254293, -2.743845417760373 ], [ 29.041126341633255, -2.72686957453553 ], [ 29.055596093306718, -2.710116736077873 ], [ 29.055355317843869, -2.705898439495696 ], [ 29.050682138992681, -2.704502752099809 ], [ 29.049692279652543, -2.701925397531754 ], [ 29.049933064037429, -2.694139789500074 ], [ 29.054739971454161, -2.689520188559778 ], [ 29.057397546942067, -2.677734760321109 ], [ 29.05116823224996, -2.675264425159047 ], [ 29.048211873520017, -2.670809821854864 ], [ 29.047837286057042, -2.664847991482947 ], [ 29.052077910565014, -2.656790367460357 ], [ 29.061664983380265, -2.649865367609638 ], [ 29.053852593383056, -2.639609434477393 ], [ 29.053286249046646, -2.619151075475093 ], [ 29.05809322853953, -2.618022957523398 ], [ 29.062253579819114, -2.60188547783275 ], [ 29.072915216136753, -2.603521949941714 ], [ 29.076486978990928, -2.598826546828466 ], [ 29.087090722362948, -2.592409894149114 ], [ 29.093239839535446, -2.591816819926097 ], [ 29.096164969918146, -2.596971511154595 ], [ 29.116248822580012, -2.597105294105333 ], [ 29.128114504452025, -2.610264112871457 ], [ 29.141273231059007, -2.604168523692144 ], [ 29.139525301500623, -2.598072965642097 ], [ 29.149379955897995, -2.591442232790394 ], [ 29.168710116280081, -2.602933333302223 ], [ 29.17432408887467, -2.610531689874782 ], [ 29.173896053243467, -2.615418821341036 ], [ 29.182484299627312, -2.61426392393959 ], [ 29.191777057093965, -2.617648355374967 ], [ 29.201038638832905, -2.617621652961491 ], [ 29.209711539308717, -2.622696118282938 ], [ 29.21328326058013, -2.621460950830242 ], [ 29.223240473249604, -2.629273241323165 ], [ 29.238949924476504, -2.627418267782829 ], [ 29.240372331571511, -2.624466347964778 ], [ 29.24705651432534, -2.622156543264706 ], [ 29.253745185021199, -2.622856586666641 ], [ 29.264696750804156, -2.61815672543122 ], [ 29.267974146197329, -2.624091780694934 ], [ 29.281641311671056, -2.625942331847853 ], [ 29.293453477388294, -2.640577085081627 ], [ 29.311521776884142, -2.644496601552198 ], [ 29.314959705666574, -2.646293647212346 ], [ 29.3176440528676, -2.651689174830085 ], [ 29.325001650633101, -2.651773854552719 ], [ 29.335627688507433, -2.669405190414629 ], [ 29.330860878914478, -2.681484894392899 ], [ 29.345232530156217, -2.679812739217506 ], [ 29.349076293741664, -2.676731453492277 ], [ 29.354235474998809, -2.666123275651572 ], [ 29.352063937735057, -2.660241715214551 ], [ 29.355916560202903, -2.653923175579593 ], [ 29.357102691438413, -2.645254687371299 ], [ 29.365097818276844, -2.637799063707856 ], [ 29.367929383973987, -2.631377964554754 ], [ 29.363345427377926, -2.624140812232004 ], [ 29.363051100911662, -2.61510225097188 ], [ 29.356255468476927, -2.607972138738946 ], [ 29.352937855093753, -2.595847841982596 ], [ 29.345245910267838, -2.596993812046597 ], [ 29.342543723289289, -2.593158971832052 ], [ 29.345009587190091, -2.585270859047794 ], [ 29.339734441812567, -2.581248768993637 ], [ 29.345442092691787, -2.575393962415429 ], [ 29.344220334474205, -2.571073078203871 ], [ 29.346922579255118, -2.565352017497847 ], [ 29.344679602624634, -2.563323161424695 ], [ 29.346927009704871, -2.55940804342817 ], [ 29.344965016278341, -2.557602148946757 ], [ 29.335970985712621, -2.557245431037327 ], [ 29.337937441189833, -2.5535086817318 ], [ 29.337170481484797, -2.548282616346129 ], [ 29.340225004371316, -2.543404377905012 ], [ 29.338369967482976, -2.539297511852472 ], [ 29.328925611750794, -2.539110256371021 ], [ 29.326058377843655, -2.53654627024877 ], [ 29.319151229315668, -2.537941965701843 ], [ 29.324047363799274, -2.525795345151716 ], [ 29.324145469166297, -2.517795725252657 ], [ 29.321519023293789, -2.517211569574597 ], [ 29.322544668557889, -2.50755319269802 ], [ 29.319267240318798, -2.504003749515531 ], [ 29.310803869821264, -2.498541369135837 ], [ 29.307160747910469, -2.492896144698315 ], [ 29.301065160258904, -2.493261759582637 ], [ 29.299700682805511, -2.495081108081575 ], [ 29.292142469467073, -2.493350917836416 ], [ 29.288731312520806, -2.489618698276162 ], [ 29.282769444171116, -2.490086893876017 ], [ 29.277151035866485, -2.487482770427439 ] ] ] } },
{ "type": "Feature", "properties": { "district_name": "Rutsiro", "gaul_district_code": 22002, "district_code": 32 }, "geometry": { "type": "MultiPolygon", "coordinates": [ [ [ [ 29.305194325253623, -2.025840953956799 ], [ 29.305270107374103, -2.026112986130734 ], [ 29.305390472346406, -2.025961362320724 ], [ 29.305194325253623, -2.025840953956799 ] ] ], [ [ [ 29.30707158318366, -2.025921198600236 ], [ 29.3078162754034, -2.02674611983243 ], [ 29.308271048108896, -2.026425108210169 ], [ 29.30707158318366, -2.025921198600236 ] ] ], [ [ [ 29.301461985592521, -2.022683886261457 ], [ 29.302866598672665, -2.024106381575497 ], [ 29.3033125230866, -2.023571300847747 ], [ 29.301461985592521, -2.022683886261457 ] ] ], [ [ [ 29.151667399400065, -2.024043961338867 ], [ 29.252171109897574, -2.02303173968793 ], [ 29.298996102635616, -2.020556936850813 ], [ 29.354676902386831, -2.029506306170667 ], [ 29.362480343330208, -2.027410543473304 ], [ 29.368593766265729, -2.028302388297197 ], [ 29.374279121823697, -2.023816500723771 ], [ 29.382051311109706, -2.025323701485938 ], [ 29.380392584145344, -2.029417124467489 ], [ 29.387821450877176, -2.030469526502653 ], [ 29.389520310420625, -2.034148246362052 ], [ 29.393520144021622, -2.032939850119791 ], [ 29.394670627334467, -2.036618577028606 ], [ 29.398964751972859, -2.030433838222229 ], [ 29.399923423437357, -2.032311118787611 ], [ 29.407276453649228, -2.033952027309007 ], [ 29.407851730814304, -2.031726994859438 ], [ 29.411329828595754, -2.031985591335538 ], [ 29.411485888895935, -2.038130206465715 ], [ 29.413028768912678, -2.036658742778402 ], [ 29.417514542221031, -2.037934052730097 ], [ 29.420074084835839, -2.042937136853922 ], [ 29.425376003252339, -2.042063171178113 ], [ 29.426999060539853, -2.046098651074964 ], [ 29.430664444795923, -2.047222334638373 ], [ 29.431962083280805, -2.042963914934294 ], [ 29.436514840396381, -2.04245999193219 ], [ 29.444581329994982, -2.046883474836602 ], [ 29.447600137887569, -2.045643810128766 ], [ 29.45121205211067, -2.04342766201491 ], [ 29.454971035683279, -2.03499550754881 ], [ 29.460732177509982, -2.031379168790293 ], [ 29.460923954861162, -2.02932354115096 ], [ 29.466466617879597, -2.032725804564787 ], [ 29.4619851891138, -2.04366841202646 ], [ 29.466836699641238, -2.043316171255446 ], [ 29.467108682572036, -2.046433075387532 ], [ 29.477293331649129, -2.051213243135703 ], [ 29.481315361331266, -2.055699116118586 ], [ 29.479714601259278, -2.058700063875921 ], [ 29.48468644278547, -2.063346443983993 ], [ 29.50102020067051, -2.064082210324183 ], [ 29.500458304795281, -2.061009913568485 ], [ 29.502959910714271, -2.059114796099628 ], [ 29.510794519213707, -2.057482746413403 ], [ 29.514963775103652, -2.059056771146656 ], [ 29.516961445429267, -2.05679159857765 ], [ 29.526771497127395, -2.05853505343731 ], [ 29.531034361887144, -2.063903855857917 ], [ 29.536429909306573, -2.062441245895003 ], [ 29.539796514849353, -2.064224923452678 ], [ 29.538913633639215, -2.067734224278843 ], [ 29.541820917851553, -2.070191146553283 ], [ 29.543729460284244, -2.067230316385788 ], [ 29.550797075653026, -2.06767621268091 ], [ 29.554288546479459, -2.065638400573626 ], [ 29.556045442858782, -2.068313897204923 ], [ 29.561436509708415, -2.068300497395783 ], [ 29.561967199841817, -2.065165792001384 ], [ 29.555818045619915, -2.062356534401982 ], [ 29.55472113643339, -2.059163834001501 ], [ 29.54889756439475, -2.062615166301816 ], [ 29.544897686677292, -2.059373389449099 ], [ 29.539359543751857, -2.059181674196411 ], [ 29.537937033440592, -2.055734736515697 ], [ 29.540344983370868, -2.047935784685076 ], [ 29.549281061173595, -2.040056543513112 ], [ 29.545044842530853, -2.03174483502084 ], [ 29.549481657718463, -2.027196520267091 ], [ 29.560571457566674, -2.027673618471253 ], [ 29.565619158103203, -2.024975880570389 ], [ 29.562582560810807, -2.02005747589163 ], [ 29.552567375878343, -2.017462295818572 ], [ 29.547577616204805, -2.010947566774421 ], [ 29.535845762814791, -2.005908741834183 ], [ 29.531266223269181, -1.997142160433618 ], [ 29.519543303173553, -1.983448303519386 ], [ 29.517046145117636, -1.983327885910038 ], [ 29.515302666768626, -1.976010482415638 ], [ 29.524247648830155, -1.975921310301731 ], [ 29.526691228141424, -1.972581443586404 ], [ 29.525389129716302, -1.971034154779302 ], [ 29.528399080530665, -1.970249372763246 ], [ 29.527003365390687, -1.962075840697167 ], [ 29.533116764567694, -1.954357119302331 ], [ 29.528782543611737, -1.950798713817142 ], [ 29.525273194329003, -1.951226839015463 ], [ 29.514544606873571, -1.941372185439503 ], [ 29.514919167731833, -1.937354567928231 ], [ 29.508203741934455, -1.932743830891347 ], [ 29.50899307937766, -1.930621281395815 ], [ 29.506469184700336, -1.930688195702408 ], [ 29.508368726032181, -1.927326043024432 ], [ 29.504181665029744, -1.926880097815064 ], [ 29.500913185698657, -1.922496800212471 ], [ 29.495713879588536, -1.923103295244745 ], [ 29.491847782163354, -1.918117968901856 ], [ 29.490171187051182, -1.919330866753678 ], [ 29.48375896059774, -1.915010012186843 ], [ 29.47962536469327, -1.91650382246624 ], [ 29.479134916710159, -1.90960553844701 ], [ 29.471946829984315, -1.902034031226065 ], [ 29.47150540343673, -1.895028764564525 ], [ 29.466604823164889, -1.89114044715446 ], [ 29.468660445202275, -1.88578056413971 ], [ 29.467202353658418, -1.88274843032171 ], [ 29.461619521923591, -1.880425208655063 ], [ 29.461730992963869, -1.875413157800647 ], [ 29.458096851210822, -1.872697614647261 ], [ 29.459318630708307, -1.866664411298503 ], [ 29.457129266082006, -1.861032581141979 ], [ 29.46207886351425, -1.854892380374753 ], [ 29.463019676959451, -1.846513719777872 ], [ 29.45947915506984, -1.84396761021331 ], [ 29.453566375674139, -1.843766929356735 ], [ 29.446935761144537, -1.838237685583735 ], [ 29.439283919567316, -1.836663608911441 ], [ 29.433750136284818, -1.829925859635483 ], [ 29.429670109184855, -1.816468335207086 ], [ 29.422776346203154, -1.811554383547848 ], [ 29.418152217944041, -1.812102876919295 ], [ 29.415204804250635, -1.808981485628882 ], [ 29.413697551842162, -1.801525852775832 ], [ 29.404810574788414, -1.802885876805381 ], [ 29.403521906214493, -1.799318613251128 ], [ 29.401149677568217, -1.80027729622448 ], [ 29.398175435466655, -1.79798087088364 ], [ 29.404730326737401, -1.793477187103703 ], [ 29.409720059509237, -1.793695713927525 ], [ 29.410656517712606, -1.791613266487827 ], [ 29.418419775218197, -1.794587483248816 ], [ 29.430298787255357, -1.780924799815166 ], [ 29.436403349982914, -1.779274957460952 ], [ 29.439796729173299, -1.775850343652011 ], [ 29.446940188561932, -1.777085537797153 ], [ 29.445531111885597, -1.771105864943093 ], [ 29.448447362140918, -1.763877676189669 ], [ 29.444211191420511, -1.755253768123174 ], [ 29.445062951478516, -1.752774499071451 ], [ 29.437411099778878, -1.748190549058931 ], [ 29.434749048898286, -1.738505407210606 ], [ 29.427543086658549, -1.738282473681553 ], [ 29.420435251276452, -1.73520566068866 ], [ 29.421220107677453, -1.73061722317469 ], [ 29.419293739083294, -1.729315168334119 ], [ 29.413349742588739, -1.731312879554537 ], [ 29.406968841079518, -1.730117837854023 ], [ 29.399860976675047, -1.738206626370588 ], [ 29.382550768152864, -1.734260305604764 ], [ 29.37220117045176, -1.735954772287313 ], [ 29.373008257175023, -1.740182049163871 ], [ 29.369766505736873, -1.745871844567071 ], [ 29.371358464400529, -1.748533915654938 ], [ 29.366226021249108, -1.752355346503914 ], [ 29.358476117898508, -1.750518207629714 ], [ 29.35511389824536, -1.74742807499167 ], [ 29.350556743704072, -1.751334220594227 ], [ 29.34491592623267, -1.750406742871451 ], [ 29.341348701929881, -1.745804959863375 ], [ 29.330816303718141, -1.745862886681143 ], [ 29.310652222586658, -1.737783039464881 ], [ 29.300160000968344, -1.748623076529081 ], [ 29.301524474184379, -1.751361012948824 ], [ 29.298679576724155, -1.755690802489499 ], [ 29.30154229007595, -1.763587848029668 ], [ 29.300802086723554, -1.767547501233157 ], [ 29.278430794278442, -1.773982011625734 ], [ 29.265584129123763, -1.769464942450408 ], [ 29.245000890941245, -1.766133995619126 ], [ 29.190015698805048, -1.75980650154431 ], [ 29.154721913298314, -1.798333178675326 ], [ 29.141112715908211, -1.819723464837045 ], [ 29.127222673830097, -1.860279016809175 ], [ 29.123887269458574, -1.911389196833217 ], [ 29.128056469066987, -1.948890261264021 ], [ 29.135275758072691, -1.97638951421152 ], [ 29.151667399400065, -2.024043961338867 ] ] ] ] } }
]
}
