geo_level,geo_code,crop,season,year,total_production_kg,total_area_ha,yield_kg_ha,yield_kg_ha_ci_low,yield_kg_ha_ci_high,n_plots,n_segments,reliability
district,11.0,beans,A,2020,61032.976487723005,153.4666468939185,397.695380221027,224.069782706654,571.3209777354,8,6,suppressed
district,11.0,beans,A,2021,17873.704010009766,53.18662763435861,336.0563510979842,203.94605477481247,468.1666474211559,3,3,suppressed
district,11.0,beans,A,2022,96877.54511657715,81.00599610455333,1195.9305455800904,396.2116522418819,1995.649438918299,4,3,suppressed
district,11.0,beans,A,2023,11683.63543510437,133.40443323007216,87.58056349562628,-12.193726227704502,187.35485321895706,6,5,suppressed
district,11.0,beans,A,2024,19481.1953125,18.29804324977398,1064.660032035974,1064.660032035974,1064.660032035974,1,1,suppressed
district,11.0,beans,A,2025,46126.64872741699,54.89412779410098,840.2838442106341,562.725398124793,1117.8422902964753,3,2,suppressed
district,11.0,beans,B,2020,158983.05553993225,402.0124750090698,395.4679653569095,316.83117571911544,474.1047549947035,20,13,ok
district,11.0,beans,B,2021,89960.74892456055,441.1701771016794,203.9139397761846,142.5800865608774,265.2477929914918,20,9,suppressed
district,11.0,beans,B,2022,38242.20520019531,118.31438070362003,323.225333833195,57.9693013545978,588.4813663117923,7,6,suppressed
district,11.0,beans,B,2023,218415.1828781128,335.23575375313897,651.527113181816,514.5858284617948,788.4683979018373,19,9,suppressed
district,11.0,beans,B,2024,35729.28533935547,54.894131355919505,650.8762313351116,530.8384319844379,770.9140306857853,3,3,suppressed
district,11.0,beans,B,2025,159627.9793395996,206.86447734002203,771.6548601876191,541.7455547409439,1001.5641656342942,10,7,suppressed
district,12.0,beans,A,2020,125520.49392268919,383.7322185799271,327.1043916697984,93.04213987762398,561.1666434619729,7,6,suppressed
district,12.0,beans,A,2021,340642.9107835388,610.6444708780903,557.8416362203419,398.6646355792707,717.0186368614131,17,13,ok
district,12.0,beans,A,2022,150604.27872314455,254.49758231572804,591.7709604655728,279.4954710069223,904.0464499242232,6,5,suppressed
district,12.0,beans,A,2023,410191.34320922854,755.2448343273475,543.1236660818237,409.4439568360348,676.8033753276126,20,11,ok
district,12.0,beans,A,2024,162201.4595336914,271.44285671785997,597.5528753821103,552.1851915657676,642.920559198453,7,5,suppressed
district,12.0,beans,A,2025,195754.99029541016,493.18919333538355,396.91662538576924,306.1028240108932,487.7304267606453,13,11,ok
district,12.0,beans,B,2020,245223.12770080566,352.843658757215,694.9908879318674,570.7026726475639,819.2791032161709,9,7,suppressed
district,12.0,beans,B,2021,518067.8627333069,696.9159132526354,743.3721240707339,619.9352174625255,866.8090306789422,19,11,ok
district,12.0,beans,B,2022,46272.46017456055,78.29420185068088,591.0074958399763,206.12467898086373,975.8903126990888,2,2,suppressed
district,12.0,beans,B,2023,935737.3585031128,1242.247594613846,753.2615579698407,472.5620161803277,1033.9610997593538,30,13,ok
district,12.0,beans,B,2024,135494.6962890625,201.4856306633679,672.4782101977299,510.3120752261003,834.6443451693596,4,3,suppressed
district,12.0,beans,B,2025,602058.4475708008,1259.1000610898282,478.1656884756898,382.716244095811,573.6151328555686,26,19,ok
district,13.0,beans,A,2020,36578.55158115211,68.69087787533807,532.5095953430058,386.7463309745865,678.2728597114251,4,4,suppressed
district,13.0,beans,A,2021,76466.98279678344,214.0327508594158,357.26767277317117,225.08173493210475,489.4536106142376,11,8,suppressed
district,13.0,beans,A,2022,82423.78651657104,94.5679429933953,871.5827362590258,461.30879234396406,1281.8566801740874,4,4,suppressed
district,13.0,beans,A,2025,17574.96405029297,60.23070835329425,291.79407864844956,212.48218310402564,371.1059741928735,4,3,suppressed
district,13.0,beans,B,2020,135406.12454978944,223.3882953388111,606.1469082094035,444.5576803048591,767.7361361139479,18,9,suppressed
district,13.0,beans,B,2021,90330.046116333,175.06666290280594,515.9751412322444,352.2703671573994,679.6799153070893,12,6,suppressed
district,13.0,beans,B,2022,73401.3132598877,151.09485953073613,485.79623084368535,311.53840581889006,660.0540558684806,9,5,suppressed
district,13.0,beans,B,2023,63848.649618530275,84.2877271503479,757.5082610145662,216.97743249771986,1298.0390895314126,5,4,suppressed
district,13.0,beans,B,2024,112468.70727539062,186.04948762753065,604.509631870376,580.1698779336813,628.8493858070707,6,3,suppressed
district,13.0,beans,B,2025,142982.6555328369,263.2222739326437,543.2012017699723,383.2267050416299,703.1756984983147,16,10,ok
district,21.0,beans,A,2020,1078739.1638980163,2205.1733108670996,489.1856610915736,336.80762044329026,641.5637017398569,39,19,ok
district,21.0,beans,A,2021,1125781.0792243956,2213.1083218171057,508.6877438968085,364.0196643268556,653.3558234667614,39,19,ok
district,21.0,beans,A,2022,340745.8938769531,587.0451209724448,580.4424254689399,447.3892308021369,713.4956201357428,10,8,suppressed
district,21.0,beans,A,2023,880603.4914001464,2024.4048330224482,434.99377053225084,322.7932698834593,547.1942711810424,35,21,ok
district,21.0,beans,A,2024,404014.4446411133,1087.473104348413,371.5167235176715,290.46089239587997,452.572554639463,18,13,ok
district,21.0,beans,A,2025,879586.0739440918,1708.503926273269,514.828242661823,407.429274265632,622.227211058014,28,19,ok
district,21.0,beans,B,2020,1282691.507748108,1992.3630794891326,643.8040942201189,558.8887409374257,728.7194475028122,34,15,ok
district,21.0,beans,B,2021,1303574.7265737914,2662.134526153894,489.6727471008479,365.05403571564244,614.2914584860533,60,24,ok
district,21.0,beans,B,2022,338379.2026672363,690.1074612449559,490.3282773624839,297.5177757143165,683.1387790106513,12,8,suppressed
district,21.0,beans,B,2023,1083494.4029431152,2093.80821249223,517.4754767311985,412.4191837800543,622.5317696823427,35,16,ok
district,21.0,beans,B,2024,520819.38397216797,1003.669580548311,518.9151829107354,445.196017215207,592.6343486062639,15,11,ok
district,21.0,beans,B,2025,1899942.1684265137,4537.076861254969,418.7590879606531,357.153249222098,480.36492669920824,73,30,ok
district,22.0,beans,A,2020,365767.9822132522,905.4088909631395,403.9809923052138,325.62256534450336,482.3394192659243,16,10,ok
district,22.0,beans,A,2021,627519.4462451935,1893.892236385857,331.3385176775941,273.8056845041361,388.8713508510521,32,19,ok
district,22.0,beans,A,2022,520775.0648773193,1291.6462802125632,403.187058914935,262.46918120267776,543.9049366271922,20,14,ok
district,22.0,beans,A,2023,287124.9506542969,989.6273553515969,290.1344118082574,185.48641547020304,394.7824081463118,18,16,ok
district,22.0,beans,A,2024,233212.0609741211,726.8457561358194,320.8549530700469,228.15933707853873,413.5505690615551,11,10,ok
district,22.0,beans,A,2025,177320.74737548828,415.31586227068715,426.9539487512214,370.3971455629122,483.51075193953056,7,6,suppressed
district,22.0,beans,B,2020,964776.7099017334,1594.3908527044393,605.1067768391038,472.09472706874044,738.1188266094671,27,16,ok
district,22.0,beans,B,2021,1716811.2140063478,2894.9776459607506,593.0309052305629,478.8000527074979,707.2617577536279,53,23,ok
district,22.0,beans,B,2022,954730.5898623657,1475.8329377150317,646.909664003389,484.89593570486073,808.9233923019174,24,17,ok
district,22.0,beans,B,2023,1482132.0072796633,1742.349651157972,850.65130658168,701.9538740149079,999.3487391484522,29,16,ok
district,22.0,beans,B,2024,894130.795501709,1470.4157911862003,608.0802456429035,495.09454138872337,721.0659498970836,24,17,ok
district,22.0,beans,B,2025,1347818.2344970703,3545.6366875393996,380.1343322156419,304.85375790790033,455.4149065233835,56,31,ok
district,23.0,beans,A,2020,1188314.8064995408,2049.7280660026195,579.7426625557179,450.2359319693278,709.2493931421079,31,15,ok
district,23.0,beans,A,2021,1208810.294675293,2590.398126333478,466.6503895238207,388.3021472952713,544.9986317523701,39,16,ok
district,23.0,beans,A,2022,1085606.5691235352,1779.0256022330632,610.2253771732477,506.14943231941675,714.3013220270786,27,17,ok
district,23.0,beans,A,2023,1151367.3191033935,1692.6206002802232,680.2276416302495,496.680692259359,863.7745910011402,26,17,ok
district,23.0,beans,A,2024,1300584.502380371,2131.248798375251,610.2452718668352,501.35195717580416,719.1385865578662,31,15,ok
district,23.0,beans,A,2025,1479823.8176269531,2281.264252180873,648.6858399732744,563.0051037467374,734.3665761998113,33,15,ok
district,23.0,beans,B,2020,1281305.9995031736,1894.5487706268605,676.3119637607537,567.8881085474802,784.7358189740271,29,16,ok
district,23.0,beans,B,2021,1462241.7790567018,2191.592681016227,667.2050841028863,536.4157760232581,797.9943921825145,47,21,ok
district,23.0,beans,B,2022,812027.0563415526,1603.107230960126,506.5332129125367,382.86259065697,630.2038351681035,23,12,ok
district,23.0,beans,B,2023,1748784.7579296874,2960.9677786449615,590.6125593605717,486.77378490580907,694.4513338153344,44,21,ok
district,23.0,beans,B,2024,1490639.4637145996,1660.0315950477686,897.9584895621854,728.2884414902683,1067.6285376341025,26,11,ok
district,23.0,beans,B,2025,2767956.292663574,4350.54597478439,636.2319370273411,553.8633430052612,718.6005310494211,64,20,ok
district,24.0,beans,A,2020,460284.937551623,560.5165804860736,821.1798786620533,587.0311462894057,1055.3286110347008,11,10,ok
district,24.0,beans,A,2021,900525.0485894775,1771.83882936407,508.24320681169667,371.00437594051516,645.4820376828782,32,20,ok
district,24.0,beans,A,2022,603424.9584082032,913.5634265783683,660.5178588072993,418.80208414246147,902.2336334721371,17,9,suppressed
district,24.0,beans,A,2023,403404.7943688965,960.3822597663377,420.0460704751517,357.98150183407876,482.1106391162246,18,11,ok
district,24.0,beans,A,2024,714744.2816772461,1769.0664899804858,404.02341332299517,310.48840743715675,497.5584192088336,35,15,ok
district,24.0,beans,A,2025,1585960.8874511719,2625.970309077801,603.9523302942964,478.683876218779,729.2207843698138,50,21,ok
district,24.0,beans,B,2020,299334.6737512207,726.9424880268803,411.7721534803894,270.4714622341206,553.0728447266582,12,12,ok
district,24.0,beans,B,2021,960254.6852337647,1907.5982478173526,503.38413045434214,367.5704676820893,639.197793226595,39,20,ok
district,24.0,beans,B,2022,72779.86602783203,195.39297996644558,372.4794311460441,52.05224848257711,692.9066138095111,4,3,suppressed
district,24.0,beans,B,2023,609619.0697586059,1138.0568780216083,535.6666099310996,395.14408130541244,676.1891385567868,22,16,ok
district,24.0,beans,B,2024,885660.3416290283,1553.207684824097,570.2137262663175,479.3140146658322,661.1134378668029,29,15,ok
district,24.0,beans,B,2025,1868028.5094833374,5085.814666004406,367.3017268934273,337.92106022498666,396.68239356186797,88,28,ok
district,25.0,beans,A,2020,774736.6529423248,1842.9341916510002,420.3821582192654,299.5605458916653,541.2037705468656,28,20,ok
district,25.0,beans,A,2021,1177423.7641247557,2666.1224877709124,441.6240324761577,389.67246030586267,493.57560464645275,43,22,ok
district,25.0,beans,A,2022,1662998.6407202147,2962.220811206578,561.4026592578149,473.91618232757867,648.8891361880511,47,24,ok
district,25.0,beans,A,2023,1275199.8914123536,2994.3543846420507,425.8680595566155,343.8732836271153,507.86283548611567,48,26,ok
district,25.0,beans,A,2024,1483184.7739868164,2513.5077302500363,590.0856226287689,521.8868461239359,658.2843991336018,39,20,ok
district,25.0,beans,A,2025,2181640.5811462402,4185.8446303728115,521.194830146367,474.3015800097484,568.0880802829857,67,24,ok
district,25.0,beans,B,2020,814031.11837677,1901.630124201441,428.07016360166745,327.8493270459477,528.2910001573872,29,18,ok
district,25.0,beans,B,2021,716917.8221118165,1625.257508294248,441.1102969548753,297.88419428534246,584.3363996244082,37,18,ok
district,25.0,beans,B,2022,787763.6808337403,1953.4344956532893,403.271101532528,356.185451500341,450.356751564715,31,21,ok
district,25.0,beans,B,2023,1596915.652088623,3155.468373735745,506.0788012899783,404.24431997426046,607.913282605696,50,21,ok
district,25.0,beans,B,2024,1398195.1531982422,2425.1184984130723,576.5471477427519,471.2176189695511,681.8766765159528,37,19,ok
district,25.0,beans,B,2025,2440659.880279541,4260.702328225307,572.8304143923003,495.4265820289179,650.2342467556828,68,27,ok
district,26.0,beans,A,2020,1319135.386719482,2661.8047961349707,495.57931093779325,373.0998652181382,618.0587566574483,47,23,ok
district,26.0,beans,A,2021,942449.9498243714,2291.4149411735634,411.2960655400498,277.50198702821456,545.0901440518851,38,22,ok
district,26.0,beans,A,2022,531725.4442626953,776.4800297316759,684.7895939402856,465.41919118642943,904.1599966941418,14,10,ok
district,26.0,beans,A,2023,311370.1932373047,1174.4732910805787,265.1147502476002,91.6965674969046,438.53293299829585,22,16,use_with_caution
district,26.0,beans,A,2024,664871.5179748535,1723.3897195257935,385.79290014437305,290.97887145505075,480.60692883369535,30,17,ok
district,26.0,beans,A,2025,722497.6298217773,1974.9096078394666,365.83832847528817,319.30504915531145,412.3716077952649,34,18,ok
district,26.0,beans,B,2020,2128417.579497223,3421.241314163441,622.1185189965653,546.6746512431628,697.5623867499678,57,24,ok
district,26.0,beans,B,2021,1635814.6906210328,3341.346914538028,489.56745063007,365.42993216736915,613.704969092771,56,27,ok
district,26.0,beans,B,2022,603833.1732543946,858.691769887803,703.201305089126,445.75254506824643,960.6500651100055,13,9,suppressed
district,26.0,beans,B,2023,2118787.2314627073,2818.7184370398572,751.6845966664911,636.0823817234461,867.286811609536,48,21,ok
district,26.0,beans,B,2024,460526.6477661133,708.246231832888,650.2352247950616,532.1384849371605,768.3319646529628,13,9,suppressed
district,26.0,beans,B,2025,3119787.6367263794,6250.0242499898395,499.1640851203819,443.16869797951597,555.1594722612479,108,32,ok
district,27.0,beans,A,2020,371537.17994427023,829.4654272355375,447.9236478638276,305.09480423750455,590.7524914901508,15,11,ok
district,27.0,beans,A,2021,330863.42932128906,739.726531601439,447.27803476914715,321.96026834965966,572.5958011886346,13,10,ok
district,27.0,beans,A,2022,222499.14331054688,412.26693498861493,539.6967945457264,321.8660682771135,757.5275208143394,8,4,suppressed
district,27.0,beans,A,2023,289548.5938720703,568.4427907950655,509.37156484487474,300.07581268957654,718.6673170001729,9,7,suppressed
district,27.0,beans,A,2024,456689.58349609375,555.1600244980901,822.6269243881137,551.9469673737702,1093.3068814024573,10,9,suppressed
district,27.0,beans,A,2025,891483.6969604492,1361.368916609043,654.8435814011353,434.05273190451436,875.6344308977564,23,16,ok
district,27.0,beans,B,2020,606285.6919909668,1040.3979505520513,582.7440275802757,439.36332166833137,726.12473349222,11,9,suppressed
district,27.0,beans,B,2021,850457.3311291505,1508.4950295319481,563.7786764156778,440.6080017251629,686.9493511061926,27,16,ok
district,27.0,beans,B,2022,280054.5433654785,633.1219255317112,442.3390378247948,349.2861289726263,535.3919466769632,11,9,suppressed
district,27.0,beans,B,2023,414223.13367675786,481.5735360618757,860.1451339376252,530.8027041730437,1189.487563702207,9,9,suppressed
district,27.0,beans,B,2024,312618.8938598633,420.9634907591563,742.6270940885948,584.1663624643213,901.0878257128684,8,5,suppressed
district,27.0,beans,B,2025,920076.2270202637,1567.7615322382298,586.8725619939838,478.10634156961396,695.6387824183537,28,14,ok
district,28.0,beans,A,2020,793799.2007110607,1869.0006874780754,424.7185172425853,323.0150643265923,526.4219701585782,32,17,ok
district,28.0,beans,A,2021,645484.7944793701,1650.0202720895209,391.19809944028964,281.3026204058943,501.093578474685,27,18,ok
district,28.0,beans,A,2022,113467.11126708984,239.79125889391005,473.19119049827697,89.15604048609094,857.2263405104629,4,3,suppressed
district,28.0,beans,A,2023,198542.89137268066,881.4958107647329,225.23407252546866,108.15778857058578,342.3103564803515,15,10,use_with_caution
district,28.0,beans,A,2024,444953.58224487305,699.4070538728394,636.1868668338752,304.11151784613764,968.2622158216128,12,11,use_with_caution
district,28.0,beans,A,2025,454838.9470214844,1013.2584408065471,448.8873999997824,299.5414161244347,598.2333838751301,17,10,ok
district,28.0,beans,B,2020,742377.6246841431,1408.8939424456703,526.9222915356318,429.72541056029274,624.1191725109708,26,17,ok
district,28.0,beans,B,2021,1071863.3364184569,2369.893068815495,452.2834175611935,376.57071189164924,527.9961232307378,40,27,ok
district,28.0,beans,B,2022,222880.73236083984,569.8586241658915,391.11583629548977,216.88832108852984,565.3433515024497,9,9,suppressed
district,28.0,beans,B,2023,536603.7182452392,773.5845217947206,693.6588092537264,443.2373567243655,944.0802617830873,15,11,ok
district,28.0,beans,B,2024,499261.5012512207,1079.1338005351079,462.65023021580174,383.4085805005162,541.8918799310873,21,11,ok
district,28.0,beans,B,2025,1561738.1260681152,4688.648338162018,333.0892004326192,290.71758233640713,375.4608185288312,63,27,ok
district,31.0,beans,A,2020,707259.4808621397,946.3662371015987,747.3422583504642,543.3943011225965,951.290215578332,15,14,ok
district,31.0,beans,A,2021,258648.60375976562,246.8494834921121,1047.7988452750014,643.2914989239796,1452.3061916260233,4,4,suppressed
district,31.0,beans,A,2022,764927.7116088867,1004.6466708069064,761.3897839272353,543.7930671510558,978.9865007034148,16,12,ok
district,31.0,beans,A,2023,847446.59769104,1053.6264657023598,804.3140764560447,637.279940535162,971.3482123769274,17,13,ok
district,31.0,beans,A,2024,659472.6826782227,898.648846340893,733.8491395871204,465.2299170223346,1002.4683621519061,15,14,ok
district,31.0,beans,A,2025,828083.2723388672,1072.248887987869,772.2864361210098,462.6847061296215,1081.8881661123983,18,12,use_with_caution
district,31.0,beans,B,2020,1338617.0471124267,1955.69589371373,684.470960651498,584.8942874409282,784.0476338620678,31,20,ok
district,31.0,beans,B,2021,1540371.4627337647,3074.659978482381,500.9892064533508,423.14197683835886,578.8364360683427,48,26,ok
district,31.0,beans,B,2022,2080298.6965979002,2503.65095907716,830.9060370638459,627.2689423254292,1034.5431318022627,39,19,ok
district,31.0,beans,B,2023,2324562.1929455567,3059.614439744876,759.7565767598445,651.8134232080556,867.6997303116334,46,21,ok
district,31.0,beans,B,2024,1857108.403503418,1833.6190623696039,1012.8103713665905,856.4150304917563,1169.2057122414249,30,19,ok
district,31.0,beans,B,2025,2630739.6062316895,3379.857797577378,778.3580741525152,688.1259946408336,868.5901536641968,54,29,ok
district,32.0,beans,A,2020,425873.71188100777,847.1594516267606,502.7078563111377,364.42982111027777,640.9858915119976,15,8,suppressed
district,32.0,beans,A,2021,386300.47365600587,511.41834403347997,755.35122696091,565.6842877153119,945.0181662065081,9,5,suppressed
district,32.0,beans,A,2022,684852.3399047852,679.9880805980883,1007.1534478992903,894.852996278605,1119.4538995199757,12,5,suppressed
district,32.0,beans,A,2023,627169.1499145508,1050.0475308575058,597.2769150767704,321.1076331583296,873.4461969952112,17,8,suppressed
district,32.0,beans,A,2024,817231.7488708496,906.1288343480907,901.8935474653584,717.0704750382541,1086.7166198924629,15,6,suppressed
district,32.0,beans,A,2025,660265.0693359375,984.263805380906,670.8212429699349,528.3824225741212,813.2600633657487,17,9,suppressed
district,32.0,beans,B,2020,848561.3878103638,1048.996251086502,808.9269975287929,707.9098834374852,909.9441116201006,18,10,ok
district,32.0,beans,B,2021,1141880.6612423705,1979.7564040396653,576.7783647080919,407.36396049982613,746.1927689163576,31,16,ok
district,32.0,beans,B,2022,1061428.057529297,1384.5760626288343,766.608701521251,684.60335566767,848.6140473748319,23,8,suppressed
district,32.0,beans,B,2023,846436.9599975586,1504.375742989023,562.6499655702936,355.81917945790804,769.4807516826792,25,11,ok
district,32.0,beans,B,2024,756903.1686401367,930.6723704446704,813.2863859260078,640.4185617755024,986.1542100765132,16,8,suppressed
district,32.0,beans,B,2025,1827615.64553833,2377.113910228105,768.8380593267212,618.4606597721172,919.2154588813253,43,17,ok
district,33.0,beans,A,2020,2868958.2228955366,4295.003436420231,667.9757689057253,582.6628734199709,753.2886643914798,90,22,ok
district,33.0,beans,A,2021,2332176.1442596437,4091.4430968136553,570.0130953980276,513.1487618738842,626.8774289221711,86,21,ok
district,33.0,beans,A,2022,2247007.4005401614,3626.4572760180945,619.6150208082445,513.4604267667958,725.7696148496932,74,21,ok
district,33.0,beans,A,2023,3179796.2146484377,3993.148630565392,796.3130123203575,672.791557074938,919.834467565777,83,20,ok
district,33.0,beans,A,2024,2971457.379966736,3514.9908456975204,845.3670323505708,667.4687734620569,1023.2652912390846,76,20,ok
district,33.0,beans,A,2025,2305229.483467102,3430.6240673721586,671.9563082972529,535.7951191424678,808.117497452038,74,17,ok
district,33.0,beans,B,2020,1819011.0480267333,2588.3393738625737,702.7714628133276,644.0124857302466,761.5304398964087,55,16,ok
district,33.0,beans,B,2021,795831.3124417115,1661.6441711890618,478.9420781178559,369.2686688024595,588.6154874332523,63,18,ok
district,33.0,beans,B,2022,1227032.3616455079,2116.4757323631407,579.7526250279614,502.6550974266196,656.8501526293031,45,14,ok
district,33.0,beans,B,2023,1488251.372039795,2992.036116089087,497.4042138184814,347.371853285908,647.4365743510548,58,18,ok
district,33.0,beans,B,2024,2089561.036682129,2730.80934217335,765.1801260571068,655.8450935265962,874.5151585876174,58,18,ok
district,33.0,beans,B,2025,1581398.1040039062,2502.612655845363,631.8988678932108,538.1532779518241,725.6444578345975,54,20,ok
district,34.0,beans,A,2020,2464582.0655897213,3542.857913153326,695.6480124251204,554.100822746417,837.1952021038239,63,15,ok
district,34.0,beans,A,2021,1593473.2071420287,3435.386367984354,463.84104623345996,374.1250258910471,553.5570665758728,57,19,ok
district,34.0,beans,A,2022,1367827.1174926758,2297.2101524433137,595.4296850193938,484.7435464099389,706.1158236288487,40,15,ok
district,34.0,beans,A,2023,2957338.75876709,2693.3153116280673,1098.029163536528,807.3905899729599,1388.667737100096,47,16,ok
district,34.0,beans,A,2024,4099751.0348205566,4801.417624059693,853.8626205470827,722.5914163025459,985.1338247916194,87,21,ok
district,34.0,beans,A,2025,5258917.551559448,5814.680484686347,904.420727056187,822.5808745928206,986.2605795195535,106,24,ok
district,34.0,beans,B,2020,728380.1088580322,987.4418353014661,737.6435581500936,558.5120570881895,916.7750592119976,18,7,suppressed
district,34.0,beans,B,2021,719461.7434417724,1033.4957252892164,696.1438986508011,495.785889445276,896.5019078563263,18,7,suppressed
district,34.0,beans,B,2022,717853.5135192871,848.777266357691,845.7501655290209,555.6959830605197,1135.8043479975222,14,5,suppressed
district,34.0,beans,B,2023,1334865.930114746,1468.6422239463432,908.9115840125236,509.5899020729092,1308.233265952138,25,9,suppressed
district,34.0,beans,B,2024,914079.0408935547,1077.5954113021269,848.2581043928305,799.8424215244798,896.6737872611812,22,9,suppressed
district,34.0,beans,B,2025,1665554.5289001465,1645.5646760915145,1012.147716281873,734.743488741093,1289.5519438226531,33,10,ok
district,35.0,beans,A,2020,979413.5711111136,1881.8605532711613,520.4495994183198,438.57434490100263,602.3248539356371,32,16,ok
district,35.0,beans,A,2021,2045886.3533657838,3304.430787796333,619.1342729651026,508.68295432791444,729.5855916022907,57,23,ok
district,35.0,beans,A,2022,2660131.4633540343,3256.941102026893,816.7576201174022,673.88525123149,959.6299890033144,56,21,ok
district,35.0,beans,A,2023,2415223.6278686523,3436.456174226698,702.8239283197457,592.4519107767022,813.1959458627892,59,17,ok
district,35.0,beans,A,2024,2217839.9985809326,2953.931372523723,750.8095886080445,697.3931390546011,804.2260381614878,54,27,ok
district,35.0,beans,A,2025,4069579.0143432617,5411.657853158525,752.002274491179,658.8292707504008,845.1752782319572,98,32,ok
district,35.0,beans,B,2020,271071.1749951172,702.1511156813262,386.0581703015392,282.7624611115866,489.35387949149174,12,7,suppressed
district,35.0,beans,B,2021,738416.6834194947,1644.203854765883,449.1028781371135,328.0025868786015,570.2031693956255,49,16,ok
district,35.0,beans,B,2022,834282.6611938477,1521.3273911683077,548.3912707002257,395.285865767725,701.4966756327265,26,16,ok
district,35.0,beans,B,2023,709283.5662841797,1111.7593539856575,637.9829985161788,355.9438725545255,920.022124477832,19,10,use_with_caution
district,35.0,beans,B,2024,968447.0622558594,1314.3183971506958,736.8435718128505,623.3164286495851,850.370714976116,23,16,ok
district,35.0,beans,B,2025,2640342.8691711426,3666.602236236489,720.1061634330072,641.202123174775,799.0102036912393,68,27,ok
district,36.0,beans,A,2020,262973.4168844768,713.4566883610877,368.5905832469865,168.48609594431906,568.695070549654,11,10,use_with_caution
district,36.0,beans,A,2021,189035.15545654297,431.30883172275367,438.2825983448797,247.67206337605208,628.8931333137074,8,8,suppressed
district,36.0,beans,A,2022,90242.55096435547,167.01120464354977,540.3383033908365,180.1065078864175,900.5700988952555,3,3,suppressed
district,36.0,beans,A,2023,290531.7815246582,584.5513433576987,497.0167031963794,269.1160997094974,724.9173066832614,11,10,use_with_caution
district,36.0,beans,A,2024,182022.29553222656,375.43147409232034,484.8349381796009,276.8254126527348,692.844463706467,7,7,suppressed
district,36.0,beans,A,2025,600839.7478637695,783.0950318384922,767.2628779845055,511.9013346984251,1022.6244212705859,14,10,ok
district,36.0,beans,B,2020,796187.0787164307,1262.002901218429,630.8916389556109,458.3184692840281,803.4648086271937,20,12,ok
district,36.0,beans,B,2021,652108.8195304871,1320.9687395162307,493.65953941446367,382.49478234625144,604.8242964826759,32,19,ok
district,36.0,beans,B,2022,678569.9899884033,1228.2999088096417,552.446503595374,445.8495130629276,659.0434941278204,21,14,ok
district,36.0,beans,B,2023,783879.7186889648,1197.8018937722713,654.4318578594581,405.55571566794197,903.3080000509742,22,16,ok
district,36.0,beans,B,2024,988235.7288513184,1406.1148138504254,702.8129702617878,544.1503172979849,861.4756232255907,25,16,ok
district,36.0,beans,B,2025,2411099.786514282,3424.0186172392087,704.1725107377937,620.1794256841318,788.1655957914555,60,21,ok
district,37.0,beans,A,2020,387876.51482460735,1088.3714677664298,356.38247263189714,213.32065603212172,499.44428923167254,17,12,use_with_caution
district,37.0,beans,A,2021,326520.45314697264,599.2509349481932,544.8810074450718,370.3072841310777,719.4547307590658,10,5,suppressed
district,37.0,beans,A,2022,352897.21209716797,486.93219573320704,724.735836302191,357.5105838998376,1091.9610887045444,7,5,suppressed
district,37.0,beans,A,2023,345475.10170898435,834.4662213072766,414.00729339021336,279.1639168295326,548.8506699508941,14,9,suppressed
district,37.0,beans,A,2024,489895.4305419922,536.6649180945038,912.8516026004223,671.4641477365365,1154.2390574643082,9,8,suppressed
district,37.0,beans,A,2025,840768.1175537109,880.8304331150728,954.5175620014845,648.0767417477641,1260.958382255205,15,10,ok
district,37.0,beans,B,2020,978678.874159546,1587.7167803864545,616.406456270704,482.01952483585734,750.7933877055507,26,19,ok
district,37.0,beans,B,2021,1145720.857565918,2495.7282926974394,459.0727527985817,381.4142671746546,536.7312384225088,63,21,ok
district,37.0,beans,B,2022,1098604.6853240966,1461.8351412625448,751.5243369886863,563.8077615331953,939.2409124441773,23,14,ok
district,37.0,beans,B,2023,1611580.803527832,2423.1758799218123,665.0696785492237,551.5952521739971,778.5441049244503,40,18,ok
district,37.0,beans,B,2024,1032423.6525344849,1710.5553245171095,603.5605149607999,493.7802881806881,713.3407417409117,29,15,ok
district,37.0,beans,B,2025,3074468.522918701,5251.831539160154,585.4088235683117,528.4914328936716,642.3262142429519,89,31,ok
district,41.0,beans,A,2020,2510563.022307294,4456.360583233325,563.366221250828,487.6834816991999,639.048960802456,76,24,ok
district,41.0,beans,A,2021,1683865.506933594,4137.64261809739,406.9625297188873,357.43023577920223,456.4948236585724,71,25,ok
district,41.0,beans,A,2022,961416.7905389403,1822.866082063021,527.4204177691764,462.89499631044987,591.945839227903,31,15,ok
district,41.0,beans,A,2023,1514639.616760254,2946.4418462190706,514.0571902696358,399.4410039697,628.6733765695717,50,23,ok
district,41.0,beans,A,2024,1857820.3804092407,2290.513155899681,811.0935209536116,670.7550458153423,951.4319960918808,39,20,ok
district,41.0,beans,A,2025,2653383.039703369,3631.948874192522,730.5672881458955,639.0945994210583,822.0399768707327,62,25,ok
district,41.0,beans,B,2020,2106744.0564230345,3042.869401175867,692.3544124532317,612.7394717631323,771.9693531433311,47,22,ok
district,41.0,beans,B,2021,1530112.520344696,2185.9348424880664,699.9808459995529,613.12133905137,786.8403529477358,51,24,ok
district,41.0,beans,B,2022,1529765.2677847291,1758.1559079229294,870.0964805743428,658.9901983707491,1081.2027627779364,30,15,ok
district,41.0,beans,B,2023,3210144.722825928,3994.00849982541,803.7400829182644,642.6922438600064,964.7879219765224,69,25,ok
district,41.0,beans,B,2024,1621379.8204040527,1665.0035255130128,973.7996319884554,839.2966905821545,1108.3025733947563,32,11,ok
district,41.0,beans,B,2025,3198503.5565185547,3747.9264543645877,853.4061688413839,727.3790880407619,979.4332496420059,66,24,ok
district,42.0,beans,A,2020,1296463.3038226112,2861.308943871975,453.1014753227639,363.3788089311372,542.8241417143906,47,25,ok
district,42.0,beans,A,2021,1322059.8850036622,1946.95426050809,679.0400328452753,542.9468269528588,815.1332387376917,32,18,ok
district,42.0,beans,A,2022,670956.5491333008,1035.1332632656101,648.1837391801954,506.09658799570343,790.2708903646874,17,11,ok
district,42.0,beans,A,2023,1141598.040939331,2255.7069924696443,506.0932314127646,377.85952165111905,634.3269411744102,37,22,ok
district,42.0,beans,A,2024,1619708.393157959,2384.9621878151484,679.1337830985763,539.6262594403988,818.6413067567537,39,21,ok
district,42.0,beans,A,2025,2801192.417907715,3162.299017877661,885.8088378333373,797.1383995338774,974.4792761327972,52,24,ok
district,42.0,beans,B,2020,3987846.160620117,4905.715233437167,812.8980119838817,715.383102159244,910.4129218085194,83,23,ok
district,42.0,beans,B,2021,4293661.761664733,5430.983928104208,790.5863501907878,676.6446422499957,904.5280581315799,93,27,ok
district,42.0,beans,B,2022,5726478.9067901615,5270.543244115435,1086.5063887263952,926.992008319276,1246.0207691335145,88,23,ok
district,42.0,beans,B,2023,5457028.367098389,5894.537165063647,925.7772432824191,763.9126397411264,1087.6418468237118,98,29,ok
district,42.0,beans,B,2024,4126521.2882995605,4158.227438390908,992.3750803530803,890.473903360715,1094.2762573454456,69,29,ok
district,42.0,beans,B,2025,6327005.158843994,7178.284507993079,881.4090820444385,786.5475956023869,976.2705684864901,116,35,ok
district,43.0,beans,A,2020,1936961.5922386236,2376.46822691891,815.0589056054384,695.6579992585172,934.4598119523597,45,14,ok
district,43.0,beans,A,2021,2580522.3184033204,3293.293546531427,783.568874727607,660.9592673682542,906.1784820869597,61,17,ok
district,43.0,beans,A,2022,2019345.7049475098,2039.4804080724455,990.1275329514121,835.0332234881574,1145.2218424146668,40,15,ok
district,43.0,beans,A,2023,1893182.2210021974,2265.197883993348,835.7690223799259,684.1072528163191,987.4307919435327,44,15,ok
district,43.0,beans,A,2024,5303388.585968018,6032.822858832316,879.089061632835,778.6014005545713,979.5767227110986,117,23,ok
district,43.0,beans,A,2025,6544047.671279907,6323.59804300639,1034.861423318537,916.4305114694777,1153.2923351675963,122,26,ok
district,43.0,beans,B,2020,4102182.8816664126,4180.709290629787,981.2169649921904,856.3028043802858,1106.131125604095,87,17,ok
district,43.0,beans,B,2021,3028359.6856567385,3183.208460214054,951.3544976734252,871.7742277384659,1030.9347676083844,120,19,ok
district,43.0,beans,B,2022,3690194.43541687,4052.9314735422577,910.5000811157668,829.4664771522954,991.5336850792381,85,19,ok
district,43.0,beans,B,2023,5649685.959472656,4614.647145801062,1224.2942485024867,1008.7152902410692,1439.8732067639041,95,18,ok
district,43.0,beans,B,2024,5565380.106323242,4835.065923440141,1151.045341355653,1050.9429870336348,1251.147695677671,102,21,ok
district,43.0,beans,B,2025,5206810.745666504,5031.644809564728,1034.8128579681936,933.6121399747757,1136.0135759616117,103,20,ok
district,44.0,beans,A,2020,4945888.903475261,6065.774714587998,815.3762934156711,705.8973132058411,924.855273625501,105,25,ok
district,44.0,beans,A,2021,4393148.017121277,7524.32981409467,583.8590446808932,509.2990821620598,658.4190071997267,128,26,ok
district,44.0,beans,A,2022,5194120.77190979,6632.140941405694,783.1740636695346,711.6329744596057,854.7151528794634,116,28,ok
district,44.0,beans,A,2023,5770396.213159027,4957.2665813793965,1164.0278202576249,1038.1621934704806,1289.8934470447691,78,21,ok
district,44.0,beans,A,2024,5425043.731262207,6145.301041818771,882.7954390427395,795.7271613639177,969.8637167215613,112,29,ok
district,44.0,beans,A,2025,6930164.934448242,6761.505875227548,1024.944008381124,939.6652069943109,1110.222809767937,123,30,ok
district,44.0,beans,B,2020,7402905.178847961,8314.336123605957,890.3783860541465,837.231219438487,943.5255526698061,141,31,ok
district,44.0,beans,B,2021,6063758.405136719,5985.422446518971,1013.0877910987398,913.6659528839745,1112.5096293135052,104,31,ok
district,44.0,beans,B,2022,9254709.527670288,7714.43827567795,1199.6608433369024,1106.8687422313499,1292.452944442455,138,27,ok
district,44.0,beans,B,2023,6137982.696380615,4899.001809239844,1252.9047621096956,1164.6884862615018,1341.1210379578895,88,24,ok
district,44.0,beans,B,2024,5176040.242736816,4376.953201430095,1182.5669602877256,1063.6745313501713,1301.45938922528,80,23,ok
district,44.0,beans,B,2025,9091641.522338867,8008.664150126839,1135.2257195346212,1041.154275594558,1229.2971634746846,133,28,ok
district,45.0,beans,A,2020,5405836.005840501,9049.400674783205,597.3695054639635,519.8391459586475,674.8998649692795,143,35,ok
district,45.0,beans,A,2021,7680675.170776366,9222.765384160099,832.7952464200988,766.7724996770787,898.8179931631189,142,35,ok
district,45.0,beans,A,2022,5648221.322555542,7385.548725030246,764.7666453561189,650.6888966300363,878.8443940822016,113,32,ok
district,45.0,beans,A,2023,5827173.45740509,7986.027013742265,729.6711427819811,655.9940410403696,803.3482445235926,122,37,ok
district,45.0,beans,A,2024,4355031.524200439,5425.887505675517,802.6394796510332,714.7023633362057,890.5765959658606,85,28,ok
district,45.0,beans,A,2025,5484606.444641113,6801.656158610261,806.3633792628747,708.4916470026599,904.2351115230895,106,31,ok
district,45.0,beans,B,2020,4747262.801467285,4915.589743308986,965.756511297383,823.4857421236823,1108.0272804710837,74,23,ok
district,45.0,beans,B,2021,3773026.32745636,4469.123849160339,844.2429556221043,706.1058450048116,982.380066239397,103,35,ok
district,45.0,beans,B,2022,3450125.614770508,3508.803510448229,983.2769502472865,752.5780364454685,1213.9758640491048,53,22,ok
district,45.0,beans,B,2023,4652842.971459961,4505.624585045294,1032.6743570477004,797.117167134124,1268.2315469612768,70,28,ok
district,45.0,beans,B,2024,3760584.8168029785,4253.429976514113,884.1299463180432,828.4812757711335,939.7786168649528,66,26,ok
district,45.0,beans,B,2025,6356810.88079834,7103.823458292531,894.8435892473964,816.9407015978686,972.7464768969242,109,31,ok
district,51.0,beans,A,2020,348139.3656772475,940.7705287202601,370.05768681000785,279.079986742264,461.0353868777517,17,13,ok
district,51.0,beans,A,2021,301909.04298828123,787.5684609988165,383.3432367332126,274.74586104682345,491.9406124196018,14,9,suppressed
district,51.0,beans,A,2022,234471.29404571533,622.4748159984451,376.67595221442826,118.45336445514096,634.8985399737155,11,6,suppressed
district,51.0,beans,A,2023,534741.3241981507,1207.851198487121,442.7211935277576,283.3178860240476,602.1245010314676,23,13,ok
district,51.0,beans,A,2024,123827.7587890625,284.65180957431346,435.01483083575846,315.1549489143057,554.8747127572112,5,3,suppressed
district,51.0,beans,A,2025,762481.6631164551,1486.5998246995857,512.9031030731747,363.8412086489759,661.9649974973736,25,12,ok
district,51.0,beans,B,2020,697540.0657096863,1390.6937482046317,501.5770485847095,303.596530489286,699.5575666801329,23,13,use_with_caution
district,51.0,beans,B,2021,662123.2395141602,1448.0721464135797,457.24464844796006,346.0479737042744,568.4413231916458,39,21,ok
district,51.0,beans,B,2022,294570.3343322754,287.87394166257417,1023.261545074303,584.137546336608,1462.3855438119979,5,5,suppressed
district,51.0,beans,B,2023,554949.4680389403,834.9935301144793,664.6152910464535,471.87255105735045,857.3580310355567,15,10,ok
district,51.0,beans,B,2024,731107.7353820801,1044.1413682194182,700.1999514958817,482.0261959167754,918.373707074988,18,9,suppressed
district,51.0,beans,B,2025,1579057.5325622559,3653.7898699339303,432.1697713259053,370.22862766639133,494.11091498541924,61,26,ok
district,52.0,beans,A,2020,1159727.237950564,1543.382117451317,751.4193826903305,635.8978974466659,866.9408679339952,20,7,suppressed
district,52.0,beans,A,2021,1284716.0484146117,2178.485330270601,589.7290335459961,389.84498561213275,789.6130814798595,24,6,suppressed
district,52.0,beans,A,2022,1519212.696018982,2621.3449758948836,579.5546599128365,422.55847087652046,736.5508489491526,29,12,ok
district,52.0,beans,A,2023,1164736.8149261475,1077.9811934424602,1080.4797170965842,702.3991586959849,1458.5602754971835,14,5,suppressed
district,52.0,beans,A,2024,1070882.1698608398,1411.911024683775,758.4629280026231,429.12942330628994,1087.7964326989563,16,9,suppressed
district,52.0,beans,A,2025,701727.9083862305,951.9148837004896,737.1750567217963,354.2072329397761,1120.1428805038165,11,6,suppressed
district,52.0,beans,B,2020,1910556.6141088866,2828.5909663928614,675.4446425123492,561.8934525209892,788.9958325037093,25,13,ok
district,52.0,beans,B,2021,1444155.7601919556,2246.0479229713314,642.976378830537,462.31854655417885,823.6342111068951,36,17,ok
district,52.0,beans,B,2022,2126174.218039551,2535.7233129508018,838.4882558678447,645.5666216201769,1031.4098901155126,27,17,ok
district,52.0,beans,B,2023,2869270.4320390318,2695.377005486345,1064.5154374318447,858.7516343593315,1270.2792405043579,29,19,ok
district,52.0,beans,B,2024,1607298.0087051392,2304.740023854792,697.387988262925,386.5213223470301,1008.2546541788199,23,15,use_with_caution
district,52.0,beans,B,2025,2149217.880706787,2946.7927028567474,729.341388222946,457.2637995476671,1001.4189768982249,27,17,ok
district,53.0,beans,A,2020,482255.809927834,981.0554714606385,491.5683403812329,350.5045485524514,632.6321322100143,14,8,suppressed
district,53.0,beans,A,2021,690299.6293664551,1257.8125836852955,548.8096067093951,412.80484886899376,684.8143645497964,18,9,suppressed
district,53.0,beans,A,2022,368399.188737793,801.2094490253448,459.8038492755461,403.38577062958456,516.2219279215077,11,6,suppressed
district,53.0,beans,A,2023,1009337.345578003,1965.5043732829813,513.5258711697024,410.58633363516265,616.4654087042422,29,13,ok
district,53.0,beans,A,2024,1031843.4973754883,1389.660532602676,742.5147891643456,636.8439851357209,848.1855931929704,19,12,ok
district,53.0,beans,A,2025,1395445.861175537,2334.227527201852,597.8191264192328,485.7031333503965,709.9351194880692,32,19,ok
district,53.0,beans,B,2020,837975.8910168457,1219.376998168034,687.2164164780891,511.8052647923927,862.6275681637854,16,11,ok
district,53.0,beans,B,2021,1190452.4615142823,2226.1279374310916,534.763722020416,392.96219210659194,676.5652519342401,35,19,ok
district,53.0,beans,B,2022,863448.1718234252,1904.548633557615,453.3610518574898,303.48848054734606,603.2336231676336,26,15,ok
district,53.0,beans,B,2023,1725570.1431396483,3078.2019242305755,560.5773063672456,461.86993194168224,659.2846807928089,44,23,ok
district,53.0,beans,B,2024,2950990.917022705,4521.396293901596,652.6724766424402,556.1361241384387,749.2088291464416,55,21,ok
district,53.0,beans,B,2025,1912982.063873291,3579.306265147249,534.4560990772308,422.7021103862565,646.2100877682051,45,26,ok
district,54.0,beans,A,2020,133106.45926560916,276.9784455538301,480.56612852836673,-7.340945387146746,968.4732024438802,3,3,suppressed
district,54.0,beans,A,2021,214398.51608276367,586.259022521772,365.70612621113486,102.49011490013163,628.9221375221381,6,4,suppressed
district,54.0,beans,A,2022,437302.1854034424,874.5345471762687,500.0399204530236,344.59503998520046,655.4848009208467,10,7,suppressed
district,54.0,beans,A,2023,137231.38037109375,462.889736508508,296.4666734808267,-88.8925643107658,681.8259112724193,3,3,suppressed
district,54.0,beans,A,2024,393264.4210662842,741.7656733119421,530.1733892731658,413.57654314255,646.7702354037815,8,6,suppressed
district,54.0,beans,A,2025,669883.1171646118,1248.1160134074587,536.7154254641571,425.01094892773546,648.4199020005786,12,9,suppressed
district,54.0,beans,B,2020,419228.69016357424,612.7295384627494,684.1985963584503,484.2439758633531,884.1532168535475,7,5,suppressed
district,54.0,beans,B,2021,987200.3028192138,2676.62317694079,368.8230421540028,267.83562165546573,469.81046265253985,30,21,ok
district,54.0,beans,B,2022,49522.054748535156,176.57797084914688,280.4543200399701,84.81047885592236,476.0981612240179,2,2,suppressed
district,54.0,beans,B,2023,1218146.80430542,1831.8780792723453,664.9715491924494,453.82663203973266,876.1164663451661,22,10,ok
district,54.0,beans,B,2024,1619769.8125228882,1989.8262738823892,814.0257437462234,558.028890021294,1070.0225974711527,20,10,ok
district,54.0,beans,B,2025,2206993.639099121,4056.6142466010388,544.0481901744342,452.6179224905842,635.4784578582843,47,25,ok
district,55.0,beans,A,2020,561039.3975676679,1099.1327301723395,510.43825933533907,398.588435966135,622.2880827045431,17,13,ok
district,55.0,beans,A,2021,759678.6101385498,1890.748135899897,401.7873114427177,294.7177374771583,508.85688540827704,24,13,ok
district,55.0,beans,A,2022,491597.1314193726,1447.6597010911976,339.58058723940655,162.11783045771455,517.0433440210986,20,12,use_with_caution
district,55.0,beans,A,2023,430295.8806213379,818.3480067759731,525.8103851398927,358.7806541073314,692.8401161724539,13,9,suppressed
district,55.0,beans,A,2024,440685.80184936523,866.1962670052766,508.7597564613849,315.3685460567218,702.150966866048,12,11,ok
district,55.0,beans,A,2025,993743.9613494873,1660.546776531337,598.4438230793397,488.2136920362049,708.6739541224745,23,16,ok
district,55.0,beans,B,2020,3694561.357846985,6729.5450128980365,549.0061141973023,462.14690469835324,635.8653236962513,92,36,ok
district,55.0,beans,B,2021,4404379.898008576,7541.074395063111,584.0520418273522,513.355589127626,654.7484945270785,138,38,ok
district,55.0,beans,B,2022,3231357.0347462464,7683.695561467427,420.5472495489038,371.6444827792521,469.45001631855547,105,37,ok
district,55.0,beans,B,2023,5699920.824888917,9397.29034991482,606.5494001619927,554.4791713321308,658.6196289918546,133,35,ok
district,55.0,beans,B,2024,5711492.358734131,11302.40158821935,505.33440297213457,457.6842729101368,552.9845330341323,140,40,ok
district,55.0,beans,B,2025,6847437.116729736,13547.720991313747,505.4309223758031,457.7875495188395,553.0742952327666,187,49,ok
district,56.0,beans,A,2020,387920.1047662848,930.4356492771115,416.9230887355549,240.23565196368406,593.6105255074258,15,12,use_with_caution
district,56.0,beans,A,2021,611809.107687378,1675.2915882400782,365.19559459502426,267.4317220642139,462.95946712583464,27,17,ok
district,56.0,beans,A,2022,518714.42716369627,1039.8068222089394,498.85653381437953,300.80780302702647,696.9052646017326,17,14,use_with_caution
district,56.0,beans,A,2023,1133687.4815216064,1833.2869905500572,618.3906215259053,473.6954376478836,763.085805403927,31,19,ok
district,56.0,beans,A,2024,763049.462966919,1231.4381779287173,619.6409017059796,525.6008059696554,713.6809974423037,19,14,ok
district,56.0,beans,A,2025,848116.7944335938,1408.158877209722,602.2877163648919,535.6502741110647,668.9251586187191,22,14,ok
district,56.0,beans,B,2020,2584348.602334595,3519.9450974842753,734.2013954085942,646.9398404836809,821.4629503335075,57,24,ok
district,56.0,beans,B,2021,2027369.731487732,2773.68183903494,730.9308886678668,630.7122151212928,831.1495622144408,66,29,ok
district,56.0,beans,B,2022,2360520.466506958,2819.9683528158575,837.0733891924278,703.3524331521971,970.7943452326585,44,20,ok
district,56.0,beans,B,2023,4558367.216845702,5416.47410800233,841.5746343384426,725.8558702137541,957.2933984631311,89,26,ok
district,56.0,beans,B,2024,2251069.8071746826,2981.0948744883194,755.1151177505078,657.469067664764,852.7611678362516,47,24,ok
district,56.0,beans,B,2025,4299353.63873291,6333.732642606712,678.8025136728012,614.3188484936064,743.2861788519959,97,37,ok
district,57.0,beans,A,2020,520196.09890830744,934.2251588158399,556.8209055380959,307.8811672880607,805.7606437881311,13,10,use_with_caution
district,57.0,beans,A,2021,393372.55121276854,720.4452326023033,546.0131227350576,379.93180160630243,712.0944438638127,11,10,ok
district,57.0,beans,A,2022,376072.0678855896,1108.2192419437608,339.3480763120284,31.94763289633164,646.7485197277251,13,12,use_with_caution
district,57.0,beans,A,2023,48106.496965026854,319.5243307539142,150.55660034251568,-65.11766881461216,366.2308694996435,4,4,suppressed
district,57.0,beans,A,2024,213670.3103942871,822.4287630929962,259.8040340791514,131.23241415773765,388.37565400056513,11,8,suppressed
district,57.0,beans,A,2025,766506.7784423828,1980.7097660599666,386.9859136238421,298.2167066453331,475.75512060235116,28,20,ok
district,57.0,beans,B,2020,1371963.8468608093,3138.1102116877955,437.19428391997576,353.8245983944232,520.5639694455283,43,24,ok
district,57.0,beans,B,2021,912432.056280365,2518.565724781335,362.2824083177672,273.4249595039135,451.1398571316209,56,28,ok
district,57.0,beans,B,2022,836587.5101577758,2061.6141573967516,405.7924743852916,202.66979551312204,608.9151532574612,24,16,use_with_caution
district,57.0,beans,B,2023,582323.6519897461,1295.429995478372,449.52151333712766,330.51657346676666,568.5264532074887,17,12,ok
district,57.0,beans,B,2024,690307.5819091797,1275.9610566251085,541.0099143112012,357.8665877444553,724.1532408779472,20,15,ok
district,57.0,beans,B,2025,4669220.535736084,11041.757021759251,422.8693428532039,391.5328074352027,454.20587827120505,162,42,ok
district,11.0,irish_potato,A,2020,23842.6406877495,15.449999577536424,1543.2130316958444,1543.2130316958444,1543.2130316958444,1,1,suppressed
district,11.0,irish_potato,A,2022,171469.66478729248,35.457752970380334,4835.886383734745,3685.986284720051,5985.7864827494395,2,2,suppressed
district,11.0,irish_potato,A,2023,68805.78771972656,53.18662751464508,1293.667053824398,-383.3075378357937,2970.6416454845894,3,2,suppressed
district,11.0,irish_potato,B,2020,8385.638857498168,4.964085426779123,1689.2615933362517,1187.399224533019,2191.1239621394843,2,2,suppressed
district,11.0,irish_potato,B,2023,63025.63330078125,17.729944273847522,3554.7564237834035,3554.7564237834026,3554.7564237834044,1,1,suppressed
district,12.0,irish_potato,A,2020,782111.5768959908,207.05693335856836,3777.2778926537003,2264.6658397371834,5289.889945570218,5,4,suppressed
district,12.0,irish_potato,A,2021,1246602.4969052125,294.6071389003227,4231.406277384838,3041.027547502003,5421.785007267674,7,5,suppressed
district,12.0,irish_potato,A,2022,570317.0239257812,134.77546889759302,4231.608530771483,2586.8511689460033,5876.365892596963,3,3,suppressed
district,12.0,irish_potato,A,2023,898438.8977050781,162.79691560302712,5518.771006054442,1447.2942521025775,9590.247760006307,4,4,suppressed
district,12.0,irish_potato,A,2024,969829.0911865234,208.82869274882674,4644.137155773927,3020.809827802008,6267.464483745845,6,2,suppressed
district,12.0,irish_potato,A,2025,256240.6494140625,35.42727166156769,7232.864327287111,7232.864327287111,7232.864327287111,1,1,suppressed
district,12.0,irish_potato,B,2020,1006922.4270101929,287.2460383805907,3505.4353845467376,1963.6920360470745,5047.178733046401,6,4,suppressed
district,12.0,irish_potato,B,2021,2051293.9317321777,658.0686241044488,3117.14288843924,1670.170802765147,4564.114974113332,16,8,suppressed
district,12.0,irish_potato,B,2022,1669635.7881011963,533.5891933950671,3129.065972040789,1795.4002497980396,4462.731694283539,12,5,suppressed
district,12.0,irish_potato,B,2023,112181.34857177734,116.54320170788525,962.5730795774698,-556.2879185896086,2481.434077744548,2,2,suppressed
district,12.0,irish_potato,B,2024,346072.3663330078,64.27450178058055,5384.2870305619035,1196.6365287482613,9571.937532375545,2,2,suppressed
district,12.0,irish_potato,B,2025,982793.620300293,341.8138423421378,2875.2306037874496,1773.9467809816656,3976.5144265932336,8,5,suppressed
district,13.0,irish_potato,B,2020,97873.5498046875,25.038717503164687,3908.8882963880674,3908.8882963880674,3908.8882963880674,1,1,suppressed
district,13.0,irish_potato,B,2021,81033.48083496094,33.31872438589585,2432.0703246749513,2432.0703246749513,2432.0703246749513,1,1,suppressed
district,21.0,irish_potato,A,2021,233004.9111254883,56.85713366071508,4098.076989176135,4098.076989176134,4098.076989176136,1,1,suppressed
district,21.0,irish_potato,A,2023,45083.90002441406,56.776813389283795,794.0547792864211,794.0547792864211,794.0547792864211,1,1,suppressed
district,21.0,irish_potato,A,2025,613016.6435546875,114.68115418267277,5345.40001732306,3297.142304920561,7393.657729725559,2,2,suppressed
district,21.0,irish_potato,B,2020,254431.53535217285,114.13595119192578,2229.19713460251,1199.0360404778046,3259.3582287272147,2,2,suppressed
district,21.0,irish_potato,B,2021,237866.77185058594,106.13448199701791,2241.182765251253,1192.3785606398822,3289.9869698626235,2,2,suppressed
district,21.0,irish_potato,B,2022,222812.30649414062,115.68213486670098,1926.0736046312109,459.48152534840165,3392.66568391402,2,2,suppressed
district,21.0,irish_potato,B,2023,195114.68932617188,56.66516103889884,3443.291887800898,3443.291887800898,3443.291887800898,1,1,suppressed
district,21.0,irish_potato,B,2025,532277.3970947266,358.51984559140374,1484.6525335764816,-150.3382818223538,3119.643348975317,5,4,suppressed
district,22.0,irish_potato,A,2020,88815.7507009787,49.83840009772996,1782.0746758888047,1782.0746758888047,1782.0746758888047,1,1,suppressed
district,22.0,irish_potato,B,2022,251726.68212890625,179.5541828484551,1401.9538733963398,683.9412035667589,2119.9665432259208,3,2,suppressed
district,22.0,irish_potato,B,2023,96878.5546875,55.40063535172428,1748.690318665899,1748.690318665899,1748.690318665899,1,1,suppressed
district,22.0,irish_potato,B,2025,196910.86157226562,162.80871396160143,1209.4614396297438,374.4727771673721,2044.4501020921157,2,2,suppressed
district,23.0,irish_potato,A,2020,2586090.650900373,393.16399435373694,6577.638563142736,2509.506889883386,10645.770236402084,6,4,suppressed
district,23.0,irish_potato,A,2021,3047407.682495117,407.25173048012834,7482.859996450805,5523.132419660095,9442.587573241515,6,5,suppressed
district,23.0,irish_potato,A,2022,2631969.5161132812,530.6319967509806,4960.065605219117,2040.076341212738,7880.054869225496,8,6,suppressed
district,23.0,irish_potato,A,2023,5530664.934265137,1412.7689841176555,3914.769503323512,2391.4664828598834,5438.07252378714,21,9,suppressed
district,23.0,irish_potato,A,2024,4267561.405944824,783.6938934957851,5445.44424980616,4458.556966061992,6432.331533550328,12,5,suppressed
district,23.0,irish_potato,A,2025,10175111.644866943,1797.730913724344,5659.974786653276,4138.795660002523,7181.15391330403,21,9,suppressed
district,23.0,irish_potato,B,2020,4033020.7405700684,831.5529536398968,4849.986670020974,3793.5989306459987,5906.374409395949,25,12,ok
district,23.0,irish_potato,B,2021,3751278.088173218,729.1097424530514,5145.011607652149,3190.5217078379574,7099.501507466341,11,7,suppressed
district,23.0,irish_potato,B,2022,4171567.6073669433,1069.9490930873765,3898.846808991384,2655.5687444793493,5142.124873503419,17,10,ok
district,23.0,irish_potato,B,2023,7323111.294250488,1831.67594929388,3998.038679862332,2182.180107709141,5813.897252015524,28,11,use_with_caution
district,23.0,irish_potato,B,2024,8043466.772781372,1244.810016647142,6461.601903273727,5765.723355068843,7157.48045147861,19,9,suppressed
district,23.0,irish_potato,B,2025,10652586.469360352,1852.1255079053592,5751.546762836702,3193.2448872708846,8309.84863840252,27,10,use_with_caution
district,24.0,irish_potato,A,2020,56618.90107179376,52.986437549885586,1068.5545903796285,1068.5545903796285,1068.5545903796285,1,1,suppressed
district,24.0,irish_potato,A,2021,146860.25390625,52.25250526663697,2810.5878016153174,2810.5878016153165,2810.5878016153183,1,1,suppressed
district,24.0,irish_potato,A,2022,241941.4794921875,55.67749178106785,4345.409100746443,4345.409100746442,4345.409100746444,1,1,suppressed
district,24.0,irish_potato,A,2023,76407.74725708007,105.80018724727816,722.1891496136814,293.03989352382763,1151.338405703535,2,2,suppressed
district,24.0,irish_potato,A,2024,710946.6772460938,203.93388884050847,3486.162507311902,-835.4041913961692,7807.729206019973,3,3,suppressed
district,24.0,irish_potato,B,2020,234197.4423828125,206.02543045752913,1136.7404589944097,192.19522571516234,2081.285692273657,4,4,suppressed
district,24.0,irish_potato,B,2021,123855.24055480957,104.50501597268376,1185.1607255596582,39.00284122986773,2331.3186098894485,2,2,suppressed
district,24.0,irish_potato,B,2023,304563.55407714844,52.437229455776325,5808.154954754167,5808.154954754167,5808.154954754167,1,1,suppressed
district,24.0,irish_potato,B,2024,352137.9911804199,138.86848740794176,2535.7660168499933,928.5408918856119,4142.991141814375,3,3,suppressed
district,24.0,irish_potato,B,2025,104573.88500976562,185.38380838782547,564.0939514577002,368.4257635754489,759.7621393399515,4,4,suppressed
district,25.0,irish_potato,A,2020,5107004.754378525,625.9545816002627,8158.746504135152,2969.935689782141,13347.557318488161,9,6,suppressed
district,25.0,irish_potato,A,2021,3902654.307171936,663.3139105328111,5883.570727526436,4843.006001311419,6924.135453741453,11,7,suppressed
district,25.0,irish_potato,A,2022,5646358.184337769,1003.1461749800883,5628.649468209202,3902.5024317608068,7354.796504657596,15,11,ok
district,25.0,irish_potato,A,2023,14012420.038208008,1931.310556601174,7255.394524880468,5438.701936745165,9072.087113015772,22,10,ok
district,25.0,irish_potato,A,2024,4533802.991546631,627.8332344995238,7221.349145622634,5785.064236462587,8657.63405478268,10,7,suppressed
district,25.0,irish_potato,A,2025,14619492.637237549,1090.2380318408927,13409.45023955199,10781.82022689679,16037.08025220719,12,5,suppressed
district,25.0,irish_potato,B,2020,7214624.498108521,638.2443023226374,11303.860405574718,8119.992660333575,14487.728150815861,9,5,suppressed
district,25.0,irish_potato,B,2021,7197606.745036316,1251.4594459359705,5751.3703447683065,3486.766194408113,8015.9744951285,17,6,suppressed
district,25.0,irish_potato,B,2022,11529864.760166626,1570.534138607741,7341.36525703778,5300.9437392674645,9381.786774808095,25,11,ok
district,25.0,irish_potato,B,2023,7391876.742259521,999.3581270379401,7396.624435495177,6210.693628976191,8582.555242014163,16,5,suppressed
district,25.0,irish_potato,B,2024,5601119.940887451,587.1826927103542,9538.973151666742,8582.280926455718,10495.665376877765,9,5,suppressed
district,25.0,irish_potato,B,2025,8720406.435791016,1123.7285040850315,7760.243158458807,6171.4342274403225,9349.05208947729,16,10,ok
district,26.0,irish_potato,A,2020,95181.91945690406,54.80409471794846,1736.766567293224,1736.7665672932235,1736.7665672932244,1,1,suppressed
district,26.0,irish_potato,A,2021,184092.89818359373,52.9853730826059,3474.409775252256,3474.4097752522553,3474.409775252257,1,1,suppressed
district,26.0,irish_potato,A,2025,184600.7958984375,58.000449366587404,3182.747684102968,3182.747684102967,3182.747684102969,1,1,suppressed
district,26.0,irish_potato,B,2022,70432.1748046875,57.24611504407536,1230.3398187014059,1230.3398187014059,1230.3398187014059,1,1,suppressed
district,26.0,irish_potato,B,2025,75166.73828125,174.00137379476806,431.9893380261929,296.947790949413,567.0308851029729,3,3,suppressed
district,27.0,irish_potato,A,2021,464236.7400439453,113.80408003809754,4079.262710867092,4079.262710867092,4079.262710867092,1,1,suppressed
district,27.0,irish_potato,A,2023,55287.850341796875,56.96031006430462,970.6381562772456,970.6381562772456,970.6381562772456,1,1,suppressed
district,27.0,irish_potato,A,2024,463512.236328125,116.59133065534829,3975.5291729047844,3975.5291729047835,3975.5291729047854,2,1,suppressed
district,27.0,irish_potato,A,2025,1209051.8406982422,291.47831165918365,4147.999327346002,3900.188670285998,4395.809984406007,5,2,suppressed
district,27.0,irish_potato,B,2020,200001.57470703125,70.57717270699551,2833.799754735817,2833.799754735816,2833.7997547358177,1,1,suppressed
district,27.0,irish_potato,B,2022,147159.94262695312,54.19636144266654,2715.3103771114093,2715.3103771114093,2715.3103771114093,1,1,suppressed
district,27.0,irish_potato,B,2023,224934.140625,56.602801725481875,3973.9047143975113,3973.9047143975113,3973.9047143975113,1,1,suppressed
district,27.0,irish_potato,B,2024,327597.6725463867,205.38604768025056,1595.0337242790604,1318.960079783087,1871.1073687750338,4,2,suppressed
district,27.0,irish_potato,B,2025,501039.60998535156,275.79192279548386,1816.73054419691,1200.234812212415,2433.226276181405,5,2,suppressed
district,28.0,irish_potato,A,2020,281090.50756715494,110.51639196080129,2543.4281972112703,1535.1053418594051,3551.7510525631355,2,2,suppressed
district,28.0,irish_potato,A,2021,73545.63598632812,57.41377054882642,1280.975544425926,1280.9755444259256,1280.9755444259265,1,1,suppressed
district,28.0,irish_potato,A,2023,164396.55802001955,220.37395546905287,745.9890515197735,126.72451137353812,1365.253591666009,4,4,suppressed
district,28.0,irish_potato,B,2020,108749.94729751587,112.47224399913647,966.9047529482103,650.7461352573966,1283.063370639024,2,2,suppressed
district,28.0,irish_potato,B,2021,150411.2060546875,58.73756256723891,2560.732851018573,2560.732851018573,2560.732851018573,1,1,suppressed
district,28.0,irish_potato,B,2022,177388.58276367188,57.172873683445395,3102.6703983052607,3102.67039830526,3102.6703983052616,1,1,suppressed
district,28.0,irish_potato,B,2024,447990.341796875,60.96271733097918,7348.5953614016735,7348.5953614016735,7348.5953614016735,1,1,suppressed
district,28.0,irish_potato,B,2025,526114.9471435547,116.97369977614741,4497.719984495498,4220.701136134632,4774.738832856363,2,2,suppressed
district,31.0,irish_potato,A,2020,2420949.864340298,431.98658550768107,5604.224634649567,1981.8632070286071,9226.586062270526,6,4,suppressed
district,31.0,irish_potato,A,2021,1123591.5222473145,185.13711599058666,6068.9695647222015,2499.254009353575,9638.685120090828,3,3,suppressed
district,31.0,irish_potato,A,2022,2399388.8275146484,308.97114219460224,7765.737636440553,3754.986981014784,11776.48829186632,5,4,suppressed
district,31.0,irish_potato,A,2023,1661177.9993896484,308.5618385715526,5383.614536003087,2854.5270968252325,7912.701975180941,5,3,suppressed
district,31.0,irish_potato,B,2020,1577876.1993408203,457.2438653710151,3450.841703607124,2242.5386511185316,4659.144756095717,7,4,suppressed
district,31.0,irish_potato,B,2021,938913.7622070312,272.1067647892842,3450.5344361214734,1676.5343637408107,5224.534508502136,4,3,suppressed
district,31.0,irish_potato,B,2022,1229389.882965088,576.5134627941978,2132.4565032819573,1121.254003750014,3143.6590028139008,9,6,suppressed
district,31.0,irish_potato,B,2023,2822167.673034668,678.848818059782,4157.2845057029135,3286.6265402690274,5027.942471136799,11,5,suppressed
district,31.0,irish_potato,B,2024,465533.5319824219,60.0430887322098,7753.324184548302,7753.324184548302,7753.324184548302,1,1,suppressed
district,31.0,irish_potato,B,2025,869379.8358154297,155.95363163314545,5574.6046226130775,2071.5114302359016,9077.697814990253,2,2,suppressed
district,32.0,irish_potato,A,2020,11178137.589104755,1773.7296414575676,6302.052650999894,5026.93767119017,7577.167630809618,30,12,ok
district,32.0,irish_potato,A,2021,10560683.422189942,1529.8916478951035,6902.896317343666,4907.93673456223,8897.855900125101,26,9,suppressed
district,32.0,irish_potato,A,2022,15570578.402409973,1933.8053880619045,8051.781476322752,3629.8313045163177,12473.731648129185,32,11,use_with_caution
district,32.0,irish_potato,A,2023,13711722.117802735,1870.8371973094213,7329.190448812168,6058.8948953189265,8599.48600230541,32,10,ok
district,32.0,irish_potato,A,2024,9590015.544876099,1305.3117893646177,7346.915597494296,6069.815463113416,8624.015731875177,23,8,suppressed
district,32.0,irish_potato,A,2025,15198217.773483276,1718.1927379850795,8845.467355022225,7943.03182792199,9747.90288212246,31,9,suppressed
district,32.0,irish_potato,B,2020,7328490.175386201,2157.14020521669,3397.3175028973305,2878.6479690801752,3915.987036714486,35,12,ok
district,32.0,irish_potato,B,2021,6628084.326953126,1929.8431794699823,3434.5196529251057,3025.2263821249776,3843.8129237252338,33,11,ok
district,32.0,irish_potato,B,2022,11151865.823048402,2729.345064163692,4085.9127596112453,3070.9580545810513,5100.867464641439,46,12,ok
district,32.0,irish_potato,B,2023,10936865.351409912,2930.9000202628176,3731.572307413335,3206.0927281423847,4257.051886684285,49,15,ok
district,32.0,irish_potato,B,2024,9658088.544815063,2136.9451454441346,4519.577194297967,3550.1845703696927,5488.969818226242,40,7,suppressed
district,32.0,irish_potato,B,2025,13487234.940185547,2942.7173809814035,4583.2586667522655,4210.713271140939,4955.8040623635925,51,10,ok
district,33.0,irish_potato,A,2020,30126014.965949994,2800.7111468799676,10756.55909732455,8958.494136027324,12554.624058621777,57,14,ok
district,33.0,irish_potato,A,2021,36327143.91631317,2375.2738649687267,15293.875982924377,12978.799326162507,17608.952639686246,49,16,ok
district,33.0,irish_potato,A,2022,35399905.36879425,2965.1209928102644,11938.772635123783,10467.243560101284,13410.301710146283,59,15,ok
district,33.0,irish_potato,A,2023,40741285.49880127,3422.952003573469,11902.382930367843,10441.10505161957,13363.660809116116,46,14,ok
district,33.0,irish_potato,A,2024,55617777.13330078,4204.531175381871,13228.056782870533,12401.942149765464,14054.171415975603,80,17,ok
district,33.0,irish_potato,A,2025,39743103.64826965,2469.943333966686,16090.694511781741,13979.18600735394,18202.203016209543,40,13,ok
district,33.0,irish_potato,B,2020,36714321.47421753,3164.8701202800758,11600.577615794384,9455.19989015258,13745.955341436187,54,14,ok
district,33.0,irish_potato,B,2021,46585778.69267982,3778.086642889998,12330.521530084508,10744.535888743394,13916.507171425623,75,15,ok
district,33.0,irish_potato,B,2022,35400181.536442265,3709.814867453643,9542.30407749171,8342.335128559283,10742.273026424136,69,16,ok
district,33.0,irish_potato,B,2023,29889033.072497558,3050.4291649254765,9798.304257043046,7482.716214319256,12113.892299766836,60,14,ok
district,33.0,irish_potato,B,2024,34253390.14758301,3066.717245773256,11169.399524782795,9946.763427743572,12392.035621822019,62,15,ok
district,33.0,irish_potato,B,2025,24404783.41519165,3109.24321712186,7849.107229952399,6236.922807074931,9461.291652829868,57,16,ok
district,34.0,irish_potato,A,2020,98251367.09690715,5865.3487383180045,16751.155213506114,13098.829662797201,20403.480764215026,99,17,ok
district,34.0,irish_potato,A,2021,50287841.13414032,3317.3484413953447,15159.047058978293,13791.35871736659,16526.735400589994,59,15,ok
district,34.0,irish_potato,A,2022,60500390.51312806,4725.179223040445,12803.829792978458,10923.425459605613,14684.234126351304,83,16,ok
district,34.0,irish_potato,A,2023,65556036.10337158,5077.483170139145,12911.128192193508,10324.615565308866,15497.64081907815,62,14,ok
district,34.0,irish_potato,A,2024,70539357.825531,5009.881149177807,14080.04615780307,13144.24607082338,15015.84624478276,98,19,ok
district,34.0,irish_potato,A,2025,82326759.28413391,5555.497832949788,14818.97064127214,13266.99014060156,16370.951141942722,91,20,ok
district,34.0,irish_potato,B,2020,49465122.57610656,4165.115337203671,11876.05109857916,10664.461691015038,13087.640506143283,57,11,ok
district,34.0,irish_potato,B,2021,77965282.91316316,7489.09006629958,10410.514791910686,9383.80970133716,11437.21988248421,125,15,ok
district,34.0,irish_potato,B,2022,48555429.19836258,4667.520984629519,10402.830401461308,8264.268415868606,12541.39238705401,78,16,ok
district,34.0,irish_potato,B,2023,48029071.844331056,4873.822425414501,9854.497692382865,8157.767672995478,11551.227711770252,81,17,ok
district,34.0,irish_potato,B,2024,49547396.33468628,4473.074528428673,11076.809925653433,10286.884575715476,11866.73527559139,90,17,ok
district,34.0,irish_potato,B,2025,46558895.37937927,6011.769655189153,7744.623970945266,6944.915590008123,8544.332351882409,88,18,ok
district,35.0,irish_potato,A,2020,7419227.7816653615,1231.2266506606547,6025.883031109124,2341.160304565457,9710.605757652791,19,5,suppressed
district,35.0,irish_potato,A,2021,4898399.453822937,1016.7219245383244,4817.835964388409,3336.417977669118,6299.253951107699,15,9,suppressed
district,35.0,irish_potato,A,2022,6111044.210327148,1327.2483067444123,4604.296105916185,2771.041344928102,6437.550866904268,18,7,suppressed
district,35.0,irish_potato,A,2023,7635055.213775635,1698.3052322532092,4495.690803263853,2784.9587727120825,6206.422833815624,22,8,suppressed
district,35.0,irish_potato,A,2024,3940964.1311035156,892.4146347855509,4416.068470291882,2610.021106362146,6222.115834221617,16,6,suppressed
district,35.0,irish_potato,A,2025,8230202.7177734375,991.6958064182511,8299.120218627124,5283.666002746542,11314.574434507706,7,4,suppressed
district,35.0,irish_potato,B,2020,2647911.9635620117,638.8997642821513,4144.487307077232,1668.4672589097995,6620.507355244665,7,4,suppressed
district,35.0,irish_potato,B,2021,2708878.8849639893,987.2125977146509,2743.967096079317,2157.617680131687,3330.316512026947,14,6,suppressed
district,35.0,irish_potato,B,2022,5651115.999602584,1416.9767464036431,3988.150132982348,2183.276749269141,5793.023516695555,17,9,suppressed
district,35.0,irish_potato,B,2023,4443296.417922974,1120.0421910596094,3967.0795023528703,2025.030823391428,5909.128181314312,16,7,suppressed
district,35.0,irish_potato,B,2024,2996946.849304199,613.5350750427212,4884.71967001319,4548.929016542183,5220.510323484197,11,2,suppressed
district,35.0,irish_potato,B,2025,4846630.274597168,1394.397665698483,3475.787713807875,2830.0045396712703,4121.57088794448,25,7,suppressed
district,36.0,irish_potato,B,2021,664321.5966796875,53.913602214965664,12321.966431233584,12321.966431233584,12321.966431233584,1,1,suppressed
district,36.0,irish_potato,B,2022,280603.3337402344,54.86400401296791,5114.525248173824,5114.525248173823,5114.525248173826,1,1,suppressed
district,37.0,irish_potato,B,2020,30381.458742065428,9.773237789313114,3108.6380375689914,3108.63803756899,3108.638037568993,1,1,suppressed
district,37.0,irish_potato,B,2023,214033.85192871094,129.0252708989694,1658.852180177213,1658.852180177213,1658.852180177213,1,1,suppressed
district,37.0,irish_potato,B,2024,200330.7392578125,59.42460900066048,3371.1747140916973,3371.1747140916973,3371.1747140916973,1,1,suppressed
district,37.0,irish_potato,B,2025,22683.74609375,59.42461881909387,381.7230391128976,381.7230391128976,381.7230391128976,1,1,suppressed
district,41.0,irish_potato,A,2020,1980285.120022949,674.2391011567007,2937.066563813404,1653.2693689045254,4220.863758722283,8,7,suppressed
district,41.0,irish_potato,A,2021,846110.625,233.65719967129718,3621.1622247903606,3064.9108166444876,4177.413632936234,5,3,suppressed
district,41.0,irish_potato,A,2022,1831389.7052001953,444.9076427211612,4116.336806441398,2771.140262702736,5461.53335018006,8,6,suppressed
district,41.0,irish_potato,A,2023,1207762.5692138672,652.0837604130154,1852.1586374868425,1359.747887387056,2344.569387586629,11,6,suppressed
district,41.0,irish_potato,A,2024,981924.8114395142,191.98011139931901,5114.721542155524,1982.067394202395,8247.375690108653,4,4,suppressed
district,41.0,irish_potato,A,2025,2539612.1204223633,636.962391274826,3987.0676121702345,1700.9165716050165,6273.218652735452,11,7,suppressed
district,41.0,irish_potato,B,2020,477836.59705078125,237.88395241118235,2008.6962243877672,788.155039584539,3229.237409190995,3,2,suppressed
district,41.0,irish_potato,B,2021,2850996.0764837647,500.63903787658865,5694.713877239747,4218.354009476096,7171.073745003398,10,7,suppressed
district,41.0,irish_potato,B,2022,1026902.361328125,271.8226613609274,3777.8394052459053,581.4519476283044,6974.2268628635065,5,5,suppressed
district,41.0,irish_potato,B,2023,1834683.4881506348,675.8056002068595,2714.809536335672,1986.2010011715734,3443.4180714997706,12,9,suppressed
district,41.0,irish_potato,B,2024,671267.0924072266,171.68414756089783,3909.8955957428884,957.7653262007402,6862.025865285037,3,3,suppressed
district,41.0,irish_potato,B,2025,3394368.6040649414,1375.0175835386735,2468.6001435191624,1623.7423052574973,3313.4579817808276,21,12,ok
district,42.0,irish_potato,A,2020,5950662.080790577,730.6823056706598,8143.979995969297,4518.957346055963,11769.002645882632,12,7,suppressed
district,42.0,irish_potato,A,2021,433415.0695800781,121.78037606328031,3558.989416774868,379.22885250932814,6738.749981040408,2,2,suppressed
district,42.0,irish_potato,A,2022,1953885.1599121094,308.03282332389654,6343.10700667636,5561.20490772029,7125.009105632429,5,2,suppressed
district,42.0,irish_potato,A,2023,1892549.7517089844,487.12153496581203,3885.169543657745,2104.983868952466,5665.3552183630245,8,7,suppressed
district,42.0,irish_potato,A,2024,2216688.4044799805,427.43273476691917,5186.052036208106,3150.5657947112545,7221.538277704958,6,3,suppressed
district,42.0,irish_potato,A,2025,1763416.9108581543,183.1854689617864,9626.401705617893,6020.708361312874,13232.095049922911,3,2,suppressed
district,42.0,irish_potato,B,2020,4249469.182635498,598.027606628498,7105.807717795409,5083.6635578467,9127.951877744117,8,5,suppressed
district,42.0,irish_potato,B,2021,3560586.353774414,919.7046016835407,3871.44562205808,1840.7537839753195,5902.137460140841,15,7,suppressed
district,42.0,irish_potato,B,2022,2173526.6401013182,595.3208620997849,3651.0170875500107,1948.705900308574,5353.328274791447,10,7,suppressed
district,42.0,irish_potato,B,2023,2933665.6640625,553.5536249014541,5299.6955165540885,3327.2481866398102,7272.142846468367,9,4,suppressed
district,42.0,irish_potato,B,2024,3293068.5352783203,549.5564131793867,5992.230199310574,4733.18344109411,7251.276957527038,9,7,suppressed
district,42.0,irish_potato,B,2025,2432098.1336364746,549.5549500929915,4425.577702875634,2306.019295584335,6545.136110166933,9,6,suppressed
district,43.0,irish_potato,A,2020,25865535.267474484,1737.05123272209,14890.484966837303,9368.315500793804,20412.6544328808,23,13,ok
district,43.0,irish_potato,A,2021,24707855.52959015,1742.1461475704662,14182.424111804183,12192.519427447673,16172.328796160693,24,10,ok
district,43.0,irish_potato,A,2022,19355470.86168579,1586.4940263357162,12200.153634609402,9757.79494285632,14642.512326362483,24,10,ok
district,43.0,irish_potato,A,2023,11243453.489252929,839.7274090565681,13389.408715245967,10534.699863516085,16244.117566975849,11,10,ok
district,43.0,irish_potato,A,2024,27750325.36605835,2100.3917965017904,13211.975695332942,11012.353798474018,15411.597592191865,35,9,suppressed
district,43.0,irish_potato,A,2025,28470391.143901825,2624.3873424717576,10848.395236157183,9502.002601164577,12194.787871149789,44,9,suppressed
district,43.0,irish_potato,B,2020,22567175.487774048,2305.635957466386,9787.831168530452,8321.803189171877,11253.859147889028,34,12,ok
district,43.0,irish_potato,B,2021,30610903.779280394,3697.86168069785,8278.001294386866,6736.112815143539,9819.889773630193,64,14,ok
district,43.0,irish_potato,B,2022,20183248.918103483,2314.4330949497516,8720.601585824488,6438.809572443253,11002.393599205723,34,15,ok
district,43.0,irish_potato,B,2023,17227863.09765625,2335.0849914489368,7377.831282691873,6177.915061397725,8577.74750398602,43,14,ok
district,43.0,irish_potato,B,2024,12912131.887878418,1364.2656734867126,9464.528895518075,6144.628586323337,12784.429204712813,25,10,ok
district,43.0,irish_potato,B,2025,18845549.079284668,2235.8143931356335,8428.941658638576,7424.90356489122,9432.97975238593,36,11,ok
district,44.0,irish_potato,A,2020,20451702.170714337,2215.2350300902467,9232.294493772588,7243.408462196874,11221.180525348302,38,17,ok
district,44.0,irish_potato,A,2021,19320514.36883545,1959.125485907895,9861.805437073352,8239.178817967384,11484.43205617932,30,15,ok
district,44.0,irish_potato,A,2022,19845703.69426575,1722.446790160933,11521.809444349517,9665.539790515695,13378.07909818334,30,13,ok
district,44.0,irish_potato,A,2023,14870176.392055664,1568.0892328984573,9482.99119723539,7697.054014111103,11268.928380359675,22,13,ok
district,44.0,irish_potato,A,2024,19713057.80331421,1275.6082773242154,15453.849080272026,13652.450078063363,17255.248082480688,21,11,ok
district,44.0,irish_potato,A,2025,16144027.932128906,1432.975904533848,11266.084712974021,10608.842340966114,11923.32708498193,26,14,ok
district,44.0,irish_potato,B,2020,22055137.481381834,2095.4586389241053,10525.207738152183,9195.78373306271,11854.631743241656,28,7,suppressed
district,44.0,irish_potato,B,2021,24432586.35065857,2068.3205652421266,11812.765758483083,10268.409672937882,13357.121844028285,38,11,ok
district,44.0,irish_potato,B,2022,20545093.241743166,2503.0394318526937,8208.058163325117,7082.036515331282,9334.079811318952,45,17,ok
district,44.0,irish_potato,B,2023,22716344.352614745,2315.394921022485,9811.00206550645,8411.795820895235,11210.208310117667,41,12,ok
district,44.0,irish_potato,B,2024,12537850.148071289,1308.5699961442344,9581.33702057565,8157.583748387854,11005.090292763445,22,12,ok
district,44.0,irish_potato,B,2025,16290346.90927124,2034.1014755206413,8008.620565550507,7068.433815246234,8948.807315854781,35,17,ok
district,45.0,irish_potato,A,2020,13606653.610058324,1349.7032254635003,10081.218858601806,7770.941602315118,12391.496114888494,23,14,ok
district,45.0,irish_potato,A,2021,9704817.118696291,961.8408579265993,10089.83662808478,7430.713295132055,12748.959961037506,16,10,ok
district,45.0,irish_potato,A,2022,7711241.82434082,942.4990867098987,8181.696866422896,5994.465192086491,10368.928540759302,15,10,ok
district,45.0,irish_potato,A,2023,8582693.958373414,1215.6046978898437,7060.431712111699,4836.7389952073645,9284.124429016034,19,11,ok
district,45.0,irish_potato,A,2024,8781110.73223877,953.4450473270224,9209.876077133718,7180.713696414445,11239.038457852992,14,12,ok
district,45.0,irish_potato,A,2025,10435766.012817383,1068.266018438608,9768.883248828264,7904.327677009573,11633.438820646956,17,15,ok
district,45.0,irish_potato,B,2020,9345789.965494994,1110.5139815374228,8415.73372408734,5118.240447449338,11713.227000725343,14,11,ok
district,45.0,irish_potato,B,2021,8422495.496118164,1351.1623263826118,6233.518602215043,5081.93588256572,7385.101321864366,21,13,ok
district,45.0,irish_potato,B,2022,7530273.283728028,1265.3789020663105,5951.002716602441,4897.730958823701,7004.274474381181,21,12,ok
district,45.0,irish_potato,B,2023,7525165.75348999,1404.9717925132445,5356.097391840734,3321.5498882735174,7390.6448954079515,19,14,ok
district,45.0,irish_potato,B,2024,4045046.0459594727,586.0010762318678,6902.79627465895,6076.286190750388,7729.306358567512,10,8,suppressed
district,45.0,irish_potato,B,2025,6863061.917053223,1428.48905636391,4804.420367435315,3605.074157695338,6003.766577175292,22,16,ok
district,51.0,irish_potato,A,2020,538478.7974828848,165.73744991198703,3248.986863070705,772.3981664920534,5725.575559649356,3,2,suppressed
district,51.0,irish_potato,A,2021,2271288.6537701413,492.2544473212804,4614.054105818441,2425.609308557984,6802.4989030788975,8,7,suppressed
district,51.0,irish_potato,A,2022,2125028.268893738,493.2058202880762,4308.603389255487,3061.863236774291,5555.343541736683,8,4,suppressed
district,51.0,irish_potato,A,2023,996528.2386779785,239.57814534632863,4159.512284550915,2519.4992353730013,5799.525333728829,3,3,suppressed
district,51.0,irish_potato,A,2024,997509.4360351562,128.57036045603454,7758.471178715105,7179.015341373286,8337.927016056925,2,2,suppressed
district,51.0,irish_potato,A,2025,3694836.4240722656,341.5821640391267,10816.830657613138,7544.019021873211,14089.642293353065,6,5,suppressed
district,51.0,irish_potato,B,2020,1265885.465810547,394.4849246863614,3208.957774031542,1375.2585374944154,5042.657010568669,7,6,suppressed
district,51.0,irish_potato,B,2021,3082020.6583251953,935.2332647328078,3295.4566251508554,2231.2929021648038,4359.620348136907,16,9,suppressed
district,51.0,irish_potato,B,2022,1243380.4412841797,345.86699146305557,3594.9670595177154,1757.0838216953316,5432.850297340099,6,5,suppressed
district,51.0,irish_potato,B,2023,1115714.1737426757,275.209819515429,4054.0492912176987,3995.30370033326,4112.794882102137,5,2,suppressed
district,51.0,irish_potato,B,2024,381899.6459350586,170.79108221857211,2236.0631537325676,728.8395014116124,3743.286806053523,3,3,suppressed
district,51.0,irish_potato,B,2025,745815.1371765137,471.2835214462018,1582.519021432941,702.6834682133165,2462.354574652565,8,6,suppressed
district,52.0,irish_potato,A,2020,1319087.1061026808,154.8546473383641,8518.227439570597,5779.580190640748,11256.874688500448,2,2,suppressed
district,52.0,irish_potato,A,2021,1599613.250427246,290.0447920817539,5515.055929624721,4270.001233706944,6760.110625542498,2,2,suppressed
district,52.0,irish_potato,A,2022,2214346.0830688477,302.33045119338107,7324.257527907683,4711.606279866638,9936.908775948727,3,2,suppressed
district,52.0,irish_potato,A,2023,383461.7614746094,77.36724405893125,4956.383882338157,4956.383882338156,4956.3838823381575,1,1,suppressed
district,52.0,irish_potato,A,2024,2559074.4818115234,439.8971466989062,5817.438237586746,4929.33497810851,6705.541497064983,3,2,suppressed
district,52.0,irish_potato,A,2025,1388646.0693359375,215.00841419326144,6458.566166102438,3153.3614747501642,9763.77085745471,2,2,suppressed
district,52.0,irish_potato,B,2020,1012304.8095497132,427.080396192787,2370.2909770008546,1626.2771504149086,3114.3048035868005,3,3,suppressed
district,52.0,irish_potato,B,2021,585160.1470947266,211.76768677627172,2763.217353896567,881.7998649957681,4644.634842797366,3,2,suppressed
district,52.0,irish_potato,B,2022,296864.102935791,140.7610242563845,2108.9936259278543,-111.6211656434084,4329.608417499117,2,2,suppressed
district,52.0,irish_potato,B,2023,1037565.535559082,309.417785145585,3353.2834419032965,1747.021095435058,4959.545788371535,4,3,suppressed
district,52.0,irish_potato,B,2024,718015.2648925781,243.10072076132298,2953.5711068398177,2953.5711068398177,2953.5711068398177,1,1,suppressed
district,53.0,irish_potato,A,2020,1444145.5363379754,353.15836103636775,4089.2293533700577,1618.4210373955293,6560.037669344586,5,5,suppressed
district,53.0,irish_potato,A,2021,3839132.8707562257,700.4569350686327,5480.897794780284,4238.357581267212,6723.438008293357,9,7,suppressed
district,53.0,irish_potato,A,2022,6065189.325158691,1372.8970025062763,4417.803603683637,2791.328628873942,6044.278578493333,17,9,suppressed
district,53.0,irish_potato,A,2023,2379579.9365234375,466.1580923056956,5104.662936888296,3053.0488641248844,7156.277009651707,7,6,suppressed
district,53.0,irish_potato,A,2024,5702239.694213867,815.161527084875,6995.226718569296,4714.86417788435,9275.589259254242,9,7,suppressed
district,53.0,irish_potato,A,2025,4198767.785110474,663.2984378084275,6330.133686102776,2470.3669461491404,10189.90042605641,9,7,suppressed
district,53.0,irish_potato,B,2020,1955771.7455749512,400.73753840196065,4880.430601470656,859.6143411826934,8901.24686175862,5,4,suppressed
district,53.0,irish_potato,B,2021,1063180.7192260742,468.98583934768214,2266.978296625895,1500.628022858833,3033.328570392957,7,7,suppressed
district,53.0,irish_potato,B,2022,2066082.4295043945,832.2317032513508,2482.5807782047395,1479.0978383753336,3486.0637180341455,12,9,suppressed
district,53.0,irish_potato,B,2023,1834733.7271728516,349.32521670842226,5252.222397400766,1093.0494109413457,9411.395383860185,5,4,suppressed
district,53.0,irish_potato,B,2024,1790967.027130127,596.1823016010984,3004.0593662715787,2203.912312264525,3804.2064202786323,8,5,suppressed
district,53.0,irish_potato,B,2025,3673851.8146514893,1169.568676334041,3141.2022987542796,2335.6282322301113,3946.776365278448,14,11,ok
district,54.0,irish_potato,A,2020,305400.8227534307,84.90990973492173,3596.7630127844254,3596.7630127844254,3596.7630127844254,1,1,suppressed
district,54.0,irish_potato,A,2021,302198.5507333374,342.0114930441015,883.5917999234304,466.91400098241337,1300.2695988644473,4,4,suppressed
district,54.0,irish_potato,A,2022,1567714.3966674805,194.78843340961188,8048.293059428246,6462.507618953278,9634.078499903215,3,2,suppressed
district,54.0,irish_potato,A,2023,694604.8742675781,289.589942043924,2398.580797955417,1406.101688832891,3391.0599070779426,4,4,suppressed
district,54.0,irish_potato,A,2024,245275.32348632812,76.91915883011855,3188.741624541633,3188.741624541633,3188.741624541633,1,1,suppressed
district,54.0,irish_potato,A,2025,2310594.343688965,676.9110049193034,3413.4388817691297,1487.6280333918382,5339.249730146421,8,6,suppressed
district,54.0,irish_potato,B,2020,640085.3924560547,270.75579820522694,2364.069012368422,638.8394800198582,4089.298544716986,4,4,suppressed
district,54.0,irish_potato,B,2021,2053122.8293579102,1432.734667879181,1433.0098066218113,866.3478281120645,1999.6717851315582,15,11,use_with_caution
district,54.0,irish_potato,B,2022,1466287.1154785156,397.092919054998,3692.5541733858836,2119.3505196899687,5265.7578270817985,5,5,suppressed
district,54.0,irish_potato,B,2023,226527.96752929688,38.35123743193185,5906.666451932685,5906.666451932685,5906.666451932685,1,1,suppressed
district,54.0,irish_potato,B,2024,1913963.7689208984,327.53611767758355,5843.519739111475,5037.401982729413,6649.637495493537,4,3,suppressed
district,54.0,irish_potato,B,2025,3599799.007461548,1802.9258999215697,1996.6427947028467,1467.6268716957175,2525.658717709976,20,10,ok
district,55.0,irish_potato,A,2020,106738.36105109609,125.16614384088749,852.773423992218,713.8269839503099,991.7198640341261,2,2,suppressed
district,55.0,irish_potato,A,2021,211045.361328125,62.449040393059526,3379.4812538317274,3379.4812538317274,3379.4812538317274,1,1,suppressed
district,55.0,irish_potato,A,2022,215512.65954589844,130.437523164919,1652.2290083154558,-74.89898636530347,3379.3570029962148,2,2,suppressed
district,55.0,irish_potato,A,2023,867311.3525390625,123.39715743105859,7028.616951923104,7028.616951923104,7028.616951923104,2,1,suppressed
district,55.0,irish_potato,A,2024,418554.94842529297,134.28380685316586,3116.9428260472732,1397.3367757988858,4836.548876295661,2,2,suppressed
district,55.0,irish_potato,A,2025,2267512.4336242676,674.1053995708471,3363.73575269954,2869.6514901265823,3857.820015272498,10,5,suppressed
district,55.0,irish_potato,B,2020,577146.6091918945,514.7397697429642,1121.2395915708887,648.4320407606735,1594.0471423811039,8,6,suppressed
district,55.0,irish_potato,B,2021,899456.615647583,555.609857351415,1618.8636751969827,1300.6837200631646,1937.0436303308009,8,6,suppressed
district,55.0,irish_potato,B,2022,716143.2547998047,544.0133383646489,1316.4075295517443,710.0758668012357,1922.7391923022528,8,7,suppressed
district,55.0,irish_potato,B,2023,1232778.1622314453,639.938077217515,1926.4022662811858,1175.0993492832895,2677.705183279082,9,6,suppressed
district,55.0,irish_potato,B,2024,2070419.3456115723,674.100702477204,3071.3798962130404,1948.5082752792077,4194.251517146873,10,7,suppressed
district,55.0,irish_potato,B,2025,2565432.9627990723,1313.7679075862395,1952.7292058096418,1542.5127369421275,2362.945674677156,20,12,ok
district,56.0,irish_potato,A,2020,2908399.810519816,587.3126339749537,4952.047073865342,762.4757056895178,9141.618442041166,10,7,suppressed
district,56.0,irish_potato,A,2021,547481.0668945312,116.97538630001202,4680.30997128218,1475.3546991744397,7885.265243389921,2,2,suppressed
district,56.0,irish_potato,A,2022,1771914.267425537,372.90653351694044,4751.631060776366,987.4476578294289,8515.814463723304,6,5,suppressed
district,56.0,irish_potato,A,2023,124064.23095703125,174.70311192360745,710.1432229282836,-426.65451827781385,1846.9409641343811,3,3,suppressed
district,56.0,irish_potato,A,2024,721428.5467529297,242.04621172318383,2980.5405406550694,305.2076881590606,5655.873393151078,3,2,suppressed
district,56.0,irish_potato,A,2025,1948243.9306640625,490.5519808209094,3971.5341224467033,2695.608569852304,5247.459675041103,8,4,suppressed
district,56.0,irish_potato,B,2020,268522.5877685547,84.64317673632844,3172.406780112095,1964.780332252944,4380.033227971246,4,4,suppressed
district,56.0,irish_potato,B,2021,695508.0603060913,231.07155492738272,3009.9250447536215,2185.9467990541725,3833.9032904530704,4,4,suppressed
district,56.0,irish_potato,B,2022,745122.0309448242,296.66442981790067,2511.666233131478,779.9353973646046,4243.397068898351,5,5,suppressed
district,56.0,irish_potato,B,2023,2127161.1169281006,628.3348816582063,3385.393965896687,2055.591660638884,4715.196271154489,11,10,use_with_caution
district,56.0,irish_potato,B,2024,603941.7120361328,245.27598570531495,2462.29450591928,1137.9771290000826,3786.611882838477,4,3,suppressed
district,56.0,irish_potato,B,2025,1869702.2413330078,613.190042264131,3049.1399280219157,1928.0314424030025,4170.248413640829,10,8,suppressed
district,57.0,irish_potato,A,2022,192963.91078674316,67.63430493147075,2853.0478871965993,2853.0478871965993,2853.0478871965993,1,1,suppressed
district,57.0,irish_potato,A,2023,137557.89184570312,64.82277961003035,2122.0609895663606,2122.0609895663606,2122.0609895663606,1,1,suppressed
district,57.0,irish_potato,A,2025,52383.58740234375,58.74490833554877,891.7128119960731,891.7128119960731,891.7128119960731,1,1,suppressed
district,57.0,irish_potato,B,2020,386194.8054272461,321.5659036763897,1200.9818236696392,44.442893190840095,2357.5207541484383,4,4,suppressed
district,57.0,irish_potato,B,2021,331038.435546875,180.3883843383336,1835.1427491361337,1136.8417969009013,2533.443701371366,4,4,suppressed
district,57.0,irish_potato,B,2023,128310.46875,70.65853248287117,1815.9232047609346,1815.9232047609341,1815.923204760935,1,1,suppressed
district,57.0,irish_potato,B,2024,57595.83251953125,58.744915111593905,980.4394543786502,980.4394543786502,980.4394543786502,1,1,suppressed
district,57.0,irish_potato,B,2025,691227.0766601562,625.296368474986,1105.4391349592615,646.0191832327515,1564.8590866857717,9,7,suppressed
district,11.0,maize,A,2020,13381.173828328612,17.72887457236394,754.7672455863276,754.7672455863276,754.7672455863276,1,1,suppressed
district,11.0,maize,A,2021,71907.14279174805,49.80382754689284,1443.8075612570904,193.30418924653668,2694.310933267644,3,3,suppressed
district,11.0,maize,A,2022,77696.90437316895,49.15889910153821,1580.5257195179493,1580.5257195179493,1580.5257195179493,1,1,suppressed
district,11.0,maize,A,2023,165669.10528198243,116.13326291648698,1426.5431033408347,289.3692065874527,2563.717000094217,5,4,suppressed
district,11.0,maize,A,2024,51740.000244140625,45.35470874699055,1140.7856355724864,1002.6110474818693,1278.9602236631035,3,2,suppressed
district,11.0,maize,A,2025,59865.042541503906,34.60866139766203,1729.7705292221458,817.1897510916331,2642.3513073526583,2,2,suppressed
district,11.0,maize,B,2022,732.8154296875,14.529997246573606,50.43465716143264,50.43465716143264,50.43465716143264,1,1,suppressed
district,12.0,maize,A,2020,386252.1076366514,424.5308720553456,909.8327897017962,318.31552483627013,1501.3500545673223,11,6,suppressed
district,12.0,maize,A,2021,521201.287689209,547.0245003927358,952.7933160489391,584.4400926183655,1321.1465394795127,11,7,suppressed
district,12.0,maize,A,2022,1489483.9286367989,834.5419115840815,1784.7922410625758,902.0764658508451,2667.5080162743066,21,9,suppressed
district,12.0,maize,A,2023,1386376.588760376,902.9513534441404,1535.3834771633042,437.38360151682105,2633.3833528097875,16,6,suppressed
district,12.0,maize,A,2024,1316596.3864440918,849.8708683502077,1549.1722748420643,1182.540230732906,1915.8043189512227,21,11,ok
district,12.0,maize,A,2025,1329418.4694366455,710.6184574873798,1870.790795579997,1462.7328075788655,2278.8487835811284,14,5,suppressed
district,12.0,maize,B,2020,55109.84436035156,233.53336337678033,235.98274594897134,193.75648101718033,278.2090108807623,3,2,suppressed
district,12.0,maize,B,2021,51872.537841796875,38.84726889595644,1335.2943286882187,1335.2943286882187,1335.2943286882187,1,1,suppressed
district,12.0,maize,B,2022,21985.944969177246,39.14710055887452,561.6238407263882,561.623840726388,561.6238407263883,1,1,suppressed
district,12.0,maize,B,2023,512033.9596435547,424.02841656663685,1207.5463333082716,722.3157699172867,1692.7768966992567,11,3,suppressed
district,12.0,maize,B,2024,313483.16818237305,246.51663735774102,1271.6511613268976,1223.3819050848367,1319.9204175689586,7,3,suppressed
district,12.0,maize,B,2025,72499.08142089844,80.72452077677484,898.1048227140058,401.5060662654225,1394.703579162589,2,2,suppressed
district,13.0,maize,A,2020,403507.60319245304,157.57394335086198,2560.7508107732187,1291.6349919421384,3829.8666296042993,11,4,suppressed
district,13.0,maize,A,2021,151597.45525360107,145.61234584441053,1041.1030354224617,539.7276201105235,1542.4784507344,12,4,suppressed
district,13.0,maize,A,2022,624670.7006335449,317.17140477996287,1969.5051042413777,1279.6610631674023,2659.349145315353,21,5,suppressed
district,13.0,maize,A,2023,330359.65464782715,377.72391467814265,874.6061390614507,648.7313991384542,1100.4808789844471,19,8,suppressed
district,13.0,maize,A,2024,301915.1131820679,133.227570165685,2266.1609215464864,1533.3625844836743,2998.9592586092986,5,3,suppressed
district,13.0,maize,A,2025,207084.01377105713,103.11221688834573,2008.3363545107022,1096.9595428586292,2919.7131661627755,7,6,suppressed
district,13.0,maize,B,2020,8122.4517822265625,17.868241766718793,454.57476388949243,454.57476388949243,454.57476388949243,1,1,suppressed
district,13.0,maize,B,2021,23514.258003234863,99.95616865203651,235.24569138991086,-0.03519028219386655,470.5265730620156,3,3,suppressed
district,13.0,maize,B,2022,183491.31941223145,138.37535680347804,1326.0404428284692,-65.14594589979788,2717.226831556736,7,5,suppressed
district,13.0,maize,B,2023,7923.862968750001,16.858634294995845,470.0180827282103,470.0180827282103,470.0180827282103,1,1,suppressed
district,21.0,maize,A,2020,710211.5655419228,398.3918843419108,1782.6958666969226,788.9506962774645,2776.441037116381,7,6,suppressed
district,21.0,maize,A,2021,889478.8709436036,437.58410567021633,2032.7037920658756,1498.5755218951708,2566.8320622365804,8,6,suppressed
district,21.0,maize,A,2022,1027787.3415527344,290.17743830685913,3541.9271310330532,2204.2555041074147,4879.598757958692,5,3,suppressed
district,21.0,maize,A,2023,614144.7064208984,394.20244878803607,1557.9423930751025,730.1123462134726,2385.7724399367326,7,7,suppressed
district,21.0,maize,A,2024,400596.2429199219,377.816036179395,1060.2944411012516,299.0689940331115,1821.5198881693916,7,5,suppressed
district,21.0,maize,A,2025,659294.7994384766,428.3926320350911,1538.9965889620423,913.2428319136208,2164.750346010464,8,5,suppressed
district,21.0,maize,B,2020,749870.9896966553,437.24312605071526,1714.9977781690243,1041.239489655973,2388.7560666820755,8,5,suppressed
district,21.0,maize,B,2021,535648.2641601562,374.70758564542996,1429.5100624597915,764.7520175366787,2094.2681073829044,7,4,suppressed
district,21.0,maize,B,2022,504323.67919921875,214.2441365415351,2353.967241952717,1239.9688348284667,3467.965649076967,4,4,suppressed
district,21.0,maize,B,2023,497310.79302978516,617.6671999847282,805.1436000520687,305.98425859985645,1304.3029415042809,11,8,suppressed
district,21.0,maize,B,2024,122291.98547363281,55.34270528332293,2209.7218567030277,2209.7218567030277,2209.7218567030277,1,1,suppressed
district,22.0,maize,A,2020,134503.20953840652,139.1346029753164,966.7128569179047,-114.67157642116445,2048.097290256974,3,3,suppressed
district,22.0,maize,A,2021,35987.4951171875,56.20411806002927,640.2999701685694,640.2999701685694,640.2999701685694,1,1,suppressed
district,22.0,maize,A,2022,512106.50537109375,273.1031292058349,1875.1396472836627,886.0840070626186,2864.195287504707,5,4,suppressed
district,22.0,maize,A,2023,58945.12634277344,113.59164507649095,518.9213194604291,0.9924441595713915,1036.8501947612867,2,2,suppressed
district,22.0,maize,A,2024,691329.5303955078,423.1405902732268,1633.8057522420818,849.6490008801946,2417.962503603969,6,6,suppressed
district,22.0,maize,A,2025,759484.4201660156,385.25654310290116,1971.373189535055,1246.0498397402139,2696.696539329896,6,6,suppressed
district,22.0,maize,B,2021,117609.97146606445,56.204124897033516,2092.550532216755,2092.550532216755,2092.550532216755,1,1,suppressed
district,22.0,maize,B,2022,244981.455078125,118.6594308461224,2064.5763537819175,1684.6960234879116,2444.4566840759235,2,2,suppressed
district,22.0,maize,B,2023,3297.7108154296875,56.383516791725874,58.487143106221026,58.487143106221026,58.487143106221026,1,1,suppressed
district,22.0,maize,B,2024,19296.017578125,118.66167508960962,162.61372986310235,162.61372986310235,162.61372986310235,1,1,suppressed
district,23.0,maize,A,2020,2286176.875215468,1670.9849627602875,1368.161249900747,944.8367459322205,1791.4857538692734,26,14,ok
district,23.0,maize,A,2021,2138336.012854004,1567.7424378070243,1363.9587481251908,1036.9296006743825,1690.9878955759991,27,13,ok
district,23.0,maize,A,2022,2111299.1408813475,970.6259336360514,2175.193416656644,1694.6354203510919,2655.751412962196,13,8,suppressed
district,23.0,maize,A,2023,2362366.2061157227,1480.530551205381,1595.6213832888425,936.323299115678,2254.919467462007,24,16,use_with_caution
district,23.0,maize,A,2024,3065092.0919189453,1354.373048896358,2263.1077120270566,1917.0757438927212,2609.139680161392,20,9,suppressed
district,23.0,maize,A,2025,2271890.949279785,1048.8140029971253,2166.152380486488,1629.3329970675718,2702.971763905404,16,6,suppressed
district,23.0,maize,B,2020,252114.32739257812,130.78561374226285,1927.6915876192304,1916.9239939663778,1938.459181272083,2,2,suppressed
district,23.0,maize,B,2021,596133.478515625,293.90209092768896,2028.3403790492134,1756.8861033765445,2299.7946547218826,5,3,suppressed
district,23.0,maize,B,2022,57074.51171875,79.71453485532233,715.9862605023943,715.9862605023943,715.9862605023943,1,1,suppressed
district,23.0,maize,B,2023,47907.892968750006,48.500052110369325,987.7905462808211,987.7905462808208,987.7905462808214,1,1,suppressed
district,23.0,maize,B,2024,235927.5537109375,129.59888341358752,1820.4443394625898,-199.87289471643817,3840.761573641618,2,2,suppressed
district,24.0,maize,A,2020,562798.5033064974,189.75538833762943,2965.915794207208,1168.857828486444,4762.9737599279715,4,4,suppressed
district,24.0,maize,A,2021,148005.33569335938,93.05004686709414,1590.5992600386257,870.8037200681966,2310.394800009055,2,2,suppressed
district,24.0,maize,A,2022,179236.1572265625,173.04120522529183,1035.8004441381759,913.7505349528057,1157.8503533235462,3,3,suppressed
district,24.0,maize,A,2023,343244.75646972656,213.09700075125954,1610.744192830681,620.9222461593264,2600.5661395020356,4,4,suppressed
district,24.0,maize,A,2024,1272801.420288086,1045.5193041753068,1217.3868193586884,969.7178797911985,1465.0557589261784,15,9,suppressed
district,24.0,maize,A,2025,1747977.6686401367,1252.680804113904,1395.389522134959,802.0276993736175,1988.7513448963005,18,9,suppressed
district,24.0,maize,B,2020,226633.3056640625,207.06776781141411,1094.4885727964556,345.77634253645647,1843.2008030564548,4,4,suppressed
district,24.0,maize,B,2021,48797.61462402344,81.3153582984601,600.1032971522618,600.1032971522616,600.103297152262,4,1,suppressed
district,24.0,maize,B,2022,70806.66302490234,85.70381526154192,826.1786573774107,772.9943029148118,879.3630118400096,2,2,suppressed
district,25.0,maize,A,2020,519101.8954512287,456.11043495086824,1138.1057210566687,255.6762057803261,2020.5352363330112,7,6,suppressed
district,25.0,maize,A,2021,627264.6892700195,954.1410298964717,657.412971055317,404.16607839299684,910.6598637176372,13,12,ok
district,25.0,maize,A,2022,964001.8350402832,770.2006834728243,1251.624226939935,657.5566596639981,1845.6917942158718,12,9,suppressed
district,25.0,maize,A,2023,882975.2543334961,977.8042256494032,903.018448040632,599.4325954203434,1206.6043006609207,13,10,ok
district,25.0,maize,A,2024,2691272.263092041,1850.639911070916,1454.2387457399388,1055.1511670039342,1853.3263244759435,28,13,ok
district,25.0,maize,A,2025,1121745.4311523438,828.3656489495271,1354.1670065325131,1072.4391822508614,1635.8948308141648,13,6,suppressed
district,25.0,maize,B,2020,167046.64306640625,250.29188793436674,667.4073396665991,328.2865536735356,1006.5281256596627,4,4,suppressed
district,25.0,maize,B,2021,76632.27752685547,111.75671872957321,685.7062232856782,448.00504586982953,923.407400701527,3,2,suppressed
district,25.0,maize,B,2022,339866.2702636719,335.8474239070353,1011.966286088736,594.5463593311906,1429.3862128462813,6,5,suppressed
district,25.0,maize,B,2023,386259.1568969727,517.4146680000476,746.5176014239648,353.79703472684497,1139.2381681210848,8,7,suppressed
district,25.0,maize,B,2024,168781.4111328125,121.96078321558088,1383.8990426493926,1383.8990426493926,1383.8990426493926,2,1,suppressed
district,25.0,maize,B,2025,595740.9918212891,426.86241421619764,1395.6276588914143,645.6453394702261,2145.6099783126024,7,6,suppressed
district,26.0,maize,A,2020,1071273.743579233,378.72260939012006,2828.650091169286,2080.2321042181334,3577.0680781204387,7,7,suppressed
district,26.0,maize,A,2021,627381.9300537109,505.7776610902535,1240.4302884815581,687.6703595131688,1793.1902174499473,9,7,suppressed
district,26.0,maize,A,2022,1518570.3349609375,808.9157401029937,1877.2911190572065,1159.310121695969,2595.272116418444,12,6,suppressed
district,26.0,maize,A,2023,2013691.322265625,1170.4732470153358,1720.4078157279243,967.6862768867605,2473.1293545690883,19,10,use_with_caution
district,26.0,maize,A,2024,1926997.4754943848,959.4939759494589,2008.3476538636328,1077.8169311579904,2938.878376569275,20,7,suppressed
district,26.0,maize,A,2025,1783969.480834961,1041.4870231731115,1712.9061055410166,1194.9241152111458,2230.8880958708874,22,8,suppressed
district,26.0,maize,B,2020,137318.18969726562,112.61453002174076,1219.364762884112,921.2099526156001,1517.519573152624,2,2,suppressed
district,26.0,maize,B,2021,179905.36785888672,112.59404791870111,1597.823074882146,942.1842062245969,2253.4619435396953,2,2,suppressed
district,26.0,maize,B,2022,46090.244140625,57.246124066403624,805.1242750891192,805.1242750891192,805.1242750891192,1,1,suppressed
district,26.0,maize,B,2023,120908.39263916016,146.23952693954877,826.7832587364716,760.8326191544503,892.7338983184928,3,3,suppressed
district,26.0,maize,B,2024,104928.22082519531,196.62350763007925,533.6504372742841,525.4369554976239,541.8639190509442,3,2,suppressed
district,26.0,maize,B,2025,139043.61923217773,99.2960827207987,1400.2930973937955,-576.8442772165643,3377.4304720041555,2,2,suppressed
district,27.0,maize,A,2020,896736.8806630486,674.0621547740426,1330.3474676807073,317.2483292793029,2343.4466060821114,13,8,suppressed
district,27.0,maize,A,2021,406402.46565551753,418.92352306085286,970.1113527503766,848.9545884209308,1091.2681170798223,10,7,suppressed
district,27.0,maize,A,2022,501349.92973632814,317.17494718858455,1580.673171636843,778.2254865670251,2383.120856706661,6,6,suppressed
district,27.0,maize,A,2023,345381.0339355469,144.04061828065647,2397.8030506824675,1163.1633207121508,3632.442780652784,3,3,suppressed
district,27.0,maize,A,2024,726906.2720336914,315.33575362147093,2305.18190114994,1785.2008076946704,2825.16299460521,8,3,suppressed
district,27.0,maize,A,2025,552733.4698486328,431.3083928754043,1281.5272760256848,263.3147440645272,2299.7398079868426,9,5,suppressed
district,27.0,maize,B,2020,108559.67306030274,285.40041130779935,380.3767225241418,67.82823695935826,692.9252080889254,5,4,suppressed
district,27.0,maize,B,2021,36188.2814642334,140.4386395336252,257.6803761728897,78.33755354448755,437.0231988012918,3,3,suppressed
district,27.0,maize,B,2022,186767.5528930664,167.47479641336759,1115.1979694429942,814.7806887312518,1415.6152501547367,4,3,suppressed
district,27.0,maize,B,2023,141899.25385131835,260.4835173787518,544.7532929501718,216.19303185573415,873.3135540446095,6,4,suppressed
district,27.0,maize,B,2024,63395.166015625,137.96113951277098,459.51465926937016,120.61551944776772,798.4137990909726,2,2,suppressed
district,27.0,maize,B,2025,113692.01232910156,142.9785940904387,795.168067306548,553.5685732785895,1036.7675613345064,2,2,suppressed
district,28.0,maize,A,2020,1168551.048535652,680.3236045588053,1717.6400182284806,887.796060143346,2547.483976313615,17,7,suppressed
district,28.0,maize,A,2021,557163.2850439453,389.02830388902703,1432.1921553627624,1104.2852273564902,1760.0990833690346,9,4,suppressed
district,28.0,maize,A,2022,578110.3229980469,296.54252365739944,1949.5022699204767,1626.2341784808875,2272.7703613600656,6,2,suppressed
district,28.0,maize,A,2023,187538.97033691406,92.009412887308,2038.2585265119503,266.4380567457347,3810.078996278166,2,2,suppressed
district,28.0,maize,A,2024,2219105.379699707,1365.2910408802425,1625.3716704014887,1263.5974420879988,1987.1458987149786,25,12,ok
district,28.0,maize,A,2025,954662.1315307617,611.3365664479078,1561.5982814142835,1164.298020169753,1958.898542658814,11,6,suppressed
district,28.0,maize,B,2020,23647.28759765625,54.832130200230715,431.2669872810586,431.2669872810586,431.2669872810586,1,1,suppressed
district,28.0,maize,B,2021,115919.90966796875,53.76820981337818,2155.9190843494753,2155.919084349475,2155.9190843494757,1,1,suppressed
district,28.0,maize,B,2022,174167.66235351562,106.0899601863972,1641.6978764767912,201.2980842248976,3082.0976687286848,2,2,suppressed
district,28.0,maize,B,2023,318170.9538574219,273.413960983559,1163.696808724973,641.4202514405879,1685.973366009358,5,4,suppressed
district,28.0,maize,B,2024,382575.0306854248,235.6842950030204,1623.2521164828652,999.9103710731576,2246.593861892573,5,3,suppressed
district,28.0,maize,B,2025,24450.851440429688,57.34612020951318,426.3732463695691,426.3732463695691,426.3732463695691,1,1,suppressed
district,31.0,maize,A,2020,4248836.070378642,3116.1394510126565,1363.4935589926474,1131.0701097004862,1595.9170082848086,48,24,ok
district,31.0,maize,A,2021,1490184.2819006348,1464.3657367841329,1017.6312136155285,679.5743268682243,1355.6881003628328,22,17,ok
district,31.0,maize,A,2022,1814393.6234680177,1159.2774346351564,1565.107341228493,975.1595424124504,2155.0551400445356,18,13,ok
district,31.0,maize,A,2023,1954213.51121521,2182.1836402500303,895.5311895708741,670.7204232584993,1120.3419558832488,34,15,ok
district,31.0,maize,A,2024,2045527.0690917969,1032.4240697990056,1981.2857225326259,1557.8955701008783,2404.675874964373,16,12,ok
district,31.0,maize,A,2025,1693888.4138183594,972.380989452536,1742.0007509320417,1229.6068474338226,2254.3946544302607,15,9,suppressed
district,31.0,maize,B,2020,391465.69677734375,246.84947797363026,1585.8477805618943,759.704094806403,2411.991466317386,4,4,suppressed
district,31.0,maize,B,2021,132238.1678466797,246.84948061307517,535.7036503307727,-88.88466248077862,1160.291963142324,4,4,suppressed
district,31.0,maize,B,2022,52797.819140625004,61.732834687499995,855.263157894737,855.263157894737,855.263157894737,1,1,suppressed
district,31.0,maize,B,2023,179490.31799316406,304.02087805764654,590.3881310385868,417.64270442493694,763.1335576522367,5,4,suppressed
district,31.0,maize,B,2024,103753.5400390625,60.04308678347618,1727.9847788840766,1727.9847788840766,1727.9847788840766,1,1,suppressed
district,31.0,maize,B,2025,122938.54321289062,120.08609935760657,1023.7533225789082,357.36348801825636,1690.1431571395601,2,2,suppressed
district,32.0,maize,A,2020,4520019.369057824,4619.183791035955,978.5320466852669,766.4404330509755,1190.6236603195582,77,21,ok
district,32.0,maize,A,2021,3087733.979660797,3042.475342597902,1014.8755969947318,794.0218307426758,1235.729363246788,49,20,ok
district,32.0,maize,A,2022,1544249.326928711,1592.0186570518601,969.9944910120529,626.0499755324638,1313.939006491642,28,13,ok
district,32.0,maize,A,2023,2969253.954772949,3598.249776850118,825.1939523142868,643.1080212373143,1007.2798833912592,58,20,ok
district,32.0,maize,A,2024,1565408.9562683105,1465.6335133871564,1068.0766658034229,792.8911653316793,1343.2621662751665,28,9,suppressed
district,32.0,maize,A,2025,2415598.2387695312,2117.9557449155213,1140.5329146128508,951.1492480510569,1329.9165811746448,39,14,ok
district,32.0,maize,B,2020,617853.4757702637,563.9896057185467,1095.5050758126865,600.1333763890618,1590.8767752363112,9,5,suppressed
district,32.0,maize,B,2021,835639.3957214355,576.7364717385975,1448.9102678080403,711.5653485352186,2186.255187080862,10,5,suppressed
district,32.0,maize,B,2022,97016.63818359375,56.82425955297159,1707.310204247445,1707.310204247445,1707.310204247445,1,1,suppressed
district,32.0,maize,B,2023,264338.34736022947,453.62625092898736,582.7227741315397,221.52110207311927,943.9244461899602,8,7,suppressed
district,32.0,maize,B,2024,359731.0471191406,366.4083792673673,981.7762569688554,747.5898343449762,1215.9626795927345,7,4,suppressed
district,32.0,maize,B,2025,833577.3518676758,790.3820448899887,1054.6511743997162,816.6763618384459,1292.6259869609864,15,6,suppressed
district,33.0,maize,A,2020,425668.2032873232,330.10853090677335,1289.479560307204,914.9594943725596,1663.9996262418485,8,5,suppressed
district,33.0,maize,A,2021,1955581.113149414,1122.746930313106,1741.7826407274624,1412.0740104549945,2071.4912709999303,24,13,ok
district,33.0,maize,A,2022,217668.7508544922,188.0025236933984,1157.7969623933059,219.8805446874087,2095.7133800992033,3,2,suppressed
district,33.0,maize,A,2023,1032106.8073425293,1041.719504308795,990.772278980565,539.780778078439,1441.763779882691,20,10,use_with_caution
district,33.0,maize,A,2024,1792276.9669799805,1103.4427005823384,1624.2592080532247,1310.0107436951198,1938.5076724113296,22,10,ok
district,33.0,maize,A,2025,994483.1439819336,646.3156608512601,1538.6957244268278,930.003813560708,2147.387635292948,14,8,suppressed
district,33.0,maize,B,2020,1775041.3135105898,1972.5022910905818,899.8931567928282,728.7679803549297,1071.0183332307267,35,9,suppressed
district,33.0,maize,B,2021,2498374.2911026003,1445.2662936403344,1728.660179854952,1490.7440408138352,1966.5763188960689,28,10,ok
district,33.0,maize,B,2022,1591245.1073364257,1364.0295563441314,1166.5767064470926,732.1861132234593,1600.9672996707259,26,8,suppressed
district,33.0,maize,B,2023,1212443.2984771729,730.7407436829199,1659.1976141449031,782.854212202761,2535.541016087045,15,6,suppressed
district,33.0,maize,B,2024,1458703.2022094727,1104.4967059376877,1320.694932241625,1064.3722943157995,1577.0175701674507,20,8,suppressed
district,33.0,maize,B,2025,1124401.5681762695,893.4400850455436,1258.5080824070621,996.7314642264162,1520.2847005877081,19,11,ok
district,34.0,maize,A,2020,585392.485019584,781.1386504346711,749.4091922014579,458.59946349555184,1040.218920907364,14,5,suppressed
district,34.0,maize,A,2021,568308.1851501465,823.0330506768373,690.5046944138965,229.6458928965547,1151.3634959312383,13,9,suppressed
district,34.0,maize,A,2022,544234.1501464844,463.81724876928774,1173.3805751954637,647.0345753532872,1699.7265750376403,8,4,suppressed
district,34.0,maize,A,2023,1191793.6274719238,546.0833650865081,2182.4389894812584,1018.3349646413351,3346.5430143211815,10,7,suppressed
district,34.0,maize,A,2024,1570547.9165649414,962.5911544598268,1631.5835744888795,1272.6674743486892,1990.49967462907,18,12,ok
district,34.0,maize,A,2025,949481.4055175781,651.6112078421274,1457.1287204556781,801.8224939423999,2112.4349469689564,13,7,suppressed
district,34.0,maize,B,2020,3038293.45413208,2758.4183838460967,1101.4621537925477,807.6573248583138,1395.2669827267816,49,15,ok
district,34.0,maize,B,2021,1574297.8141174316,1749.0675757259958,900.0783251407416,590.5293824819394,1209.627267799544,30,13,ok
district,34.0,maize,B,2022,416072.3154998779,545.0705578126104,763.3366167668136,400.06756312975364,1126.6056704038735,10,8,suppressed
district,34.0,maize,B,2023,1047183.4745971679,1070.8307760697737,977.9168641758714,727.9777876200806,1227.8559407316623,20,12,ok
district,34.0,maize,B,2024,1559018.7495422363,1548.279787333507,1006.9360604566338,774.7859610741472,1239.0861598391202,30,16,ok
district,34.0,maize,B,2025,1626996.0236816406,1578.5087733560488,1030.7171243796788,835.06687432369,1226.3673744356677,28,14,ok
district,35.0,maize,A,2020,499396.9684033206,1306.1922731920768,382.3303648726177,226.91890973153235,537.741820013703,21,14,use_with_caution
district,35.0,maize,A,2021,637736.3824237061,985.68525896803,646.9979911147182,241.7974911852432,1052.1984910441931,16,13,use_with_caution
district,35.0,maize,A,2022,453946.48709106445,419.0457752623428,1083.286156045535,635.0367348486977,1531.5355772423725,7,7,suppressed
district,35.0,maize,A,2023,533215.8681640625,428.28719108678854,1244.9960663334691,576.9059951403506,1913.0861375265877,7,7,suppressed
district,35.0,maize,A,2024,704619.3785400391,669.3109924231071,1052.753333676928,808.234885127129,1297.2717822267268,12,7,suppressed
district,35.0,maize,A,2025,1482028.2758789062,1059.7424018898173,1398.479737373946,932.8656324183548,1864.093842329537,19,6,suppressed
district,35.0,maize,B,2020,1014138.1332745361,2242.462936078641,452.24298558438744,366.1788776271559,538.307093541619,40,14,ok
district,35.0,maize,B,2021,498463.4882015991,1448.9020008592702,344.028435260622,251.05492045853595,437.0019500627081,30,13,ok
district,35.0,maize,B,2022,1989399.5333618163,2415.0716471986907,823.7434842437808,512.6724742949473,1134.8144941926143,42,15,ok
district,35.0,maize,B,2023,589766.0891723633,931.0531646990402,633.4397556803356,403.5548851922992,863.3246261683719,19,9,suppressed
district,35.0,maize,B,2024,603741.9083251953,501.9832289403096,1202.7133049837125,723.6881249307626,1681.7384850366625,9,6,suppressed
district,35.0,maize,B,2025,2158171.7810668945,1810.2782347267514,1192.1768376078692,964.4017854014135,1419.9518898143249,33,17,ok
district,36.0,maize,A,2020,348679.473657662,246.537184391877,1414.307843734547,480.4892837431265,2348.1264037259675,5,4,suppressed
district,36.0,maize,A,2021,209395.78842163086,215.65441505825814,970.9784442162404,525.7053535665311,1416.2515348659497,4,4,suppressed
district,36.0,maize,A,2022,318996.35917663574,334.0224055594317,955.0148548938511,173.91207304346574,1736.1176367442363,6,5,suppressed
district,36.0,maize,A,2023,379045.14892578125,108.43200106455683,3495.6944924414915,3495.6944924414915,3495.6944924414915,2,1,suppressed
district,36.0,maize,A,2024,1453607.6436157227,832.0885184908316,1746.938710621975,973.6012132106287,2520.2762080333214,15,7,suppressed
district,36.0,maize,A,2025,1105683.8369750977,600.0443131632622,1842.6703040417935,1114.2938670882168,2571.0467409953703,11,6,suppressed
district,36.0,maize,B,2020,16669.54959228516,61.76542517456487,269.8848027868788,269.8848027868787,269.88480278687894,1,1,suppressed
district,36.0,maize,B,2023,50058.52005371094,157.9197958940102,316.98698551578883,86.2225538244482,547.7514172071294,2,2,suppressed
district,37.0,maize,A,2020,1372378.6638807515,1118.7168596476984,1226.7435249996458,785.2364772788533,1668.2505727204384,23,9,suppressed
district,37.0,maize,A,2021,1196937.1775665283,1055.013642199529,1134.5229385575644,926.9022874858721,1342.143589629257,21,8,suppressed
district,37.0,maize,A,2022,1524975.8544006348,664.2128906597987,2295.9142706275898,1439.383513014656,3152.4450282405232,15,6,suppressed
district,37.0,maize,A,2023,1550424.845756836,906.5003707408997,1710.3411049789695,842.2842300245909,2578.3979799333483,19,10,use_with_caution
district,37.0,maize,A,2024,2660403.6498947144,1419.6218092993959,1874.022808375748,1092.9566889612718,2655.0889277902243,32,9,suppressed
district,37.0,maize,A,2025,2476698.6611175537,1393.1034178389884,1777.8282856842468,1365.9644744051152,2189.6920969633784,30,12,ok
district,37.0,maize,B,2021,155802.35727539062,246.56090782283954,631.9021074798227,14.556028098573165,1249.248186861072,4,4,suppressed
district,37.0,maize,B,2023,41184.32421875,60.001559290367084,686.387565687179,686.387565687179,686.387565687179,1,1,suppressed
district,37.0,maize,B,2025,31555.65673828125,59.42461355842786,531.0199738573797,531.0199738573796,531.0199738573798,1,1,suppressed
district,41.0,maize,A,2020,881675.7611299674,858.1231969520871,1027.446600047097,765.248450038739,1289.644750055455,16,11,ok
district,41.0,maize,A,2021,1239577.466430664,926.7671588756202,1337.5284768771414,841.0116629434146,1834.0452908108682,16,10,ok
district,41.0,maize,A,2022,1265310.194732666,762.4213818328523,1659.5943199951644,1128.9867975939442,2190.2018423963846,13,9,suppressed
district,41.0,maize,A,2023,1218583.8812561035,1407.9622103578013,865.4947357901235,484.43178312964955,1246.5576884505974,25,16,use_with_caution
district,41.0,maize,A,2024,1279585.1967773438,531.9278311050757,2405.5616607219367,1697.0157017369274,3114.107619706946,9,7,suppressed
district,41.0,maize,A,2025,2367741.1953125,970.8357575703424,2438.8689609436274,1540.0374353736354,3337.7004865136196,19,9,suppressed
district,41.0,maize,B,2020,472083.98278808594,463.2270095099883,1019.1201572798329,409.2535055894988,1628.9868089701672,8,7,suppressed
district,41.0,maize,B,2021,390012.2007598877,561.4720699356917,694.6244018951073,472.04258086827366,917.2062229219409,12,8,suppressed
district,41.0,maize,B,2022,294278.4885253906,233.69232214722967,1259.2561271225281,647.1170260059532,1871.395228239103,5,4,suppressed
district,41.0,maize,B,2023,212754.5939453125,423.8655161367989,501.9389071430095,301.1728828165378,702.7049314694812,7,6,suppressed
district,41.0,maize,B,2024,84791.39038085938,116.73647813806012,726.3487106453528,390.760881571051,1061.9365397196545,2,2,suppressed
district,41.0,maize,B,2025,335567.33142089844,345.12141958842943,972.3167336906396,686.114445813553,1258.5190215677262,5,4,suppressed
district,42.0,maize,A,2020,11443140.424390318,7860.88124775274,1455.7070719853032,1303.1454984729983,1608.268645497608,131,32,ok
district,42.0,maize,A,2021,6074397.409545898,3710.6946458167804,1636.9973790200759,1414.1223247190228,1859.872433321129,62,22,ok
district,42.0,maize,A,2022,6110140.176330566,3579.5638095597196,1706.9510424741118,1350.6832754755865,2063.218809472637,61,17,ok
district,42.0,maize,A,2023,9912509.496551514,6847.397905961992,1447.6315868719628,1095.0656928224175,1800.197480921508,111,26,ok
district,42.0,maize,A,2024,6316743.103271484,3304.4245719225996,1911.6015408383917,1730.196126380618,2093.0069552961654,54,18,ok
district,42.0,maize,A,2025,5389152.7535095215,3172.8430543696054,1698.5248438581411,1308.9459417009975,2088.1037460152847,52,21,ok
district,42.0,maize,B,2020,674468.735682373,365.34115058620637,1846.1340437565204,1492.4537647191505,2199.8143227938904,6,5,suppressed
district,42.0,maize,B,2021,132959.45764160156,121.78038313212394,1091.7970055764156,914.843274755179,1268.7507363976522,2,2,suppressed
district,42.0,maize,B,2022,33847.40417480469,182.6705812338717,185.29203742703442,21.054175618670683,349.52989923539815,3,3,suppressed
district,42.0,maize,B,2023,270164.8775756836,365.3460508729155,739.4766603612737,71.45821567605253,1407.495105046495,6,5,suppressed
district,42.0,maize,B,2024,67871.77502441406,122.12363669597804,555.7628061255509,260.4984390114255,851.0271732396764,2,2,suppressed
district,42.0,maize,B,2025,542696.7225952148,546.230897852012,993.5298876890799,445.54841933295916,1541.5113560452007,9,8,suppressed
district,43.0,maize,A,2020,6565152.653752234,3398.343859328823,1931.8682645166048,1405.99966144582,2457.7368675873895,73,15,ok
district,43.0,maize,A,2021,5328421.580825806,3228.8156818501993,1650.271215782895,1275.9645444883893,2024.5778870774009,70,18,ok
district,43.0,maize,A,2022,5194631.9662536625,2260.9347668295327,2297.5594176642253,1511.5905191657644,3083.528316162686,49,16,ok
district,43.0,maize,A,2023,4169996.8139953613,2541.4813713072886,1640.7741017005355,1091.241178544432,2190.307024856639,55,16,ok
district,43.0,maize,A,2024,5461681.938323975,2455.924029595092,2223.880654494203,1634.5659613648027,2813.1953476236035,48,18,ok
district,43.0,maize,A,2025,6292994.931060791,3313.611036013219,1899.1350712762676,1482.4281030923767,2315.8420394601585,68,20,ok
district,43.0,maize,B,2020,2435336.8029174805,2000.8786253863707,1217.1336991753888,1075.8957448257618,1358.3716535250157,38,9,suppressed
district,43.0,maize,B,2021,1543245.1160601806,1250.4271162518185,1234.1743840985232,965.5793282757951,1502.7694399212514,24,10,ok
district,43.0,maize,B,2022,556127.4627685547,759.8947612626441,731.8480020108194,322.5886087688448,1141.107395252794,15,7,suppressed
district,43.0,maize,B,2023,949584.7505493164,835.9843972168884,1135.8881262743896,702.8838378600549,1568.8924146887243,15,9,suppressed
district,43.0,maize,B,2024,1580156.8168945312,1113.2061745247643,1419.4646535886416,939.6309034109702,1899.298403766313,18,7,suppressed
district,43.0,maize,B,2025,974036.42918396,798.5031115912119,1219.8279694151163,695.4038709891106,1744.252067841122,13,7,suppressed
district,44.0,maize,A,2020,5503754.766938583,3097.472675186468,1776.8533717919743,1432.1169573680927,2121.589786215856,56,20,ok
district,44.0,maize,A,2021,5827280.993004151,4200.628516839666,1387.240259319168,1118.2683053260848,1656.2122133122512,75,26,ok
district,44.0,maize,A,2022,6366629.8832800295,4484.488690158174,1419.7002876275444,1120.06056651216,1719.3400087429288,80,26,ok
district,44.0,maize,A,2023,3000909.3818444824,2268.3961133894277,1322.9212323770632,1021.1988721967905,1624.643592557336,40,18,ok
district,44.0,maize,A,2024,5494464.839904785,2732.6108240655326,2010.701557468843,1643.1263680097104,2378.2767469279756,52,18,ok
district,44.0,maize,A,2025,9757367.263458252,4507.386250354353,2164.7506385083298,1821.642006021202,2507.859270995458,81,23,ok
district,44.0,maize,B,2020,1135426.0196301271,785.1307150895826,1446.1617636504975,1189.1962096649477,1703.1273176360473,14,8,suppressed
district,44.0,maize,B,2021,658519.4070556641,570.9283897574444,1153.4185702964119,721.4814367454566,1585.3557038473673,8,3,suppressed
district,44.0,maize,B,2022,303570.48241088865,450.0183070863801,674.5736287404391,550.4566468371637,798.6906106437144,8,6,suppressed
district,44.0,maize,B,2023,879035.0366210938,418.66758347787453,2099.601381408476,1366.6395601888594,2832.5632026280923,7,5,suppressed
district,44.0,maize,B,2024,442824.70458984375,490.1254480701372,903.4925779378738,418.0850508304901,1388.9001050452575,8,8,suppressed
district,44.0,maize,B,2025,721109.6364135742,650.3100148872413,1108.8705692755,899.7858873663489,1317.9552511846512,12,7,suppressed
district,45.0,maize,A,2020,2132309.187675282,2131.8034000227926,1000.2372581132406,684.6708944583686,1315.8036217681126,35,20,ok
district,45.0,maize,A,2021,1599308.3626708984,1561.641506516389,1024.1200403532655,616.3120179037719,1431.928062802759,25,13,use_with_caution
district,45.0,maize,A,2022,1795766.5953979492,1147.696363665426,1564.6704583630165,1259.9185945756115,1869.4223221504215,21,10,ok
district,45.0,maize,A,2023,1385586.0072631836,1257.2183327766604,1102.1045200661476,721.3608707052207,1482.8481694270745,20,14,ok
district,45.0,maize,A,2024,3465261.9525756836,1941.5943173825558,1784.7507697937483,1171.198836199259,2398.3027033882377,35,15,ok
district,45.0,maize,A,2025,2214751.5111083984,1111.0322663447746,1993.4178135031036,912.2177024466221,3074.617924559585,21,8,suppressed
district,45.0,maize,B,2020,811443.864175415,570.0627872167738,1423.4289316395123,946.129536945891,1900.7283263331335,10,7,suppressed
district,45.0,maize,B,2021,681699.64453125,730.0563710201226,933.7630237767767,607.1532033058886,1260.3728442476647,11,8,suppressed
district,45.0,maize,B,2022,613835.0103759766,485.82978247333733,1263.4775234465258,641.5885219276903,1885.3665249653614,8,7,suppressed
district,45.0,maize,B,2023,443597.3239746094,575.5944782104999,770.6768232970817,312.0655282233385,1229.2881183708248,8,6,suppressed
district,45.0,maize,B,2024,657556.2252807617,761.3867491949358,863.6297203438845,628.2404202279594,1099.0190204598098,11,8,suppressed
district,45.0,maize,B,2025,528834.5395507812,521.0543440826796,1014.9316391974407,895.6665160763396,1134.196762318542,8,6,suppressed
district,51.0,maize,A,2020,3797697.307729058,1913.6541762231423,1984.5264389537363,1518.196964379805,2450.855913527668,32,20,ok
district,51.0,maize,A,2021,2491137.855528259,1569.2688759957048,1587.4512606691612,1079.7705899552775,2095.131931383045,27,15,ok
district,51.0,maize,A,2022,1609596.2743164063,626.7387408074871,2568.2093183558595,1619.1412585509788,3517.27737816074,9,4,suppressed
district,51.0,maize,A,2023,2719798.8817749023,2239.8392758884634,1214.2830564019182,814.0039624339911,1614.5621503698453,34,16,ok
district,51.0,maize,A,2024,2587088.2033691406,2052.0446722311717,1260.7367853041037,944.8819870846254,1576.591583523582,21,14,ok
district,51.0,maize,A,2025,5321578.990142822,2931.241700446731,1815.4691881368212,1106.2003319272244,2524.738044346418,43,21,ok
district,51.0,maize,B,2020,209411.1395263672,165.97116032372787,1261.7320932016703,535.5815804100566,1987.882605993284,3,3,suppressed
district,51.0,maize,B,2021,63166.28839111328,52.20172808034933,1210.0420946580007,1210.0420946580007,1210.0420946580007,2,1,suppressed
district,51.0,maize,B,2023,359912.9063598633,387.9176535037134,927.8074949904748,362.2617903399897,1493.3531996409597,8,7,suppressed
district,51.0,maize,B,2024,258928.26110839844,324.44001888708397,798.0774443195744,-1.6665440251995278,1597.8214326643483,3,3,suppressed
district,51.0,maize,B,2025,1133261.8367767334,800.0186091182779,1416.5443451693352,1106.659725540715,1726.4289647979554,4,4,suppressed
district,52.0,maize,A,2020,26442726.431397058,9440.353221175854,2801.0314669246513,2261.928518543132,3340.1344153061705,74,37,ok
district,52.0,maize,A,2021,15449359.585698852,8243.338852551913,1874.1628679883943,1759.9459999048388,1988.3797360719498,78,28,ok
district,52.0,maize,A,2022,12118568.676078796,5363.020843764026,2259.6534731297825,1835.8840338824205,2683.4229123771447,54,29,ok
district,52.0,maize,A,2023,20925040.40233612,7783.885731803443,2688.2512312379504,2373.629625312025,3002.872837163876,76,35,ok
district,52.0,maize,A,2024,22756818.652061462,7202.249794298208,3159.6819468934987,2659.787807213951,3659.5760865730463,54,26,ok
district,52.0,maize,A,2025,28175715.612155914,9035.6341719613,3118.288664185706,2687.9024963749243,3548.6748319964872,74,33,ok
district,52.0,maize,B,2020,4947297.747380981,3870.421675390757,1278.232234703859,950.4889602744399,1605.975509133278,35,24,ok
district,52.0,maize,B,2021,5550721.692170181,3750.267758345128,1480.086769756284,1206.2774258895524,1753.8961136230155,46,25,ok
district,52.0,maize,B,2022,9424400.196507873,6531.9897412741275,1442.806950071779,999.7316067499188,1885.8822933936394,51,23,ok
district,52.0,maize,B,2023,4674659.368341064,7056.082616047794,662.5006569097405,457.19201464275676,867.8092991767244,75,34,ok
district,52.0,maize,B,2024,9053515.051849365,6864.319525478196,1318.9238959878783,926.4178588855735,1711.429933090183,43,30,ok
district,52.0,maize,B,2025,12547909.268829346,6868.903442722301,1826.7703678560265,1139.353352423487,2514.187383288566,50,32,ok
district,53.0,maize,A,2020,6863208.07569711,3220.859728975956,2130.862146511176,1452.831645212364,2808.892647809988,38,20,ok
district,53.0,maize,A,2021,7187713.317008972,3959.4329162781023,1815.339082386949,1445.8200368980279,2184.85812787587,43,23,ok
district,53.0,maize,A,2022,5185997.537086487,2977.593128231751,1741.6743368716063,1214.4364030772458,2268.912270665967,30,16,ok
district,53.0,maize,A,2023,9182785.322685242,4297.673761360291,2136.6873877785283,1802.9534464529268,2470.4213291041297,52,25,ok
district,53.0,maize,A,2024,13692691.704666138,5415.905335540365,2528.2368978666736,1751.0074236710475,3305.4663720623,56,25,ok
district,53.0,maize,A,2025,8730275.414150238,3652.4521094797983,2390.2504817218946,1627.4029267136025,3153.098036730187,41,20,ok
district,53.0,maize,B,2020,1194878.8442638398,831.7673375289718,1436.5541784961233,744.1499292358733,2128.9584277563736,12,11,use_with_caution
district,53.0,maize,B,2021,1553574.4881988526,913.4050943913596,1700.8603277323134,679.907145648666,2721.813509815961,9,6,suppressed
district,53.0,maize,B,2022,2081461.672554016,1095.0559283754849,1900.7811552071719,1335.8760941164778,2465.686216297866,12,6,suppressed
district,53.0,maize,B,2023,2340860.6271228027,1903.2771920254715,1229.9105127360108,646.7626013979035,1813.0584240741182,20,11,use_with_caution
district,53.0,maize,B,2024,2868192.788536072,1760.3320535603748,1629.3475896976277,1231.7450711462752,2026.95010824898,21,11,ok
district,53.0,maize,B,2025,1983084.9446411133,1354.119344401454,1464.483136468059,1081.783986698156,1847.182286237962,13,7,suppressed
district,54.0,maize,A,2020,2185870.9008703213,930.0769450265005,2350.204370250291,1395.5887338497653,3304.820006650817,11,9,suppressed
district,54.0,maize,A,2021,4286766.711669922,2759.9511464074826,1553.203837412062,1058.7969337792433,2047.6107410448808,22,18,ok
district,54.0,maize,A,2022,1432437.8922271729,731.7453664787829,1957.5633244118487,588.2737432536601,3326.8529055700374,8,5,suppressed
district,54.0,maize,A,2023,1174306.152230835,1382.3734111561168,849.4854883303424,161.12789708304183,1537.843079577643,15,9,suppressed
district,54.0,maize,A,2024,4408495.469024658,2587.6520907362865,1703.666224994826,1356.5972726150242,2050.735177374628,21,12,ok
district,54.0,maize,A,2025,5301182.756713867,2035.5761962244703,2604.26643156191,1960.165634896608,3248.367228227212,21,12,ok
district,54.0,maize,B,2020,454226.73652648926,556.422394970777,816.3343902618172,650.1495718559559,982.5192086676786,4,3,suppressed
district,54.0,maize,B,2021,355341.19365264894,716.530933074972,495.91884627745566,-82.0488092396617,1073.886501794573,7,4,suppressed
district,54.0,maize,B,2022,257670.6658355713,305.94213429293177,842.2202663620639,449.6256924948269,1234.814840229301,3,3,suppressed
district,54.0,maize,B,2023,823293.0251580811,943.9526866455867,872.1761554424093,160.1960388461648,1584.1562720386537,11,9,suppressed
district,54.0,maize,B,2024,52643.053283691406,81.88403604711927,642.8976370119145,642.8976370119145,642.8976370119145,1,1,suppressed
district,54.0,maize,B,2025,443637.64599609375,407.94715568632324,1087.4880234174582,789.0988147337996,1385.8772321011168,4,3,suppressed
district,55.0,maize,A,2020,8525075.150002774,5218.900698924715,1633.5001644616946,1353.2239757475388,1913.7763531758503,76,30,ok
district,55.0,maize,A,2021,7590546.611888161,4912.0681328703295,1545.2852864751865,1262.6575444495609,1827.913028500812,71,31,ok
district,55.0,maize,A,2022,5045825.429493561,4374.092894577786,1153.570706225391,770.420903836367,1536.720508614415,56,21,ok
district,55.0,maize,A,2023,10632936.760862732,6469.86874666549,1643.4547866744358,1203.6220728269466,2083.2875005219253,86,34,ok
district,55.0,maize,A,2024,24161773.577194214,9234.107039960594,2616.57932625582,2242.4032486537226,2990.7554038579174,106,31,ok
district,55.0,maize,A,2025,29581292.230140686,11085.752394696745,2668.406363134353,2412.9734088109144,2923.8393174577914,143,36,ok
district,55.0,maize,B,2020,7003.7109375,62.549565525408056,111.9705769124015,111.9705769124015,111.9705769124015,1,1,suppressed
district,55.0,maize,B,2021,42301.56237792969,73.03132512626948,579.2249052689549,579.2249052689548,579.224905268955,1,1,suppressed
district,55.0,maize,B,2023,219728.3994140625,124.99766475389549,1757.8600355989033,316.34061512953235,3199.3794560682745,2,2,suppressed
district,55.0,maize,B,2024,83135.68084716797,134.28381008869928,619.1042746869773,619.1042746869771,619.1042746869775,2,1,suppressed
district,55.0,maize,B,2025,195986.32446289062,196.17902952531404,999.0177081470446,253.18666582830213,1744.848750465787,3,3,suppressed
district,56.0,maize,A,2020,6858585.388985988,3412.7067474778814,2009.7201126509742,1678.5557154018945,2340.8845099000537,50,22,ok
district,56.0,maize,A,2021,7817830.083049927,3771.884077621091,2072.6591597641554,1703.481906244102,2441.836413284209,58,27,ok
district,56.0,maize,A,2022,4528453.721051025,2182.18890849904,2075.1886802347467,1577.1050324724788,2573.2723279970146,30,16,ok
district,56.0,maize,A,2023,6206980.067245483,4713.408467392947,1316.8771835042448,1014.4665814256994,1619.2877855827903,74,28,ok
district,56.0,maize,A,2024,5134543.551849365,2338.4098328135015,2195.7415162215784,1957.037737852771,2434.445294590386,34,21,ok
district,56.0,maize,A,2025,5931560.336456299,2038.274403911461,2910.089203432864,2378.4495802109655,3441.7288266547625,31,17,ok
district,56.0,maize,B,2020,913078.9809503555,999.259760775458,913.7553785231746,836.3838247638562,991.126932282493,3,3,suppressed
district,56.0,maize,B,2021,150004.25134277344,58.48769489248607,2564.714708256429,2564.714708256429,2564.714708256429,1,1,suppressed
district,56.0,maize,B,2022,109799.32861328125,60.43630809178954,1816.777564349564,1816.777564349564,1816.777564349564,1,1,suppressed
district,56.0,maize,B,2023,77139.47702636718,116.35369572002062,662.9740168458958,288.32657769827995,1037.6214559935115,2,2,suppressed
district,56.0,maize,B,2025,209951.84143066406,122.63798667204887,1711.9641893021667,1448.7143479073297,1975.2140306970036,2,2,suppressed
district,57.0,maize,A,2020,1475418.4799440354,1664.6786196695932,886.3083015007892,486.68128359538787,1285.9353194061905,25,14,use_with_caution
district,57.0,maize,A,2021,1180618.850402832,1053.2605868469166,1120.9180948630958,720.0598694406225,1521.776320285569,14,13,ok
district,57.0,maize,A,2022,1189396.3243859862,735.9054558906093,1616.2352308511588,563.6785039294862,2668.7919577728317,9,7,suppressed
district,57.0,maize,A,2023,950794.267791748,1953.1958019306408,486.78901872097686,189.9706832227938,783.6073542191599,25,20,use_with_caution
district,57.0,maize,A,2024,1129328.2071228027,701.9878359264922,1608.7575159080948,1013.9050036570927,2203.610028159097,8,5,suppressed
district,57.0,maize,A,2025,1120275.7962036133,676.5905584758544,1655.7662269589484,659.618185781828,2651.914268136069,10,8,suppressed
district,57.0,maize,B,2020,268069.53338378906,329.1859552857369,814.3407368370314,332.18271343868713,1296.4987602353756,5,4,suppressed
district,57.0,maize,B,2021,248299.70347595215,421.8301410150888,588.6248499892531,2.669738776208078,1174.5799612022981,6,5,suppressed
district,57.0,maize,B,2022,158883.48876953125,140.62508677099544,1129.8374452082592,562.7463838462487,1696.9285065702697,2,2,suppressed
district,57.0,maize,B,2023,267516.1585351562,841.899109337041,317.7532266850996,93.39143356875658,542.1150198014426,13,11,use_with_caution
district,57.0,maize,B,2024,65255.625,58.74491369090081,1110.8302132054653,1110.8302132054653,1110.8302132054653,1,1,suppressed
district,57.0,maize,B,2025,234748.14434814453,393.4838549056942,596.5890122846497,164.36735615406167,1028.8106684152376,5,5,suppressed
district,11.0,sorghum,A,2023,672.2485961914062,17.72887651336584,37.91828521590731,37.9182852159073,37.918285215907325,1,1,suppressed
district,11.0,sorghum,B,2020,193585.9661923218,243.22057484232738,795.9275909031043,453.1020089885542,1138.7531728176543,13,9,suppressed
district,11.0,sorghum,B,2021,217511.06117630005,154.70595861079028,1405.964341189437,884.5606468522985,1927.3680355265753,7,5,suppressed
district,11.0,sorghum,B,2022,103676.52404022217,136.1853039000768,761.2901030517412,557.9201840311426,964.6600220723398,8,4,suppressed
district,11.0,sorghum,B,2023,132011.62154655455,133.59181200018008,988.1715022053642,499.8309948539197,1476.5120095568086,8,5,suppressed
district,11.0,sorghum,B,2024,100205.06065368652,107.73229886278239,930.1301625552126,619.1954025495513,1241.0649225608738,5,3,suppressed
district,11.0,sorghum,B,2025,137218.07874298096,142.27240518745302,964.474302393267,827.8729419384036,1101.0756628481302,6,4,suppressed
district,12.0,sorghum,B,2020,2514796.1166604613,2366.953085924658,1062.4613270178306,904.7647756594085,1220.1578783762527,40,15,ok
district,12.0,sorghum,B,2021,2141635.000270691,2032.3856169281398,1053.7542592471582,842.4990263189296,1265.0094921753869,51,18,ok
district,12.0,sorghum,B,2022,1273945.1845739745,1141.844560207425,1115.6905492833037,897.1915331557975,1334.1895654108098,29,13,ok
district,12.0,sorghum,B,2023,2392003.351447754,2055.1354269491785,1163.9151951161932,992.6599213515756,1335.1704688808109,52,16,ok
district,12.0,sorghum,B,2024,1939597.7710342407,1489.5450090588768,1302.1410962665143,1187.585389361415,1416.6968031716135,39,15,ok
district,12.0,sorghum,B,2025,1929351.2782440186,1746.1015007379337,1104.947952583879,923.1569377950046,1286.7389673727535,38,14,ok
district,13.0,sorghum,B,2020,857893.4138347625,700.2962944862976,1225.043486006263,1057.8621403745733,1392.2248316379528,25,12,ok
district,13.0,sorghum,B,2021,466761.95793445595,349.93441517202405,1333.855538915773,1151.9221164402559,1515.78896139129,19,8,suppressed
district,13.0,sorghum,B,2022,115293.78988742828,170.53488075326598,676.0716011772287,342.21932698860456,1009.9238753658528,7,6,suppressed
district,13.0,sorghum,B,2023,327235.66813262936,322.4327504030765,1014.8958743289838,814.5382711931031,1215.2534774648645,18,9,suppressed
district,13.0,sorghum,B,2024,136328.91989135742,103.11221722223162,1322.1412899844431,1058.5994304951762,1585.68314947371,7,4,suppressed
district,13.0,sorghum,B,2025,310013.6689147949,268.8661010620916,1153.041114852931,1000.4308267241439,1305.651402981718,10,7,suppressed
district,21.0,sorghum,A,2020,97571.05492556156,114.13595393732675,854.8669508570355,377.76346909974905,1331.970432614322,2,2,suppressed
district,21.0,sorghum,A,2021,26045.186206054685,56.857130416887074,458.08126465557666,458.08126465557666,458.08126465557666,1,1,suppressed
district,21.0,sorghum,A,2022,82527.08671142579,176.11353533185496,468.60161290793474,354.9479219149709,582.2553039008985,3,2,suppressed
district,21.0,sorghum,A,2023,76858.23049926758,268.4786412673831,286.2731654795696,95.30481758617842,477.24151337296087,5,5,suppressed
district,21.0,sorghum,A,2024,315176.1641845703,491.3840294871763,641.4049811783626,380.9880960884795,901.8218662682457,7,6,suppressed
district,21.0,sorghum,A,2025,280082.4670410156,322.61130701729195,868.1731264490467,538.1944017888183,1198.151851109275,5,5,suppressed
district,21.0,sorghum,B,2020,2750187.3857981875,2838.538228987333,968.8745276400011,835.8711130650902,1101.877942214912,51,20,ok
district,21.0,sorghum,B,2021,1910712.8124694824,1714.8245607203182,1114.2322405662774,903.5525222144893,1324.9119589180655,36,18,ok
district,21.0,sorghum,B,2022,1939589.3995861816,2054.757122641114,943.9506879981514,823.6862569228383,1064.2151190734644,36,18,ok
district,21.0,sorghum,B,2023,2948814.0147106936,3052.591012437414,966.0036351729093,814.5008015917545,1117.5064687540641,55,25,ok
district,21.0,sorghum,B,2024,2329948.930541992,2504.1657464667246,930.4291993568935,737.9181406906707,1122.9402580231163,39,20,ok
district,21.0,sorghum,B,2025,1837323.829284668,2008.3171908614324,914.8573928685937,800.3656794908089,1029.3491062463786,30,15,ok
district,22.0,sorghum,A,2020,190445.91570153765,169.06451225403478,1126.4689032750728,797.7399075138619,1455.1978990362836,3,3,suppressed
district,22.0,sorghum,A,2021,296854.68407348637,482.1032557208138,615.7491793529705,563.6614842492703,667.8368744566707,17,3,suppressed
district,22.0,sorghum,A,2022,386782.05725097656,604.8509310855306,639.4667468839236,527.6030132002662,751.330480567581,12,2,suppressed
district,22.0,sorghum,A,2023,248845.03051757812,281.13389346274215,885.1477402903639,334.92270234438706,1435.3727782363408,5,4,suppressed
district,22.0,sorghum,A,2024,474532.45443725586,490.2974182771966,967.8461210435586,659.5293715707229,1276.1628705163944,9,5,suppressed
district,22.0,sorghum,A,2025,226732.81591796875,445.7245053538648,508.6837568824345,336.7644145846868,680.6030991801822,9,6,suppressed
district,22.0,sorghum,B,2020,927506.4574139405,959.4452962752482,966.7111413383332,699.5007435558418,1233.9215391208245,18,10,ok
district,22.0,sorghum,B,2021,1242026.250119934,1490.6969717750098,833.1849286854207,699.4266432720801,966.9432140987612,32,14,ok
district,22.0,sorghum,B,2022,1006070.5458203125,1119.564314474927,898.6268433289223,697.2038401203572,1100.0498465374874,19,9,suppressed
district,22.0,sorghum,B,2023,1489837.5846466064,1642.5646526402252,907.019143661634,669.6370751193898,1144.4012122038782,33,16,ok
district,22.0,sorghum,B,2024,699375.3420410156,792.3188692992285,882.6942903172086,725.7313003253896,1039.6572803090276,13,11,ok
district,22.0,sorghum,B,2025,721984.028717041,664.7322760996587,1086.127535364025,979.6278560217389,1192.6272147063112,10,8,suppressed
district,23.0,sorghum,B,2020,644030.9149536133,856.6206681826909,751.8274294267451,590.4374789159012,913.2173799375889,13,6,suppressed
district,23.0,sorghum,B,2021,429548.5247384644,920.2601635235675,466.7685745450219,315.5219040270251,618.0152450630187,13,7,suppressed
district,23.0,sorghum,B,2022,430177.6252600098,660.7785269673548,651.0163507193726,323.6442773793152,978.3884240594299,10,10,use_with_caution
district,23.0,sorghum,B,2023,744340.573425293,815.3649083220581,912.8925783145042,569.3069052004518,1256.4782514285566,12,8,suppressed
district,23.0,sorghum,B,2024,621464.2696533203,1104.5820914437609,562.6238868684046,463.23227123862955,662.0155024981797,16,9,suppressed
district,23.0,sorghum,B,2025,691472.2077636719,835.9945177240572,827.1252898238636,622.1770551216348,1032.0735245260923,12,8,suppressed
district,24.0,sorghum,B,2020,2357545.4114150237,2893.636489571135,814.7344768120597,648.4398055417172,981.0291480824022,55,25,ok
district,24.0,sorghum,B,2021,1861022.3432478332,2261.69139067576,822.8453939030944,666.8998776739297,978.7909101322591,42,23,ok
district,24.0,sorghum,B,2022,756563.8088287354,1016.9562171031155,743.949243934877,563.6512563506848,924.2472315190693,18,11,ok
district,24.0,sorghum,B,2023,2480959.830331421,2325.9109673580647,1066.6615640707314,922.3636725764254,1210.9594555650374,45,21,ok
district,24.0,sorghum,B,2024,2042121.5559997559,1804.4511949963335,1131.7133772653272,1026.754978477114,1236.6717760535403,33,21,ok
district,24.0,sorghum,B,2025,1391249.337738037,1459.0836362730167,953.5089717624064,785.1489445820781,1121.8689989427348,27,17,ok
district,25.0,sorghum,B,2020,1117514.1073846435,2001.3233979706636,558.3875692043573,440.71133795884623,676.0638004498684,30,15,ok
district,25.0,sorghum,B,2021,959762.6108454895,1393.3560667615473,688.8136017351113,589.826784086549,787.8004193836737,22,13,ok
district,25.0,sorghum,B,2022,1650838.2340527342,1899.5288698068375,869.0777277950018,707.0075170296096,1031.147938560394,30,17,ok
district,25.0,sorghum,B,2023,2216421.061340332,2569.0138297839867,862.7517048153446,715.3228286296664,1010.1805810010228,39,20,ok
district,25.0,sorghum,B,2024,2615081.28805542,3125.3380356959105,836.7355013081415,698.4020137529105,975.0689888633724,50,23,ok
district,25.0,sorghum,B,2025,1972679.3547058105,1946.4035110946895,1013.4996897926592,826.3083431150193,1200.6910364702992,32,17,ok
district,26.0,sorghum,A,2023,8544.64306640625,56.650981791861355,150.82956722267784,150.82956722267784,150.82956722267784,1,1,suppressed
district,26.0,sorghum,B,2020,965805.9292089844,1805.2408830962047,535.0011393230311,446.03960952254346,623.9626691235187,34,15,ok
district,26.0,sorghum,B,2021,777890.4958367919,790.8527542144359,983.6097702023943,831.1397406034791,1136.0797998013095,15,9,suppressed
district,26.0,sorghum,B,2022,832325.3785400391,1048.5593292227593,793.7799563111008,642.4430154777764,945.1168971444253,20,13,ok
district,26.0,sorghum,B,2023,1242269.930529785,1481.7824724559582,838.3618740413384,638.0159890424832,1038.7077590401937,28,15,ok
district,26.0,sorghum,B,2024,1340501.3936767578,1698.456763390288,789.2466988685566,602.5315955917168,975.9618021453963,30,15,ok
district,26.0,sorghum,B,2025,1111034.9221496582,1064.5990771052911,1043.618152638859,863.3549126321294,1223.881392645589,18,14,ok
district,27.0,sorghum,A,2021,20295.925537109375,113.80408629754564,178.34092076487318,134.39103985525355,222.2908016744928,2,2,suppressed
district,27.0,sorghum,A,2024,92405.88159179688,66.24814013195187,1394.8449180270493,1394.844918027049,1394.8449180270495,2,1,suppressed
district,27.0,sorghum,B,2021,52112.12811279297,115.21366409679841,452.3085739987422,139.8960349749811,764.7211130225032,2,2,suppressed
district,27.0,sorghum,B,2024,18299.019287109375,33.1240717216149,552.4387050269689,552.4387050269689,552.4387050269689,1,1,suppressed
district,27.0,sorghum,B,2025,27687.149047851562,58.29570014690976,474.9432458668095,474.9432458668095,474.9432458668095,1,1,suppressed
district,28.0,sorghum,B,2020,2072335.4948823547,2495.869235705743,830.306117498328,696.7987150663305,963.8135199303256,43,19,ok
district,28.0,sorghum,B,2021,1035301.802265625,1271.4949354442726,814.2398159878478,578.0668469319189,1050.4127850437767,22,14,ok
district,28.0,sorghum,B,2022,2274363.7700079344,1938.1681896083712,1173.460477889432,943.0715661146221,1403.849389664242,17,11,ok
district,28.0,sorghum,B,2023,1219513.05157959,1326.51207837301,919.3380682031511,756.4427491515842,1082.233387254718,24,14,ok
district,28.0,sorghum,B,2024,1113357.0186462402,1019.0643194716899,1092.5287024311028,856.2969305269747,1328.760474335231,16,11,ok
district,28.0,sorghum,B,2025,928444.8499450684,926.7218781401202,1001.8592113185091,774.461356655193,1229.2570659818252,15,10,ok
district,31.0,sorghum,B,2020,467960.76231689454,740.5484339792451,631.9110821723914,444.05311026589595,819.7690540788868,12,9,suppressed
district,31.0,sorghum,B,2021,637045.0097778321,1012.6551956418103,629.0838308236591,449.61878654638133,808.5488751009369,16,9,suppressed
district,31.0,sorghum,B,2022,452342.4467089844,555.5954952064629,814.1578731499451,506.62693210542886,1121.6888141944614,9,7,suppressed
district,31.0,sorghum,B,2023,854845.4356079102,1012.6696279499681,844.1503645551662,616.316174805274,1071.9845543050585,16,10,ok
district,31.0,sorghum,B,2024,1076420.0299682617,980.8702052437604,1097.4133215727109,843.6735140693736,1351.1531290760481,17,12,ok
district,31.0,sorghum,B,2025,631970.9205322266,508.81890268208446,1242.0350682747508,988.3460600840658,1495.7240764654357,8,7,suppressed
district,32.0,sorghum,B,2020,42565.6787109375,56.82425959801693,749.0758174774876,749.0758174774876,749.0758174774876,1,1,suppressed
district,32.0,sorghum,B,2022,53807.408203125,56.82425979312168,946.909091275803,946.909091275803,946.909091275803,1,1,suppressed
district,32.0,sorghum,B,2024,21362.935180664062,76.53765268185734,279.11667567678074,279.1166756767807,279.1166756767808,1,1,suppressed
district,32.0,sorghum,B,2025,92348.0908203125,128.88175096236918,716.533490046052,706.1210167377598,726.9459633543441,2,2,suppressed
district,33.0,sorghum,A,2021,103729.57141113281,139.28926183172024,744.7061607408889,726.4690379916568,762.943283490121,3,2,suppressed
district,33.0,sorghum,A,2023,123788.94134521484,186.063835506944,665.3036094195477,665.3036094195477,665.3036094195477,3,1,suppressed
district,33.0,sorghum,A,2024,63130.58349609375,46.146318660151586,1368.052432546661,1368.052432546661,1368.052432546661,1,1,suppressed
district,33.0,sorghum,B,2020,443350.0089111328,281.13017027799776,1577.027497520891,1577.0274975208906,1577.0274975208915,3,1,suppressed
district,33.0,sorghum,B,2021,359361.5895385742,232.14575527169356,1547.9998293227143,1303.8739442055862,1792.1257144398423,5,2,suppressed
district,33.0,sorghum,B,2022,330153.02185058594,282.08493758843457,1170.4028746557296,846.0387744588365,1494.7669748526228,6,3,suppressed
district,33.0,sorghum,B,2023,336548.7625073242,233.56559932436937,1440.917513027827,1440.917513027827,1440.917513027827,5,1,suppressed
district,33.0,sorghum,B,2024,58621.82702636719,46.14632175575346,1270.3466884456136,1270.3466884456134,1270.3466884456138,1,1,suppressed
district,33.0,sorghum,B,2025,63439.0625,92.29264516826854,687.3685588308526,687.3685588308525,687.3685588308527,2,1,suppressed
district,34.0,sorghum,A,2020,503851.392149728,628.3495231035206,801.8648437276183,362.4071655582414,1241.3225218969953,12,5,suppressed
district,34.0,sorghum,A,2021,702832.2612036132,628.3495115009637,1118.5371331390545,835.975995883167,1401.0982703949421,12,4,suppressed
district,34.0,sorghum,A,2022,442424.60830688477,337.76983090637776,1309.840512160824,846.4774890403484,1773.2035352812995,6,5,suppressed
district,34.0,sorghum,A,2023,166237.21228027344,157.08737363507225,1058.246811525776,552.0198701592694,1564.4737528922824,3,2,suppressed
district,34.0,sorghum,A,2024,266544.4445800781,319.57056533489975,834.0706982845809,587.5894942026421,1080.5519023665197,5,3,suppressed
district,34.0,sorghum,A,2025,262753.1639404297,326.0623512564475,805.8371747855512,677.0948925799295,934.5794569911728,6,4,suppressed
district,35.0,sorghum,A,2020,34241.02619517644,117.02518066023268,292.5953713721732,-16.50342674541986,601.6941694897662,2,2,suppressed
district,35.0,sorghum,A,2021,156547.06573486328,175.53777987526036,891.8140917932758,384.11262364856674,1399.5155599379848,3,3,suppressed
district,35.0,sorghum,A,2022,114775.2099609375,351.0755597406544,326.92452315884344,242.0638365975621,411.7852097201248,6,2,suppressed
district,35.0,sorghum,A,2023,113663.06538391113,261.6464733108923,434.41466626937853,203.8529811555534,664.9763513832037,4,4,suppressed
district,35.0,sorghum,A,2024,31577.259979248047,55.77591190607473,566.1451135469265,566.1451135469265,566.1451135469265,1,1,suppressed
district,35.0,sorghum,A,2025,244229.95391845703,223.10365404484497,1094.692755992986,1094.692755992986,1094.692755992986,4,1,suppressed
district,36.0,sorghum,A,2023,38826.544189453125,32.48228592098281,1195.3144025609377,1195.3144025609377,1195.3144025609377,1,1,suppressed
district,36.0,sorghum,A,2025,139240.0360107422,108.89545126133586,1278.6579641107598,1278.6579641107598,1278.6579641107598,1,1,suppressed
district,36.0,sorghum,B,2022,1565.1181549072267,54.86400279217107,28.52723234278058,28.52723234278057,28.527232342780586,1,1,suppressed
district,41.0,sorghum,B,2020,2521987.9450390628,4568.148354601,552.081007285794,484.1463379331924,620.0156766383957,76,24,ok
district,41.0,sorghum,B,2021,2252700.9021621705,3277.8330819995676,687.2530863554412,599.8302199624617,774.6759527484206,53,20,ok
district,41.0,sorghum,B,2022,1881142.2953198242,1997.6518744532245,941.6767352593454,788.7960428915765,1094.5574276271143,33,16,ok
district,41.0,sorghum,B,2023,2188859.180944824,2693.3039194279395,812.7041159951009,686.8431058212609,938.5651261689409,44,19,ok
district,41.0,sorghum,B,2024,1836470.0061340332,1405.2267817797801,1306.8851447650784,1131.2035274372113,1482.5667620929455,24,12,ok
district,41.0,sorghum,B,2025,2805968.4394226074,2540.8944674541654,1104.3230938410566,980.8425323683539,1227.8036553137592,45,17,ok
district,42.0,sorghum,A,2021,73992.7001953125,59.35829258024323,1246.543607959845,1246.543607959845,1246.543607959845,1,1,suppressed
district,42.0,sorghum,B,2020,231172.5391845703,243.56077649297524,949.1369772802386,772.5344584428098,1125.7394961176674,4,2,suppressed
district,42.0,sorghum,B,2021,165565.03458496096,182.67057538807444,906.3585322005275,413.7011530716459,1399.0159113294092,3,3,suppressed
district,42.0,sorghum,B,2023,303757.60369873047,426.2377999658617,712.6482065247593,-38.16588814900706,1463.4623011985257,7,3,suppressed
district,42.0,sorghum,B,2024,153456.08004760742,127.7369291513458,1201.344678215874,1201.3446782158737,1201.3446782158742,2,1,suppressed
district,42.0,sorghum,B,2025,312093.56677246094,185.99208524922662,1677.993804705508,1181.5171700268559,2174.4704393841603,3,2,suppressed
district,43.0,sorghum,A,2020,1857517.245558651,759.63366713651,2445.280305388105,1962.3134487625407,2928.247162013669,13,5,suppressed
district,43.0,sorghum,A,2021,2301730.947111816,1358.7611235375243,1693.992348794376,1374.1756756124755,2013.8090219762767,27,6,suppressed
district,43.0,sorghum,A,2022,1207902.3887353516,827.1358676128805,1460.3433801285462,1337.8131075292335,1582.8736527278588,16,5,suppressed
district,43.0,sorghum,A,2023,1333574.2268676758,963.6670989736904,1383.8536443632227,1059.768826030992,1707.9384626954534,21,6,suppressed
district,43.0,sorghum,A,2024,1543922.1137695312,925.5288438867823,1668.1512672104204,1534.281618346677,1802.0209160741638,20,3,suppressed
district,43.0,sorghum,A,2025,1968873.4897460938,1167.3000711348664,1686.6901137356447,1438.9565532872357,1934.4236741840537,25,4,suppressed
district,43.0,sorghum,B,2020,957017.0503540039,910.6999657862697,1050.8587749069975,893.5736324334741,1208.1439173805209,18,2,suppressed
district,43.0,sorghum,B,2021,1234114.0594482422,1037.7358427355841,1189.2371918030544,1164.566868355376,1213.9075152507328,21,2,suppressed
district,43.0,sorghum,B,2022,1072807.5044067383,962.2027137234188,1114.9495725857123,932.9961225501831,1296.9030226212415,19,2,suppressed
district,43.0,sorghum,B,2023,534713.5729980469,407.5823528601934,1311.9154184319195,977.9096846409869,1645.921152222852,8,3,suppressed
district,43.0,sorghum,B,2024,2105838.440963745,2247.2045869817803,937.0924450595288,744.6023467705729,1129.5825433484847,45,4,suppressed
district,43.0,sorghum,B,2025,2039065.6218261719,2266.5209577894334,899.6456065488574,711.7209302692429,1087.5702828284718,45,3,suppressed
district,44.0,sorghum,A,2020,1670824.5526957125,1066.392167590623,1566.8012232973608,1342.1815647892427,1791.420881805479,18,5,suppressed
district,44.0,sorghum,A,2021,1252761.7818603516,953.8875908804129,1313.3222340213963,830.1733794680151,1796.4710885747775,17,4,suppressed
district,44.0,sorghum,A,2022,1357288.3829971314,956.2888824396408,1419.3288324491223,1128.2036024220688,1710.4540624761757,17,4,suppressed
district,44.0,sorghum,A,2023,911353.7268676758,562.5228734779857,1620.1185228841036,1112.3524709954818,2127.8845747727255,10,3,suppressed
district,44.0,sorghum,A,2024,1017833.2688293457,575.8722763119288,1767.463569088405,1368.152751003307,2166.774387173503,9,2,suppressed
district,44.0,sorghum,A,2025,2156689.6351623535,1151.7445751947014,1872.5416048065754,1791.2207097190226,1953.8624998941282,17,2,suppressed
district,44.0,sorghum,B,2020,5606361.127288818,6436.130125782532,871.0764104706744,795.9817167511663,946.1711041901825,112,22,ok
district,44.0,sorghum,B,2021,5417226.63255249,4527.913630168602,1196.4067946125494,985.0086303964197,1407.8049588286792,76,18,ok
district,44.0,sorghum,B,2022,8491229.932599183,6894.8021804340415,1231.5407622129405,1060.2931567480196,1402.7883676778615,119,22,ok
district,44.0,sorghum,B,2023,5040318.316992188,3404.4390010630236,1480.513622191018,1159.2139592599572,1801.8132851220787,59,21,ok
district,44.0,sorghum,B,2024,5810545.211288452,3522.512533295246,1649.5456457191915,1476.0525388484155,1823.0387525899675,65,14,ok
district,44.0,sorghum,B,2025,5930079.961395264,4453.901023721314,1331.4350565519696,1159.4075330879068,1503.4625800160325,77,20,ok
district,45.0,sorghum,A,2020,59429.35831447604,120.87118748880572,491.6751423492054,460.2924913116531,523.0577933867576,2,2,suppressed
district,45.0,sorghum,A,2021,57916.175537109375,126.96632130639136,456.1538441154625,39.50906722755991,872.798621003365,2,2,suppressed
district,45.0,sorghum,A,2022,68003.046875,127.5048619594574,533.3368926482416,95.58797120433513,971.085814092148,2,2,suppressed
district,45.0,sorghum,A,2024,149954.208984375,127.16438775253744,1179.2154362916972,1156.5920963931508,1201.8387761902436,2,2,suppressed
district,45.0,sorghum,A,2025,468026.61837768555,381.49315616564445,1226.8283475430637,987.5605557509136,1466.0961393352138,6,3,suppressed
district,45.0,sorghum,B,2020,10272532.010359496,9157.453452421625,1121.7673192368775,1027.4785786577704,1216.0560598159846,144,39,ok
district,45.0,sorghum,B,2021,9130825.915187072,8232.376553847007,1109.1360867015028,1011.9178187087382,1206.3543546942674,127,37,ok
district,45.0,sorghum,B,2022,7735058.0135269165,6794.220857400199,1138.476092531194,1019.5810499498783,1257.3711351125096,105,34,ok
district,45.0,sorghum,B,2023,8740548.713982545,6551.7138871491825,1334.0858383829366,1190.9088682123527,1477.2628085535205,103,37,ok
district,45.0,sorghum,B,2024,8231937.855026245,5248.633921174852,1568.3962681824096,1462.5126145739346,1674.2799217908846,82,28,ok
district,45.0,sorghum,B,2025,8445503.282913208,5753.698366399931,1467.8390741219077,1396.2501593220618,1539.4279889217537,87,33,ok
district,51.0,sorghum,A,2023,37612.54119873047,55.01210030853003,683.7139645238807,683.7139645238807,683.7139645238807,1,1,suppressed
district,51.0,sorghum,B,2020,5513190.428997803,6021.67333003282,915.5578735068569,817.4701497328981,1013.6455972808158,98,33,ok
district,51.0,sorghum,B,2021,7077106.807997132,7099.411032841954,996.8582992671304,848.9252811705476,1144.7913173637132,110,30,ok
district,51.0,sorghum,B,2022,3284304.4416259765,2771.6201112586737,1184.976407222878,1054.4989276870024,1315.4538867587535,47,25,ok
district,51.0,sorghum,B,2023,7568968.658107452,6218.030512325511,1217.2614211371404,1084.3812300372947,1350.141612236986,108,37,ok
district,51.0,sorghum,B,2024,4794721.0392074585,4098.067813832486,1169.9955337545935,1109.179170853896,1230.8118966552909,60,27,ok
district,51.0,sorghum,B,2025,3706151.5852355957,3661.641334279613,1012.1558194515901,890.1924435215367,1134.1191953816435,59,26,ok
district,52.0,sorghum,A,2020,7591358.903087403,5074.580912860975,1495.9578009383843,1315.8882692720115,1676.027332604757,46,28,ok
district,52.0,sorghum,A,2021,8706276.138275146,5028.681962785516,1731.323675409474,1510.3717473617698,1952.275603457178,42,23,ok
district,52.0,sorghum,A,2022,15425172.772301331,11629.091280361572,1326.429761399356,1116.8555661646326,1536.0039566340795,90,34,ok
district,52.0,sorghum,A,2023,12973989.964647217,7696.865847182504,1685.6198642719548,1527.0758800747099,1844.1638484691998,61,27,ok
district,52.0,sorghum,A,2024,9955481.952964783,5112.491730657595,1947.285683273713,1495.1574058812014,2399.4139606662243,44,19,ok
district,52.0,sorghum,A,2025,15882175.88067627,9293.517157035738,1708.9521235404973,1581.838835196931,1836.0654118840635,75,30,ok
district,52.0,sorghum,B,2020,3235922.3672991944,3311.344784950625,977.2230249189967,667.2944252551342,1287.151624582859,36,12,ok
district,52.0,sorghum,B,2021,2557864.3765698243,2928.8761767398382,873.3262255617133,587.2395202194389,1159.4129309039877,30,15,ok
district,52.0,sorghum,B,2022,3984543.523872833,4313.850265902815,923.6629178734222,767.9678378268419,1079.3579979200026,48,19,ok
district,52.0,sorghum,B,2023,1829175.6408337401,1175.3956273607976,1556.221240112083,1236.5106580349807,1875.9318221891854,18,9,suppressed
district,52.0,sorghum,B,2024,5510207.593147278,3211.0377794083606,1716.02079193305,1577.8305113646682,1854.211072501432,25,16,ok
district,52.0,sorghum,B,2025,3448230.6652374268,2672.2696797543344,1290.375253426678,902.7972177904414,1677.9532890629146,28,21,ok
district,53.0,sorghum,A,2020,679891.7264400416,1163.287171143061,584.4573406341026,322.69495622772666,846.2197250404786,16,11,use_with_caution
district,53.0,sorghum,A,2021,1350441.937913208,1742.1169137126326,775.1729676025449,570.5646603882412,979.7812748168485,21,14,ok
district,53.0,sorghum,A,2022,1716913.3821514894,2349.388706268517,730.791536356036,620.8154695555464,840.7676031565255,30,16,ok
district,53.0,sorghum,A,2023,3211699.2417785646,3537.2639767020573,907.961425251889,681.2596323225973,1134.6632181811806,44,21,ok
district,53.0,sorghum,A,2024,3165411.18699646,2883.8524048498693,1097.632868337188,977.4481434130328,1217.8175932613433,41,17,ok
district,53.0,sorghum,A,2025,3394570.6228027344,3634.110529685251,934.0856848117762,726.0622072571638,1142.1091623663888,38,22,ok
district,53.0,sorghum,B,2020,3854650.3926208494,3351.209534017761,1150.2266132549205,1010.585092496004,1289.8681340138369,46,22,ok
district,53.0,sorghum,B,2021,4405988.785718994,3753.563842664258,1173.8147985226883,1044.9675572163414,1302.6620398290352,56,24,ok
district,53.0,sorghum,B,2022,5111612.504142761,4360.3975609211275,1172.281296080475,1055.7507431694764,1288.8118489914734,59,27,ok
district,53.0,sorghum,B,2023,4454958.369158325,2963.2327610979028,1503.4115536397233,1281.435004472803,1725.3881028066435,39,19,ok
district,53.0,sorghum,B,2024,6293420.344223022,5566.409639359983,1130.6067558740845,1002.8172906369463,1258.3962211112228,77,34,ok
district,53.0,sorghum,B,2025,6067685.095397949,5678.796747576486,1068.480765399365,896.0440747699122,1240.917456028818,69,30,ok
district,54.0,sorghum,A,2020,1117848.7139246033,1488.399807738811,751.0406196725113,548.7175836176596,953.363655727363,16,8,suppressed
district,54.0,sorghum,A,2021,459077.0236901855,607.5629251834675,755.6040776378129,560.5460432916047,950.6621119840211,8,4,suppressed
district,54.0,sorghum,A,2022,1274100.350570984,2231.1496381028837,571.0510531486962,258.9716545330506,883.1304517643417,25,10,use_with_caution
district,54.0,sorghum,A,2023,1196280.4459381104,1482.7348085763122,806.8067458986488,519.0790423761637,1094.534449421134,15,12,ok
district,54.0,sorghum,A,2024,2384336.537628174,1686.8686444519558,1413.469000962323,1037.2898414623182,1789.6481604623277,14,11,ok
district,54.0,sorghum,A,2025,3586679.7077331543,2827.4674159306887,1268.513188701969,979.7830604880346,1557.2433169159035,29,14,ok
district,54.0,sorghum,B,2020,8804685.944150086,8624.369218643427,1020.907816088957,851.6143451303635,1190.2012870475505,79,23,ok
district,54.0,sorghum,B,2021,8712325.078537598,7692.302818671862,1132.602977796167,970.1917083568636,1295.01424723547,68,25,ok
district,54.0,sorghum,B,2022,10112294.814616393,7332.797148216354,1379.0501237411333,1038.4299275450392,1719.6703199372275,54,24,ok
district,54.0,sorghum,B,2023,8015922.238600464,6129.721263075193,1307.713988054816,1001.0364244016821,1614.3915517079497,56,24,ok
district,54.0,sorghum,B,2024,9421967.543582916,8742.606126642748,1077.7069682768667,899.1252522504382,1256.2886843032952,89,32,ok
district,54.0,sorghum,B,2025,13162015.370754242,9948.952647064398,1322.9548714997563,1186.048063478315,1459.8616795211976,102,33,ok
district,55.0,sorghum,A,2020,1119685.9955359346,1189.078400090165,941.6418593181337,750.3788180601775,1132.9049005760899,18,11,ok
district,55.0,sorghum,A,2021,322802.8778076172,437.14332014390874,738.4371736513087,362.31602152875615,1114.5583257738613,7,6,suppressed
district,55.0,sorghum,A,2022,1136025.5613967895,1583.0140019845828,717.634562911373,570.2806953907972,864.9884304319488,21,13,ok
district,55.0,sorghum,A,2023,1235358.1579589844,1355.5107593962123,911.3599057740067,587.2824932376591,1235.4373183103544,19,13,ok
district,55.0,sorghum,A,2024,823398.6089782715,795.9396196550875,1034.4988346416064,832.8137161740374,1236.1839531091755,12,10,ok
district,55.0,sorghum,A,2025,2054234.0232543945,1869.5236625915,1098.8007610488612,895.7631800767309,1301.8383420209916,24,15,ok
district,55.0,sorghum,B,2020,5011644.632835083,8086.773862057152,619.7334954980671,559.8428639304566,679.6241270656776,108,31,ok
district,55.0,sorghum,B,2021,6632862.977681885,8383.166024762919,791.2121694940982,659.2385920589857,923.1857469292108,115,26,ok
district,55.0,sorghum,B,2022,7886874.094845047,9120.834366353645,864.7097160254743,775.318031335185,954.1014007157637,122,32,ok
district,55.0,sorghum,B,2023,9252421.273418045,7916.476572491954,1168.7549617172126,971.4406441475928,1366.0692792868324,116,30,ok
district,55.0,sorghum,B,2024,5131111.011566162,4109.639450923607,1248.555030883059,1130.5949959014872,1366.515065864631,51,21,ok
district,55.0,sorghum,B,2025,7195489.01133728,6635.731586997578,1084.3550431479962,941.7841664167214,1226.925919879271,90,27,ok
district,56.0,sorghum,A,2020,41105.00434728799,58.731260907656086,699.8828854009778,699.8828854009778,699.8828854009778,1,1,suppressed
district,56.0,sorghum,A,2022,225447.19644889832,251.88129343522417,895.0533538008694,517.4199047456764,1272.6868028560625,4,4,suppressed
district,56.0,sorghum,A,2023,132633.124375,180.83559692215027,733.4458847286498,538.846413828661,928.0453556286387,3,3,suppressed
district,56.0,sorghum,A,2024,607174.6774597168,426.00320682301293,1425.2819409220392,837.8562176420164,2012.707664202062,7,5,suppressed
district,56.0,sorghum,A,2025,705485.7241210938,429.23296317758087,1643.596332626538,1242.61985108669,2044.572814166386,7,5,suppressed
district,56.0,sorghum,B,2020,2441056.8893435667,5451.696874847152,447.76093487626383,367.16344979091224,528.3584199616155,85,22,ok
district,56.0,sorghum,B,2021,3350199.7103350833,5067.949479279825,661.0562563877727,597.4205228952094,724.691989880336,84,24,ok
district,56.0,sorghum,B,2022,3407152.4705597684,3853.973065254194,884.0623462777224,760.2356657609305,1007.8890267945144,60,23,ok
district,56.0,sorghum,B,2023,5706589.355102539,6257.535507212794,911.9547701367092,776.492569458185,1047.4169708152333,103,24,ok
district,56.0,sorghum,B,2024,3271569.6393699646,2386.8097879234265,1370.6872059613504,1181.1234471143928,1560.250964808308,32,15,ok
district,56.0,sorghum,B,2025,6103746.371643066,5677.205810768406,1075.132129271341,1002.6191294283233,1147.6451291143587,64,23,ok
district,57.0,sorghum,A,2020,1298275.6068091933,1674.7312295750103,775.2143053656744,513.884976489924,1036.5436342414246,24,17,ok
district,57.0,sorghum,A,2021,379175.1186999512,765.9848777976326,495.016454881145,102.3728683285305,887.6600414337595,8,7,suppressed
district,57.0,sorghum,A,2022,1176966.17259552,1551.4339076427307,758.6312035578867,550.5888164813031,966.6735906344703,21,14,ok
district,57.0,sorghum,A,2023,743233.351022644,1975.6298709180176,376.2007053868269,251.60432370454117,500.7970870691126,24,17,ok
district,57.0,sorghum,A,2024,3000725.583694458,3207.7294512104713,935.4671674576863,793.6315609129324,1077.3027740024402,52,29,ok
district,57.0,sorghum,A,2025,1582188.0113220215,2206.1270391075786,717.1790124842707,543.4319375803537,890.9260873881877,34,20,ok
district,57.0,sorghum,B,2020,2067827.1786428834,3892.625963394317,531.216509905762,427.6108815591758,634.8221382523482,52,27,ok
district,57.0,sorghum,B,2021,1306081.6516783142,2195.72261698754,594.8299851600635,490.85413530190436,698.8058350182228,29,21,ok
district,57.0,sorghum,B,2022,1626752.0447924803,2534.0300158365008,641.9624213707185,403.3519410459588,880.5729016954782,31,19,ok
district,57.0,sorghum,B,2023,1821267.5901849368,2158.4516680104584,843.7842816576388,430.14655416025255,1257.422009155025,27,18,use_with_caution
district,57.0,sorghum,B,2024,1910404.5524291992,1893.8866606732645,1008.7216896865743,806.7814408369325,1210.6619385362162,29,17,ok
district,57.0,sorghum,B,2025,1689617.4287948608,1863.2405705893216,906.8165729455184,782.0991642521544,1031.5339816388823,32,18,ok
district,57.0,irish_potato,B,2022,0.0,71.51685520159388,0.0,0.0,0.0,1,1,suppressed
district,11.0,maize,B,2021,0.0,14.346072196015205,0.0,0.0,0.0,1,1,suppressed
district,26.0,irish_potato,A,2023,0.0,56.6509774861075,0.0,0.0,0.0,1,1,suppressed
district,11.0,beans,A,2019,86698.97589283617,150.89539098726766,574.5634464087224,348.3346726419772,800.7922201754675,24,10,use_with_caution
district,12.0,beans,A,2019,468032.50151659234,1013.4398342138784,461.82564145965654,298.5042023537428,625.1470805655703,24,9,suppressed
district,13.0,beans,A,2019,64050.776213154866,321.87582779807343,198.99219103006604,72.81031283846507,325.174069221667,16,9,suppressed
district,21.0,beans,A,2019,1069634.7716229833,1726.2269243565513,619.6374048688228,396.73879980274404,842.5360099349016,41,16,ok
district,22.0,beans,A,2019,861507.4955117983,1777.256112554131,484.7402067863524,318.8531244579974,650.6272891147074,31,15,ok
district,23.0,beans,A,2019,539230.0225759415,691.5527665176205,779.7380744947134,265.185153884378,1294.2909951050488,23,14,use_with_caution
district,24.0,beans,A,2019,1007944.0449553826,1939.7239615302794,519.6327234933982,388.69236938455356,650.5730776022428,57,18,ok
district,25.0,beans,A,2019,873330.2475247051,1355.3232441844393,644.3704490955058,361.9243717690619,926.8165264219497,35,16,use_with_caution
district,26.0,beans,A,2019,2008535.7797315114,4748.62482764737,422.9720924755827,333.07768098751257,512.8665039636528,54,18,ok
district,27.0,beans,A,2019,286923.0324955598,786.1862718376568,364.95553633224444,308.7554518130849,421.15562085140397,18,11,ok
district,28.0,beans,A,2019,771473.3798540033,2617.2412010540593,294.7658700861436,226.66048392298154,362.87125624930565,33,12,ok
district,31.0,beans,A,2019,418719.82980342605,658.2331518696873,636.1269234374896,306.7609123467564,965.4929345282228,9,7,suppressed
district,32.0,beans,A,2019,566749.4581422324,830.3907796413135,682.5093342041192,441.0796539719771,923.9390144362613,16,8,suppressed
district,33.0,beans,A,2019,1472130.1933384477,1765.3753780271504,833.8907473511887,524.2840094879055,1143.497485214472,57,7,suppressed
district,34.0,beans,A,2019,2313794.3956697187,2289.2869426035086,1010.7052779667449,765.8457747870093,1255.5647811464805,46,13,ok
district,35.0,beans,A,2019,1216888.7632471663,1855.3347234124203,655.886373435089,538.8125266725635,772.9602201976145,37,14,ok
district,36.0,beans,A,2019,845896.535121564,1836.77147039861,460.53444794522557,238.13962836120777,682.9292675292434,29,11,use_with_caution
district,37.0,beans,A,2019,762621.2909420868,1109.4898366108923,687.3621242639149,463.16014930367123,911.5640992241586,32,12,ok
district,41.0,beans,A,2019,988561.8392793331,1293.0871216071384,764.497474888374,615.0213926387337,913.9735571380143,35,13,ok
district,42.0,beans,A,2019,2513399.1862734803,2240.766723497081,1121.6692750376585,831.0412318838094,1412.2973181915077,39,12,ok
district,43.0,beans,A,2019,248735.90140743976,214.9551071238914,1157.1527875542797,879.1386219133398,1435.1669531952198,13,7,suppressed
district,44.0,beans,A,2019,4828781.999050589,3573.142185191661,1351.4105369393735,1160.8377879911818,1541.9832858875652,72,17,ok
district,45.0,beans,A,2019,6093601.526065418,7602.188681204159,801.5588380661203,610.2412603331235,992.8764157991171,76,15,ok
district,51.0,beans,A,2019,436944.98646770103,927.3650930459969,471.1682483459928,236.44022567378386,705.8962710182018,13,9,suppressed
district,52.0,beans,A,2019,471343.76313529763,656.0529998322862,718.453788422265,512.6248905663947,924.2826862781353,21,10,ok
district,53.0,beans,A,2019,2275758.148577288,2665.5325233530248,853.772418321337,625.220501910315,1082.324334732359,39,13,ok
district,54.0,beans,A,2019,327968.43341404584,1390.5965334550444,235.8472968425881,147.36181003430173,324.3327836508745,24,13,ok
district,55.0,beans,A,2019,170621.44487664656,1758.7566535809365,97.01253696993886,-2.0516018374270146,196.07667577730473,37,17,use_with_caution
district,56.0,beans,A,2019,699080.9568929992,1138.7519993535157,613.9009699125679,330.1171482136487,897.6847916114871,14,8,suppressed
district,57.0,beans,A,2019,674393.5841314949,3761.6098309629274,179.28323628366797,114.95634711418634,243.6101254531496,30,15,ok
district,11.0,maize,A,2019,21474.68755648067,12.643358831264495,1698.4954586101019,1698.4954586101014,1698.4954586101023,1,1,suppressed
district,12.0,maize,A,2019,279011.44758781197,317.1100389938159,879.8568738886664,562.8678166821917,1196.8459310951412,8,5,suppressed
district,13.0,maize,A,2019,656446.1558423005,422.8316635134997,1552.4999958318926,1487.4530141618284,1617.546977501957,6,4,suppressed
district,21.0,maize,A,2019,1076738.180090546,1146.5312732475386,939.1267427365461,808.2537544165407,1069.9997310565516,22,7,suppressed
district,22.0,maize,A,2019,44495.46411858167,76.60468941273346,580.8451735747851,161.47657151050896,1000.2137756390613,10,5,suppressed
district,23.0,maize,A,2019,231181.89070719967,276.0623222781413,837.4264506631107,334.14829001223217,1340.7046113139893,9,8,suppressed
district,24.0,maize,A,2019,295337.6166540694,368.5316292841062,801.3901472385955,522.2632622608826,1080.5170322163085,8,4,suppressed
district,25.0,maize,A,2019,190185.72896158445,242.38487845026896,784.6435395539974,-106.12252150542702,1675.4096006134218,6,3,suppressed
district,26.0,maize,A,2019,114648.98014445802,75.95467777261747,1509.439359188359,455.1839817948785,2563.6947365818396,7,2,suppressed
district,27.0,maize,A,2019,63528.460561940956,405.47439417152896,156.67687399038653,-82.68646734412852,396.04021532490157,3,3,suppressed
district,28.0,maize,A,2019,1424429.462947846,983.0863351029692,1448.9362857420351,690.7073990223104,2207.16517246176,13,7,suppressed
district,31.0,maize,A,2019,897077.7620811706,1138.1875539284263,788.1633909850171,579.2796097289742,997.0471722410601,23,12,ok
district,32.0,maize,A,2019,2491715.5829161555,3396.4806863373105,733.6168855425368,445.2034301481177,1022.0303409369559,97,13,use_with_caution
district,33.0,maize,A,2019,4331695.342233732,1957.9689456864487,2212.3411874211693,1924.2904603195525,2500.391914522786,46,11,ok
district,34.0,maize,A,2019,381012.73729138053,547.9791787544726,695.3051357852722,279.52450002501644,1111.0857715455281,14,7,suppressed
district,35.0,maize,A,2019,706041.8362541511,1277.5114570144967,552.6696706925417,419.9353617006146,685.4039796844688,33,12,ok
district,36.0,maize,A,2019,814789.8926167587,723.725860103451,1125.8266942406767,450.5097425479146,1801.1436459334388,28,10,use_with_caution
district,37.0,maize,A,2019,1872152.204167823,1830.4491582228072,1022.7829578099321,488.47120983754155,1557.0947057823228,54,10,use_with_caution
district,41.0,maize,A,2019,1365912.5855886042,1108.3224533048608,1232.4144309407845,939.9010799430338,1524.9277819385352,55,10,ok
district,42.0,maize,A,2019,1860632.7888709675,2046.1543736341966,909.3315796922388,394.6023294552501,1424.0608299292276,63,14,use_with_caution
district,43.0,maize,A,2019,3313429.8578700884,2279.112388189527,1453.8246885236751,1164.0174994974948,1743.6318775498555,65,14,ok
district,44.0,maize,A,2019,1800543.8361974945,2126.0918486681835,846.8796102696047,567.5805576972191,1126.1786628419902,40,12,ok
district,45.0,maize,A,2019,746784.3432724625,1118.9334021111501,667.4073200991814,272.27380462084375,1062.5408355775191,39,6,suppressed
district,51.0,maize,A,2019,429053.8994476587,451.76888964913906,949.7198883723009,559.2032310911829,1340.236545653419,11,5,suppressed
district,52.0,maize,A,2019,3431951.2782524335,1583.2386359333302,2167.677822130253,1739.172542547189,2596.183101713317,27,19,ok
district,53.0,maize,A,2019,6751085.807424919,3218.8840322539872,2097.337381458116,1512.554564733598,2682.120198182634,73,20,ok
district,54.0,maize,A,2019,98876.78216749468,452.4757596827205,218.52393205953805,13.71867248793356,423.3291916311425,13,7,suppressed
district,55.0,maize,A,2019,3218039.3047282924,4695.22184175572,685.3859973365916,414.61444926332376,956.1575454098594,62,20,use_with_caution
district,56.0,maize,A,2019,4788504.763777515,5289.662071099395,905.2572167019887,752.1706381337626,1058.3437952702147,43,11,ok
district,57.0,maize,A,2019,2895478.714590884,3147.9528947520866,919.7973449405487,405.7976858321515,1433.7970040489458,18,8,suppressed
district,21.0,sorghum,A,2019,31761.138537218976,134.96952126413294,235.32082087675926,103.33818925312775,367.3034525003908,3,2,suppressed
district,33.0,sorghum,A,2019,105879.57205548612,85.15840538850537,1243.3249727075993,225.39044254321118,2261.2595028719875,4,2,suppressed
district,34.0,sorghum,A,2019,187615.68618482183,349.06091860929405,537.4869433459011,537.4869433459011,537.4869433459011,4,1,suppressed
district,35.0,sorghum,A,2019,86612.67414993313,92.74786207597627,933.8508965196698,933.8508965196697,933.85089651967,2,1,suppressed
district,43.0,sorghum,A,2019,1373847.2436669325,733.7699221421913,1872.3133808157181,1775.8691719098144,1968.7575897216218,20,2,suppressed
district,44.0,sorghum,A,2019,2788328.816615744,1368.8677870568465,2036.9599189786106,1721.4916345088675,2352.4282034483535,19,3,suppressed
district,45.0,sorghum,A,2019,50279.340204261825,92.9010765714294,541.2137518729749,541.2137518729749,541.2137518729749,1,1,suppressed
district,52.0,sorghum,A,2019,3035856.116942243,3615.554835913182,839.6653500555955,688.706141338668,990.624558772523,53,27,ok
district,53.0,sorghum,A,2019,1226401.6676358161,1354.8541069335445,905.1909437035578,681.415482009173,1128.9664053979425,58,16,ok
district,54.0,sorghum,A,2019,534458.8593263552,1148.8864448130248,465.1972888524553,295.86567379961764,634.528903905293,24,13,ok
district,55.0,sorghum,A,2019,70851.11248541002,205.97613696825525,343.9772855645385,272.45130529560595,415.503265833471,11,6,suppressed
district,56.0,sorghum,A,2019,101362.94939949288,157.98797520915417,641.5864831820421,625.5531370871049,657.6198292769793,2,2,suppressed
district,57.0,sorghum,A,2019,727367.5940800344,2734.188449075603,266.0268696277862,170.30950507648112,361.7442341790913,26,9,suppressed
province,1.0,beans,A,2020,223132.0219915643,605.8897433491837,368.2716607119884,199.35797164605165,537.1853497779251,19,16,use_with_caution
province,1.0,beans,A,2021,434983.59759033204,877.8638493718648,495.5023468634396,371.0484205674014,619.9562731594777,31,24,ok
province,1.0,beans,A,2022,329905.6103562927,430.07152141367663,767.0947596619947,477.31324963637206,1056.8762696876172,14,12,ok
province,1.0,beans,A,2023,421874.9786443329,888.6492675574198,474.7373278142871,337.79332456104385,611.6813310675303,26,16,ok
province,1.0,beans,A,2024,181682.6548461914,289.74089996763394,627.0521519967896,555.249352503528,698.8549514900511,8,6,suppressed
province,1.0,beans,A,2025,259456.60307312012,608.3140294827789,426.51753945856547,333.4665908291743,519.5684880879567,20,16,ok
province,1.0,beans,B,2020,539612.3077905274,978.2444291050958,551.6129627072531,455.71644428881433,647.5094811256919,47,29,ok
province,1.0,beans,B,2021,698358.6577742003,1313.1527532571206,531.8182945906361,389.59879168754344,674.0377974937288,51,26,ok
province,1.0,beans,B,2022,157915.97863464354,347.70344208503707,454.1685802351717,290.1817030412394,618.155457429104,18,13,ok
province,1.0,beans,B,2023,1218001.1909997556,1661.7710755173327,732.9536594687537,514.6010901899945,951.3062287475129,54,26,ok
province,1.0,beans,B,2024,283692.6889038086,442.42924964681805,641.2159438605709,552.509483865427,729.9224038557147,13,9,suppressed
province,1.0,beans,B,2025,904669.0824432373,1729.1868123624938,523.1760246929233,433.7197185711982,612.6323308146484,52,36,ok
province,2.0,beans,A,2020,6352315.31047957,12924.031950818517,491.5118853507059,438.9587105956358,544.065060105776,219,125,ok
province,2.0,beans,A,2021,6958857.806484146,15816.521746535946,439.9739663373358,399.8702136378061,480.0777190368655,263,146,ok
province,2.0,beans,A,2022,5081242.8258465575,8962.039464817219,566.9739400048703,505.60676098821307,628.3411190215276,147,89,ok
province,2.0,beans,A,2023,4797162.125421142,11285.801325703032,425.0617202072986,371.18166474292497,478.94177567167225,191,124,ok
province,2.0,beans,A,2024,5702254.747375488,11206.098676986729,508.8528052216652,457.6031937309287,560.1024167124017,186,110,ok
province,2.0,beans,A,2025,8373152.381347656,15566.4359454305,537.8978470537812,494.74897505484313,581.0467190527193,259,129,ok
province,2.0,beans,B,2020,8119220.905453338,13980.408522209917,580.7570567451424,538.6630298411719,622.851083649113,225,127,ok
province,2.0,beans,B,2021,9717935.585151061,18501.295622127946,525.257029757862,479.448234149635,571.065825366089,359,176,ok
province,2.0,beans,B,2022,4072448.84471344,7979.5474251252535,510.36087985272115,447.23309105258716,573.4886686528552,127,88,ok
province,2.0,beans,B,2023,9590559.973384399,15164.527388948969,632.4338192282501,577.441670741495,687.4259677150051,252,131,ok
province,2.0,beans,B,2024,6461852.180892944,10320.786673146602,626.1007407222045,567.5588447410846,684.6426367033243,173,98,ok
province,2.0,beans,B,2025,15926007.075164795,34286.21063819856,464.5018151239349,433.2407955492384,495.76283469863137,548,209,ok
province,3.0,beans,A,2020,8096936.984048604,13315.075747700594,608.1029606945256,541.9994535682621,674.206467820789,243,97,ok
province,3.0,beans,A,2021,7132040.390786744,12620.087846790882,565.1339735008521,516.330454593037,613.9374924086673,231,85,ok
province,3.0,beans,A,2022,8167885.795962066,11519.186682270054,709.0679247809919,641.7336678746965,776.4021816872873,208,82,ok
province,3.0,beans,A,2023,10662981.232123412,13645.611677644998,781.4220046721763,683.9831366196162,878.8608727247364,248,93,ok
province,3.0,beans,A,2024,11437670.570991516,13987.213915156744,817.7232893104962,747.8160875897524,887.6304910312399,263,103,ok
province,3.0,beans,A,2025,14563682.256462097,18377.40056353937,792.4778156795655,732.5158263828785,852.4398049762526,342,114,ok
province,3.0,beans,B,2020,6780506.71967865,10132.344151250481,669.1942771053463,618.6121909388908,719.7763632718018,180,91,ok
province,3.0,beans,B,2021,6733791.54037552,13210.457165979878,509.73190827314147,463.93637692358766,555.5274396226953,304,123,ok
province,3.0,beans,B,2022,7698069.96579834,11064.94246166732,695.7171257299386,620.0849696935828,771.3492817662944,191,90,ok
province,3.0,beans,B,2023,9098860.543598633,13757.405650449069,661.3790982678212,574.1518837159654,748.606312819677,235,103,ok
province,3.0,beans,B,2024,8606758.0933609,11003.684721807982,782.1705465900291,725.1287017231086,839.2123914569495,203,101,ok
province,3.0,beans,B,2025,15831219.063278198,22247.601432378215,711.5921737180222,661.4873956109567,761.6969518250877,401,155,ok
province,4.0,beans,A,2020,16095712.827684289,24809.31314339541,648.7770433083995,596.4364760459227,701.1176105708762,416,123,ok
province,4.0,beans,A,2021,17660270.89823822,26124.985623391676,675.9916025532907,624.6319529920981,727.3512521144833,434,121,ok
province,4.0,beans,A,2022,14494061.139085082,18915.169419837017,766.2665248921662,708.3708221469223,824.1622276374102,317,101,ok
province,4.0,beans,A,2023,16146989.549265899,20410.64031780372,791.106466913792,717.7780402106067,864.4348936169773,331,118,ok
province,4.0,beans,A,2024,18560992.614997864,22279.486750041433,833.0978546874894,782.6286908187982,883.5670185561806,392,121,ok
province,4.0,beans,A,2025,24413394.507980347,26681.007968914382,915.0102026289263,857.104212240262,972.9161930175907,465,136,ok
province,4.0,beans,B,2020,22346941.07902481,25359.219792157764,881.2156392104583,830.8736877472224,931.5575906736942,432,116,ok
province,4.0,beans,B,2021,18688918.700259246,21254.67352648564,879.2851453103157,823.0201637402312,935.5501268804002,471,136,ok
province,4.0,beans,B,2022,23651273.752432555,22304.8724117068,1060.3635526746652,987.973897389626,1132.7532079597045,394,106,ok
province,4.0,beans,B,2023,25107684.717237547,23907.819204975258,1050.187158518105,965.7313271779611,1134.642989858249,420,124,ok
province,4.0,beans,B,2024,20249906.27456665,19288.68006528827,1049.8336955159618,995.0989622912717,1104.568428740652,349,110,ok
province,4.0,beans,B,2025,30180771.86416626,31070.343380341765,971.3691121695701,920.7536692650651,1021.9845550740752,527,138,ok
province,5.0,beans,A,2020,3592384.4740635143,6705.980101451336,535.6986480299928,456.67956011359445,614.7177359463911,99,66,ok
province,5.0,beans,A,2021,4256183.505890807,9096.610354218765,467.88675563276195,394.29816805729513,541.4753432082288,124,68,ok
province,5.0,beans,A,2022,3945768.990674591,8515.249553338841,463.3767884262945,375.1779924251834,551.5755844274057,111,69,ok
province,5.0,beans,A,2023,4458136.724181365,7685.385829801015,580.0797543428985,457.3358336705914,702.8236750152056,117,66,ok
province,5.0,beans,A,2024,4037223.422302246,6748.052248199697,598.2798107971572,490.75928153350833,705.8003400608061,90,63,ok
province,5.0,beans,A,2025,6137906.084068298,11070.273668810409,554.4493539813155,496.7452513454007,612.1534566172304,153,96,ok
province,5.0,beans,B,2020,11516175.06804138,19438.991573298386,592.4265682516229,543.3846119031895,641.4685246000564,263,126,ok
province,5.0,beans,B,2021,11628113.449816285,21430.193142636177,542.6042300422256,494.6995235296661,590.5089365547851,400,173,ok
province,5.0,beans,B,2022,9762179.790354766,17470.00193070017,558.7967207490465,488.28324154042895,629.3101999576639,233,112,ok
province,5.0,beans,B,2023,17208548.54124741,24549.644992499263,700.9693438135336,646.5361383119008,755.4025493151663,349,135,ok
province,5.0,beans,B,2024,15562036.221450806,25419.561479190976,612.2071080647964,557.2312703430924,667.1829457865005,323,134,ok
province,5.0,beans,B,2025,23664262.407440186,45159.71374021867,524.0126751814437,490.0120328895514,558.013317473336,626,222,ok
province,1.0,irish_potato,A,2020,805954.2175837402,222.50693293610476,3622.1532828155905,2180.5896435048376,5063.716922126343,6,5,suppressed
province,1.0,irish_potato,A,2021,1246602.4969052125,294.6071389003227,4231.406277384838,3041.027547502003,5421.785007267674,7,5,suppressed
province,1.0,irish_potato,A,2022,741786.6887130737,170.23322186797336,4357.473121717548,3012.032806535881,5702.9134368992145,5,5,suppressed
province,1.0,irish_potato,A,2023,967244.6854248047,215.98354311767218,4478.325855122352,1085.5830902635007,7871.068619981203,7,6,suppressed
province,1.0,irish_potato,A,2024,969829.0911865234,208.82869274882674,4644.137155773927,3020.809827802008,6267.464483745845,6,2,suppressed
province,1.0,irish_potato,A,2025,256240.6494140625,35.42727166156769,7232.864327287111,7232.864327287111,7232.864327287111,1,1,suppressed
province,1.0,irish_potato,B,2020,1113181.6156723786,317.24884131053443,3508.859515684588,2111.6279724758488,4906.0910588933275,9,7,suppressed
province,1.0,irish_potato,B,2021,2132327.4125671387,691.3873484903446,3084.1284805443865,1683.9607253165789,4484.296235772194,17,9,suppressed
province,1.0,irish_potato,B,2022,1669635.7881011963,533.5891933950671,3129.065972040789,1795.4002497980396,4462.731694283539,12,5,suppressed
province,1.0,irish_potato,B,2023,175206.9818725586,134.27314598173277,1304.854970005653,-316.13714187603796,2925.847081887344,3,3,suppressed
province,1.0,irish_potato,B,2024,346072.3663330078,64.27450178058055,5384.2870305619035,1196.6365287482613,9571.937532375545,2,2,suppressed
province,1.0,irish_potato,B,2025,982793.620300293,341.8138423421378,2875.2306037874496,1773.9467809816656,3976.5144265932336,8,5,suppressed
province,2.0,irish_potato,A,2020,8214802.484075727,1287.2639002803646,6381.599361472463,3306.0843865252077,9457.114336419718,20,15,use_with_caution
province,2.0,irish_potato,A,2021,8051802.428912659,1403.8785036098213,5735.398332696808,4694.376430839975,6776.420234553641,22,17,ok
province,2.0,irish_potato,A,2022,8520269.179943237,1589.4556635121367,5360.495027031107,3874.3776923490254,6846.612361713189,24,18,ok
province,2.0,irish_potato,A,2023,19884261.028116457,3840.641784374857,5177.327682319383,3411.7304601032956,6942.92490453547,52,28,ok
province,2.0,irish_potato,A,2024,9975823.311065674,1732.0523474911656,5759.539153372243,4682.249674393768,6836.828632350718,27,16,ok
province,2.0,irish_potato,A,2025,26801273.56225586,3352.12886077368,7995.299308413238,5643.192182151064,10347.406434675411,41,19,ok
province,2.0,irish_potato,B,2020,12045025.738418123,1973.0080543181211,6104.904494462861,4095.094461126273,8114.71452779945,43,26,ok
province,2.0,irish_potato,B,2021,11461018.051669616,2249.9462489259627,5093.90749096369,3594.2749200749786,6593.540061852402,33,18,ok
province,2.0,irish_potato,B,2022,16570952.056351928,3104.334899580461,5338.003982299535,3789.971465033729,6886.036499565341,50,28,ok
province,2.0,irish_potato,B,2023,15536478.97522583,3052.1399039037015,5090.356099127239,3544.7913729507463,6635.920825303731,48,20,ok
province,2.0,irish_potato,B,2024,14772312.719192505,2237.209961776668,6603.006857461493,5455.036352210311,7750.977362712676,36,20,ok
province,2.0,irish_potato,B,2025,21309076.34423828,4249.333376297621,5014.686883146964,3408.7051842507212,6620.668582043207,64,37,ok
province,3.0,irish_potato,A,2020,149395697.29796755,12103.002762823875,12343.688605678755,9490.905432451404,15196.471778906107,211,52,ok
province,3.0,irish_potato,A,2021,103197659.44871369,8424.372994788086,12249.892011258176,10599.537517622111,13900.246504894241,152,52,ok
province,3.0,irish_potato,A,2022,119981307.32217407,11260.325052851627,10655.225915684321,9136.977263109084,12173.474568259559,197,53,ok
province,3.0,irish_potato,A,2023,129305276.93314087,12378.139441846799,10446.261131620337,8901.675339474747,11990.846923765926,167,49,ok
province,3.0,irish_potato,A,2024,139688114.6348114,11412.138748709845,12240.309876236239,11137.90293613521,13342.716816337268,217,50,ok
province,3.0,irish_potato,A,2025,145498283.42366028,10735.329711319806,13553.219820555718,12059.887295587416,15046.55234552402,169,46,ok
province,3.0,irish_potato,B,2020,97764103.84735519,10593.042530142915,9229.0863148301,7636.199341274758,10821.973288385441,161,46,ok
province,3.0,irish_potato,B,2021,135491260.17664683,14510.25285337846,9337.622269283891,8109.489559094873,10565.75497947291,252,51,ok
province,3.0,irish_potato,B,2022,102268585.77416116,13155.035129457661,7774.102065691508,6435.048426893044,9113.155704489971,220,60,ok
province,3.0,irish_potato,B,2023,96334468.21112488,12783.067890621154,7536.099239667247,6243.934443331251,8828.264036003244,218,59,ok
province,3.0,irish_potato,B,2024,97121686.14762878,10409.739692421655,9329.886146752919,8120.12139584203,10539.650897663807,205,43,ok
province,3.0,irish_potato,B,2025,90189607.59126282,13673.506169443139,6595.938632975791,5825.063438736993,7366.813827214589,224,54,ok
province,4.0,irish_potato,A,2020,67854838.24906068,6706.910895103198,10117.152189781196,7742.846094953187,12491.458284609205,104,58,ok
province,4.0,irish_potato,A,2021,55012712.71170197,5018.550067139538,10961.873843187139,9529.140526213254,12394.607160161024,77,40,ok
province,4.0,irish_potato,A,2022,50697691.24540466,5004.380369251606,10130.66304010508,8832.512197685162,11428.813882524999,82,41,ok
province,4.0,irish_potato,A,2023,37796636.160604864,4762.626635223696,7936.09053480414,6477.9416493779345,9394.239420230346,71,47,ok
province,4.0,irish_potato,A,2024,59443107.11753082,4948.857967319266,12011.479721195232,10344.572375129323,13678.387067261141,80,39,ok
province,4.0,irish_potato,A,2025,59353214.12012863,5945.777125680826,9982.414891364153,8939.025310877314,11025.804471850992,101,47,ok
province,4.0,irish_potato,B,2020,58695408.714337155,6347.520136967594,9246.982671626112,8019.237876392028,10474.727466860197,87,37,ok
province,4.0,irish_potato,B,2021,69877568.0563153,8537.688211882718,8184.600599382396,6984.462060498771,9384.73913826602,148,52,ok
province,4.0,irish_potato,B,2022,51459044.44500412,6949.994952329469,7404.1844343723305,6308.305832566054,8500.063036178608,115,56,ok
province,4.0,irish_potato,B,2023,52237722.35597412,7284.81093009298,7170.772564622674,5901.829437639395,8439.715691605952,124,53,ok
province,4.0,irish_potato,B,2024,33459363.709594727,3980.0773066031,8406.712013880828,6983.752832529855,9829.6711952318,69,40,ok
province,4.0,irish_potato,B,2025,47825424.64331055,7622.977458651851,6273.850985749686,5336.153275011076,7211.548696488295,123,62,ok
province,5.0,irish_potato,A,2020,6622250.434247883,1471.139145837482,4501.44396808774,2487.2413494274087,6515.646586748072,23,19,use_with_caution
province,5.0,irish_potato,A,2021,8770759.753909606,2004.1920942088398,4376.207140649303,3311.1197856542913,5441.294495644315,26,23,ok
province,5.0,irish_potato,A,2022,14152668.911546936,2934.2000690106756,4823.348298917733,3659.9168515337115,5986.779746301754,40,25,ok
province,5.0,irish_potato,A,2023,5583108.2862854,1435.616472719576,3888.997091060802,2727.8052411769595,5050.188940944645,21,19,ok
province,5.0,irish_potato,A,2024,10644082.430725098,1836.8782116462842,5794.65876574661,4381.674092173029,7207.643439320191,20,16,ok
province,5.0,irish_potato,A,2025,15860984.573898315,3120.2023096874245,5083.3192849880415,3681.0396142769478,6485.598955699135,44,30,ok
province,5.0,irish_potato,B,2020,6105911.415778961,2414.0075076420185,2529.367202235076,1650.8985885795068,3407.8358158906453,35,31,ok
province,5.0,irish_potato,B,2021,8709487.465504456,4015.791255353074,2168.809808999573,1713.2845586820076,2624.335059317138,57,43,ok
province,5.0,irish_potato,B,2022,6533879.37494751,2628.147261409932,2486.1161590474403,1857.436199156419,3114.7961189384614,39,34,ok
province,5.0,irish_potato,B,2023,7702791.151913452,2311.235550159961,3332.7590307185874,2429.3949292560364,4236.123132181138,36,27,ok
province,5.0,irish_potato,B,2024,7536802.597045898,2315.73182555269,3254.609412835231,2605.3293060439555,3903.8895196265066,31,23,ok
province,5.0,irish_potato,B,2025,13145828.240081787,5996.03241602717,2192.421142511418,1850.677131142795,2534.165153880041,81,54,ok
province,1.0,maize,A,2020,803140.8846574329,599.8336899785714,1338.9392727943048,729.9118941476605,1947.9666514409491,23,11,use_with_caution
province,1.0,maize,A,2021,744705.8857345581,742.4406737840393,1003.0510342853033,682.7677621781894,1323.3343063924171,26,14,ok
province,1.0,maize,A,2022,2191851.5336435125,1200.8722154655825,1825.2162931371709,1195.6866188963304,2454.7459673780113,43,15,ok
province,1.0,maize,A,2023,1882405.3486901857,1396.80853103877,1347.6473738961845,560.9751528643006,2134.3195949280685,40,18,use_with_caution
province,1.0,maize,A,2024,1670251.4998703003,1028.4531472628832,1624.042382791568,1309.1297726133325,1938.9549929698032,29,16,ok
province,1.0,maize,A,2025,1596367.5257492065,848.3393357733875,1881.7558710676549,1518.9782686939614,2244.533473441348,23,13,ok
province,1.0,maize,B,2020,63232.296142578125,251.40160514349913,251.51906292119878,188.5626523040232,314.47547353837433,4,3,suppressed
province,1.0,maize,B,2021,75386.79584503174,153.14950974400816,492.24314182292824,-24.956238726627134,1009.4425223724836,5,5,suppressed
province,1.0,maize,B,2022,206210.0798110962,192.05245460892615,1073.7174915623912,3.1962991172447346,2144.238684007538,9,7,suppressed
province,1.0,maize,B,2023,519957.8226123047,440.8870508616327,1179.344736018313,710.5810084606078,1648.108463576018,12,4,suppressed
province,1.0,maize,B,2024,313483.16818237305,246.51663735774102,1271.6511613268976,1223.3819050848365,1319.9204175689588,7,3,suppressed
province,1.0,maize,B,2025,72499.08142089844,80.72452077677484,898.1048227140058,401.5060662654225,1394.703579162589,2,2,suppressed
province,2.0,maize,A,2020,7349353.721831457,4587.485642088981,1602.0439724983678,1279.3314211215552,1924.7565238751804,84,55,ok
province,2.0,maize,A,2021,5430020.084631348,4422.451226340969,1227.830405972395,1034.2083196327374,1421.4524923120528,79,52,ok
province,2.0,maize,A,2022,7392461.567767334,3899.781600795839,1895.6091198180777,1557.724826637947,2233.4934129982084,62,41,ok
province,2.0,maize,A,2023,6808287.376220703,4585.74914965387,1484.661972130462,1146.1968485151388,1823.127095745785,74,54,ok
province,2.0,maize,A,2024,12994100.675842285,7691.609661046375,1689.3863896461114,1436.384801989016,1942.3879773032068,129,64,ok
province,2.0,maize,A,2025,9851758.350891113,6027.641613694971,1634.4300113177999,1370.659396763931,1898.2006258716688,103,51,ok
province,2.0,maize,B,2020,1665190.4161749268,1478.23546706853,1126.471697690453,746.3812678389077,1506.5621275419985,26,22,ok
province,2.0,maize,B,2021,1706835.1652838134,1224.6867757638904,1393.691186237547,1017.9082219930984,1769.4741504819958,26,17,ok
province,2.0,maize,B,2022,1624078.038671875,1164.9802220777256,1394.0820692864252,1013.3025826187878,1774.8615559540626,22,20,ok
province,2.0,maize,B,2023,1515754.1540588378,1920.1024421887305,789.413169190611,564.2422493081104,1014.5840890731116,35,28,ok
province,2.0,maize,B,2024,1097195.385421753,995.8329891479716,1101.7865418984627,625.6961672116714,1577.876916585254,16,12,use_with_caution
province,2.0,maize,B,2025,872927.474822998,726.4832112369481,1201.5796942323088,664.9795538094221,1738.1798346551955,12,11,use_with_caution
province,3.0,maize,A,2020,12000371.233685106,11518.01674062171,1041.87825941963,901.9252593801868,1181.8312594590732,196,82,ok
province,3.0,maize,A,2021,9145876.908272859,8708.974376597796,1050.1669327273576,903.9400061001264,1196.3938593545886,149,84,ok
province,3.0,maize,A,2022,6418464.552066039,4820.396935631275,1331.5219965854292,1055.4172459479244,1607.626747222934,85,50,ok
province,3.0,maize,A,2023,9610053.763649292,8811.455849387696,1090.6317784384166,894.2565416210289,1287.0070152558044,150,70,ok
province,3.0,maize,A,2024,11792391.580955505,7485.112758441661,1575.4460836486562,1358.1815212119184,1792.710646085394,143,66,ok
province,3.0,maize,A,2025,11117861.97605896,7441.153735953512,1494.1045932622856,1307.0593624189178,1681.1498241056534,141,62,ok
province,3.0,maize,B,2020,6853461.623057098,7845.988119882062,873.498852960297,714.7031628315038,1032.2945430890902,138,48,ok
province,3.0,maize,B,2021,5694815.514265138,5713.382730400113,996.7502236396343,767.2909511700699,1226.2094961091989,106,49,ok
province,3.0,maize,B,2022,4146531.413522339,4442.728855595904,933.3298403524029,710.2442626807302,1156.4154180240755,80,33,ok
province,3.0,maize,B,2023,3384464.3718725583,3708.193168622745,912.699047209986,673.1054944096558,1152.2926000103162,70,41,ok
province,3.0,maize,B,2024,4084948.4472351074,3581.211188262349,1140.6611429741395,982.0195427366456,1299.3027432116335,67,35,ok
province,3.0,maize,B,2025,5897640.924743652,5252.119850934367,1122.9067675777517,1008.1390925209573,1237.674442634546,98,51,ok
province,4.0,maize,A,2020,26526032.793886386,17346.62437924291,1529.1754876313355,1348.2180485509277,1710.1329267117433,311,98,ok
province,4.0,maize,A,2021,20068985.812477417,13628.547509898654,1472.5696775757622,1304.1950292850574,1640.944325866467,248,89,ok
province,4.0,maize,A,2022,20732478.815994874,12235.105012045704,1694.5076315718857,1434.8399251653068,1954.1753379784645,224,78,ok
province,4.0,maize,A,2023,19687585.580910645,14322.455933793171,1374.5956469978516,1144.390652774556,1604.8006412211473,251,90,ok
province,4.0,maize,A,2024,22017737.03085327,10966.481574070855,2007.7302717502396,1799.798507173017,2215.6620363274624,198,76,ok
province,4.0,maize,A,2025,26022007.654449463,13075.708364652295,1990.1030926014716,1768.4263634084102,2211.779821794533,241,81,ok
province,4.0,maize,B,2020,5528759.405193482,4184.640287788921,1321.2030246247916,1171.138136963577,1471.2679122860063,76,36,ok
province,4.0,maize,B,2021,3406435.826048584,3234.6643300972005,1053.1033450219616,879.516082414376,1226.6906076295472,57,31,ok
province,4.0,maize,B,2022,1801658.8482556152,2112.105754203463,853.0154537337896,624.8372422658534,1081.1936652017257,39,27,ok
province,4.0,maize,B,2023,2755136.5826660153,2619.4580259149775,1051.7964233092246,741.2150533939313,1362.377793224518,43,31,ok
province,4.0,maize,B,2024,2833200.91217041,2603.5784866238755,1088.1949312172615,719.0431949339177,1457.3466675006052,41,27,ok
province,4.0,maize,B,2025,3102244.6591644287,2861.2197880015738,1084.2385028139342,867.310483480523,1301.1665221473454,47,32,ok
province,5.0,maize,A,2020,56148581.734626345,25801.23013747364,2176.1978570578417,1900.4726547729183,2451.923059342765,306,152,ok
province,5.0,maize,A,2021,46003973.01524693,26269.20458857154,1751.251084140592,1627.26765706916,1875.234511212024,313,155,ok
province,5.0,maize,A,2022,31110275.854639433,16991.285338249483,1830.9548239182564,1572.7607987177664,2089.1488491187465,196,98,ok
province,5.0,maize,A,2023,51792641.85492706,28840.24519619739,1795.8460998714381,1594.210178776192,1997.4820209666843,362,167,ok
province,5.0,maize,A,2024,73870739.36528778,29532.356601506617,2501.349295014242,2222.841536146243,2779.8570538822414,300,134,ok
province,5.0,maize,A,2025,84161881.13596344,31455.521535196356,2675.583714032293,2451.132567424353,2900.0348606402326,363,147,ok
province,5.0,maize,B,2020,7993966.692969321,6815.577849800837,1172.8963954542635,946.3717537823264,1399.4210371262006,63,49,ok
province,5.0,maize,B,2021,7963409.179609451,5985.7546749256535,1330.3935112757292,1013.5345186196042,1647.2525039318543,72,43,ok
province,5.0,maize,B,2022,12032215.352280272,8134.049198805328,1479.2405428341249,1108.7342056305047,1849.746880037745,69,35,ok
province,5.0,maize,B,2023,8763109.961957399,11374.480618033522,770.4184706301262,571.6251290828454,969.211812177407,131,76,ok
province,5.0,maize,B,2024,12381670.460624695,9224.004357752376,1342.3313758756453,1028.4460115953318,1656.2167401559589,71,47,ok
province,5.0,maize,B,2025,16748580.006484985,10143.289423031414,1651.1980786484864,1139.4879308281072,2162.908226468866,81,56,ok
province,1.0,sorghum,A,2023,672.2485961914062,17.72887651336584,37.91828521590731,37.9182852159073,37.918285215907325,1,1,suppressed
province,1.0,sorghum,B,2020,3566275.4966875454,3310.4699552532825,1077.2716698510835,951.1053770558564,1203.4379626463108,78,36,ok
province,1.0,sorghum,B,2021,2825908.0193814468,2537.0259907109535,1113.8664048883234,938.3655082339494,1289.3673015426973,77,31,ok
province,1.0,sorghum,B,2022,1492915.498501625,1448.5647448607676,1030.6170323406016,823.1393324708017,1238.0947322104014,44,23,ok
province,1.0,sorghum,B,2023,2851250.641126938,2511.159989352436,1135.4316942036828,986.4390818824162,1284.4243065249493,78,30,ok
province,1.0,sorghum,B,2024,2176131.7515792847,1700.3895251438908,1279.7842608417243,1170.2762381922394,1389.2922834912092,51,22,ok
province,1.0,sorghum,B,2025,2376583.0259017944,2157.2400069874784,1101.6776150098488,952.0289932448827,1251.3262367748148,54,25,ok
province,2.0,sorghum,A,2020,288016.9706270992,283.20046619136156,1017.0074029203155,718.3161775242131,1315.6986283164179,5,5,suppressed
province,2.0,sorghum,A,2021,343195.7958166504,652.7644724352465,525.7574673699709,396.70134643882545,654.8135883011163,20,6,suppressed
province,2.0,sorghum,A,2022,469309.14396240236,780.9644664173856,600.935335912685,462.1675284263274,739.7031433990426,15,4,suppressed
province,2.0,sorghum,A,2023,334247.90408325195,606.2635165219865,551.3244570624435,212.76853882508988,889.880375299797,11,10,use_with_caution
province,2.0,sorghum,A,2024,882114.500213623,1047.9295878963248,841.7688653914537,633.7491182481326,1049.7886125347748,18,12,ok
province,2.0,sorghum,A,2025,506815.2829589844,768.3358123711567,659.6273072250851,469.17467582546783,850.0799386247024,14,11,ok
province,2.0,sorghum,B,2020,10834925.701056747,13850.67419978902,782.2670250392424,712.7828931989123,851.7511568795725,244,110,ok
province,2.0,sorghum,B,2021,8268376.967636413,9958.39050721171,830.2925017500152,745.6232507589596,914.9617527410708,184,100,ok
province,2.0,sorghum,B,2022,8889928.762095947,9738.31256982448,912.8818466602346,831.2361361805565,994.5275571399127,150,89,ok
province,2.0,sorghum,B,2023,12342156.04656372,13213.739921370718,934.039576986272,863.9006093241235,1004.1785446484205,236,119,ok
province,2.0,sorghum,B,2024,10780148.817901611,12081.501092485552,892.285547580395,818.0664879577581,966.5046072030319,198,111,ok
province,2.0,sorghum,B,2025,8681875.679351807,8964.147787445178,968.5109934835401,899.0326294357806,1037.9893575312997,145,90,ok
province,3.0,sorghum,A,2020,538092.4183449044,745.3747037637532,721.9086127122621,329.78549143014305,1114.031733994381,14,7,suppressed
province,3.0,sorghum,A,2021,963108.8983496093,943.1765532079444,1021.1332067934374,797.555656561692,1244.7107570251828,18,9,suppressed
province,3.0,sorghum,A,2022,557199.8182678223,688.8453906470322,808.8895212675295,246.19855335813577,1371.5804891769233,12,7,suppressed
province,3.0,sorghum,A,2023,442515.76319885254,637.2799683738914,694.3820379730328,447.3603944723393,941.4036814737262,11,8,suppressed
province,3.0,sorghum,A,2024,361252.2880554199,421.49279590112604,857.0782029217947,626.0249213148682,1088.1314845287213,7,5,suppressed
province,3.0,sorghum,A,2025,646223.1538696289,658.0614565626285,982.0103387382135,824.4132400990947,1139.6074373773322,11,6,suppressed
province,3.0,sorghum,B,2020,953876.4499389648,1078.5028638552599,884.444985643524,482.4337447698455,1286.4562265172026,16,11,use_with_caution
province,3.0,sorghum,B,2021,996406.5993164063,1244.800950913504,800.4545614985174,549.0800901992787,1051.829032797756,21,11,ok
province,3.0,sorghum,B,2022,837867.9949176026,949.3686953801903,882.5527942882767,647.9911594989358,1117.1144290776176,17,12,ok
province,3.0,sorghum,B,2023,1191394.1981152345,1246.2352272743374,955.9946405310283,696.9177915283092,1215.0714895337474,21,11,ok
province,3.0,sorghum,B,2024,1156404.792175293,1103.5541796813711,1047.891271191761,801.3323558189887,1294.4501865645334,19,14,ok
province,3.0,sorghum,B,2025,787758.0738525391,729.9932988127222,1079.1305552171052,839.1149561568062,1319.146154277404,12,10,ok
province,4.0,sorghum,A,2020,3587771.1565688397,1946.8970222159392,1842.8150619313567,1384.0340255102008,2301.596098352513,33,12,ok
province,4.0,sorghum,A,2021,3686401.6047045896,2498.9733283045716,1475.1664465365177,1116.3805704390197,1833.9523226340157,47,13,ok
province,4.0,sorghum,A,2022,2633193.818607483,1910.9296120119789,1377.9648408059609,1191.1539707424915,1564.7757108694302,35,11,ok
province,4.0,sorghum,A,2023,2244927.9537353516,1526.1899724516759,1470.9361182140995,1183.049972635838,1758.822263792361,31,9,suppressed
province,4.0,sorghum,A,2024,2711709.591583252,1628.5655079512487,1665.0908903226184,1493.5493438838307,1836.632436761406,31,7,suppressed
province,4.0,sorghum,A,2025,4593589.743286133,2700.537802495212,1700.9907208267184,1527.5005784098748,1874.480863243562,48,9,suppressed
province,4.0,sorghum,B,2020,19589070.672225952,21315.992675084402,918.9846783501199,847.5298863464277,990.4394703538121,354,89,ok
province,4.0,sorghum,B,2021,18200432.543934934,17258.529684138834,1054.576077860314,966.824448672285,1142.3277070483427,280,80,ok
province,4.0,sorghum,B,2022,19180237.745852664,16648.877626010886,1152.04389008704,1057.1069503729193,1246.9808298011606,276,74,ok
province,4.0,sorghum,B,2023,16808197.388616335,13483.276960466199,1246.5958711594376,1101.2574392301924,1391.9343030886828,221,83,ok
province,4.0,sorghum,B,2024,18138247.593460083,12551.314752383005,1445.1272995138886,1303.7268577863535,1586.5277412414237,218,59,ok
province,4.0,sorghum,B,2025,19532710.872329712,15201.006900614071,1284.9616476090578,1183.7198220555774,1386.203473162538,257,75,ok
province,5.0,sorghum,A,2020,11848165.950144464,10648.808782315678,1112.6282941450258,953.1877382125768,1272.0688500774747,121,76,ok
province,5.0,sorghum,A,2021,11217773.096386109,8581.489999623154,1307.205752949514,1080.117791738645,1534.2937141603827,86,54,ok
province,5.0,sorghum,A,2022,20954625.43546501,19595.95882779551,1069.334020325779,911.055867658736,1227.6121729928218,191,91,ok
province,5.0,sorghum,A,2023,19530806.82691925,16283.852960005785,1199.3971497340463,1021.4777002092076,1377.316599258885,167,94,ok
province,5.0,sorghum,A,2024,19936528.547721863,14112.885057647993,1412.6472699441385,1150.9255481440184,1674.3689917442587,170,91,ok
province,5.0,sorghum,A,2025,27205333.969909668,20259.978767528337,1342.811573599129,1209.255129298659,1476.3680178995987,207,106,ok
province,5.0,sorghum,B,2020,30928977.833889466,38739.69356794326,798.3795168551078,725.272539369346,871.4864943408696,504,170,ok
province,5.0,sorghum,B,2021,34042429.38851883,37120.99199194819,917.0668013371754,843.1352385077005,990.9983641666504,492,165,ok
province,5.0,sorghum,B,2022,35413533.89445526,34287.50253374331,1032.8408684652313,921.0893779709825,1144.5923589594802,421,169,ok
province,5.0,sorghum,B,2023,38649303.125405505,32818.84391157461,1177.655837894235,1076.792575772954,1278.519100015516,467,161,ok
province,5.0,sorghum,B,2024,36333401.723526,30008.457258763876,1210.772063695975,1133.7109097026648,1287.8332176892852,363,162,ok
province,5.0,sorghum,B,2025,41372935.52840042,36137.83837703014,1144.8647010026423,1074.5920534608226,1215.137348544462,444,178,ok
province,1.0,beans,A,2019,618782.2536225833,1486.2110529992196,416.3488438427784,292.66915471396044,540.0285329715964,64,28,ok
province,2.0,beans,A,2019,7418578.774271885,15642.135309682108,474.26892987429676,409.43795256860903,539.0999071799845,292,120,ok
province,3.0,beans,A,2019,7596800.466264642,10344.882282563583,734.3534956477113,615.1609003050334,853.5460909903892,226,72,ok
province,4.0,beans,A,2019,14673080.452076258,14924.139818623931,983.1776323728639,827.3013635474779,1139.0539011982498,235,64,ok
province,5.0,beans,A,2019,5056111.317495473,12298.665633583732,411.11056013173055,216.6330163954365,605.5881038680246,178,85,use_with_caution
province,1.0,maize,A,2019,956932.290986593,752.5850613385801,1271.5270872963545,950.8276247677595,1592.2265498249494,15,10,ok
province,2.0,maize,A,2019,3440545.784186226,3574.6301997199034,962.4899897214028,556.8094775838445,1368.1705018589612,78,39,use_with_caution
province,3.0,maize,A,2019,11494485.357561173,10872.302840047414,1057.2263785020768,777.3715650089721,1337.0811919951816,295,75,ok
province,4.0,maize,A,2019,9087303.411799617,8678.614465907918,1047.0914968624481,830.3426558024277,1263.8403379224687,262,56,ok
province,5.0,maize,A,2019,21612990.550389193,18839.20412512638,1147.234798606133,887.2394738613727,1407.230123350893,247,90,ok
province,2.0,sorghum,A,2019,31761.138537218976,134.96952126413294,235.32082087675926,103.33872136699435,367.3029203865242,3,2,suppressed
province,3.0,sorghum,A,2019,380107.93239024107,526.9671860737757,721.3123367742783,395.54430774697386,1047.0803658015827,10,4,suppressed
province,4.0,sorghum,A,2019,4212455.400486938,2195.5387857704673,1918.6431265930407,1604.8449409347884,2232.4413122512933,40,6,suppressed
province,5.0,sorghum,A,2019,5696298.299869352,9217.447948912763,617.9908290712133,491.0119464863811,744.9697116560454,174,73,ok
national,RWA,beans,A,2020,34360481.61826754,58360.29068671504,588.7647442114139,556.7880369635759,620.741451459252,996,427,ok
national,RWA,beans,A,2021,36442336.198990256,64536.069420309126,564.6816815205989,534.4404905781611,594.9228724630367,1083,444,ok
national,RWA,beans,A,2022,32018864.361924592,48341.7166416768,662.3443805121351,625.724905655693,698.9638553685772,797,353,ok
national,RWA,beans,A,2023,36487144.60963616,53916.08841851019,676.7394608899258,628.83027176638,724.6486500134716,913,417,ok
national,RWA,beans,A,2024,39919824.010513306,54510.59249035224,732.331500846898,694.56985302569,770.0931486681061,939,403,ok
national,RWA,beans,A,2025,53747591.83293152,72303.43217617745,743.3615558106284,705.4383196934115,781.2847919278453,1239,491,ok
national,RWA,beans,B,2020,49302456.07998871,69889.20846802164,705.4373223091723,673.5663081731733,737.3083364451712,1147,489,ok
national,RWA,beans,B,2021,47467117.93337631,75709.77221048677,626.961573750469,594.8535542870895,659.0695932138485,1585,634,ok
national,RWA,beans,B,2022,45341888.331933744,59167.06767128459,766.3365807452278,710.1647808351214,822.5083806553342,963,409,ok
national,RWA,beans,B,2023,62223654.966467746,79041.1683123899,787.2309619785065,742.2871522176147,832.1747717393982,1310,519,ok
national,RWA,beans,B,2024,51164245.45917511,66475.14218908065,769.6748555068071,730.7630859008004,808.5866251128139,1061,452,ok
national,RWA,beans,B,2025,86506929.49249268,134493.05600349972,643.2074046279507,613.4994053237951,672.9154039321063,2154,760,ok
national,RWA,irish_potato,A,2020,232893542.68293557,21790.823636981026,10687.688843834883,8770.215451508024,12605.162236161743,364,149,ok
national,RWA,irish_potato,A,2021,176279536.84014314,17145.60079864661,10281.327490959535,9154.3045573473,11408.35042457177,284,137,ok
national,RWA,irish_potato,A,2022,194093723.347782,20958.59437649402,9260.817775330705,8247.421619174442,10274.213931486967,348,142,ok
national,RWA,irish_potato,A,2023,193536527.09357238,22633.0078772826,8551.074083610009,7472.717220378583,9629.430946841434,318,149,ok
national,RWA,irish_potato,A,2024,220720956.58531952,20138.755967915386,10960.009492987909,10014.152924979313,11905.866060996505,350,123,ok
national,RWA,irish_potato,A,2025,247769996.32935715,23188.865279123303,10684.86936928397,9554.440983755856,11815.297754812083,356,143,ok
national,RWA,irish_potato,B,2020,175723631.33156183,21644.827070381183,8118.504747585734,7071.55613265206,9165.453362519407,335,147,ok
national,RWA,irish_potato,B,2021,227671661.1627033,30005.06591803056,7587.774070707556,6685.488421096163,8490.05972031895,507,173,ok
national,RWA,irish_potato,B,2022,178502097.4385659,26371.10143617259,6768.852558949964,5936.110191034771,7601.5949268651575,436,183,ok
national,RWA,irish_potato,B,2023,171986667.67611083,25565.527420759532,6727.288072158272,5907.22285959484,7547.353284721705,429,162,ok
national,RWA,irish_potato,B,2024,153236237.53979492,19007.03328813469,8062.080768567602,7230.6565869415035,8893.504950193701,343,128,ok
national,RWA,irish_potato,B,2025,173452730.43919373,31883.66326276192,5440.175710354319,4919.787360069921,5960.564060638716,500,212,ok
national,RWA,maize,A,2020,102827480.36868672,59853.190589405815,1717.9949699605065,1565.6203685394544,1870.3695713815587,920,398,ok
national,RWA,maize,A,2021,81393561.7063631,53771.618375193,1513.6900127951737,1424.9262899606535,1602.453735629694,815,394,ok
national,RWA,maize,A,2022,67845532.3241112,39147.441102187884,1733.077064909855,1584.283477484566,1881.8706523351439,610,282,ok
national,RWA,maize,A,2023,89780973.92439789,57956.7146600709,1549.1039209345006,1420.5414098031094,1677.6664320658917,877,399,ok
national,RWA,maize,A,2024,122345220.15280914,56704.01374232839,2157.611288484168,1978.3222099011375,2336.900367067199,799,356,ok
national,RWA,maize,A,2025,132749876.64311218,58848.36458527053,2255.7955106935774,2095.51961041867,2416.071410968485,871,354,ok
national,RWA,maize,B,2020,22104610.43353741,20575.84332968385,1074.2991224883635,965.1341168287705,1183.4641281479567,307,158,ok
national,RWA,maize,B,2021,18846882.48105202,16311.638020930863,1155.4254978480988,1005.0435468735739,1305.8074488226237,266,145,ok
national,RWA,maize,B,2022,19810693.732541196,16045.916485291345,1234.625255011197,1028.4324913471787,1440.8180186752152,219,122,ok
national,RWA,maize,B,2023,16938422.893167116,20063.121305621607,844.256615665332,712.4821712341238,976.0310600965402,291,180,ok
national,RWA,maize,B,2024,20710498.37363434,16651.143659144313,1243.7883425659325,1054.2426065484083,1433.3340785834566,202,124,ok
national,RWA,maize,B,2025,26693892.146636963,19063.836793981078,1400.2371314396103,1090.4322766664168,1710.0419862128037,240,152,ok
national,RWA,sorghum,A,2020,16262046.495685305,13624.28097448673,1193.6076866102615,1032.3488580999208,1354.8665151206021,173,100,ok
national,RWA,sorghum,A,2021,16210479.395256959,12676.404353570917,1278.791599188022,1095.884919251243,1461.698279124801,171,82,ok
national,RWA,sorghum,A,2022,24614328.216302723,22976.698296871906,1071.2735092863088,930.4417374240679,1212.1052811485497,253,113,ok
national,RWA,sorghum,A,2023,22553170.696532898,19071.315293866704,1182.570281546651,1024.9774537780202,1340.1631093152816,221,122,ok
national,RWA,sorghum,A,2024,23891604.927574158,17210.87294939669,1388.1692693810546,1166.0362593051484,1610.3022794569608,226,115,ok
national,RWA,sorghum,A,2025,32951962.150024414,24386.913838957335,1351.214933042683,1229.85246449035,1472.577401595016,280,132,ok
national,RWA,sorghum,B,2020,65873126.15379867,78295.33326192522,841.3416663472148,797.1040634699605,885.579269224469,1196,416,ok
national,RWA,sorghum,B,2021,64333553.518788025,68119.73912492319,944.4186713752416,894.4597906192355,994.3775521312477,1054,387,ok
national,RWA,sorghum,B,2022,65814483.8958231,63072.62616981963,1043.471437492093,975.3946322530329,1111.5482427311529,908,367,ok
national,RWA,sorghum,B,2023,71842301.39982773,63273.256010038305,1135.4291833571824,1070.1289232382426,1200.7294434761222,1023,404,ok
national,RWA,sorghum,B,2024,68584334.67864227,57445.21680845769,1193.9085356284104,1134.9952147311117,1252.821856525709,849,368,ok
national,RWA,sorghum,B,2025,72751863.17983627,63190.22637088958,1151.315121943471,1101.6876914001066,1200.9425524868354,912,378,ok
national,RWA,beans,A,2019,35363353.26373084,54696.034097452575,646.5432795497298,568.1248170906475,724.9617420088122,995,369,ok
national,RWA,maize,A,2019,46592257.3949228,42717.33669214019,1090.7107278412227,944.3175658898506,1237.1038897925948,897,270,ok
national,RWA,sorghum,A,2019,10320622.77128375,12074.92344202114,854.7153794257308,554.6739016807641,1154.7568571706975,227,85,ok
