crop,district_code,feature,mean_abs_shap,direction,n_plots,reliability
maize,11.0,improved_seed,0.09010434031787215,negative,15,suppressed
maize,11.0,organic_fert,0.007404372004313153,positive,15,suppressed
maize,11.0,inorganic_fert,0.22460821355258087,negative,15,suppressed
maize,11.0,pesticide,0.10200582601951291,negative,15,suppressed
maize,11.0,anti_erosion,0.0,positive,15,suppressed
maize,11.0,land_consolidation,0.007274622893969024,negative,15,suppressed
maize,11.0,mechanized,0.00036394253157980596,negative,15,suppressed
maize,11.0,irrigated,0.001523954373481137,negative,15,suppressed
maize,11.0,erosion_degree,0.0077160380388929094,negative,15,suppressed
maize,11.0,plot_area_ha,0.0606884530275449,positive,15,suppressed
maize,11.0,sowing_month,0.0,positive,15,suppressed
maize,11.0,soil_ph,0.06877430504053501,positive,15,suppressed
maize,11.0,soil_nitrogen,0.014533216734867216,negative,15,suppressed
maize,11.0,soil_carbon,0.00020837338007508366,positive,15,suppressed
maize,11.0,soil_texture_class,0.002116551740450529,positive,15,suppressed
maize,11.0,rainfall_mm,0.08198626655232326,negative,15,suppressed
maize,12.0,improved_seed,0.049052428357186505,positive,125,ok
maize,12.0,organic_fert,0.008438483018099643,negative,125,ok
maize,12.0,inorganic_fert,0.12301228653359021,positive,125,ok
maize,12.0,pesticide,0.14720757016527297,positive,125,ok
maize,12.0,anti_erosion,0.0,positive,125,ok
maize,12.0,land_consolidation,0.02199531639624274,positive,125,ok
maize,12.0,mechanized,0.0006869129608018067,negative,125,ok
maize,12.0,irrigated,0.0014718099591739895,positive,125,ok
maize,12.0,erosion_degree,0.004867092005799049,positive,125,ok
maize,12.0,plot_area_ha,0.08573859113703537,positive,125,ok
maize,12.0,sowing_month,0.0,positive,125,ok
maize,12.0,soil_ph,0.0988488472289295,negative,125,ok
maize,12.0,soil_nitrogen,0.0066678058364170135,negative,125,ok
maize,12.0,soil_carbon,0.0002679774516053295,positive,125,ok
maize,12.0,soil_texture_class,0.002696847768447051,positive,125,ok
maize,12.0,rainfall_mm,0.11697716598520103,negative,125,ok
maize,13.0,improved_seed,0.07013085375294607,positive,92,ok
maize,13.0,organic_fert,0.0076181794657552634,negative,92,ok
maize,13.0,inorganic_fert,0.13629239314221692,positive,92,ok
maize,13.0,pesticide,0.10507188508066145,positive,92,ok
maize,13.0,anti_erosion,0.0,positive,92,ok
maize,13.0,land_consolidation,0.012228227567661011,positive,92,ok
maize,13.0,mechanized,0.0014728847191312784,positive,92,ok
maize,13.0,irrigated,0.0016221297765719473,positive,92,ok
maize,13.0,erosion_degree,0.005109155180826407,positive,92,ok
maize,13.0,plot_area_ha,0.037776159151451216,negative,92,ok
maize,13.0,sowing_month,0.0,positive,92,ok
maize,13.0,soil_ph,0.20613184069319904,positive,92,ok
maize,13.0,soil_nitrogen,0.007676066950190883,negative,92,ok
maize,13.0,soil_carbon,0.00047400022059030923,positive,92,ok
maize,13.0,soil_texture_class,0.0024567290720018202,positive,92,ok
maize,13.0,rainfall_mm,0.1601216914102633,negative,92,ok
maize,21.0,improved_seed,0.061564226944636216,negative,93,ok
maize,21.0,organic_fert,0.006197261780316027,positive,93,ok
maize,21.0,inorganic_fert,0.12310791695225265,positive,93,ok
maize,21.0,pesticide,0.1514539518496561,positive,93,ok
maize,21.0,anti_erosion,0.0,positive,93,ok
maize,21.0,land_consolidation,0.013531852253384467,negative,93,ok
maize,21.0,mechanized,0.00038737580123886906,negative,93,ok
maize,21.0,irrigated,0.0019523458537402828,negative,93,ok
maize,21.0,erosion_degree,0.007124540969701209,negative,93,ok
maize,21.0,plot_area_ha,0.07862467879096904,positive,93,ok
maize,21.0,sowing_month,0.0,positive,93,ok
maize,21.0,soil_ph,0.09153808817587337,negative,93,ok
maize,21.0,soil_nitrogen,0.007190779075417005,negative,93,ok
maize,21.0,soil_carbon,0.0002900886394310658,positive,93,ok
maize,21.0,soil_texture_class,0.0022105615704717317,positive,93,ok
maize,21.0,rainfall_mm,0.10068766874089267,negative,93,ok
maize,22.0,improved_seed,0.06782548538747331,negative,38,ok
maize,22.0,organic_fert,0.007331777968551398,positive,38,ok
maize,22.0,inorganic_fert,0.14038884891213713,positive,38,ok
maize,22.0,pesticide,0.1351995181644544,positive,38,ok
maize,22.0,anti_erosion,0.0,positive,38,ok
maize,22.0,land_consolidation,0.008967725811356315,negative,38,ok
maize,22.0,mechanized,0.00037971451014976213,negative,38,ok
maize,22.0,irrigated,0.002266545326501019,negative,38,ok
maize,22.0,erosion_degree,0.0035016866387261964,positive,38,ok
maize,22.0,plot_area_ha,0.07357574172232283,positive,38,ok
maize,22.0,sowing_month,0.0,positive,38,ok
maize,22.0,soil_ph,0.09815072359275515,negative,38,ok
maize,22.0,soil_nitrogen,0.008716625644287443,negative,38,ok
maize,22.0,soil_carbon,0.0002220980018090218,positive,38,ok
maize,22.0,soil_texture_class,0.020378913619085132,negative,38,ok
maize,22.0,rainfall_mm,0.08794692743830404,positive,38,ok
maize,23.0,improved_seed,0.04519138660867448,positive,145,ok
maize,23.0,organic_fert,0.003875143927457961,positive,145,ok
maize,23.0,inorganic_fert,0.10523506061175739,positive,145,ok
maize,23.0,pesticide,0.1768467953446424,positive,145,ok
maize,23.0,anti_erosion,0.0,positive,145,ok
maize,23.0,land_consolidation,0.02162714314225277,positive,145,ok
maize,23.0,mechanized,0.0003840855365639345,negative,145,ok
maize,23.0,irrigated,0.002114912771936082,positive,145,ok
maize,23.0,erosion_degree,0.005829028365387521,positive,145,ok
maize,23.0,plot_area_ha,0.06876842335796679,positive,145,ok
maize,23.0,sowing_month,0.0,positive,145,ok
maize,23.0,soil_ph,0.2701960229888067,negative,145,ok
maize,23.0,soil_nitrogen,0.0327383968205141,positive,145,ok
maize,23.0,soil_carbon,0.00014157571370498065,positive,145,ok
maize,23.0,soil_texture_class,0.0010787887453725792,positive,145,ok
maize,23.0,rainfall_mm,0.061397371635456686,positive,145,ok
maize,24.0,improved_seed,0.06036312247672032,positive,63,ok
maize,24.0,organic_fert,0.0064615692910164595,positive,63,ok
maize,24.0,inorganic_fert,0.1194694220243179,positive,63,ok
maize,24.0,pesticide,0.1560185373137625,positive,63,ok
maize,24.0,anti_erosion,0.0,positive,63,ok
maize,24.0,land_consolidation,0.00892062050507572,negative,63,ok
maize,24.0,mechanized,0.0003771224299472938,negative,63,ok
maize,24.0,irrigated,0.002129985458610746,positive,63,ok
maize,24.0,erosion_degree,0.005154632174789754,positive,63,ok
maize,24.0,plot_area_ha,0.08588058303368222,positive,63,ok
maize,24.0,sowing_month,0.0,positive,63,ok
maize,24.0,soil_ph,0.09417433925328157,negative,63,ok
maize,24.0,soil_nitrogen,0.006625995265284144,negative,63,ok
maize,24.0,soil_carbon,0.00020482551867447374,positive,63,ok
maize,24.0,soil_texture_class,0.018545647264349735,negative,63,ok
maize,24.0,rainfall_mm,0.08519030568824919,positive,63,ok
maize,25.0,improved_seed,0.05341506928302432,negative,121,ok
maize,25.0,organic_fert,0.004250665930810768,positive,121,ok
maize,25.0,inorganic_fert,0.11951642178084834,positive,121,ok
maize,25.0,pesticide,0.15127211168866148,positive,121,ok
maize,25.0,anti_erosion,0.0,positive,121,ok
maize,25.0,land_consolidation,0.009126777493091213,negative,121,ok
maize,25.0,mechanized,0.00038526667213185294,negative,121,ok
maize,25.0,irrigated,0.0019250290030489216,positive,121,ok
maize,25.0,erosion_degree,0.00631250722274241,negative,121,ok
maize,25.0,plot_area_ha,0.07485500733907258,positive,121,ok
maize,25.0,sowing_month,0.0,positive,121,ok
maize,25.0,soil_ph,0.30758110722986776,negative,121,ok
maize,25.0,soil_nitrogen,0.005091481300350432,negative,121,ok
maize,25.0,soil_carbon,0.00023546613986155906,positive,121,ok
maize,25.0,soil_texture_class,0.0013637274469344087,positive,121,ok
maize,25.0,rainfall_mm,0.07714465618691622,positive,121,ok
maize,26.0,improved_seed,0.05516528970232741,positive,109,ok
maize,26.0,organic_fert,0.006433263322011959,positive,109,ok
maize,26.0,inorganic_fert,0.13578084766032245,positive,109,ok
maize,26.0,pesticide,0.14259473810196172,positive,109,ok
maize,26.0,anti_erosion,0.0,positive,109,ok
maize,26.0,land_consolidation,0.01895309396443834,positive,109,ok
maize,26.0,mechanized,0.0003842248776423534,negative,109,ok
maize,26.0,irrigated,0.0016730151528649886,positive,109,ok
maize,26.0,erosion_degree,0.005274992274469266,negative,109,ok
maize,26.0,plot_area_ha,0.07635971018845007,positive,109,ok
maize,26.0,sowing_month,0.0,positive,109,ok
maize,26.0,soil_ph,0.09592352964451566,negative,109,ok
maize,26.0,soil_nitrogen,0.007446479925830676,negative,109,ok
maize,26.0,soil_carbon,0.0009909327538108873,negative,109,ok
maize,26.0,soil_texture_class,0.01982438022275388,negative,109,ok
maize,26.0,rainfall_mm,0.08373866243614156,positive,109,ok
maize,27.0,improved_seed,0.05053708117861588,positive,74,ok
maize,27.0,organic_fert,0.0064048960056966725,positive,74,ok
maize,27.0,inorganic_fert,0.126213915602484,positive,74,ok
maize,27.0,pesticide,0.14208111922631508,positive,74,ok
maize,27.0,anti_erosion,0.0,positive,74,ok
maize,27.0,land_consolidation,0.019081498086464296,positive,74,ok
maize,27.0,mechanized,0.0008846293416499127,positive,74,ok
maize,27.0,irrigated,0.0017861877094956311,positive,74,ok
maize,27.0,erosion_degree,0.004967587480601883,positive,74,ok
maize,27.0,plot_area_ha,0.08373437129551728,positive,74,ok
maize,27.0,sowing_month,0.0,positive,74,ok
maize,27.0,soil_ph,0.1105277117014448,negative,74,ok
maize,27.0,soil_nitrogen,0.005908886753583334,negative,74,ok
maize,27.0,soil_carbon,0.0003755064184875972,positive,74,ok
maize,27.0,soil_texture_class,0.0018549668909013035,positive,74,ok
maize,27.0,rainfall_mm,0.10615697984281759,negative,74,ok
maize,28.0,improved_seed,0.053176064001905145,positive,97,ok
maize,28.0,organic_fert,0.006323141290456431,positive,97,ok
maize,28.0,inorganic_fert,0.13350170799763866,positive,97,ok
maize,28.0,pesticide,0.14830400901275692,positive,97,ok
maize,28.0,anti_erosion,0.0,positive,97,ok
maize,28.0,land_consolidation,0.021405847731177527,positive,97,ok
maize,28.0,mechanized,0.00038253386462313996,negative,97,ok
maize,28.0,irrigated,0.0016880793656459377,negative,97,ok
maize,28.0,erosion_degree,0.006406072057021629,negative,97,ok
maize,28.0,plot_area_ha,0.09534150228837637,positive,97,ok
maize,28.0,sowing_month,0.0,positive,97,ok
maize,28.0,soil_ph,0.08721711906219203,negative,97,ok
maize,28.0,soil_nitrogen,0.007539726068703851,negative,97,ok
maize,28.0,soil_carbon,0.0002375609408759772,positive,97,ok
maize,28.0,soil_texture_class,0.0024540315443752686,positive,97,ok
maize,28.0,rainfall_mm,0.1124647488662664,negative,97,ok
maize,31.0,improved_seed,0.06548543065157118,positive,190,ok
maize,31.0,organic_fert,0.006518822488401302,positive,190,ok
maize,31.0,inorganic_fert,0.12422064228785215,positive,190,ok
maize,31.0,pesticide,0.1416978960429858,negative,190,ok
maize,31.0,anti_erosion,0.0,positive,190,ok
maize,31.0,land_consolidation,0.008968647890389337,negative,190,ok
maize,31.0,mechanized,0.00038747710316645027,negative,190,ok
maize,31.0,irrigated,0.002046125282390886,positive,190,ok
maize,31.0,erosion_degree,0.006477348489475221,negative,190,ok
maize,31.0,plot_area_ha,0.07954086057157603,positive,190,ok
maize,31.0,sowing_month,0.0,positive,190,ok
maize,31.0,soil_ph,0.11871334287500121,negative,190,ok
maize,31.0,soil_nitrogen,0.006399205895143813,negative,190,ok
maize,31.0,soil_carbon,0.00017504215586409096,positive,190,ok
maize,31.0,soil_texture_class,0.0014548649638539285,positive,190,ok
maize,31.0,rainfall_mm,0.06868223699922313,positive,190,ok
maize,32.0,improved_seed,0.0896709170283998,negative,420,ok
maize,32.0,organic_fert,0.009189840629950166,negative,420,ok
maize,32.0,inorganic_fert,0.16647228639690123,negative,420,ok
maize,32.0,pesticide,0.14414494916063375,negative,420,ok
maize,32.0,anti_erosion,0.0,positive,420,ok
maize,32.0,land_consolidation,0.009941070142904197,negative,420,ok
maize,32.0,mechanized,0.00039505897111635465,negative,420,ok
maize,32.0,irrigated,0.0021001328499248764,negative,420,ok
maize,32.0,erosion_degree,0.006719358133001079,negative,420,ok
maize,32.0,plot_area_ha,0.07602733480170619,negative,420,ok
maize,32.0,sowing_month,0.0,positive,420,ok
maize,32.0,soil_ph,0.11888960458847199,negative,420,ok
maize,32.0,soil_nitrogen,0.019912994790293126,positive,420,ok
maize,32.0,soil_carbon,0.00021901696427691327,positive,420,ok
maize,32.0,soil_texture_class,0.0017226411306799846,positive,420,ok
maize,32.0,rainfall_mm,0.06711618842625207,positive,420,ok
maize,33.0,improved_seed,0.08484883237410297,negative,275,ok
maize,33.0,organic_fert,0.00825704858417849,negative,275,ok
maize,33.0,inorganic_fert,0.19546164419234213,negative,275,ok
maize,33.0,pesticide,0.09741246978374635,negative,275,ok
maize,33.0,anti_erosion,0.0,positive,275,ok
maize,33.0,land_consolidation,0.005816459490623365,negative,275,ok
maize,33.0,mechanized,0.0003736639049195497,negative,275,ok
maize,33.0,irrigated,0.0018530771717522887,negative,275,ok
maize,33.0,erosion_degree,0.0035363792485214565,positive,275,ok
maize,33.0,plot_area_ha,0.03563012773741114,negative,275,ok
maize,33.0,sowing_month,0.0,positive,275,ok
maize,33.0,soil_ph,0.22347924659520035,positive,275,ok
maize,33.0,soil_nitrogen,0.023837366817600746,positive,275,ok
maize,33.0,soil_carbon,0.00038176704270852593,positive,275,ok
maize,33.0,soil_texture_class,0.002675598745665484,positive,275,ok
maize,33.0,rainfall_mm,0.1369942845019004,negative,275,ok
maize,34.0,improved_seed,0.05868988338054068,positive,255,ok
maize,34.0,organic_fert,0.007868474904592287,negative,255,ok
maize,34.0,inorganic_fert,0.13671448778419582,negative,255,ok
maize,34.0,pesticide,0.14278685572671895,negative,255,ok
maize,34.0,anti_erosion,0.0,positive,255,ok
maize,34.0,land_consolidation,0.018827942312421592,positive,255,ok
maize,34.0,mechanized,0.0003989473008620063,negative,255,ok
maize,34.0,irrigated,0.0015799420221828421,positive,255,ok
maize,34.0,erosion_degree,0.0071383241484435315,negative,255,ok
maize,34.0,plot_area_ha,0.0744491153580114,negative,255,ok
maize,34.0,sowing_month,0.0,positive,255,ok
maize,34.0,soil_ph,0.12481024078871493,negative,255,ok
maize,34.0,soil_nitrogen,0.009720625338131443,positive,255,ok
maize,34.0,soil_carbon,0.0004318886483135052,positive,255,ok
maize,34.0,soil_texture_class,0.0022750460968874366,positive,255,ok
maize,34.0,rainfall_mm,0.1063813496581007,negative,255,ok
maize,35.0,improved_seed,0.05800333047023361,negative,287,ok
maize,35.0,organic_fert,0.005444888406371662,positive,287,ok
maize,35.0,inorganic_fert,0.13232112488789224,negative,287,ok
maize,35.0,pesticide,0.15338616585183382,negative,287,ok
maize,35.0,anti_erosion,0.0,positive,287,ok
maize,35.0,land_consolidation,0.009796508084120954,negative,287,ok
maize,35.0,mechanized,0.00039373491810876823,negative,287,ok
maize,35.0,irrigated,0.0015297866089444502,positive,287,ok
maize,35.0,erosion_degree,0.006842498672645119,negative,287,ok
maize,35.0,plot_area_ha,0.07199559485201686,positive,287,ok
maize,35.0,sowing_month,0.0,positive,287,ok
maize,35.0,soil_ph,0.3011823020856549,negative,287,ok
maize,35.0,soil_nitrogen,0.01800741145185602,negative,287,ok
maize,35.0,soil_carbon,0.0006050415913042453,positive,287,ok
maize,35.0,soil_texture_class,0.0022541544418650246,positive,287,ok
maize,35.0,rainfall_mm,0.1382489770096196,negative,287,ok
maize,36.0,improved_seed,0.08642813482086893,negative,73,ok
maize,36.0,organic_fert,0.007870924521504273,negative,73,ok
maize,36.0,inorganic_fert,0.11593887713207021,positive,73,ok
maize,36.0,pesticide,0.13516558186694566,negative,73,ok
maize,36.0,anti_erosion,0.0,positive,73,ok
maize,36.0,land_consolidation,0.014935589162323027,negative,73,ok
maize,36.0,mechanized,0.00038644882699621924,negative,73,ok
maize,36.0,irrigated,0.0024380835095855306,negative,73,ok
maize,36.0,erosion_degree,0.006509875039006758,negative,73,ok
maize,36.0,plot_area_ha,0.094849773019947,positive,73,ok
maize,36.0,sowing_month,0.0,positive,73,ok
maize,36.0,soil_ph,0.1210928070607828,negative,73,ok
maize,36.0,soil_nitrogen,0.010156995372490646,positive,73,ok
maize,36.0,soil_carbon,0.0001338682906622765,positive,73,ok
maize,36.0,soil_texture_class,0.0014500943000183009,positive,73,ok
maize,36.0,rainfall_mm,0.05501505615733293,positive,73,ok
maize,37.0,improved_seed,0.07360121916902704,negative,199,ok
maize,37.0,organic_fert,0.004997365969328338,positive,199,ok
maize,37.0,inorganic_fert,0.10888045420034943,positive,199,ok
maize,37.0,pesticide,0.14681308721644956,negative,199,ok
maize,37.0,anti_erosion,0.0,positive,199,ok
maize,37.0,land_consolidation,0.021811934031582835,positive,199,ok
maize,37.0,mechanized,0.0003838670398947078,negative,199,ok
maize,37.0,irrigated,0.0023678212013736074,negative,199,ok
maize,37.0,erosion_degree,0.005479979071506383,positive,199,ok
maize,37.0,plot_area_ha,0.08362958275538239,positive,199,ok
maize,37.0,sowing_month,0.0,positive,199,ok
maize,37.0,soil_ph,0.11109604537086401,negative,199,ok
maize,37.0,soil_nitrogen,0.00653892031560332,positive,199,ok
maize,37.0,soil_carbon,0.00015633213671638923,positive,199,ok
maize,37.0,soil_texture_class,0.001436202224936963,positive,199,ok
maize,37.0,rainfall_mm,0.06032721076057577,positive,199,ok
maize,41.0,improved_seed,0.06314671359755342,negative,186,ok
maize,41.0,organic_fert,0.0057478036408682084,positive,186,ok
maize,41.0,inorganic_fert,0.13622753919807865,positive,186,ok
maize,41.0,pesticide,0.14667744932436755,positive,186,ok
maize,41.0,anti_erosion,0.0,positive,186,ok
maize,41.0,land_consolidation,0.011303538072998607,negative,186,ok
maize,41.0,mechanized,0.0005904494631317591,negative,186,ok
maize,41.0,irrigated,0.002246981032557424,negative,186,ok
maize,41.0,erosion_degree,0.006630286939969089,negative,186,ok
maize,41.0,plot_area_ha,0.07935422431580011,positive,186,ok
maize,41.0,sowing_month,0.0,positive,186,ok
maize,41.0,soil_ph,0.10221801777687592,negative,186,ok
maize,41.0,soil_nitrogen,0.0036059104580665304,negative,186,ok
maize,41.0,soil_carbon,0.00029008863943106575,positive,186,ok
maize,41.0,soil_texture_class,0.0018437197515458325,positive,186,ok
maize,41.0,rainfall_mm,0.08859136497990211,positive,186,ok
maize,42.0,improved_seed,0.0620801897116535,positive,562,ok
maize,42.0,organic_fert,0.005234758300645059,positive,562,ok
maize,42.0,inorganic_fert,0.11607166482181057,positive,562,ok
maize,42.0,pesticide,0.14187281888956138,positive,562,ok
maize,42.0,anti_erosion,0.0,positive,562,ok
maize,42.0,land_consolidation,0.022632749301117017,positive,562,ok
maize,42.0,mechanized,0.0003864706986129039,negative,562,ok
maize,42.0,irrigated,0.0020032257693582815,positive,562,ok
maize,42.0,erosion_degree,0.007126573275489092,negative,562,ok
maize,42.0,plot_area_ha,0.07561592368471698,positive,562,ok
maize,42.0,sowing_month,0.0,positive,562,ok
maize,42.0,soil_ph,0.1175950158007461,negative,562,ok
maize,42.0,soil_nitrogen,0.0036206531414420848,negative,562,ok
maize,42.0,soil_carbon,0.00015971970068985193,positive,562,ok
maize,42.0,soil_texture_class,0.0013405559239542187,positive,562,ok
maize,42.0,rainfall_mm,0.06364150179896984,positive,562,ok
maize,43.0,improved_seed,0.08450914632544564,negative,551,ok
maize,43.0,organic_fert,0.00825816741256169,negative,551,ok
maize,43.0,inorganic_fert,0.1571906299227282,negative,551,ok
maize,43.0,pesticide,0.13469987137665967,positive,551,ok
maize,43.0,anti_erosion,0.0,positive,551,ok
maize,43.0,land_consolidation,0.019135436782940954,positive,551,ok
maize,43.0,mechanized,0.0003625939127063786,negative,551,ok
maize,43.0,irrigated,0.0021062081707514,positive,551,ok
maize,43.0,erosion_degree,0.004730900736348679,positive,551,ok
maize,43.0,plot_area_ha,0.043389570756495445,positive,551,ok
maize,43.0,sowing_month,0.0,positive,551,ok
maize,43.0,soil_ph,0.07370896239156187,positive,551,ok
maize,43.0,soil_nitrogen,0.011043428212837108,positive,551,ok
maize,43.0,soil_carbon,0.00024947963630283935,positive,551,ok
maize,43.0,soil_texture_class,0.0016213018427877243,positive,551,ok
maize,43.0,rainfall_mm,0.0830863208862407,positive,551,ok
maize,44.0,improved_seed,0.05715555306715709,positive,480,ok
maize,44.0,organic_fert,0.005877013516542954,positive,480,ok
maize,44.0,inorganic_fert,0.13936706969673296,negative,480,ok
maize,44.0,pesticide,0.14969184585577702,positive,480,ok
maize,44.0,anti_erosion,0.0,positive,480,ok
maize,44.0,land_consolidation,0.013939415646137727,negative,480,ok
maize,44.0,mechanized,0.00047004267505576833,negative,480,ok
maize,44.0,irrigated,0.002069044866847947,positive,480,ok
maize,44.0,erosion_degree,0.005293275537337925,positive,480,ok
maize,44.0,plot_area_ha,0.06296597681606807,positive,480,ok
maize,44.0,sowing_month,0.0,positive,480,ok
maize,44.0,soil_ph,0.10232465574357413,negative,480,ok
maize,44.0,soil_nitrogen,0.015746716465036184,positive,480,ok
maize,44.0,soil_carbon,0.00023165622051658595,positive,480,ok
maize,44.0,soil_texture_class,0.0015886347898243789,positive,480,ok
maize,44.0,rainfall_mm,0.07532468298573533,positive,480,ok
maize,45.0,improved_seed,0.06050105944190356,negative,252,ok
maize,45.0,organic_fert,0.006890915325278626,positive,252,ok
maize,45.0,inorganic_fert,0.1417134123775171,negative,252,ok
maize,45.0,pesticide,0.14249439429134092,negative,252,ok
maize,45.0,anti_erosion,0.0,positive,252,ok
maize,45.0,land_consolidation,0.012550202743036589,negative,252,ok
maize,45.0,mechanized,0.0003893802336836492,negative,252,ok
maize,45.0,irrigated,0.001967496332017993,positive,252,ok
maize,45.0,erosion_degree,0.005806004070963291,negative,252,ok
maize,45.0,plot_area_ha,0.0768649296715416,positive,252,ok
maize,45.0,sowing_month,0.0,positive,252,ok
maize,45.0,soil_ph,0.11058858831483134,negative,252,ok
maize,45.0,soil_nitrogen,0.00361338203069509,negative,252,ok
maize,45.0,soil_carbon,0.0002979568804404828,positive,252,ok
maize,45.0,soil_texture_class,0.0019478351730768202,positive,252,ok
maize,45.0,rainfall_mm,0.09362084187923797,negative,252,ok
maize,51.0,improved_seed,0.06953437009934846,positive,195,ok
maize,51.0,organic_fert,0.007752575557421954,positive,195,ok
maize,51.0,inorganic_fert,0.12391801271989324,positive,195,ok
maize,51.0,pesticide,0.12605401876197414,positive,195,ok
maize,51.0,anti_erosion,0.0,positive,195,ok
maize,51.0,land_consolidation,0.01492980357501053,positive,195,ok
maize,51.0,mechanized,0.0010914868367301353,positive,195,ok
maize,51.0,irrigated,0.0017116335123513037,positive,195,ok
maize,51.0,erosion_degree,0.004763396303297845,positive,195,ok
maize,51.0,plot_area_ha,0.04362937269086776,negative,195,ok
maize,51.0,sowing_month,0.0,positive,195,ok
maize,51.0,soil_ph,0.09255970155847125,positive,195,ok
maize,51.0,soil_nitrogen,0.0062954571671940615,negative,195,ok
maize,51.0,soil_carbon,0.0005350495413466228,positive,195,ok
maize,51.0,soil_texture_class,0.002438426643995354,positive,195,ok
maize,51.0,rainfall_mm,0.1564119305472083,negative,195,ok
maize,52.0,improved_seed,0.0747373431455062,positive,727,ok
maize,52.0,organic_fert,0.007486522477497859,negative,727,ok
maize,52.0,inorganic_fert,0.13117312492751032,positive,727,ok
maize,52.0,pesticide,0.08236532683476634,negative,727,ok
maize,52.0,anti_erosion,0.0,positive,727,ok
maize,52.0,land_consolidation,0.007227388254543894,negative,727,ok
maize,52.0,mechanized,0.0021040852712691837,positive,727,ok
maize,52.0,irrigated,0.0015449752434423484,positive,727,ok
maize,52.0,erosion_degree,0.004769583071033231,positive,727,ok
maize,52.0,plot_area_ha,0.04303075326504198,negative,727,ok
maize,52.0,sowing_month,0.0,positive,727,ok
maize,52.0,soil_ph,0.31727160668278215,positive,727,ok
maize,52.0,soil_nitrogen,0.006909508401181079,negative,727,ok
maize,52.0,soil_carbon,0.0011339889148754248,negative,727,ok
maize,52.0,soil_texture_class,0.0027013635268789754,positive,727,ok
maize,52.0,rainfall_mm,0.17689947269561412,negative,727,ok
maize,53.0,improved_seed,0.08703973846708209,positive,416,ok
maize,53.0,organic_fert,0.00719559218153871,negative,416,ok
maize,53.0,inorganic_fert,0.14125348235563145,positive,416,ok
maize,53.0,pesticide,0.12382439852037203,positive,416,ok
maize,53.0,anti_erosion,0.0,positive,416,ok
maize,53.0,land_consolidation,0.00832994441886246,negative,416,ok
maize,53.0,mechanized,0.0018491181360232088,positive,416,ok
maize,53.0,irrigated,0.0020019232586909108,negative,416,ok
maize,53.0,erosion_degree,0.005408874518602195,positive,416,ok
maize,53.0,plot_area_ha,0.04422008326478598,negative,416,ok
maize,53.0,sowing_month,0.0,positive,416,ok
maize,53.0,soil_ph,0.1511774677140164,positive,416,ok
maize,53.0,soil_nitrogen,0.007816795992157934,negative,416,ok
maize,53.0,soil_carbon,0.0003031166307947351,positive,416,ok
maize,53.0,soil_texture_class,0.0020457651463111908,positive,416,ok
maize,53.0,rainfall_mm,0.11226147912745946,negative,416,ok
maize,54.0,improved_seed,0.07784134174842099,positive,133,ok
maize,54.0,organic_fert,0.00908238339490606,negative,133,ok
maize,54.0,inorganic_fert,0.15391102498225023,negative,133,ok
maize,54.0,pesticide,0.12468250439162334,negative,133,ok
maize,54.0,anti_erosion,0.0,positive,133,ok
maize,54.0,land_consolidation,0.009078940542872794,negative,133,ok
maize,54.0,mechanized,0.0003699647031865064,negative,133,ok
maize,54.0,irrigated,0.001960281147423647,negative,133,ok
maize,54.0,erosion_degree,0.003795788060205057,positive,133,ok
maize,54.0,plot_area_ha,0.04812203775650209,negative,133,ok
maize,54.0,sowing_month,0.0,positive,133,ok
maize,54.0,soil_ph,0.14649124661056198,positive,133,ok
maize,54.0,soil_nitrogen,0.009404885196046837,negative,133,ok
maize,54.0,soil_carbon,0.0017788450982403779,negative,133,ok
maize,54.0,soil_texture_class,0.028267230004202754,negative,133,ok
maize,54.0,rainfall_mm,0.13845965796912457,negative,133,ok
maize,55.0,improved_seed,0.08954193076264982,positive,608,ok
maize,55.0,organic_fert,0.0067984813376632406,positive,608,ok
maize,55.0,inorganic_fert,0.14795416474564305,positive,608,ok
maize,55.0,pesticide,0.13008523945536704,negative,608,ok
maize,55.0,anti_erosion,0.0,positive,608,ok
maize,55.0,land_consolidation,0.008392469653868414,negative,608,ok
maize,55.0,mechanized,0.0006967123875420894,negative,608,ok
maize,55.0,irrigated,0.0021744342656683673,positive,608,ok
maize,55.0,erosion_degree,0.004826058174881731,positive,608,ok
maize,55.0,plot_area_ha,0.05107076647039235,negative,608,ok
maize,55.0,sowing_month,0.0,positive,608,ok
maize,55.0,soil_ph,0.13213123514640793,positive,608,ok
maize,55.0,soil_nitrogen,0.008061960103493164,negative,608,ok
maize,55.0,soil_carbon,0.0001467351235378435,positive,608,ok
maize,55.0,soil_texture_class,0.0015220210933655403,positive,608,ok
maize,55.0,rainfall_mm,0.06551567296138637,positive,608,ok
maize,56.0,improved_seed,0.08088960606796924,positive,327,ok
maize,56.0,organic_fert,0.007720131330878313,positive,327,ok
maize,56.0,inorganic_fert,0.12732780532310514,positive,327,ok
maize,56.0,pesticide,0.13148114624770635,negative,327,ok
maize,56.0,anti_erosion,0.0,positive,327,ok
maize,56.0,land_consolidation,0.013761017426463127,negative,327,ok
maize,56.0,mechanized,0.000694538986577695,negative,327,ok
maize,56.0,irrigated,0.0020137159674262018,negative,327,ok
maize,56.0,erosion_degree,0.004723815995649095,positive,327,ok
maize,56.0,plot_area_ha,0.053908676854591074,negative,327,ok
maize,56.0,sowing_month,0.0,positive,327,ok
maize,56.0,soil_ph,0.10069332762063558,positive,327,ok
maize,56.0,soil_nitrogen,0.005781973084076433,negative,327,ok
maize,56.0,soil_carbon,0.00016462727252994914,positive,327,ok
maize,56.0,soil_texture_class,0.0018553918537780809,positive,327,ok
maize,56.0,rainfall_mm,0.06607159849763965,positive,327,ok
maize,57.0,improved_seed,0.05601065407801483,positive,130,ok
maize,57.0,organic_fert,0.014424691551608729,negative,130,ok
maize,57.0,inorganic_fert,0.13976653698739128,negative,130,ok
maize,57.0,pesticide,0.14384778178905933,negative,130,ok
maize,57.0,anti_erosion,0.0,positive,130,ok
maize,57.0,land_consolidation,0.011348831140995492,negative,130,ok
maize,57.0,mechanized,0.0009851822366887676,positive,130,ok
maize,57.0,irrigated,0.0018724660982051794,negative,130,ok
maize,57.0,erosion_degree,0.004043915549941634,positive,130,ok
maize,57.0,plot_area_ha,0.08611356361433165,negative,130,ok
maize,57.0,sowing_month,0.0,positive,130,ok
maize,57.0,soil_ph,0.1191387031688128,negative,130,ok
maize,57.0,soil_nitrogen,0.1380000775489019,negative,130,ok
maize,57.0,soil_carbon,0.002633526962997506,negative,130,ok
maize,57.0,soil_texture_class,0.03340768205660126,negative,130,ok
maize,57.0,rainfall_mm,0.16029042930711448,negative,130,ok
beans,11.0,improved_seed,0.01898939985598905,positive,123,ok
beans,11.0,organic_fert,0.032198117870522666,negative,123,ok
beans,11.0,inorganic_fert,0.03801961877278188,negative,123,ok
beans,11.0,pesticide,0.012996884551937383,negative,123,ok
beans,11.0,anti_erosion,0.04014676777164772,negative,123,ok
beans,11.0,land_consolidation,0.01270261205073672,positive,123,ok
beans,11.0,mechanized,0.004677668995572478,positive,123,ok
beans,11.0,irrigated,0.01949907297300353,negative,123,ok
beans,11.0,erosion_degree,0.006320219741442145,positive,123,ok
beans,11.0,plot_area_ha,0.06504676723830963,negative,123,ok
beans,11.0,sowing_month,0.0,positive,123,ok
beans,11.0,soil_ph,0.039978030128646175,positive,123,ok
beans,11.0,soil_nitrogen,0.27253129932626613,negative,123,ok
beans,11.0,soil_carbon,0.00399056620250247,positive,123,ok
beans,11.0,soil_texture_class,0.004583732818018579,positive,123,ok
beans,11.0,rainfall_mm,0.05018315725605196,positive,123,ok
beans,12.0,improved_seed,0.016490637412920124,positive,183,ok
beans,12.0,organic_fert,0.034589490545342154,negative,183,ok
beans,12.0,inorganic_fert,0.04583108250043438,negative,183,ok
beans,12.0,pesticide,0.019156639550772944,negative,183,ok
beans,12.0,anti_erosion,0.024947980347540706,negative,183,ok
beans,12.0,land_consolidation,0.013464588530390528,positive,183,ok
beans,12.0,mechanized,0.002764226576802034,positive,183,ok
beans,12.0,irrigated,0.01707905104039948,negative,183,ok
beans,12.0,erosion_degree,0.0062952509300592,positive,183,ok
beans,12.0,plot_area_ha,0.07787892083691447,positive,183,ok
beans,12.0,sowing_month,0.0,positive,183,ok
beans,12.0,soil_ph,0.06532424087986968,positive,183,ok
beans,12.0,soil_nitrogen,0.10106846473636613,negative,183,ok
beans,12.0,soil_carbon,0.013271441415477963,negative,183,ok
beans,12.0,soil_texture_class,0.004034772696858697,positive,183,ok
beans,12.0,rainfall_mm,0.05948746262495468,positive,183,ok
beans,13.0,improved_seed,0.002984813923732194,negative,103,ok
beans,13.0,organic_fert,0.030417586703586536,negative,103,ok
beans,13.0,inorganic_fert,0.05496678122073673,negative,103,ok
beans,13.0,pesticide,0.011622855584253087,negative,103,ok
beans,13.0,anti_erosion,0.03532893711840463,negative,103,ok
beans,13.0,land_consolidation,0.01953734511409808,positive,103,ok
beans,13.0,mechanized,0.0040733679581515594,negative,103,ok
beans,13.0,irrigated,0.026365378766182578,negative,103,ok
beans,13.0,erosion_degree,0.005958698386678453,positive,103,ok
beans,13.0,plot_area_ha,0.08879802708661721,negative,103,ok
beans,13.0,sowing_month,0.0,positive,103,ok
beans,13.0,soil_ph,0.04346570473741558,positive,103,ok
beans,13.0,soil_nitrogen,0.2350119096371505,negative,103,ok
beans,13.0,soil_carbon,0.0033428731249277744,negative,103,ok
beans,13.0,soil_texture_class,0.0025883338588855304,positive,103,ok
beans,13.0,rainfall_mm,0.05616003092938658,positive,103,ok
beans,21.0,improved_seed,0.008528443973353802,positive,434,ok
beans,21.0,organic_fert,0.03555606838964841,negative,434,ok
beans,21.0,inorganic_fert,0.04139901053700815,negative,434,ok
beans,21.0,pesticide,0.014965317011655163,negative,434,ok
beans,21.0,anti_erosion,0.023228053196639637,negative,434,ok
beans,21.0,land_consolidation,0.010182664771600966,negative,434,ok
beans,21.0,mechanized,0.00326582588657636,positive,434,ok
beans,21.0,irrigated,0.01713477030563846,negative,434,ok
beans,21.0,erosion_degree,0.0093605117239523,negative,434,ok
beans,21.0,plot_area_ha,0.07479465886872527,positive,434,ok
beans,21.0,sowing_month,0.0,positive,434,ok
beans,21.0,soil_ph,0.03169799112160296,positive,434,ok
beans,21.0,soil_nitrogen,0.3054840757461641,negative,434,ok
beans,21.0,soil_carbon,0.0029598578540388867,negative,434,ok
beans,21.0,soil_texture_class,0.002273857906804369,positive,434,ok
beans,21.0,rainfall_mm,0.05857591228292054,negative,434,ok
beans,22.0,improved_seed,0.008073817337645608,positive,347,ok
beans,22.0,organic_fert,0.034236825521788444,negative,347,ok
beans,22.0,inorganic_fert,0.044983299685205244,negative,347,ok
beans,22.0,pesticide,0.016088884533717967,negative,347,ok
beans,22.0,anti_erosion,0.031004491744438218,negative,347,ok
beans,22.0,land_consolidation,0.01113068776431527,positive,347,ok
beans,22.0,mechanized,0.0026477270752485018,positive,347,ok
beans,22.0,irrigated,0.020763742098791012,negative,347,ok
beans,22.0,erosion_degree,0.006628398577059213,positive,347,ok
beans,22.0,plot_area_ha,0.09269658226305073,positive,347,ok
beans,22.0,sowing_month,0.0,positive,347,ok
beans,22.0,soil_ph,0.03194445285037651,positive,347,ok
beans,22.0,soil_nitrogen,0.2823846082154009,negative,347,ok
beans,22.0,soil_carbon,0.003404435423853986,negative,347,ok
beans,22.0,soil_texture_class,0.01762806247797599,negative,347,ok
beans,22.0,rainfall_mm,0.05426565960876257,negative,347,ok
beans,23.0,improved_seed,0.015116004595316044,positive,442,ok
beans,23.0,organic_fert,0.030788020884583704,positive,442,ok
beans,23.0,inorganic_fert,0.06615334687653171,positive,442,ok
beans,23.0,pesticide,0.019785392107532093,negative,442,ok
beans,23.0,anti_erosion,0.014384293540763688,positive,442,ok
beans,23.0,land_consolidation,0.004899535079745574,negative,442,ok
beans,23.0,mechanized,0.004206226034111821,positive,442,ok
beans,23.0,irrigated,0.025616936641246514,negative,442,ok
beans,23.0,erosion_degree,0.007913099950896186,positive,442,ok
beans,23.0,plot_area_ha,0.09230957164831029,positive,442,ok
beans,23.0,sowing_month,0.0,positive,442,ok
beans,23.0,soil_ph,0.21772526161409192,negative,442,ok
beans,23.0,soil_nitrogen,0.0663183804385378,positive,442,ok
beans,23.0,soil_carbon,0.0018547203446243196,positive,442,ok
beans,23.0,soil_texture_class,0.0029537708169323908,positive,442,ok
beans,23.0,rainfall_mm,0.039984883010280955,negative,442,ok
beans,24.0,improved_seed,0.015209880031078168,positive,413,ok
beans,24.0,organic_fert,0.03139393841050443,negative,413,ok
beans,24.0,inorganic_fert,0.04515161313666468,negative,413,ok
beans,24.0,pesticide,0.014812872476194712,negative,413,ok
beans,24.0,anti_erosion,0.021778865756382236,negative,413,ok
beans,24.0,land_consolidation,0.006756836804599638,negative,413,ok
beans,24.0,mechanized,0.003830612175669142,positive,413,ok
beans,24.0,irrigated,0.01799135943177888,negative,413,ok
beans,24.0,erosion_degree,0.008342623524703068,negative,413,ok
beans,24.0,plot_area_ha,0.08540807783041558,positive,413,ok
beans,24.0,sowing_month,0.0,positive,413,ok
beans,24.0,soil_ph,0.03420707089067404,positive,413,ok
beans,24.0,soil_nitrogen,0.2865731020294051,negative,413,ok
beans,24.0,soil_carbon,0.011872464045851738,negative,413,ok
beans,24.0,soil_texture_class,0.015689830579781933,negative,413,ok
beans,24.0,rainfall_mm,0.03780803992540189,negative,413,ok
beans,25.0,improved_seed,0.01771415861195774,positive,555,ok
beans,25.0,organic_fert,0.024626436319557354,positive,555,ok
beans,25.0,inorganic_fert,0.06152191437197886,positive,555,ok
beans,25.0,pesticide,0.02864943420775405,negative,555,ok
beans,25.0,anti_erosion,0.008953962396259455,positive,555,ok
beans,25.0,land_consolidation,0.0050039386930298005,negative,555,ok
beans,25.0,mechanized,0.0034915035106547927,positive,555,ok
beans,25.0,irrigated,0.022354825481463697,positive,555,ok
beans,25.0,erosion_degree,0.009379493624912132,negative,555,ok
beans,25.0,plot_area_ha,0.0889220661684039,positive,555,ok
beans,25.0,sowing_month,0.0,positive,555,ok
beans,25.0,soil_ph,0.312849774069322,negative,555,ok
beans,25.0,soil_nitrogen,0.05886908028636151,positive,555,ok
beans,25.0,soil_carbon,0.0017157350126695884,positive,555,ok
beans,25.0,soil_texture_class,0.0031864085291353787,positive,555,ok
beans,25.0,rainfall_mm,0.03665525376558655,negative,555,ok
beans,26.0,improved_seed,0.009232943565915084,positive,527,ok
beans,26.0,organic_fert,0.032510916305985904,negative,527,ok
beans,26.0,inorganic_fert,0.04506801430281754,negative,527,ok
beans,26.0,pesticide,0.015421838796384674,negative,527,ok
beans,26.0,anti_erosion,0.02138843119262744,positive,527,ok
beans,26.0,land_consolidation,0.01303427662655482,positive,527,ok
beans,26.0,mechanized,0.0023926770722369033,positive,527,ok
beans,26.0,irrigated,0.01939139259093664,negative,527,ok
beans,26.0,erosion_degree,0.007857853351656471,positive,527,ok
beans,26.0,plot_area_ha,0.08547697076216423,negative,527,ok
beans,26.0,sowing_month,0.0,positive,527,ok
beans,26.0,soil_ph,0.03376431140272316,positive,527,ok
beans,26.0,soil_nitrogen,0.308642198982074,negative,527,ok
beans,26.0,soil_carbon,0.0033928696391937385,negative,527,ok
beans,26.0,soil_texture_class,0.017998755173366958,negative,527,ok
beans,26.0,rainfall_mm,0.05953587019007419,positive,527,ok
beans,27.0,improved_seed,0.012062651037833553,positive,189,ok
beans,27.0,organic_fert,0.035301879340465886,positive,189,ok
beans,27.0,inorganic_fert,0.05628566913657218,negative,189,ok
beans,27.0,pesticide,0.03166758233178446,positive,189,ok
beans,27.0,anti_erosion,0.018817058889328324,positive,189,ok
beans,27.0,land_consolidation,0.01031671740993036,negative,189,ok
beans,27.0,mechanized,0.003730772683142757,positive,189,ok
beans,27.0,irrigated,0.017579369033066807,negative,189,ok
beans,27.0,erosion_degree,0.008775757576835038,negative,189,ok
beans,27.0,plot_area_ha,0.09240245597663864,positive,189,ok
beans,27.0,sowing_month,0.0,positive,189,ok
beans,27.0,soil_ph,0.08311105432929858,negative,189,ok
beans,27.0,soil_nitrogen,0.06498403976343356,negative,189,ok
beans,27.0,soil_carbon,0.013223333206365059,negative,189,ok
beans,27.0,soil_texture_class,0.003496395016326095,positive,189,ok
beans,27.0,rainfall_mm,0.059768932388066055,negative,189,ok
beans,28.0,improved_seed,0.00333830404931609,negative,310,ok
beans,28.0,organic_fert,0.0337100866082025,negative,310,ok
beans,28.0,inorganic_fert,0.04478677194122455,negative,310,ok
beans,28.0,pesticide,0.01698242649313284,negative,310,ok
beans,28.0,anti_erosion,0.021984259704777135,positive,310,ok
beans,28.0,land_consolidation,0.01222659715523425,negative,310,ok
beans,28.0,mechanized,0.002171999819834418,positive,310,ok
beans,28.0,irrigated,0.021212363931654266,negative,310,ok
beans,28.0,erosion_degree,0.008191326133036202,positive,310,ok
beans,28.0,plot_area_ha,0.07476144311250632,negative,310,ok
beans,28.0,sowing_month,0.0,positive,310,ok
beans,28.0,soil_ph,0.023224145136743753,positive,310,ok
beans,28.0,soil_nitrogen,0.3230735143682932,negative,310,ok
beans,28.0,soil_carbon,0.005368252774174173,negative,310,ok
beans,28.0,soil_texture_class,0.006061025661224657,negative,310,ok
beans,28.0,rainfall_mm,0.05868644899193191,negative,310,ok
beans,31.0,improved_seed,0.008999262767617332,negative,342,ok
beans,31.0,organic_fert,0.034802607918946835,positive,342,ok
beans,31.0,inorganic_fert,0.05922268186203219,positive,342,ok
beans,31.0,pesticide,0.023698006746164922,negative,342,ok
beans,31.0,anti_erosion,0.01877684472003129,positive,342,ok
beans,31.0,land_consolidation,0.007767066190320441,negative,342,ok
beans,31.0,mechanized,0.0024092725462493514,negative,342,ok
beans,31.0,irrigated,0.022159017902527774,negative,342,ok
beans,31.0,erosion_degree,0.009807651190469537,negative,342,ok
beans,31.0,plot_area_ha,0.08306371008772055,positive,342,ok
beans,31.0,sowing_month,0.0,positive,342,ok
beans,31.0,soil_ph,0.07458170357436994,negative,342,ok
beans,31.0,soil_nitrogen,0.08470788874155981,positive,342,ok
beans,31.0,soil_carbon,0.006105107069159584,negative,342,ok
beans,31.0,soil_texture_class,0.0027012635471323934,positive,342,ok
beans,31.0,rainfall_mm,0.046018239043869764,positive,342,ok
beans,32.0,improved_seed,0.012058667164678094,negative,254,ok
beans,32.0,organic_fert,0.03129477274632842,positive,254,ok
beans,32.0,inorganic_fert,0.06219746902059103,positive,254,ok
beans,32.0,pesticide,0.020715623395783866,negative,254,ok
beans,32.0,anti_erosion,0.018025541716784055,positive,254,ok
beans,32.0,land_consolidation,0.009873144057213267,positive,254,ok
beans,32.0,mechanized,0.003740215297703597,positive,254,ok
beans,32.0,irrigated,0.02218332140492393,positive,254,ok
beans,32.0,erosion_degree,0.009808462774249689,negative,254,ok
beans,32.0,plot_area_ha,0.09420030154933579,positive,254,ok
beans,32.0,sowing_month,0.0,positive,254,ok
beans,32.0,soil_ph,0.18754021501930368,negative,254,ok
beans,32.0,soil_nitrogen,0.14805360038838425,positive,254,ok
beans,32.0,soil_carbon,0.0050764410218269935,negative,254,ok
beans,32.0,soil_texture_class,0.0030899612892276037,positive,254,ok
beans,32.0,rainfall_mm,0.0365011799739686,negative,254,ok
beans,33.0,improved_seed,0.012576302528936368,negative,869,ok
beans,33.0,organic_fert,0.05480718335847338,negative,869,ok
beans,33.0,inorganic_fert,0.03631161042448335,negative,869,ok
beans,33.0,pesticide,0.021012775097837225,positive,869,ok
beans,33.0,anti_erosion,0.0213197808604758,positive,869,ok
beans,33.0,land_consolidation,0.006547750449939437,positive,869,ok
beans,33.0,mechanized,0.003589778157473548,positive,869,ok
beans,33.0,irrigated,0.016945861002638188,positive,869,ok
beans,33.0,erosion_degree,0.00737795574312979,positive,869,ok
beans,33.0,plot_area_ha,0.05502653149019487,positive,869,ok
beans,33.0,sowing_month,0.0,positive,869,ok
beans,33.0,soil_ph,0.0219281701020033,positive,869,ok
beans,33.0,soil_nitrogen,0.0819050402716703,positive,869,ok
beans,33.0,soil_carbon,0.0065525454730882265,negative,869,ok
beans,33.0,soil_texture_class,0.004078748966808545,positive,869,ok
beans,33.0,rainfall_mm,0.05178307576658768,negative,869,ok
beans,34.0,improved_seed,0.013150352515512522,positive,576,ok
beans,34.0,organic_fert,0.048811863328888046,positive,576,ok
beans,34.0,inorganic_fert,0.052659784678244406,negative,576,ok
beans,34.0,pesticide,0.04373756155475263,positive,576,ok
beans,34.0,anti_erosion,0.016796407778586764,positive,576,ok
beans,34.0,land_consolidation,0.014866712747926206,positive,576,ok
beans,34.0,mechanized,0.003716739641259411,positive,576,ok
beans,34.0,irrigated,0.01998327113760871,positive,576,ok
beans,34.0,erosion_degree,0.009796377700242272,negative,576,ok
beans,34.0,plot_area_ha,0.06518916936696448,positive,576,ok
beans,34.0,sowing_month,0.0,positive,576,ok
beans,34.0,soil_ph,0.0651355012840756,positive,576,ok
beans,34.0,soil_nitrogen,0.1292067134768654,positive,576,ok
beans,34.0,soil_carbon,0.0033992632532181596,positive,576,ok
beans,34.0,soil_texture_class,0.003918394749949086,positive,576,ok
beans,34.0,rainfall_mm,0.08072996078643363,negative,576,ok
beans,35.0,improved_seed,0.011859758195650019,negative,589,ok
beans,35.0,organic_fert,0.03266641204530832,positive,589,ok
beans,35.0,inorganic_fert,0.06060219137198053,positive,589,ok
beans,35.0,pesticide,0.026616247975298504,positive,589,ok
beans,35.0,anti_erosion,0.014097572951291272,positive,589,ok
beans,35.0,land_consolidation,0.005563685963753731,negative,589,ok
beans,35.0,mechanized,0.003910988840929342,positive,589,ok
beans,35.0,irrigated,0.019166898484935906,negative,589,ok
beans,35.0,erosion_degree,0.012973827615454183,negative,589,ok
beans,35.0,plot_area_ha,0.10581680066291181,positive,589,ok
beans,35.0,sowing_month,0.0,positive,589,ok
beans,35.0,soil_ph,0.18116712379228775,negative,589,ok
beans,35.0,soil_nitrogen,0.09318849742844278,positive,589,ok
beans,35.0,soil_carbon,0.004601520042982633,negative,589,ok
beans,35.0,soil_texture_class,0.0030653566039550483,positive,589,ok
beans,35.0,rainfall_mm,0.035184406238915646,negative,589,ok
beans,36.0,improved_seed,0.01666446808851342,positive,263,ok
beans,36.0,organic_fert,0.04660153993582565,negative,263,ok
beans,36.0,inorganic_fert,0.06490989089334422,positive,263,ok
beans,36.0,pesticide,0.020795596473413384,negative,263,ok
beans,36.0,anti_erosion,0.032008561986026314,negative,263,ok
beans,36.0,land_consolidation,0.00685276024668747,negative,263,ok
beans,36.0,mechanized,0.005160904548084196,positive,263,ok
beans,36.0,irrigated,0.026484281640960106,negative,263,ok
beans,36.0,erosion_degree,0.010162233523791834,negative,263,ok
beans,36.0,plot_area_ha,0.08646351355197555,negative,263,ok
beans,36.0,sowing_month,0.0,positive,263,ok
beans,36.0,soil_ph,0.11397823038907309,negative,263,ok
beans,36.0,soil_nitrogen,0.07169880359034488,positive,263,ok
beans,36.0,soil_carbon,0.008311073489011417,negative,263,ok
beans,36.0,soil_texture_class,0.0035775095923239186,positive,263,ok
beans,36.0,rainfall_mm,0.06309856420537839,negative,263,ok
beans,37.0,improved_seed,0.019583303334528235,positive,374,ok
beans,37.0,organic_fert,0.02724977771883842,positive,374,ok
beans,37.0,inorganic_fert,0.07025881469211831,positive,374,ok
beans,37.0,pesticide,0.014391994434816936,negative,374,ok
beans,37.0,anti_erosion,0.016889799555228274,positive,374,ok
beans,37.0,land_consolidation,0.007741610132133963,negative,374,ok
beans,37.0,mechanized,0.005238338855004078,positive,374,ok
beans,37.0,irrigated,0.02438864037370407,negative,374,ok
beans,37.0,erosion_degree,0.007822701252214941,negative,374,ok
beans,37.0,plot_area_ha,0.10081207652525709,positive,374,ok
beans,37.0,sowing_month,0.0,positive,374,ok
beans,37.0,soil_ph,0.19512556286239163,negative,374,ok
beans,37.0,soil_nitrogen,0.06229782381077129,positive,374,ok
beans,37.0,soil_carbon,0.00783390854616696,negative,374,ok
beans,37.0,soil_texture_class,0.0030124089089990313,positive,374,ok
beans,37.0,rainfall_mm,0.03914944279829871,negative,374,ok
beans,41.0,improved_seed,0.00906350223703907,negative,658,ok
beans,41.0,organic_fert,0.0368982872391343,positive,658,ok
beans,41.0,inorganic_fert,0.05247043409588342,negative,658,ok
beans,41.0,pesticide,0.026483695439897877,negative,658,ok
beans,41.0,anti_erosion,0.01825735935683283,positive,658,ok
beans,41.0,land_consolidation,0.00511201538138158,negative,658,ok
beans,41.0,mechanized,0.0025785421458576485,positive,658,ok
beans,41.0,irrigated,0.016267263685657146,negative,658,ok
beans,41.0,erosion_degree,0.010742790391216204,negative,658,ok
beans,41.0,plot_area_ha,0.10281378661210581,positive,658,ok
beans,41.0,sowing_month,0.0,positive,658,ok
beans,41.0,soil_ph,0.07679296078750174,negative,658,ok
beans,41.0,soil_nitrogen,0.10285742447856287,positive,658,ok
beans,41.0,soil_carbon,0.004974343380575321,negative,658,ok
beans,41.0,soil_texture_class,0.003352988082740708,positive,658,ok
beans,41.0,rainfall_mm,0.061737731446507606,negative,658,ok
beans,42.0,improved_seed,0.011800555734104446,negative,808,ok
beans,42.0,organic_fert,0.029279267977847138,positive,808,ok
beans,42.0,inorganic_fert,0.06883842744824327,positive,808,ok
beans,42.0,pesticide,0.04048075454760138,positive,808,ok
beans,42.0,anti_erosion,0.016122034395268804,positive,808,ok
beans,42.0,land_consolidation,0.015607669956691751,positive,808,ok
beans,42.0,mechanized,0.0035766905730993817,positive,808,ok
beans,42.0,irrigated,0.02015600791788381,positive,808,ok
beans,42.0,erosion_degree,0.011717058468161928,negative,808,ok
beans,42.0,plot_area_ha,0.08600350634867145,positive,808,ok
beans,42.0,sowing_month,0.0,positive,808,ok
beans,42.0,soil_ph,0.0701588115438863,negative,808,ok
beans,42.0,soil_nitrogen,0.11119395574469343,positive,808,ok
beans,42.0,soil_carbon,0.004896397251213468,negative,808,ok
beans,42.0,soil_texture_class,0.0029606667925913418,positive,808,ok
beans,42.0,rainfall_mm,0.05356489821902541,positive,808,ok
beans,43.0,improved_seed,0.006453650396409482,negative,1034,ok
beans,43.0,organic_fert,0.033526045128112615,negative,1034,ok
beans,43.0,inorganic_fert,0.031470871930886254,negative,1034,ok
beans,43.0,pesticide,0.04909628033620274,positive,1034,ok
beans,43.0,anti_erosion,0.03259195013813221,negative,1034,ok
beans,43.0,land_consolidation,0.01587953230906726,positive,1034,ok
beans,43.0,mechanized,0.0016194474832058714,negative,1034,ok
beans,43.0,irrigated,0.017574021002899162,positive,1034,ok
beans,43.0,erosion_degree,0.007552099333520258,positive,1034,ok
beans,43.0,plot_area_ha,0.05375890556876303,positive,1034,ok
beans,43.0,sowing_month,0.0,positive,1034,ok
beans,43.0,soil_ph,0.1534400711123179,positive,1034,ok
beans,43.0,soil_nitrogen,0.23791237681555136,positive,1034,ok
beans,43.0,soil_carbon,0.0037026581241047184,positive,1034,ok
beans,43.0,soil_texture_class,0.00394986626538887,positive,1034,ok
beans,43.0,rainfall_mm,0.04738156214853502,negative,1034,ok
beans,44.0,improved_seed,0.009891411109549674,negative,1415,ok
beans,44.0,organic_fert,0.033263045529027674,positive,1415,ok
beans,44.0,inorganic_fert,0.04866284936971429,positive,1415,ok
beans,44.0,pesticide,0.025268994927435007,negative,1415,ok
beans,44.0,anti_erosion,0.02129662371469331,positive,1415,ok
beans,44.0,land_consolidation,0.013416299772991545,positive,1415,ok
beans,44.0,mechanized,0.002808168151538737,positive,1415,ok
beans,44.0,irrigated,0.02006065565920191,positive,1415,ok
beans,44.0,erosion_degree,0.009785953823649343,negative,1415,ok
beans,44.0,plot_area_ha,0.06223394642335819,positive,1415,ok
beans,44.0,sowing_month,0.0,positive,1415,ok
beans,44.0,soil_ph,0.14592833529024157,positive,1415,ok
beans,44.0,soil_nitrogen,0.21774586538813975,positive,1415,ok
beans,44.0,soil_carbon,0.004403530894671679,negative,1415,ok
beans,44.0,soil_texture_class,0.0037521524619304287,positive,1415,ok
beans,44.0,rainfall_mm,0.07005646074002743,negative,1415,ok
beans,45.0,improved_seed,0.010366012682957821,positive,1261,ok
beans,45.0,organic_fert,0.03901215637534953,positive,1261,ok
beans,45.0,inorganic_fert,0.04996519198844514,negative,1261,ok
beans,45.0,pesticide,0.03217147352504622,positive,1261,ok
beans,45.0,anti_erosion,0.019539018445707386,positive,1261,ok
beans,45.0,land_consolidation,0.011796881241022237,positive,1261,ok
beans,45.0,mechanized,0.0026945092458020587,positive,1261,ok
beans,45.0,irrigated,0.014964364663775482,positive,1261,ok
beans,45.0,erosion_degree,0.010465025887505287,negative,1261,ok
beans,45.0,plot_area_ha,0.06816613313551914,negative,1261,ok
beans,45.0,sowing_month,0.0,positive,1261,ok
beans,45.0,soil_ph,0.06092644861998868,positive,1261,ok
beans,45.0,soil_nitrogen,0.13705632385860883,positive,1261,ok
beans,45.0,soil_carbon,0.004246823448470457,negative,1261,ok
beans,45.0,soil_texture_class,0.003624891226083343,positive,1261,ok
beans,45.0,rainfall_mm,0.05582811265626767,negative,1261,ok
beans,51.0,improved_seed,0.013167666647932591,positive,264,ok
beans,51.0,organic_fert,0.027560685772443094,negative,264,ok
beans,51.0,inorganic_fert,0.042508450613373015,negative,264,ok
beans,51.0,pesticide,0.016181760638892803,negative,264,ok
beans,51.0,anti_erosion,0.02203671522432032,positive,264,ok
beans,51.0,land_consolidation,0.015556319992271998,negative,264,ok
beans,51.0,mechanized,0.0014858743255538884,negative,264,ok
beans,51.0,irrigated,0.019540105125388715,negative,264,ok
beans,51.0,erosion_degree,0.006366081999256696,positive,264,ok
beans,51.0,plot_area_ha,0.06886946985658157,negative,264,ok
beans,51.0,sowing_month,0.0,positive,264,ok
beans,51.0,soil_ph,0.05654310990399028,positive,264,ok
beans,51.0,soil_nitrogen,0.24756749305186065,negative,264,ok
beans,51.0,soil_carbon,0.013491548480383163,negative,264,ok
beans,51.0,soil_texture_class,0.004315797548629053,positive,264,ok
beans,51.0,rainfall_mm,0.05652450395003172,positive,264,ok
beans,52.0,improved_seed,0.008691202421866233,positive,298,ok
beans,52.0,organic_fert,0.030226380408810843,negative,298,ok
beans,52.0,inorganic_fert,0.01515503003529964,negative,298,ok
beans,52.0,pesticide,0.010621859263542586,negative,298,ok
beans,52.0,anti_erosion,0.030516309094635336,negative,298,ok
beans,52.0,land_consolidation,0.014557103046252268,positive,298,ok
beans,52.0,mechanized,0.002084800941392047,positive,298,ok
beans,52.0,irrigated,0.023547628966786496,positive,298,ok
beans,52.0,erosion_degree,0.009684994458756082,positive,298,ok
beans,52.0,plot_area_ha,0.06891489763283813,negative,298,ok
beans,52.0,sowing_month,0.0,positive,298,ok
beans,52.0,soil_ph,0.29359225683655277,positive,298,ok
beans,52.0,soil_nitrogen,0.15800316164260322,negative,298,ok
beans,52.0,soil_carbon,0.0017270821918667896,positive,298,ok
beans,52.0,soil_texture_class,0.003000752364399264,negative,298,ok
beans,52.0,rainfall_mm,0.055938954258266116,positive,298,ok
beans,53.0,improved_seed,0.017748424502987793,positive,380,ok
beans,53.0,organic_fert,0.025344984037366344,negative,380,ok
beans,53.0,inorganic_fert,0.03743232932040063,negative,380,ok
beans,53.0,pesticide,0.013828092015828854,negative,380,ok
beans,53.0,anti_erosion,0.021625802937574996,negative,380,ok
beans,53.0,land_consolidation,0.011670888402768113,positive,380,ok
beans,53.0,mechanized,0.004311510868533058,positive,380,ok
beans,53.0,irrigated,0.019880065270857533,positive,380,ok
beans,53.0,erosion_degree,0.008922958503152306,positive,380,ok
beans,53.0,plot_area_ha,0.07184052228597133,negative,380,ok
beans,53.0,sowing_month,0.0,positive,380,ok
beans,53.0,soil_ph,0.08744225697403064,positive,380,ok
beans,53.0,soil_nitrogen,0.22146174410532252,negative,380,ok
beans,53.0,soil_carbon,0.006921540458915503,positive,380,ok
beans,53.0,soil_texture_class,0.004851672410823806,positive,380,ok
beans,53.0,rainfall_mm,0.06732583638019947,positive,380,ok
beans,54.0,improved_seed,0.003935325257858214,positive,188,ok
beans,54.0,organic_fert,0.029567039037033047,negative,188,ok
beans,54.0,inorganic_fert,0.050148845428437165,negative,188,ok
beans,54.0,pesticide,0.014009521187043603,negative,188,ok
beans,54.0,anti_erosion,0.033157888334725716,negative,188,ok
beans,54.0,land_consolidation,0.014876244183870862,negative,188,ok
beans,54.0,mechanized,0.002503917036837206,negative,188,ok
beans,54.0,irrigated,0.02247188156657216,negative,188,ok
beans,54.0,erosion_degree,0.007153687000574779,positive,188,ok
beans,54.0,plot_area_ha,0.10083439529103336,negative,188,ok
beans,54.0,sowing_month,0.0,positive,188,ok
beans,54.0,soil_ph,0.08371875341510465,positive,188,ok
beans,54.0,soil_nitrogen,0.26362392283153724,negative,188,ok
beans,54.0,soil_carbon,0.0020126568675048763,negative,188,ok
beans,54.0,soil_texture_class,0.021001660209132064,negative,188,ok
beans,54.0,rainfall_mm,0.06071077980071686,positive,188,ok
beans,55.0,improved_seed,0.002317552962104952,positive,928,ok
beans,55.0,organic_fert,0.028722678586215186,negative,928,ok
beans,55.0,inorganic_fert,0.0424587868584602,negative,928,ok
beans,55.0,pesticide,0.012773700978309654,negative,928,ok
beans,55.0,anti_erosion,0.031198586536861722,negative,928,ok
beans,55.0,land_consolidation,0.01857276397544874,positive,928,ok
beans,55.0,mechanized,0.001026313343913304,positive,928,ok
beans,55.0,irrigated,0.023943495717880577,positive,928,ok
beans,55.0,erosion_degree,0.00750062647443451,positive,928,ok
beans,55.0,plot_area_ha,0.08798695663630716,negative,928,ok
beans,55.0,sowing_month,0.0,positive,928,ok
beans,55.0,soil_ph,0.08295732482762944,positive,928,ok
beans,55.0,soil_nitrogen,0.2287826294938461,negative,928,ok
beans,55.0,soil_carbon,0.002534843201156715,negative,928,ok
beans,55.0,soil_texture_class,0.0031008322978972078,negative,928,ok
beans,55.0,rainfall_mm,0.06630166398328158,positive,928,ok
beans,56.0,improved_seed,0.009779088462506464,positive,544,ok
beans,56.0,organic_fert,0.034666273237896145,negative,544,ok
beans,56.0,inorganic_fert,0.03881826149089156,negative,544,ok
beans,56.0,pesticide,0.016159875971778676,negative,544,ok
beans,56.0,anti_erosion,0.02667397688052416,negative,544,ok
beans,56.0,land_consolidation,0.016187790556355382,positive,544,ok
beans,56.0,mechanized,0.0013231117949008223,positive,544,ok
beans,56.0,irrigated,0.020591270054706835,negative,544,ok
beans,56.0,erosion_degree,0.006812521394763135,positive,544,ok
beans,56.0,plot_area_ha,0.06676202162629273,negative,544,ok
beans,56.0,sowing_month,0.0,positive,544,ok
beans,56.0,soil_ph,0.08151906022322492,positive,544,ok
beans,56.0,soil_nitrogen,0.0645276254139775,negative,544,ok
beans,56.0,soil_carbon,0.0055202455181482596,positive,544,ok
beans,56.0,soil_texture_class,0.004431694282531904,positive,544,ok
beans,56.0,rainfall_mm,0.07628047023685805,positive,544,ok
beans,57.0,improved_seed,0.00609540305041204,positive,417,ok
beans,57.0,organic_fert,0.03596618455512722,negative,417,ok
beans,57.0,inorganic_fert,0.050319715315936875,negative,417,ok
beans,57.0,pesticide,0.01297908969071259,negative,417,ok
beans,57.0,anti_erosion,0.036652595180376654,negative,417,ok
beans,57.0,land_consolidation,0.015809422415740706,negative,417,ok
beans,57.0,mechanized,0.0016741731161209323,negative,417,ok
beans,57.0,irrigated,0.02297199006526188,negative,417,ok
beans,57.0,erosion_degree,0.0037256257550093356,positive,417,ok
beans,57.0,plot_area_ha,0.09745590189986893,negative,417,ok
beans,57.0,sowing_month,0.0,positive,417,ok
beans,57.0,soil_ph,0.02270157488500867,positive,417,ok
beans,57.0,soil_nitrogen,0.3427609649385464,negative,417,ok
beans,57.0,soil_carbon,0.0026200864534806096,negative,417,ok
beans,57.0,soil_texture_class,0.017843200913648622,negative,417,ok
beans,57.0,rainfall_mm,0.05389375441653017,positive,417,ok
irish_potato,11.0,improved_seed,0.009852906482558942,negative,8,suppressed
irish_potato,11.0,organic_fert,0.04005799515226793,negative,8,suppressed
irish_potato,11.0,inorganic_fert,0.28788519904308846,negative,8,suppressed
irish_potato,11.0,pesticide,0.22155062010260299,negative,8,suppressed
irish_potato,11.0,anti_erosion,0.020773888334129062,negative,8,suppressed
irish_potato,11.0,land_consolidation,0.05620029036144514,positive,8,suppressed
irish_potato,11.0,mechanized,0.0,positive,8,suppressed
irish_potato,11.0,irrigated,0.01283769715612686,negative,8,suppressed
irish_potato,11.0,erosion_degree,0.038894394625248366,positive,8,suppressed
irish_potato,11.0,plot_area_ha,0.03501638002334811,positive,8,suppressed
irish_potato,11.0,sowing_month,0.0,positive,8,suppressed
irish_potato,11.0,soil_ph,0.02842151358707705,positive,8,suppressed
irish_potato,11.0,soil_nitrogen,0.6190262093621456,negative,8,suppressed
irish_potato,11.0,soil_carbon,0.008076989211773761,negative,8,suppressed
irish_potato,11.0,soil_texture_class,0.04026871793171341,positive,8,suppressed
irish_potato,11.0,rainfall_mm,0.09428442025620429,positive,8,suppressed
irish_potato,12.0,improved_seed,0.020826497021108743,negative,72,ok
irish_potato,12.0,organic_fert,0.022375468847390254,positive,72,ok
irish_potato,12.0,inorganic_fert,0.1269456310275472,negative,72,ok
irish_potato,12.0,pesticide,0.15966447241869275,negative,72,ok
irish_potato,12.0,anti_erosion,0.007505745649413722,positive,72,ok
irish_potato,12.0,land_consolidation,0.07041849097015357,negative,72,ok
irish_potato,12.0,mechanized,0.0,positive,72,ok
irish_potato,12.0,irrigated,0.016596358380688576,positive,72,ok
irish_potato,12.0,erosion_degree,0.03414609527135061,positive,72,ok
irish_potato,12.0,plot_area_ha,0.05298973634014584,negative,72,ok
irish_potato,12.0,sowing_month,0.0,positive,72,ok
irish_potato,12.0,soil_ph,0.037693363665071464,positive,72,ok
irish_potato,12.0,soil_nitrogen,0.6631843395318929,negative,72,ok
irish_potato,12.0,soil_carbon,0.0062101696331034835,positive,72,ok
irish_potato,12.0,soil_texture_class,0.03825959202545026,positive,72,ok
irish_potato,12.0,rainfall_mm,0.12015014147702689,negative,72,ok
irish_potato,13.0,improved_seed,0.05653580380971853,positive,2,suppressed
irish_potato,13.0,organic_fert,0.009461106192800713,positive,2,suppressed
irish_potato,13.0,inorganic_fert,0.14325564716575678,negative,2,suppressed
irish_potato,13.0,pesticide,0.18343281711248102,negative,2,suppressed
irish_potato,13.0,anti_erosion,0.017231286237623756,negative,2,suppressed
irish_potato,13.0,land_consolidation,0.0948786657306577,negative,2,suppressed
irish_potato,13.0,mechanized,0.0,positive,2,suppressed
irish_potato,13.0,irrigated,0.012030461974164665,negative,2,suppressed
irish_potato,13.0,erosion_degree,0.024985279142899917,positive,2,suppressed
irish_potato,13.0,plot_area_ha,0.053723585142794274,positive,2,suppressed
irish_potato,13.0,sowing_month,0.0,positive,2,suppressed
irish_potato,13.0,soil_ph,0.19638981025731733,positive,2,suppressed
irish_potato,13.0,soil_nitrogen,0.7149314060176584,negative,2,suppressed
irish_potato,13.0,soil_carbon,0.021299068730877925,positive,2,suppressed
irish_potato,13.0,soil_texture_class,0.05077676836586494,negative,2,suppressed
irish_potato,13.0,rainfall_mm,0.10553988548543791,negative,2,suppressed
irish_potato,21.0,improved_seed,0.009739043371342692,negative,16,suppressed
irish_potato,21.0,organic_fert,0.037997020406039764,negative,16,suppressed
irish_potato,21.0,inorganic_fert,0.2208259646696436,negative,16,suppressed
irish_potato,21.0,pesticide,0.24833153608954125,negative,16,suppressed
irish_potato,21.0,anti_erosion,0.01941374306997848,negative,16,suppressed
irish_potato,21.0,land_consolidation,0.12651381929863503,negative,16,suppressed
irish_potato,21.0,mechanized,0.0,positive,16,suppressed
irish_potato,21.0,irrigated,0.032016022633406624,negative,16,suppressed
irish_potato,21.0,erosion_degree,0.031623712121930034,positive,16,suppressed
irish_potato,21.0,plot_area_ha,0.045330420322640154,positive,16,suppressed
irish_potato,21.0,sowing_month,0.0,positive,16,suppressed
irish_potato,21.0,soil_ph,0.017900748940684014,negative,16,suppressed
irish_potato,21.0,soil_nitrogen,0.7177747198684882,negative,16,suppressed
irish_potato,21.0,soil_carbon,0.02366361675448883,positive,16,suppressed
irish_potato,21.0,soil_texture_class,0.0715836638508134,negative,16,suppressed
irish_potato,21.0,rainfall_mm,0.12062073410539338,negative,16,suppressed
irish_potato,22.0,improved_seed,0.011310167620466688,negative,7,suppressed
irish_potato,22.0,organic_fert,0.011531489646219788,negative,7,suppressed
irish_potato,22.0,inorganic_fert,0.15741236815756093,negative,7,suppressed
irish_potato,22.0,pesticide,0.20105764304724555,negative,7,suppressed
irish_potato,22.0,anti_erosion,0.018541261975630243,negative,7,suppressed
irish_potato,22.0,land_consolidation,0.10009110765968886,negative,7,suppressed
irish_potato,22.0,mechanized,0.0,positive,7,suppressed
irish_potato,22.0,irrigated,0.013827938671043363,negative,7,suppressed
irish_potato,22.0,erosion_degree,0.01479534359569795,positive,7,suppressed
irish_potato,22.0,plot_area_ha,0.07374136430806257,positive,7,suppressed
irish_potato,22.0,sowing_month,0.0,positive,7,suppressed
irish_potato,22.0,soil_ph,0.03171519508785616,negative,7,suppressed
irish_potato,22.0,soil_nitrogen,0.7636262257509668,negative,7,suppressed
irish_potato,22.0,soil_carbon,0.01854101362958862,negative,7,suppressed
irish_potato,22.0,soil_texture_class,0.2858847775206255,negative,7,suppressed
irish_potato,22.0,rainfall_mm,0.14911288039813578,negative,7,suppressed
irish_potato,23.0,improved_seed,0.02803321617137885,positive,201,ok
irish_potato,23.0,organic_fert,0.008020060149388716,positive,201,ok
irish_potato,23.0,inorganic_fert,0.0343704085320368,positive,201,ok
irish_potato,23.0,pesticide,0.1487293155511655,negative,201,ok
irish_potato,23.0,anti_erosion,0.007622599241838024,positive,201,ok
irish_potato,23.0,land_consolidation,0.042379526065216125,negative,201,ok
irish_potato,23.0,mechanized,0.0,positive,201,ok
irish_potato,23.0,irrigated,0.012528648028705514,positive,201,ok
irish_potato,23.0,erosion_degree,0.02718861623106879,negative,201,ok
irish_potato,23.0,plot_area_ha,0.04876949719375099,negative,201,ok
irish_potato,23.0,sowing_month,0.0,positive,201,ok
irish_potato,23.0,soil_ph,0.6262803541064608,negative,201,ok
irish_potato,23.0,soil_nitrogen,0.1417839911718123,positive,201,ok
irish_potato,23.0,soil_carbon,0.0013663493327556423,negative,201,ok
irish_potato,23.0,soil_texture_class,0.015610566473268084,positive,201,ok
irish_potato,23.0,rainfall_mm,0.0901449451476373,positive,201,ok
irish_potato,24.0,improved_seed,0.009786926981571988,negative,21,suppressed
irish_potato,24.0,organic_fert,0.008699389111457205,negative,21,suppressed
irish_potato,24.0,inorganic_fert,0.1990115722375065,negative,21,suppressed
irish_potato,24.0,pesticide,0.3024906021583533,negative,21,suppressed
irish_potato,24.0,anti_erosion,0.017338894754492035,negative,21,suppressed
irish_potato,24.0,land_consolidation,0.10420689289270088,negative,21,suppressed
irish_potato,24.0,mechanized,0.0,positive,21,suppressed
irish_potato,24.0,irrigated,0.017797095874861227,negative,21,suppressed
irish_potato,24.0,erosion_degree,0.03161174805838349,positive,21,suppressed
irish_potato,24.0,plot_area_ha,0.061633804528207964,positive,21,suppressed
irish_potato,24.0,sowing_month,0.0,positive,21,suppressed
irish_potato,24.0,soil_ph,0.03894721514387161,negative,21,suppressed
irish_potato,24.0,soil_nitrogen,0.7485986726881125,negative,21,suppressed
irish_potato,24.0,soil_carbon,0.005933362902907401,positive,21,suppressed
irish_potato,24.0,soil_texture_class,0.3185697625548742,negative,21,suppressed
irish_potato,24.0,rainfall_mm,0.10001346361508351,negative,21,suppressed
irish_potato,25.0,improved_seed,0.03769420398895058,positive,171,ok
irish_potato,25.0,organic_fert,0.008763388420297634,positive,171,ok
irish_potato,25.0,inorganic_fert,0.04711698195810191,positive,171,ok
irish_potato,25.0,pesticide,0.16038439051830972,positive,171,ok
irish_potato,25.0,anti_erosion,0.005943221148780195,positive,171,ok
irish_potato,25.0,land_consolidation,0.03357788457078215,positive,171,ok
irish_potato,25.0,mechanized,0.0,positive,171,ok
irish_potato,25.0,irrigated,0.007558871397968525,negative,171,ok
irish_potato,25.0,erosion_degree,0.027780585855455578,negative,171,ok
irish_potato,25.0,plot_area_ha,0.04552968550233333,negative,171,ok
irish_potato,25.0,sowing_month,0.0,positive,171,ok
irish_potato,25.0,soil_ph,0.3154590008313647,negative,171,ok
irish_potato,25.0,soil_nitrogen,0.2066282125414157,positive,171,ok
irish_potato,25.0,soil_carbon,0.0015059497836261068,negative,171,ok
irish_potato,25.0,soil_texture_class,0.015340175226052613,positive,171,ok
irish_potato,25.0,rainfall_mm,0.07987423558090345,positive,171,ok
irish_potato,26.0,improved_seed,0.009789969616365685,negative,7,suppressed
irish_potato,26.0,organic_fert,0.024217716461134308,negative,7,suppressed
irish_potato,26.0,inorganic_fert,0.2076354328763505,negative,7,suppressed
irish_potato,26.0,pesticide,0.2249402545054459,negative,7,suppressed
irish_potato,26.0,anti_erosion,0.023090162897219244,negative,7,suppressed
irish_potato,26.0,land_consolidation,0.12358283495484712,negative,7,suppressed
irish_potato,26.0,mechanized,0.0,positive,7,suppressed
irish_potato,26.0,irrigated,0.0209124323252855,positive,7,suppressed
irish_potato,26.0,erosion_degree,0.01916915912109644,positive,7,suppressed
irish_potato,26.0,plot_area_ha,0.11538730593405691,positive,7,suppressed
irish_potato,26.0,sowing_month,0.0,positive,7,suppressed
irish_potato,26.0,soil_ph,0.047797784350166184,negative,7,suppressed
irish_potato,26.0,soil_nitrogen,0.7220853279628686,negative,7,suppressed
irish_potato,26.0,soil_carbon,0.030363915513311156,positive,7,suppressed
irish_potato,26.0,soil_texture_class,0.30015310189998207,negative,7,suppressed
irish_potato,26.0,rainfall_mm,0.15319120130124644,negative,7,suppressed
irish_potato,27.0,improved_seed,0.011651541287788168,negative,21,suppressed
irish_potato,27.0,organic_fert,0.014142714738218175,positive,21,suppressed
irish_potato,27.0,inorganic_fert,0.07410186053592438,negative,21,suppressed
irish_potato,27.0,pesticide,0.12478264414344634,positive,21,suppressed
irish_potato,27.0,anti_erosion,0.006805379148038433,positive,21,suppressed
irish_potato,27.0,land_consolidation,0.060328888637667694,negative,21,suppressed
irish_potato,27.0,mechanized,0.0,positive,21,suppressed
irish_potato,27.0,irrigated,0.028221254316357507,negative,21,suppressed
irish_potato,27.0,erosion_degree,0.04172991500960448,positive,21,suppressed
irish_potato,27.0,plot_area_ha,0.04559888294343867,positive,21,suppressed
irish_potato,27.0,sowing_month,0.0,positive,21,suppressed
irish_potato,27.0,soil_ph,0.16359305699235702,negative,21,suppressed
irish_potato,27.0,soil_nitrogen,0.6480018837859136,negative,21,suppressed
irish_potato,27.0,soil_carbon,0.007036515648192403,positive,21,suppressed
irish_potato,27.0,soil_texture_class,0.034461869108449915,positive,21,suppressed
irish_potato,27.0,rainfall_mm,0.12985613129575832,positive,21,suppressed
irish_potato,28.0,improved_seed,0.010575883504071598,negative,14,suppressed
irish_potato,28.0,organic_fert,0.014661324029731854,negative,14,suppressed
irish_potato,28.0,inorganic_fert,0.16720244934122871,negative,14,suppressed
irish_potato,28.0,pesticide,0.23831174630613902,negative,14,suppressed
irish_potato,28.0,anti_erosion,0.009986841470131309,positive,14,suppressed
irish_potato,28.0,land_consolidation,0.06104785936319474,positive,14,suppressed
irish_potato,28.0,mechanized,0.0,positive,14,suppressed
irish_potato,28.0,irrigated,0.011625031400768773,negative,14,suppressed
irish_potato,28.0,erosion_degree,0.025856517818483613,positive,14,suppressed
irish_potato,28.0,plot_area_ha,0.09986934022636397,negative,14,suppressed
irish_potato,28.0,sowing_month,0.0,positive,14,suppressed
irish_potato,28.0,soil_ph,0.02464447804056416,negative,14,suppressed
irish_potato,28.0,soil_nitrogen,0.7710474967541,negative,14,suppressed
irish_potato,28.0,soil_carbon,0.015457794334278638,negative,14,suppressed
irish_potato,28.0,soil_texture_class,0.23134388086030702,negative,14,suppressed
irish_potato,28.0,rainfall_mm,0.0714805863912183,negative,14,suppressed
irish_potato,31.0,improved_seed,0.023930301679726495,positive,53,ok
irish_potato,31.0,organic_fert,0.011595880045701041,positive,53,ok
irish_potato,31.0,inorganic_fert,0.06382134243645082,negative,53,ok
irish_potato,31.0,pesticide,0.15468246805700833,negative,53,ok
irish_potato,31.0,anti_erosion,0.012789822088598714,positive,53,ok
irish_potato,31.0,land_consolidation,0.03208162127052859,positive,53,ok
irish_potato,31.0,mechanized,0.0,positive,53,ok
irish_potato,31.0,irrigated,0.0077853137014867076,negative,53,ok
irish_potato,31.0,erosion_degree,0.05016133888118759,negative,53,ok
irish_potato,31.0,plot_area_ha,0.06585339728361476,negative,53,ok
irish_potato,31.0,sowing_month,0.0,positive,53,ok
irish_potato,31.0,soil_ph,0.2259251392748582,negative,53,ok
irish_potato,31.0,soil_nitrogen,0.3534326343079976,negative,53,ok
irish_potato,31.0,soil_carbon,0.0026794719053027227,positive,53,ok
irish_potato,31.0,soil_texture_class,0.03740364624970414,positive,53,ok
irish_potato,31.0,rainfall_mm,0.12842025758548264,negative,53,ok
irish_potato,32.0,improved_seed,0.01692807309427758,negative,428,ok
irish_potato,32.0,organic_fert,0.0069728889868590745,positive,428,ok
irish_potato,32.0,inorganic_fert,0.03491045427110266,negative,428,ok
irish_potato,32.0,pesticide,0.10408219036307158,positive,428,ok
irish_potato,32.0,anti_erosion,0.009588784489014197,positive,428,ok
irish_potato,32.0,land_consolidation,0.025862367518285214,positive,428,ok
irish_potato,32.0,mechanized,0.0,positive,428,ok
irish_potato,32.0,irrigated,0.005955949904136059,negative,428,ok
irish_potato,32.0,erosion_degree,0.04913421813089801,negative,428,ok
irish_potato,32.0,plot_area_ha,0.05531332119175004,negative,428,ok
irish_potato,32.0,sowing_month,0.0,positive,428,ok
irish_potato,32.0,soil_ph,0.33241598568880015,negative,428,ok
irish_potato,32.0,soil_nitrogen,0.09119150238191645,negative,428,ok
irish_potato,32.0,soil_carbon,0.002945432744119187,positive,428,ok
irish_potato,32.0,soil_texture_class,0.03131595587271311,positive,428,ok
irish_potato,32.0,rainfall_mm,0.16085949125837418,negative,428,ok
irish_potato,33.0,improved_seed,0.029379740133926763,negative,707,ok
irish_potato,33.0,organic_fert,0.02836351379758636,negative,707,ok
irish_potato,33.0,inorganic_fert,0.03262207150278861,positive,707,ok
irish_potato,33.0,pesticide,0.048798578935732355,positive,707,ok
irish_potato,33.0,anti_erosion,0.0026570258034270557,positive,707,ok
irish_potato,33.0,land_consolidation,0.041969173560194084,positive,707,ok
irish_potato,33.0,mechanized,0.0,positive,707,ok
irish_potato,33.0,irrigated,0.013668596576142352,negative,707,ok
irish_potato,33.0,erosion_degree,0.04399634347597957,positive,707,ok
irish_potato,33.0,plot_area_ha,0.03054641806457662,negative,707,ok
irish_potato,33.0,sowing_month,0.0,positive,707,ok
irish_potato,33.0,soil_ph,0.11982047635727339,positive,707,ok
irish_potato,33.0,soil_nitrogen,0.2951398560888005,positive,707,ok
irish_potato,33.0,soil_carbon,0.0008883221870432791,positive,707,ok
irish_potato,33.0,soil_texture_class,0.010740012952023866,positive,707,ok
irish_potato,33.0,rainfall_mm,0.10200691599779457,negative,707,ok
irish_potato,34.0,improved_seed,0.030299638322158148,positive,1011,ok
irish_potato,34.0,organic_fert,0.015344866789374323,positive,1011,ok
irish_potato,34.0,inorganic_fert,0.04906637611541995,positive,1011,ok
irish_potato,34.0,pesticide,0.05144205007018054,positive,1011,ok
irish_potato,34.0,anti_erosion,0.0030884014760374136,positive,1011,ok
irish_potato,34.0,land_consolidation,0.04392650706865763,positive,1011,ok
irish_potato,34.0,mechanized,0.0,positive,1011,ok
irish_potato,34.0,irrigated,0.009357622878113281,negative,1011,ok
irish_potato,34.0,erosion_degree,0.04279391586861221,negative,1011,ok
irish_potato,34.0,plot_area_ha,0.029723492972003517,negative,1011,ok
irish_potato,34.0,sowing_month,0.0,positive,1011,ok
irish_potato,34.0,soil_ph,0.11639314933779563,positive,1011,ok
irish_potato,34.0,soil_nitrogen,0.26672422482967106,positive,1011,ok
irish_potato,34.0,soil_carbon,0.001064073822852987,positive,1011,ok
irish_potato,34.0,soil_texture_class,0.015365491668136614,positive,1011,ok
irish_potato,34.0,rainfall_mm,0.13174638176588876,positive,1011,ok
irish_potato,35.0,improved_seed,0.013761902205884588,negative,187,ok
irish_potato,35.0,organic_fert,0.007687335454095312,positive,187,ok
irish_potato,35.0,inorganic_fert,0.0428204599230782,positive,187,ok
irish_potato,35.0,pesticide,0.12382842560953848,positive,187,ok
irish_potato,35.0,anti_erosion,0.017125524722925098,negative,187,ok
irish_potato,35.0,land_consolidation,0.04008109958022506,positive,187,ok
irish_potato,35.0,mechanized,0.0,positive,187,ok
irish_potato,35.0,irrigated,0.006840398090312313,negative,187,ok
irish_potato,35.0,erosion_degree,0.069063779229255,negative,187,ok
irish_potato,35.0,plot_area_ha,0.05646540736178884,negative,187,ok
irish_potato,35.0,sowing_month,0.0,positive,187,ok
irish_potato,35.0,soil_ph,0.2520741627303259,negative,187,ok
irish_potato,35.0,soil_nitrogen,0.3843484101109378,negative,187,ok
irish_potato,35.0,soil_carbon,0.0023819374239288462,positive,187,ok
irish_potato,35.0,soil_texture_class,0.03192659461255278,positive,187,ok
irish_potato,35.0,rainfall_mm,0.09729292352861894,positive,187,ok
irish_potato,36.0,improved_seed,0.016660534059228883,negative,2,suppressed
irish_potato,36.0,organic_fert,0.0011222174107342105,positive,2,suppressed
irish_potato,36.0,inorganic_fert,0.03189897411853415,positive,2,suppressed
irish_potato,36.0,pesticide,0.04121788442989379,positive,2,suppressed
irish_potato,36.0,anti_erosion,0.014934569144393305,negative,2,suppressed
irish_potato,36.0,land_consolidation,0.048187205226661776,negative,2,suppressed
irish_potato,36.0,mechanized,0.0,positive,2,suppressed
irish_potato,36.0,irrigated,0.04044537568306571,positive,2,suppressed
irish_potato,36.0,erosion_degree,0.016128067133798614,positive,2,suppressed
irish_potato,36.0,plot_area_ha,0.016260885086511072,positive,2,suppressed
irish_potato,36.0,sowing_month,0.0,positive,2,suppressed
irish_potato,36.0,soil_ph,0.07251610118951003,negative,2,suppressed
irish_potato,36.0,soil_nitrogen,0.29359523014426436,positive,2,suppressed
irish_potato,36.0,soil_carbon,0.0022591019258742903,positive,2,suppressed
irish_potato,36.0,soil_texture_class,0.01565738402499339,positive,2,suppressed
irish_potato,36.0,rainfall_mm,0.11558312760239109,negative,2,suppressed
irish_potato,37.0,improved_seed,0.012010265878809268,negative,4,suppressed
irish_potato,37.0,organic_fert,0.03763862010686023,negative,4,suppressed
irish_potato,37.0,inorganic_fert,0.0842384020632864,negative,4,suppressed
irish_potato,37.0,pesticide,0.23071376113325193,negative,4,suppressed
irish_potato,37.0,anti_erosion,0.006242062380805017,positive,4,suppressed
irish_potato,37.0,land_consolidation,0.0740814267078214,negative,4,suppressed
irish_potato,37.0,mechanized,0.0,positive,4,suppressed
irish_potato,37.0,irrigated,0.019963089678026985,negative,4,suppressed
irish_potato,37.0,erosion_degree,0.019222299818224764,positive,4,suppressed
irish_potato,37.0,plot_area_ha,0.05249470060652826,negative,4,suppressed
irish_potato,37.0,sowing_month,0.0,positive,4,suppressed
irish_potato,37.0,soil_ph,0.5588875720925006,negative,4,suppressed
irish_potato,37.0,soil_nitrogen,0.14686532160352342,positive,4,suppressed
irish_potato,37.0,soil_carbon,0.000995252811178974,negative,4,suppressed
irish_potato,37.0,soil_texture_class,0.01437932641290044,positive,4,suppressed
irish_potato,37.0,rainfall_mm,0.05220188729908254,negative,4,suppressed
irish_potato,41.0,improved_seed,0.021589826299512963,negative,101,ok
irish_potato,41.0,organic_fert,0.011026767844235756,positive,101,ok
irish_potato,41.0,inorganic_fert,0.06962486954789646,positive,101,ok
irish_potato,41.0,pesticide,0.09050417694877447,positive,101,ok
irish_potato,41.0,anti_erosion,0.0058024515983766175,positive,101,ok
irish_potato,41.0,land_consolidation,0.03890778333915251,negative,101,ok
irish_potato,41.0,mechanized,0.0,positive,101,ok
irish_potato,41.0,irrigated,0.04614165438375541,positive,101,ok
irish_potato,41.0,erosion_degree,0.03566537320348276,negative,101,ok
irish_potato,41.0,plot_area_ha,0.05551583973494366,positive,101,ok
irish_potato,41.0,sowing_month,0.0,positive,101,ok
irish_potato,41.0,soil_ph,0.159032778256728,negative,101,ok
irish_potato,41.0,soil_nitrogen,0.6962773811909956,negative,101,ok
irish_potato,41.0,soil_carbon,0.0020097589711254647,positive,101,ok
irish_potato,41.0,soil_texture_class,0.03170531299025107,positive,101,ok
irish_potato,41.0,rainfall_mm,0.10176450937541964,negative,101,ok
irish_potato,42.0,improved_seed,0.013388237252351881,negative,96,ok
irish_potato,42.0,organic_fert,0.010965083157597236,positive,96,ok
irish_potato,42.0,inorganic_fert,0.0479312095967643,negative,96,ok
irish_potato,42.0,pesticide,0.1408121891459011,negative,96,ok
irish_potato,42.0,anti_erosion,0.009321344024018598,positive,96,ok
irish_potato,42.0,land_consolidation,0.051730825602247156,negative,96,ok
irish_potato,42.0,mechanized,0.0,positive,96,ok
irish_potato,42.0,irrigated,0.012415659858319827,positive,96,ok
irish_potato,42.0,erosion_degree,0.03592409183595058,negative,96,ok
irish_potato,42.0,plot_area_ha,0.06230525259584425,positive,96,ok
irish_potato,42.0,sowing_month,0.0,positive,96,ok
irish_potato,42.0,soil_ph,0.1351557979552436,negative,96,ok
irish_potato,42.0,soil_nitrogen,0.350446762201019,negative,96,ok
irish_potato,42.0,soil_carbon,0.020669261740681916,positive,96,ok
irish_potato,42.0,soil_texture_class,0.03664861732832461,positive,96,ok
irish_potato,42.0,rainfall_mm,0.09296825513521312,negative,96,ok
irish_potato,43.0,improved_seed,0.03313005461711803,positive,397,ok
irish_potato,43.0,organic_fert,0.011400460615070444,positive,397,ok
irish_potato,43.0,inorganic_fert,0.05554173777425601,positive,397,ok
irish_potato,43.0,pesticide,0.04941598210776682,positive,397,ok
irish_potato,43.0,anti_erosion,0.0027277000939276617,positive,397,ok
irish_potato,43.0,land_consolidation,0.03925414282953588,positive,397,ok
irish_potato,43.0,mechanized,0.0,positive,397,ok
irish_potato,43.0,irrigated,0.008082168796943782,negative,397,ok
irish_potato,43.0,erosion_degree,0.026755969370769773,positive,397,ok
irish_potato,43.0,plot_area_ha,0.025094758014985546,negative,397,ok
irish_potato,43.0,sowing_month,0.0,positive,397,ok
irish_potato,43.0,soil_ph,0.095867547655078,positive,397,ok
irish_potato,43.0,soil_nitrogen,0.19204047811342503,positive,397,ok
irish_potato,43.0,soil_carbon,0.0009793655161359847,positive,397,ok
irish_potato,43.0,soil_texture_class,0.014014231796695552,positive,397,ok
irish_potato,43.0,rainfall_mm,0.12086414273021015,negative,397,ok
irish_potato,44.0,improved_seed,0.019987465713378644,negative,375,ok
irish_potato,44.0,organic_fert,0.012272357830639421,positive,375,ok
irish_potato,44.0,inorganic_fert,0.09054866681577561,negative,375,ok
irish_potato,44.0,pesticide,0.06313351261450195,positive,375,ok
irish_potato,44.0,anti_erosion,0.0030774382638154383,positive,375,ok
irish_potato,44.0,land_consolidation,0.036510709338336444,positive,375,ok
irish_potato,44.0,mechanized,0.0,positive,375,ok
irish_potato,44.0,irrigated,0.012243924062567208,negative,375,ok
irish_potato,44.0,erosion_degree,0.037456855344695374,positive,375,ok
irish_potato,44.0,plot_area_ha,0.02903122014247944,negative,375,ok
irish_potato,44.0,sowing_month,0.0,positive,375,ok
irish_potato,44.0,soil_ph,0.1021979510556024,positive,375,ok
irish_potato,44.0,soil_nitrogen,0.281915083767383,positive,375,ok
irish_potato,44.0,soil_carbon,0.00176226254561992,positive,375,ok
irish_potato,44.0,soil_texture_class,0.01576443184349848,positive,375,ok
irish_potato,44.0,rainfall_mm,0.08698258589522155,negative,375,ok
irish_potato,45.0,improved_seed,0.016583102393432747,negative,211,ok
irish_potato,45.0,organic_fert,0.01019389481780415,positive,211,ok
irish_potato,45.0,inorganic_fert,0.07692216895907489,negative,211,ok
irish_potato,45.0,pesticide,0.12207277965534026,negative,211,ok
irish_potato,45.0,anti_erosion,0.0058929712448027305,positive,211,ok
irish_potato,45.0,land_consolidation,0.043592622008617785,negative,211,ok
irish_potato,45.0,mechanized,0.0,positive,211,ok
irish_potato,45.0,irrigated,0.014458079876363163,positive,211,ok
irish_potato,45.0,erosion_degree,0.05760527131089933,negative,211,ok
irish_potato,45.0,plot_area_ha,0.03080506606808119,negative,211,ok
irish_potato,45.0,sowing_month,0.0,positive,211,ok
irish_potato,45.0,soil_ph,0.10765262560666444,positive,211,ok
irish_potato,45.0,soil_nitrogen,0.138236139349873,negative,211,ok
irish_potato,45.0,soil_carbon,0.003161954766117615,positive,211,ok
irish_potato,45.0,soil_texture_class,0.03864763895329051,positive,211,ok
irish_potato,45.0,rainfall_mm,0.1109931132001187,positive,211,ok
irish_potato,51.0,improved_seed,0.012953498641395436,negative,74,ok
irish_potato,51.0,organic_fert,0.026385515483564815,positive,74,ok
irish_potato,51.0,inorganic_fert,0.12216969535940814,negative,74,ok
irish_potato,51.0,pesticide,0.15518124293012903,negative,74,ok
irish_potato,51.0,anti_erosion,0.008303937175996529,positive,74,ok
irish_potato,51.0,land_consolidation,0.07133361425894193,negative,74,ok
irish_potato,51.0,mechanized,0.0,positive,74,ok
irish_potato,51.0,irrigated,0.018656360332885022,positive,74,ok
irish_potato,51.0,erosion_degree,0.03835488802123549,positive,74,ok
irish_potato,51.0,plot_area_ha,0.048091133148019716,negative,74,ok
irish_potato,51.0,sowing_month,0.0,positive,74,ok
irish_potato,51.0,soil_ph,0.06722915078358878,positive,74,ok
irish_potato,51.0,soil_nitrogen,0.6588800593211466,negative,74,ok
irish_potato,51.0,soil_carbon,0.006930691726901939,positive,74,ok
irish_potato,51.0,soil_texture_class,0.03504176721838818,positive,74,ok
irish_potato,51.0,rainfall_mm,0.10992537810732754,negative,74,ok
irish_potato,52.0,improved_seed,0.021759064072557573,positive,26,suppressed
irish_potato,52.0,organic_fert,0.02102411958850637,negative,26,suppressed
irish_potato,52.0,inorganic_fert,0.15675502630184363,negative,26,suppressed
irish_potato,52.0,pesticide,0.19242147698394552,negative,26,suppressed
irish_potato,52.0,anti_erosion,0.016401513233296517,negative,26,suppressed
irish_potato,52.0,land_consolidation,0.05665989586105545,positive,26,suppressed
irish_potato,52.0,mechanized,0.0,positive,26,suppressed
irish_potato,52.0,irrigated,0.010634355544057682,positive,26,suppressed
irish_potato,52.0,erosion_degree,0.032065654354583216,positive,26,suppressed
irish_potato,52.0,plot_area_ha,0.07537428909663574,negative,26,suppressed
irish_potato,52.0,sowing_month,0.0,positive,26,suppressed
irish_potato,52.0,soil_ph,0.25100799227197307,positive,26,suppressed
irish_potato,52.0,soil_nitrogen,0.6828193246780132,negative,26,suppressed
irish_potato,52.0,soil_carbon,0.022996372621999602,positive,26,suppressed
irish_potato,52.0,soil_texture_class,0.08857070815065536,negative,26,suppressed
irish_potato,52.0,rainfall_mm,0.10197014487972707,negative,26,suppressed
irish_potato,53.0,improved_seed,0.013047198949420387,negative,107,ok
irish_potato,53.0,organic_fert,0.02163796151945462,positive,107,ok
irish_potato,53.0,inorganic_fert,0.08885568530443132,negative,107,ok
irish_potato,53.0,pesticide,0.13571470395461632,negative,107,ok
irish_potato,53.0,anti_erosion,0.007699175776306127,positive,107,ok
irish_potato,53.0,land_consolidation,0.05330819270694404,positive,107,ok
irish_potato,53.0,mechanized,0.0,positive,107,ok
irish_potato,53.0,irrigated,0.012113956357162657,positive,107,ok
irish_potato,53.0,erosion_degree,0.04534235411327855,positive,107,ok
irish_potato,53.0,plot_area_ha,0.05190317494510594,negative,107,ok
irish_potato,53.0,sowing_month,0.0,positive,107,ok
irish_potato,53.0,soil_ph,0.07790710103274777,positive,107,ok
irish_potato,53.0,soil_nitrogen,0.6677113717890701,negative,107,ok
irish_potato,53.0,soil_carbon,0.015010617716406096,negative,107,ok
irish_potato,53.0,soil_texture_class,0.03391533395712859,positive,107,ok
irish_potato,53.0,rainfall_mm,0.1331023951849931,negative,107,ok
irish_potato,54.0,improved_seed,0.017425488500015823,negative,70,ok
irish_potato,54.0,organic_fert,0.01743773918468522,negative,70,ok
irish_potato,54.0,inorganic_fert,0.11993192591851487,negative,70,ok
irish_potato,54.0,pesticide,0.1973425729167303,negative,70,ok
irish_potato,54.0,anti_erosion,0.011209191190202276,negative,70,ok
irish_potato,54.0,land_consolidation,0.11539224204956099,negative,70,ok
irish_potato,54.0,mechanized,0.0,positive,70,ok
irish_potato,54.0,irrigated,0.0202161411486879,positive,70,ok
irish_potato,54.0,erosion_degree,0.030142334749560063,positive,70,ok
irish_potato,54.0,plot_area_ha,0.060797055820016724,negative,70,ok
irish_potato,54.0,sowing_month,0.0,positive,70,ok
irish_potato,54.0,soil_ph,0.09121495422663606,positive,70,ok
irish_potato,54.0,soil_nitrogen,0.7478528544345786,negative,70,ok
irish_potato,54.0,soil_carbon,0.022445961628174277,positive,70,ok
irish_potato,54.0,soil_texture_class,0.21179402142277712,negative,70,ok
irish_potato,54.0,rainfall_mm,0.11210804963951987,negative,70,ok
irish_potato,55.0,improved_seed,0.012785125827314262,negative,82,ok
irish_potato,55.0,organic_fert,0.021871582338620892,negative,82,ok
irish_potato,55.0,inorganic_fert,0.12810229901210857,negative,82,ok
irish_potato,55.0,pesticide,0.2198883986815221,negative,82,ok
irish_potato,55.0,anti_erosion,0.01628402938508613,negative,82,ok
irish_potato,55.0,land_consolidation,0.06469165508785978,negative,82,ok
irish_potato,55.0,mechanized,0.0,positive,82,ok
irish_potato,55.0,irrigated,0.017079841309603543,negative,82,ok
irish_potato,55.0,erosion_degree,0.035899002076889806,positive,82,ok
irish_potato,55.0,plot_area_ha,0.08201218947370129,negative,82,ok
irish_potato,55.0,sowing_month,0.0,positive,82,ok
irish_potato,55.0,soil_ph,0.0369397659305456,positive,82,ok
irish_potato,55.0,soil_nitrogen,0.7818274353653843,negative,82,ok
irish_potato,55.0,soil_carbon,0.01551383419557742,negative,82,ok
irish_potato,55.0,soil_texture_class,0.19081307242484488,negative,82,ok
irish_potato,55.0,rainfall_mm,0.13861062327869872,negative,82,ok
irish_potato,56.0,improved_seed,0.012385838246559533,negative,67,ok
irish_potato,56.0,organic_fert,0.03667442048425009,negative,67,ok
irish_potato,56.0,inorganic_fert,0.16310787752685188,negative,67,ok
irish_potato,56.0,pesticide,0.1920130287179151,negative,67,ok
irish_potato,56.0,anti_erosion,0.01152178887888941,negative,67,ok
irish_potato,56.0,land_consolidation,0.05887861382075292,positive,67,ok
irish_potato,56.0,mechanized,0.0,positive,67,ok
irish_potato,56.0,irrigated,0.015206381326469863,negative,67,ok
irish_potato,56.0,erosion_degree,0.041163257273927806,positive,67,ok
irish_potato,56.0,plot_area_ha,0.046436657905696774,negative,67,ok
irish_potato,56.0,sowing_month,0.0,positive,67,ok
irish_potato,56.0,soil_ph,0.04695188501992052,positive,67,ok
irish_potato,56.0,soil_nitrogen,0.6527016556870852,negative,67,ok
irish_potato,56.0,soil_carbon,0.007298421527990459,positive,67,ok
irish_potato,56.0,soil_texture_class,0.038067913133111836,positive,67,ok
irish_potato,56.0,rainfall_mm,0.10281596881944781,negative,67,ok
irish_potato,57.0,improved_seed,0.009328151733802161,negative,21,suppressed
irish_potato,57.0,organic_fert,0.02055607152030244,negative,21,suppressed
irish_potato,57.0,inorganic_fert,0.19845227344689206,negative,21,suppressed
irish_potato,57.0,pesticide,0.314669439587734,negative,21,suppressed
irish_potato,57.0,anti_erosion,0.016062156456575674,negative,21,suppressed
irish_potato,57.0,land_consolidation,0.12313591690526582,negative,21,suppressed
irish_potato,57.0,mechanized,0.0,positive,21,suppressed
irish_potato,57.0,irrigated,0.035380353554178325,negative,21,suppressed
irish_potato,57.0,erosion_degree,0.018395347521942114,positive,21,suppressed
irish_potato,57.0,plot_area_ha,0.04713736998390844,positive,21,suppressed
irish_potato,57.0,sowing_month,0.0,positive,21,suppressed
irish_potato,57.0,soil_ph,0.025488333648591183,positive,21,suppressed
irish_potato,57.0,soil_nitrogen,0.7921781801236667,negative,21,suppressed
irish_potato,57.0,soil_carbon,0.02234100992223022,positive,21,suppressed
irish_potato,57.0,soil_texture_class,0.2435507371788338,negative,21,suppressed
irish_potato,57.0,rainfall_mm,0.05660765755376727,negative,21,suppressed
sorghum,11.0,improved_seed,0.0010475027419405468,positive,48,ok
sorghum,11.0,organic_fert,0.0,positive,48,ok
sorghum,11.0,inorganic_fert,0.03452902845872233,negative,48,ok
sorghum,11.0,pesticide,0.04965959243013513,negative,48,ok
sorghum,11.0,anti_erosion,0.005294724944947475,negative,48,ok
sorghum,11.0,land_consolidation,0.00044941989367559045,negative,48,ok
sorghum,11.0,mechanized,0.0033389463824008655,positive,48,ok
sorghum,11.0,irrigated,0.0,positive,48,ok
sorghum,11.0,erosion_degree,0.003943850095131723,negative,48,ok
sorghum,11.0,plot_area_ha,0.02604402605197328,negative,48,ok
sorghum,11.0,sowing_month,0.0,positive,48,ok
sorghum,11.0,soil_ph,0.031163977239708974,negative,48,ok
sorghum,11.0,soil_nitrogen,0.029430840096113253,negative,48,ok
sorghum,11.0,soil_carbon,0.035624550737073914,negative,48,ok
sorghum,11.0,soil_texture_class,0.0,positive,48,ok
sorghum,11.0,rainfall_mm,0.02665046053060256,positive,48,ok
sorghum,12.0,improved_seed,0.0006985430103927391,positive,249,ok
sorghum,12.0,organic_fert,0.0,positive,249,ok
sorghum,12.0,inorganic_fert,0.04142260786810396,negative,249,ok
sorghum,12.0,pesticide,0.04695226675357042,negative,249,ok
sorghum,12.0,anti_erosion,0.003686502662129132,positive,249,ok
sorghum,12.0,land_consolidation,0.0005180187463258316,negative,249,ok
sorghum,12.0,mechanized,0.0020670885256454255,positive,249,ok
sorghum,12.0,irrigated,0.0,positive,249,ok
sorghum,12.0,erosion_degree,0.0033556548631767506,positive,249,ok
sorghum,12.0,plot_area_ha,0.024839245790687015,positive,249,ok
sorghum,12.0,sowing_month,0.0,positive,249,ok
sorghum,12.0,soil_ph,0.0031409426536929876,negative,249,ok
sorghum,12.0,soil_nitrogen,0.07148757539598569,positive,249,ok
sorghum,12.0,soil_carbon,0.026754989441738323,positive,249,ok
sorghum,12.0,soil_texture_class,0.0,positive,249,ok
sorghum,12.0,rainfall_mm,0.016177048850484255,positive,249,ok
sorghum,13.0,improved_seed,0.0011823731550577841,positive,86,ok
sorghum,13.0,organic_fert,0.0,positive,86,ok
sorghum,13.0,inorganic_fert,0.038131325434146955,positive,86,ok
sorghum,13.0,pesticide,0.04212327207164047,negative,86,ok
sorghum,13.0,anti_erosion,0.0057871298205735945,negative,86,ok
sorghum,13.0,land_consolidation,0.0005020007870686405,negative,86,ok
sorghum,13.0,mechanized,0.0034836854596929263,positive,86,ok
sorghum,13.0,irrigated,0.0,positive,86,ok
sorghum,13.0,erosion_degree,0.002073886805686422,positive,86,ok
sorghum,13.0,plot_area_ha,0.020644031384058473,negative,86,ok
sorghum,13.0,sowing_month,0.0,positive,86,ok
sorghum,13.0,soil_ph,0.14758691523126968,positive,86,ok
sorghum,13.0,soil_nitrogen,0.01836542572570835,negative,86,ok
sorghum,13.0,soil_carbon,0.013892509641218275,negative,86,ok
sorghum,13.0,soil_texture_class,0.0,positive,86,ok
sorghum,13.0,rainfall_mm,0.020627907536051995,positive,86,ok
sorghum,21.0,improved_seed,0.0010581265349878931,positive,273,ok
sorghum,21.0,organic_fert,0.0,positive,273,ok
sorghum,21.0,inorganic_fert,0.03915868014192803,negative,273,ok
sorghum,21.0,pesticide,0.04316146971639634,positive,273,ok
sorghum,21.0,anti_erosion,0.003694454717094019,positive,273,ok
sorghum,21.0,land_consolidation,0.0004350926862595168,negative,273,ok
sorghum,21.0,mechanized,0.004457247682387971,positive,273,ok
sorghum,21.0,irrigated,0.0,positive,273,ok
sorghum,21.0,erosion_degree,0.006534700737729305,negative,273,ok
sorghum,21.0,plot_area_ha,0.031817359361098564,positive,273,ok
sorghum,21.0,sowing_month,0.0,positive,273,ok
sorghum,21.0,soil_ph,0.0307161605705501,negative,273,ok
sorghum,21.0,soil_nitrogen,0.03156389061959921,negative,273,ok
sorghum,21.0,soil_carbon,0.03353436794984471,negative,273,ok
sorghum,21.0,soil_texture_class,0.0,positive,273,ok
sorghum,21.0,rainfall_mm,0.012650844272761324,negative,273,ok
sorghum,22.0,improved_seed,0.001047617327173921,positive,180,ok
sorghum,22.0,organic_fert,0.0,positive,180,ok
sorghum,22.0,inorganic_fert,0.04211049336433876,negative,180,ok
sorghum,22.0,pesticide,0.04271545690734802,negative,180,ok
sorghum,22.0,anti_erosion,0.0034657177668343643,negative,180,ok
sorghum,22.0,land_consolidation,0.0004197136079192251,negative,180,ok
sorghum,22.0,mechanized,0.003448454302714727,positive,180,ok
sorghum,22.0,irrigated,0.0,positive,180,ok
sorghum,22.0,erosion_degree,0.0037667253762358544,positive,180,ok
sorghum,22.0,plot_area_ha,0.03452224656666502,positive,180,ok
sorghum,22.0,sowing_month,0.0,positive,180,ok
sorghum,22.0,soil_ph,0.030959140947305654,negative,180,ok
sorghum,22.0,soil_nitrogen,0.03136797081603048,negative,180,ok
sorghum,22.0,soil_carbon,0.03312081592719397,negative,180,ok
sorghum,22.0,soil_texture_class,0.0,positive,180,ok
sorghum,22.0,rainfall_mm,0.01299234210315998,negative,180,ok
sorghum,23.0,improved_seed,0.0007135382253044427,positive,76,ok
sorghum,23.0,organic_fert,0.0,positive,76,ok
sorghum,23.0,inorganic_fert,0.036564529745062344,positive,76,ok
sorghum,23.0,pesticide,0.03671224652810488,positive,76,ok
sorghum,23.0,anti_erosion,0.002521289304232032,positive,76,ok
sorghum,23.0,land_consolidation,0.00049545595054949,negative,76,ok
sorghum,23.0,mechanized,0.0011806346565814087,positive,76,ok
sorghum,23.0,irrigated,0.0,positive,76,ok
sorghum,23.0,erosion_degree,0.00470734217026031,negative,76,ok
sorghum,23.0,plot_area_ha,0.03668924854024089,positive,76,ok
sorghum,23.0,sowing_month,0.0,positive,76,ok
sorghum,23.0,soil_ph,0.3214290174764656,negative,76,ok
sorghum,23.0,soil_nitrogen,0.07508481726861778,positive,76,ok
sorghum,23.0,soil_carbon,0.009651254074035501,positive,76,ok
sorghum,23.0,soil_texture_class,0.0,positive,76,ok
sorghum,23.0,rainfall_mm,0.015763698323270358,negative,76,ok
sorghum,24.0,improved_seed,0.0009048979585637595,positive,220,ok
sorghum,24.0,organic_fert,0.0,positive,220,ok
sorghum,24.0,inorganic_fert,0.04397428394175801,negative,220,ok
sorghum,24.0,pesticide,0.04233567757600444,negative,220,ok
sorghum,24.0,anti_erosion,0.003977274750628209,positive,220,ok
sorghum,24.0,land_consolidation,0.00048332706832679537,negative,220,ok
sorghum,24.0,mechanized,0.003162538825737589,positive,220,ok
sorghum,24.0,irrigated,0.0,positive,220,ok
sorghum,24.0,erosion_degree,0.00384906963632547,negative,220,ok
sorghum,24.0,plot_area_ha,0.03139482479635473,positive,220,ok
sorghum,24.0,sowing_month,0.0,positive,220,ok
sorghum,24.0,soil_ph,0.015367750696995884,negative,220,ok
sorghum,24.0,soil_nitrogen,0.03144583305353069,negative,220,ok
sorghum,24.0,soil_carbon,0.025339810270384237,positive,220,ok
sorghum,24.0,soil_texture_class,0.0,positive,220,ok
sorghum,24.0,rainfall_mm,0.015488353675503006,negative,220,ok
sorghum,25.0,improved_seed,0.0006923779632547698,positive,203,ok
sorghum,25.0,organic_fert,0.0,positive,203,ok
sorghum,25.0,inorganic_fert,0.032212835571396516,negative,203,ok
sorghum,25.0,pesticide,0.034405350398761504,positive,203,ok
sorghum,25.0,anti_erosion,0.0028451157950383074,positive,203,ok
sorghum,25.0,land_consolidation,0.000445598888118532,negative,203,ok
sorghum,25.0,mechanized,0.001259406937015629,positive,203,ok
sorghum,25.0,irrigated,0.0,positive,203,ok
sorghum,25.0,erosion_degree,0.005331709020200434,negative,203,ok
sorghum,25.0,plot_area_ha,0.0400337659283368,positive,203,ok
sorghum,25.0,sowing_month,0.0,positive,203,ok
sorghum,25.0,soil_ph,0.31263375891211087,negative,203,ok
sorghum,25.0,soil_nitrogen,0.07427446713427109,positive,203,ok
sorghum,25.0,soil_carbon,0.009378003511712333,positive,203,ok
sorghum,25.0,soil_texture_class,0.0,positive,203,ok
sorghum,25.0,rainfall_mm,0.012732076263789987,negative,203,ok
sorghum,26.0,improved_seed,0.0006308655458360231,positive,146,ok
sorghum,26.0,organic_fert,0.0,positive,146,ok
sorghum,26.0,inorganic_fert,0.04853245868534388,negative,146,ok
sorghum,26.0,pesticide,0.04573080163680024,positive,146,ok
sorghum,26.0,anti_erosion,0.003677096292170989,positive,146,ok
sorghum,26.0,land_consolidation,0.00040850027630951635,negative,146,ok
sorghum,26.0,mechanized,0.004026821507875168,positive,146,ok
sorghum,26.0,irrigated,0.0,positive,146,ok
sorghum,26.0,erosion_degree,0.002677312810718248,negative,146,ok
sorghum,26.0,plot_area_ha,0.03582127176608882,positive,146,ok
sorghum,26.0,sowing_month,0.0,positive,146,ok
sorghum,26.0,soil_ph,0.03210862100106824,negative,146,ok
sorghum,26.0,soil_nitrogen,0.17843341644675417,negative,146,ok
sorghum,26.0,soil_carbon,0.03370791395422224,negative,146,ok
sorghum,26.0,soil_texture_class,0.0,positive,146,ok
sorghum,26.0,rainfall_mm,0.013797130710819028,negative,146,ok
sorghum,27.0,improved_seed,0.0006651202055326703,positive,8,suppressed
sorghum,27.0,organic_fert,0.0,positive,8,suppressed
sorghum,27.0,inorganic_fert,0.046424527742765134,negative,8,suppressed
sorghum,27.0,pesticide,0.04091263755123434,positive,8,suppressed
sorghum,27.0,anti_erosion,0.0019304178276118237,positive,8,suppressed
sorghum,27.0,land_consolidation,0.0005319373541099387,negative,8,suppressed
sorghum,27.0,mechanized,0.0017481942705559915,positive,8,suppressed
sorghum,27.0,irrigated,0.0,positive,8,suppressed
sorghum,27.0,erosion_degree,0.004515519467488996,positive,8,suppressed
sorghum,27.0,plot_area_ha,0.03545454949629997,positive,8,suppressed
sorghum,27.0,sowing_month,0.0,positive,8,suppressed
sorghum,27.0,soil_ph,0.26872769607094715,negative,8,suppressed
sorghum,27.0,soil_nitrogen,0.03455645424916383,positive,8,suppressed
sorghum,27.0,soil_carbon,0.010181021548550226,positive,8,suppressed
sorghum,27.0,soil_texture_class,0.0,positive,8,suppressed
sorghum,27.0,rainfall_mm,0.01187071036787034,negative,8,suppressed
sorghum,28.0,improved_seed,0.0008011205687942964,positive,137,ok
sorghum,28.0,organic_fert,0.0,positive,137,ok
sorghum,28.0,inorganic_fert,0.03678727030154982,negative,137,ok
sorghum,28.0,pesticide,0.04853366165734299,negative,137,ok
sorghum,28.0,anti_erosion,0.004257387704096489,negative,137,ok
sorghum,28.0,land_consolidation,0.0004488175764461426,negative,137,ok
sorghum,28.0,mechanized,0.0034646470077429672,positive,137,ok
sorghum,28.0,irrigated,0.0,positive,137,ok
sorghum,28.0,erosion_degree,0.0027229953243947235,positive,137,ok
sorghum,28.0,plot_area_ha,0.028507491346249615,positive,137,ok
sorghum,28.0,sowing_month,0.0,positive,137,ok
sorghum,28.0,soil_ph,0.029603702561177628,negative,137,ok
sorghum,28.0,soil_nitrogen,0.03142636034356601,negative,137,ok
sorghum,28.0,soil_carbon,0.034857974629942466,negative,137,ok
sorghum,28.0,soil_texture_class,0.0,positive,137,ok
sorghum,28.0,rainfall_mm,0.02575148450614451,positive,137,ok
sorghum,31.0,improved_seed,0.0005813697397750868,positive,77,ok
sorghum,31.0,organic_fert,0.0,positive,77,ok
sorghum,31.0,inorganic_fert,0.038715116149474614,negative,77,ok
sorghum,31.0,pesticide,0.04663934786038955,positive,77,ok
sorghum,31.0,anti_erosion,0.0027228102170151402,positive,77,ok
sorghum,31.0,land_consolidation,0.0004817838846511401,negative,77,ok
sorghum,31.0,mechanized,0.0017888051040286827,positive,77,ok
sorghum,31.0,irrigated,0.0,positive,77,ok
sorghum,31.0,erosion_degree,0.005942828373180286,negative,77,ok
sorghum,31.0,plot_area_ha,0.03764304102507602,positive,77,ok
sorghum,31.0,sowing_month,0.0,positive,77,ok
sorghum,31.0,soil_ph,0.27620156926914113,negative,77,ok
sorghum,31.0,soil_nitrogen,0.03583434401462672,positive,77,ok
sorghum,31.0,soil_carbon,0.010114453804292333,positive,77,ok
sorghum,31.0,soil_texture_class,0.0,positive,77,ok
sorghum,31.0,rainfall_mm,0.01278288351525476,negative,77,ok
sorghum,32.0,improved_seed,0.0007112935263359717,positive,5,suppressed
sorghum,32.0,organic_fert,0.0,positive,5,suppressed
sorghum,32.0,inorganic_fert,0.04362157155802134,positive,5,suppressed
sorghum,32.0,pesticide,0.03361598292914706,negative,5,suppressed
sorghum,32.0,anti_erosion,0.003689825572716782,positive,5,suppressed
sorghum,32.0,land_consolidation,0.0005517415446141822,negative,5,suppressed
sorghum,32.0,mechanized,0.0011138761520582767,positive,5,suppressed
sorghum,32.0,irrigated,0.0,positive,5,suppressed
sorghum,32.0,erosion_degree,0.004339308677366221,negative,5,suppressed
sorghum,32.0,plot_area_ha,0.03957176130166053,positive,5,suppressed
sorghum,32.0,sowing_month,0.0,positive,5,suppressed
sorghum,32.0,soil_ph,0.3227399572822673,negative,5,suppressed
sorghum,32.0,soil_nitrogen,0.07372752241361599,positive,5,suppressed
sorghum,32.0,soil_carbon,0.010788349418658525,positive,5,suppressed
sorghum,32.0,soil_texture_class,0.0,positive,5,suppressed
sorghum,32.0,rainfall_mm,0.011993609191815491,negative,5,suppressed
sorghum,33.0,improved_seed,0.002182940014770513,negative,33,ok
sorghum,33.0,organic_fert,0.0,positive,33,ok
sorghum,33.0,inorganic_fert,0.030689883727259303,negative,33,ok
sorghum,33.0,pesticide,0.03205101887683725,negative,33,ok
sorghum,33.0,anti_erosion,0.0033235933717238263,positive,33,ok
sorghum,33.0,land_consolidation,0.00047492529053711624,negative,33,ok
sorghum,33.0,mechanized,0.006891788547172214,negative,33,ok
sorghum,33.0,irrigated,0.0,positive,33,ok
sorghum,33.0,erosion_degree,0.005023148349243262,positive,33,ok
sorghum,33.0,plot_area_ha,0.022307274206650962,positive,33,ok
sorghum,33.0,sowing_month,0.0,positive,33,ok
sorghum,33.0,soil_ph,0.08786349893702487,positive,33,ok
sorghum,33.0,soil_nitrogen,0.12896936972674589,positive,33,ok
sorghum,33.0,soil_carbon,0.010888272400719556,positive,33,ok
sorghum,33.0,soil_texture_class,0.0,positive,33,ok
sorghum,33.0,rainfall_mm,0.020969957730984628,negative,33,ok
sorghum,34.0,improved_seed,0.0028768518571166877,negative,48,ok
sorghum,34.0,organic_fert,0.0,positive,48,ok
sorghum,34.0,inorganic_fert,0.0404837311907548,negative,48,ok
sorghum,34.0,pesticide,0.03294355694138496,negative,48,ok
sorghum,34.0,anti_erosion,0.002113036064797825,negative,48,ok
sorghum,34.0,land_consolidation,0.00030088846489376354,positive,48,ok
sorghum,34.0,mechanized,0.005210610082566215,negative,48,ok
sorghum,34.0,irrigated,0.0,positive,48,ok
sorghum,34.0,erosion_degree,0.015843577778829034,negative,48,ok
sorghum,34.0,plot_area_ha,0.027906172083286513,positive,48,ok
sorghum,34.0,sowing_month,0.0,positive,48,ok
sorghum,34.0,soil_ph,0.0026615099894933456,positive,48,ok
sorghum,34.0,soil_nitrogen,0.14792999636803641,positive,48,ok
sorghum,34.0,soil_carbon,0.02612000975989164,positive,48,ok
sorghum,34.0,soil_texture_class,0.0,positive,48,ok
sorghum,34.0,rainfall_mm,0.019479648636646345,negative,48,ok
sorghum,35.0,improved_seed,0.0020347055676035184,negative,22,suppressed
sorghum,35.0,organic_fert,0.0,positive,22,suppressed
sorghum,35.0,inorganic_fert,0.02675373399484077,negative,22,suppressed
sorghum,35.0,pesticide,0.04021519839537378,negative,22,suppressed
sorghum,35.0,anti_erosion,0.0017129319664511574,positive,22,suppressed
sorghum,35.0,land_consolidation,0.0003068897347435345,positive,22,suppressed
sorghum,35.0,mechanized,0.004478944706616052,negative,22,suppressed
sorghum,35.0,irrigated,0.0,positive,22,suppressed
sorghum,35.0,erosion_degree,0.020935781220218854,negative,22,suppressed
sorghum,35.0,plot_area_ha,0.035871213476156544,positive,22,suppressed
sorghum,35.0,sowing_month,0.0,positive,22,suppressed
sorghum,35.0,soil_ph,0.291071942816166,negative,22,suppressed
sorghum,35.0,soil_nitrogen,0.03735948058870608,positive,22,suppressed
sorghum,35.0,soil_carbon,0.00990496342577373,positive,22,suppressed
sorghum,35.0,soil_texture_class,0.0,positive,22,suppressed
sorghum,35.0,rainfall_mm,0.029205782713391946,negative,22,suppressed
sorghum,36.0,improved_seed,0.0009045138732908575,positive,3,suppressed
sorghum,36.0,organic_fert,0.0,positive,3,suppressed
sorghum,36.0,inorganic_fert,0.07626450446088055,positive,3,suppressed
sorghum,36.0,pesticide,0.04026962135184357,positive,3,suppressed
sorghum,36.0,anti_erosion,0.0014595636222559409,positive,3,suppressed
sorghum,36.0,land_consolidation,0.00023487449654628503,positive,3,suppressed
sorghum,36.0,mechanized,0.001049116614583355,positive,3,suppressed
sorghum,36.0,irrigated,0.0,positive,3,suppressed
sorghum,36.0,erosion_degree,0.016682664574003137,negative,3,suppressed
sorghum,36.0,plot_area_ha,0.03439041669741813,negative,3,suppressed
sorghum,36.0,sowing_month,0.0,positive,3,suppressed
sorghum,36.0,soil_ph,0.30165727034195844,negative,3,suppressed
sorghum,36.0,soil_nitrogen,0.0719199495871134,positive,3,suppressed
sorghum,36.0,soil_carbon,0.009905602143146007,positive,3,suppressed
sorghum,36.0,soil_texture_class,0.0,positive,3,suppressed
sorghum,36.0,rainfall_mm,0.00800990230124538,negative,3,suppressed
sorghum,41.0,improved_seed,0.0006529958288059644,positive,275,ok
sorghum,41.0,organic_fert,0.0,positive,275,ok
sorghum,41.0,inorganic_fert,0.05263647675513492,positive,275,ok
sorghum,41.0,pesticide,0.04187315845757353,negative,275,ok
sorghum,41.0,anti_erosion,0.002896743491490834,positive,275,ok
sorghum,41.0,land_consolidation,0.0005171742302795026,negative,275,ok
sorghum,41.0,mechanized,0.0012174561035604655,positive,275,ok
sorghum,41.0,irrigated,0.0,positive,275,ok
sorghum,41.0,erosion_degree,0.0050969331431750566,negative,275,ok
sorghum,41.0,plot_area_ha,0.03931667547785788,positive,275,ok
sorghum,41.0,sowing_month,0.0,positive,275,ok
sorghum,41.0,soil_ph,0.27036685982463476,negative,275,ok
sorghum,41.0,soil_nitrogen,0.03456517637268657,positive,275,ok
sorghum,41.0,soil_carbon,0.010293696918492282,positive,275,ok
sorghum,41.0,soil_texture_class,0.0,positive,275,ok
sorghum,41.0,rainfall_mm,0.013672924686546538,negative,275,ok
sorghum,42.0,improved_seed,0.0007639892318113705,positive,20,suppressed
sorghum,42.0,organic_fert,0.0,positive,20,suppressed
sorghum,42.0,inorganic_fert,0.04458782847257306,positive,20,suppressed
sorghum,42.0,pesticide,0.04375042001344734,positive,20,suppressed
sorghum,42.0,anti_erosion,0.0026085928814890942,positive,20,suppressed
sorghum,42.0,land_consolidation,0.0004725247825972079,negative,20,suppressed
sorghum,42.0,mechanized,0.0017595675230279643,positive,20,suppressed
sorghum,42.0,irrigated,0.0,positive,20,suppressed
sorghum,42.0,erosion_degree,0.008513268413612352,negative,20,suppressed
sorghum,42.0,plot_area_ha,0.03553965459511553,positive,20,suppressed
sorghum,42.0,sowing_month,0.0,positive,20,suppressed
sorghum,42.0,soil_ph,0.27847494235100756,negative,20,suppressed
sorghum,42.0,soil_nitrogen,0.03561969239382632,positive,20,suppressed
sorghum,42.0,soil_carbon,0.00926010888188889,positive,20,suppressed
sorghum,42.0,soil_texture_class,0.0,positive,20,suppressed
sorghum,42.0,rainfall_mm,0.015016153295165313,negative,20,suppressed
sorghum,43.0,improved_seed,0.0019262113367478156,positive,298,ok
sorghum,43.0,organic_fert,0.0,positive,298,ok
sorghum,43.0,inorganic_fert,0.05662195539722258,positive,298,ok
sorghum,43.0,pesticide,0.03716648451583081,positive,298,ok
sorghum,43.0,anti_erosion,0.0028621107968746463,negative,298,ok
sorghum,43.0,land_consolidation,0.00046348662854158,negative,298,ok
sorghum,43.0,mechanized,0.004105471183773668,negative,298,ok
sorghum,43.0,irrigated,0.0,positive,298,ok
sorghum,43.0,erosion_degree,0.0060195279517104485,positive,298,ok
sorghum,43.0,plot_area_ha,0.025958041508678927,positive,298,ok
sorghum,43.0,sowing_month,0.0,positive,298,ok
sorghum,43.0,soil_ph,0.004594654813620591,positive,298,ok
sorghum,43.0,soil_nitrogen,0.1420214894000919,positive,298,ok
sorghum,43.0,soil_carbon,0.026030415756350643,positive,298,ok
sorghum,43.0,soil_texture_class,0.0,positive,298,ok
sorghum,43.0,rainfall_mm,0.014106139940401805,negative,298,ok
sorghum,44.0,improved_seed,0.0013020828967639172,positive,615,ok
sorghum,44.0,organic_fert,0.0,positive,615,ok
sorghum,44.0,inorganic_fert,0.04508156592221586,negative,615,ok
sorghum,44.0,pesticide,0.03723591164768408,negative,615,ok
sorghum,44.0,anti_erosion,0.0032491557240200927,positive,615,ok
sorghum,44.0,land_consolidation,0.00045384765984523835,negative,615,ok
sorghum,44.0,mechanized,0.002816882204884068,positive,615,ok
sorghum,44.0,irrigated,0.0,positive,615,ok
sorghum,44.0,erosion_degree,0.004775242354848028,positive,615,ok
sorghum,44.0,plot_area_ha,0.02706266105004769,positive,615,ok
sorghum,44.0,sowing_month,0.0,positive,615,ok
sorghum,44.0,soil_ph,0.004866322057275777,positive,615,ok
sorghum,44.0,soil_nitrogen,0.14188234634419256,positive,615,ok
sorghum,44.0,soil_carbon,0.026072334165722515,positive,615,ok
sorghum,44.0,soil_texture_class,0.0,positive,615,ok
sorghum,44.0,rainfall_mm,0.014305522003073164,negative,615,ok
sorghum,45.0,improved_seed,0.0007201370480631883,positive,663,ok
sorghum,45.0,organic_fert,0.0,positive,663,ok
sorghum,45.0,inorganic_fert,0.043050790526089504,negative,663,ok
sorghum,45.0,pesticide,0.03601474411182158,negative,663,ok
sorghum,45.0,anti_erosion,0.0029951536030100472,positive,663,ok
sorghum,45.0,land_consolidation,0.0004917614321971067,negative,663,ok
sorghum,45.0,mechanized,0.0016788217188340056,positive,663,ok
sorghum,45.0,irrigated,0.0,positive,663,ok
sorghum,45.0,erosion_degree,0.005631116117666434,negative,663,ok
sorghum,45.0,plot_area_ha,0.025671501554093812,positive,663,ok
sorghum,45.0,sowing_month,0.0,positive,663,ok
sorghum,45.0,soil_ph,0.004873187037049155,positive,663,ok
sorghum,45.0,soil_nitrogen,0.14040807207587117,positive,663,ok
sorghum,45.0,soil_carbon,0.02655454557609686,positive,663,ok
sorghum,45.0,soil_texture_class,0.0,positive,663,ok
sorghum,45.0,rainfall_mm,0.01738292242595897,positive,663,ok
sorghum,51.0,improved_seed,0.0007294019235889322,positive,483,ok
sorghum,51.0,organic_fert,0.0,positive,483,ok
sorghum,51.0,inorganic_fert,0.04794379465052796,positive,483,ok
sorghum,51.0,pesticide,0.048897322940369255,positive,483,ok
sorghum,51.0,anti_erosion,0.0037887473553142883,positive,483,ok
sorghum,51.0,land_consolidation,0.0005120511586760708,negative,483,ok
sorghum,51.0,mechanized,0.0031012571711635387,positive,483,ok
sorghum,51.0,irrigated,0.0,positive,483,ok
sorghum,51.0,erosion_degree,0.0030240149216750768,positive,483,ok
sorghum,51.0,plot_area_ha,0.02365995823736537,negative,483,ok
sorghum,51.0,sowing_month,0.0,positive,483,ok
sorghum,51.0,soil_ph,0.004590782887720241,negative,483,ok
sorghum,51.0,soil_nitrogen,0.02875165856021036,negative,483,ok
sorghum,51.0,soil_carbon,0.027186987543308273,positive,483,ok
sorghum,51.0,soil_texture_class,0.0,positive,483,ok
sorghum,51.0,rainfall_mm,0.014401669771049131,positive,483,ok
sorghum,52.0,improved_seed,0.003002447862311257,negative,591,ok
sorghum,52.0,organic_fert,0.0,positive,591,ok
sorghum,52.0,inorganic_fert,0.03639415849392653,positive,591,ok
sorghum,52.0,pesticide,0.06689195636775458,negative,591,ok
sorghum,52.0,anti_erosion,0.003944138753364707,negative,591,ok
sorghum,52.0,land_consolidation,0.005212059154559878,positive,591,ok
sorghum,52.0,mechanized,0.012375906327256485,negative,591,ok
sorghum,52.0,irrigated,0.0,positive,591,ok
sorghum,52.0,erosion_degree,0.004264231019424952,positive,591,ok
sorghum,52.0,plot_area_ha,0.01500761879885674,negative,591,ok
sorghum,52.0,sowing_month,0.0,positive,591,ok
sorghum,52.0,soil_ph,0.2683115301309921,positive,591,ok
sorghum,52.0,soil_nitrogen,0.020559396435634047,negative,591,ok
sorghum,52.0,soil_carbon,0.013658637280786316,negative,591,ok
sorghum,52.0,soil_texture_class,0.0,positive,591,ok
sorghum,52.0,rainfall_mm,0.016228664686855333,positive,591,ok
sorghum,53.0,improved_seed,0.0028987316745139186,negative,590,ok
sorghum,53.0,organic_fert,0.0,positive,590,ok
sorghum,53.0,inorganic_fert,0.04562737453559134,positive,590,ok
sorghum,53.0,pesticide,0.04010440401133811,positive,590,ok
sorghum,53.0,anti_erosion,0.003914172563679803,positive,590,ok
sorghum,53.0,land_consolidation,0.0004778954105305621,negative,590,ok
sorghum,53.0,mechanized,0.011560324139007965,negative,590,ok
sorghum,53.0,irrigated,0.0,positive,590,ok
sorghum,53.0,erosion_degree,0.0036667687321794732,positive,590,ok
sorghum,53.0,plot_area_ha,0.02090475291695944,negative,590,ok
sorghum,53.0,sowing_month,0.0,positive,590,ok
sorghum,53.0,soil_ph,0.08257481528839464,positive,590,ok
sorghum,53.0,soil_nitrogen,0.025709734961277902,negative,590,ok
sorghum,53.0,soil_carbon,0.013388699871066594,negative,590,ok
sorghum,53.0,soil_texture_class,0.0,positive,590,ok
sorghum,53.0,rainfall_mm,0.018440776420366015,positive,590,ok
sorghum,54.0,improved_seed,0.002027084873273017,positive,571,ok
sorghum,54.0,organic_fert,0.0,positive,571,ok
sorghum,54.0,inorganic_fert,0.047567874089903636,positive,571,ok
sorghum,54.0,pesticide,0.04122117605719937,positive,571,ok
sorghum,54.0,anti_erosion,0.004670218661459225,negative,571,ok
sorghum,54.0,land_consolidation,0.000498467925324308,negative,571,ok
sorghum,54.0,mechanized,0.006742497360868956,negative,571,ok
sorghum,54.0,irrigated,0.0,positive,571,ok
sorghum,54.0,erosion_degree,0.00400140572823424,negative,571,ok
sorghum,54.0,plot_area_ha,0.020800774606406804,negative,571,ok
sorghum,54.0,sowing_month,0.0,positive,571,ok
sorghum,54.0,soil_ph,0.09036472194652492,positive,571,ok
sorghum,54.0,soil_nitrogen,0.025268102911000734,negative,571,ok
sorghum,54.0,soil_carbon,0.013381649149077105,negative,571,ok
sorghum,54.0,soil_texture_class,0.0,positive,571,ok
sorghum,54.0,rainfall_mm,0.01582167253156425,positive,571,ok
sorghum,55.0,improved_seed,0.0013081002936229066,positive,714,ok
sorghum,55.0,organic_fert,0.0,positive,714,ok
sorghum,55.0,inorganic_fert,0.049107197171061615,positive,714,ok
sorghum,55.0,pesticide,0.050397551413557666,negative,714,ok
sorghum,55.0,anti_erosion,0.004460654453382329,negative,714,ok
sorghum,55.0,land_consolidation,0.0004745218438245265,negative,714,ok
sorghum,55.0,mechanized,0.004791102045382734,positive,714,ok
sorghum,55.0,irrigated,0.0,positive,714,ok
sorghum,55.0,erosion_degree,0.00396242104017083,positive,714,ok
sorghum,55.0,plot_area_ha,0.026039569449830442,negative,714,ok
sorghum,55.0,sowing_month,0.0,positive,714,ok
sorghum,55.0,soil_ph,0.021078038121398242,negative,714,ok
sorghum,55.0,soil_nitrogen,0.029651369256999353,negative,714,ok
sorghum,55.0,soil_carbon,0.03567212592420352,negative,714,ok
sorghum,55.0,soil_texture_class,0.0,positive,714,ok
sorghum,55.0,rainfall_mm,0.016611631485711778,negative,714,ok
sorghum,56.0,improved_seed,0.0009869039012279617,positive,450,ok
sorghum,56.0,organic_fert,0.0,positive,450,ok
sorghum,56.0,inorganic_fert,0.04614666806364848,negative,450,ok
sorghum,56.0,pesticide,0.04940321284491588,positive,450,ok
sorghum,56.0,anti_erosion,0.00430647222524824,negative,450,ok
sorghum,56.0,land_consolidation,0.0004989303699361993,negative,450,ok
sorghum,56.0,mechanized,0.0035257509501755084,positive,450,ok
sorghum,56.0,irrigated,0.0,positive,450,ok
sorghum,56.0,erosion_degree,0.0036544977380935082,positive,450,ok
sorghum,56.0,plot_area_ha,0.0255373174342,negative,450,ok
sorghum,56.0,sowing_month,0.0,positive,450,ok
sorghum,56.0,soil_ph,0.031052823308144517,negative,450,ok
sorghum,56.0,soil_nitrogen,0.030440247096585226,negative,450,ok
sorghum,56.0,soil_carbon,0.03548970653437089,negative,450,ok
sorghum,56.0,soil_texture_class,0.0,positive,450,ok
sorghum,56.0,rainfall_mm,0.013767575718791909,negative,450,ok
sorghum,57.0,improved_seed,0.002518561645197352,negative,382,ok
sorghum,57.0,organic_fert,0.0,positive,382,ok
sorghum,57.0,inorganic_fert,0.07283357550752033,negative,382,ok
sorghum,57.0,pesticide,0.048160000920551504,positive,382,ok
sorghum,57.0,anti_erosion,0.00498157265140296,negative,382,ok
sorghum,57.0,land_consolidation,0.0004090684234946055,negative,382,ok
sorghum,57.0,mechanized,0.00934440754746781,negative,382,ok
sorghum,57.0,irrigated,0.0,positive,382,ok
sorghum,57.0,erosion_degree,0.0015880474705891566,positive,382,ok
sorghum,57.0,plot_area_ha,0.030607807567396894,negative,382,ok
sorghum,57.0,sowing_month,0.0,positive,382,ok
sorghum,57.0,soil_ph,0.033405058363991075,negative,382,ok
sorghum,57.0,soil_nitrogen,0.2953580291964173,negative,382,ok
sorghum,57.0,soil_carbon,0.035270906357060976,negative,382,ok
sorghum,57.0,soil_texture_class,0.0,positive,382,ok
sorghum,57.0,rainfall_mm,0.021757623192837763,positive,382,ok
