district_code,crop,season,year,lead_months,model,predicted_yield_kg_ha,ci_low,ci_high,actual_yield_kg_ha,is_backtest,reliability
31.0,maize,A,2019,2,baseline_district_mean,1364.6098051880338,464.4122201986146,2264.807390177453,788.1633909850171,True,ok
32.0,maize,A,2019,2,baseline_district_mean,985.8258003238377,85.62821533441854,1886.0233853132568,733.6168855425368,True,use_with_caution
33.0,maize,A,2019,2,baseline_district_mean,1452.2713759204173,552.0737909309981,2352.4689609098364,2212.3411874211693,True,ok
35.0,maize,A,2019,2,baseline_district_mean,514.6641779936679,-385.5334069957513,1414.861762983087,552.6696706925417,True,ok
37.0,maize,A,2019,2,baseline_district_mean,1744.0846953316081,843.887110342189,2644.2822803210274,1022.7829578099321,True,use_with_caution
41.0,maize,A,2019,2,baseline_district_mean,1076.8232709047873,176.62568591536808,1977.0208558942063,1232.4144309407845,True,ok
42.0,maize,A,2019,2,baseline_district_mean,1642.9022441746645,742.7046591852453,2543.0998291640835,909.3315796922388,True,use_with_caution
43.0,maize,A,2019,2,baseline_district_mean,1940.581454239122,1040.383869249703,2840.779039228541,1453.8246885236751,True,ok
44.0,maize,A,2019,2,baseline_district_mean,1680.3612245154873,780.1636395260681,2580.5588095049065,846.8796102696047,True,ok
52.0,maize,A,2019,2,baseline_district_mean,2650.1782750599973,1749.980690070578,3550.3758600494166,2167.677822130253,True,ok
53.0,maize,A,2019,2,baseline_district_mean,2123.841722189471,1223.6441372000518,3024.0393071788903,2097.337381458116,True,ok
55.0,maize,A,2019,2,baseline_district_mean,1876.7994388711468,976.6018538817276,2776.997023860566,685.3859973365916,True,use_with_caution
56.0,maize,A,2019,2,baseline_district_mean,2096.712642634761,1196.5150576453416,2996.91022762418,905.2572167019887,True,ok
23.0,maize,A,2020,2,baseline_district_mean,1479.7900657070168,579.5924807175976,2379.987650696436,1368.161249900747,True,ok
31.0,maize,A,2020,2,baseline_district_mean,1249.5437715865078,349.3461865970886,2149.741356575927,1363.4935589926474,True,ok
32.0,maize,A,2020,2,baseline_district_mean,936.8427680952918,36.64518310587266,1837.0403530847111,978.5320466852669,True,ok
34.0,maize,B,2020,2,baseline_district_mean,978.9120935382314,78.7145085488122,1879.1096785276504,1101.4621537925477,True,ok
35.0,maize,A,2020,2,baseline_district_mean,599.8338309036299,-300.3637540857893,1500.0314158930491,382.3303648726177,True,use_with_caution
35.0,maize,B,2020,2,baseline_district_mean,786.6495857040906,-113.54799928532861,1686.8471706935097,452.24298558438744,True,ok
41.0,maize,A,2020,2,baseline_district_mean,1145.145881202683,244.94829621326392,2045.3434661921024,1027.446600047097,True,ok
42.0,maize,A,2020,2,baseline_district_mean,1551.8396621258205,651.6420771364013,2452.0372471152396,1455.7070719853032,True,ok
43.0,maize,A,2020,2,baseline_district_mean,1860.9075249069672,960.709939917548,2761.1051098963862,1931.8682645166048,True,ok
44.0,maize,A,2020,2,baseline_district_mean,1525.3655975950921,625.168012605673,2425.563182584511,1776.8533717919743,True,ok
45.0,maize,A,2020,2,baseline_district_mean,1368.9114471440444,468.7138621546252,2269.1090321334636,1000.2372581132406,True,ok
51.0,maize,A,2020,2,baseline_district_mean,1469.485072628001,569.2874876385819,2369.6826576174203,1984.5264389537363,True,ok
52.0,maize,A,2020,2,baseline_district_mean,2544.619334260931,1644.4217492715115,3444.81691925035,2801.0314669246513,True,ok
52.0,maize,B,2020,2,baseline_district_mean,1346.2177281163417,446.02014312692256,2246.415313105761,1278.232234703859,True,ok
53.0,maize,A,2020,2,baseline_district_mean,2118.2542613472947,1218.0566763578754,3018.451846336714,2130.862146511176,True,ok
53.0,maize,B,2020,2,baseline_district_mean,1429.6290512168193,529.4314662274002,2329.8266362062386,1436.5541784961233,True,use_with_caution
55.0,maize,A,2020,2,baseline_district_mean,1718.780411016963,818.5828260275438,2618.977996006382,1633.5001644616946,True,ok
56.0,maize,A,2020,2,baseline_district_mean,1912.6354933099299,1012.4379083205107,2812.833078299349,2009.7201126509742,True,ok
57.0,maize,A,2020,2,baseline_district_mean,803.8535567920363,-96.34402819738284,1704.0511417814555,886.3083015007892,True,use_with_caution
23.0,maize,A,2021,2,baseline_district_mean,1481.8913165947947,581.6937316053755,2382.088901584214,1363.9587481251908,True,ok
25.0,maize,A,2021,2,baseline_district_mean,1178.6285968902855,278.43101190086634,2078.8261818797046,657.412971055317,True,ok
31.0,maize,A,2021,2,baseline_district_mean,1318.7162406619314,418.5186556725122,2218.9138256513506,1017.6312136155285,True,ok
32.0,maize,A,2021,2,baseline_district_mean,929.5740580333988,29.376473043979672,1829.771643022818,1014.8755969947318,True,ok
33.0,maize,A,2021,2,baseline_district_mean,1609.1242248183196,708.9266398289004,2509.3218098077386,1741.7826407274624,True,ok
33.0,maize,B,2021,2,baseline_district_mean,1258.5080824070621,358.310497417643,2158.705667396481,1728.660179854952,True,ok
34.0,maize,B,2021,2,baseline_district_mean,1029.258050701183,129.06046571176387,1929.4556356906023,900.0783251407416,True,ok
35.0,maize,A,2021,2,baseline_district_mean,467.5000177825797,-432.6975672068395,1367.6976027719988,646.9979911147182,True,use_with_caution
35.0,maize,B,2021,2,baseline_district_mean,822.7211024786792,-77.47648251073997,1722.9186874680984,344.028435260622,True,ok
41.0,maize,A,2021,2,baseline_district_mean,1041.7852555926684,141.5876706032492,1941.9828405820876,1337.5284768771414,True,ok
42.0,maize,A,2021,2,baseline_district_mean,1521.6246109533583,621.4270259639392,2421.8221959427774,1636.9973790200759,True,ok
43.0,maize,A,2021,2,baseline_district_mean,1907.8403663625852,1007.642781373166,2808.0379513520043,1650.271215782895,True,ok
44.0,maize,A,2021,2,baseline_district_mean,1590.30111634056,690.1035313511408,2490.498701329979,1387.240259319168,True,ok
45.0,maize,A,2021,2,baseline_district_mean,1362.9407515840383,462.7431665946191,2263.1383365734573,1024.1200403532655,True,use_with_caution
51.0,maize,A,2021,2,baseline_district_mean,1568.753867199145,668.5562822097257,2468.951452188564,1587.4512606691612,True,ok
52.0,maize,A,2021,2,baseline_district_mean,2699.09743408364,1798.8998490942208,3599.2950190730594,1874.1628679883943,True,ok
52.0,maize,B,2021,2,baseline_district_mean,1305.8468211058566,405.64923611643746,2206.044406095276,1480.086769756284,True,ok
53.0,maize,A,2021,2,baseline_district_mean,2170.8414387013327,1270.6438537119134,3071.039023690752,1815.339082386949,True,ok
54.0,maize,A,2021,2,baseline_district_mean,2153.966328278368,1253.7687432889488,3054.1639132677874,1553.203837412062,True,ok
55.0,maize,A,2021,2,baseline_district_mean,1733.482890681381,833.2853056919618,2633.6804756708,1545.2852864751865,True,ok
56.0,maize,A,2021,2,baseline_district_mean,1902.1456521243997,1001.9480671349805,2802.3432371138188,2072.6591597641554,True,ok
57.0,maize,A,2021,2,baseline_district_mean,686.548660110883,-213.64892487853615,1586.746245100302,1120.9180948630958,True,ok
31.0,maize,A,2022,2,baseline_district_mean,1209.2210151393388,309.0234301499196,2109.418600128758,1565.107341228493,True,ok
32.0,maize,A,2022,2,baseline_district_mean,938.5502792299346,38.35269424051546,1838.7478642193537,969.9944910120529,True,ok
35.0,maize,B,2022,2,baseline_district_mean,662.8160861509596,-237.3814988384596,1563.0136711403788,823.7434842437808,True,ok
42.0,maize,A,2022,2,baseline_district_mean,1509.9656670443521,609.768082054933,2410.163252033771,1706.9510424741118,True,ok
43.0,maize,A,2022,2,baseline_district_mean,1799.9589993823636,899.7614143929444,2700.1565843717826,2297.5594176642253,True,ok
44.0,maize,A,2022,2,baseline_district_mean,1584.8911116224972,684.693526633078,2485.0886966119165,1419.7002876275444,True,ok
45.0,maize,A,2022,2,baseline_district_mean,1227.8031470816004,327.60556209218123,2128.0007320710197,1564.6704583630165,True,ok
52.0,maize,A,2022,2,baseline_district_mean,2634.8489998934087,1734.6514149039895,3535.046584882828,2259.6534731297825,True,ok
52.0,maize,B,2022,2,baseline_district_mean,1313.3027850427577,413.10520005333854,2213.5003700321768,1442.806950071779,True,ok
53.0,maize,A,2022,2,baseline_district_mean,2183.118896287223,1282.9213112978036,3083.316481276642,1741.6743368716063,True,ok
55.0,maize,A,2022,2,baseline_district_mean,1798.768654056347,898.5710690669279,2698.966239045766,1153.570706225391,True,ok
56.0,maize,A,2022,2,baseline_district_mean,1901.7240653793008,1001.5264803898816,2801.92165036872,2075.1886802347467,True,ok
23.0,maize,A,2023,2,baseline_district_mean,1366.059999012969,465.86241402354983,2266.2575840023883,1595.6213832888425,True,use_with_caution
25.0,maize,A,2023,2,baseline_district_mean,1055.825858397628,155.62827340820888,1956.0234433870473,903.018448040632,True,ok
31.0,maize,A,2023,2,baseline_district_mean,1343.1362454708624,442.9386604814432,2243.3338304602817,895.5311895708741,True,ok
32.0,maize,A,2023,2,baseline_district_mean,967.5103869694879,67.31280198006868,1867.707971958907,825.1939523142868,True,ok
33.0,maize,A,2023,2,baseline_district_mean,1859.4610120672853,959.2634270778661,2759.6585970567044,990.772278980565,True,use_with_caution
34.0,maize,B,2023,2,baseline_district_mean,1009.7984159424004,109.60083095298125,1909.9960009318197,977.9168641758714,True,ok
37.0,maize,A,2023,2,baseline_district_mean,1400.3056217470894,500.1080367576702,2300.5032067365087,1710.3411049789695,True,use_with_caution
41.0,maize,A,2023,2,baseline_district_mean,1199.1298359550076,298.9322509655884,2099.3274209444266,865.4947357901235,True,use_with_caution
42.0,maize,A,2023,2,baseline_district_mean,1553.1855763113772,652.987991321958,2453.3831613007965,1447.6315868719628,True,ok
43.0,maize,A,2023,2,baseline_district_mean,1909.4232187096452,1009.225633720226,2809.6208036990643,1640.7741017005355,True,ok
44.0,maize,A,2023,2,baseline_district_mean,1601.0209541642441,700.823369174825,2501.218539153663,1322.9212323770632,True,ok
45.0,maize,A,2023,2,baseline_district_mean,1343.4446316558178,443.24704666639866,2243.642216645237,1102.1045200661476,True,ok
51.0,maize,A,2023,2,baseline_district_mean,1662.0459182659556,761.8483332765364,2562.243503255375,1214.2830564019182,True,ok
52.0,maize,A,2023,2,baseline_district_mean,2563.416040208714,1663.2184552192948,3463.6136251981334,2688.2512312379504,True,ok
52.0,maize,B,2023,2,baseline_district_mean,1469.3640436751652,569.1664586857461,2369.5616286645845,662.5006569097405,True,ok
53.0,maize,A,2023,2,baseline_district_mean,2117.283387802736,1217.0858028133166,3017.480972792155,2136.6873877785283,True,ok
53.0,maize,B,2023,2,baseline_district_mean,1532.9508840968756,632.7532991074564,2433.148469086295,1229.9105127360108,True,use_with_caution
55.0,maize,A,2023,2,baseline_district_mean,1717.1213073148394,816.9237223254203,2617.3188923042585,1643.4547866744358,True,ok
56.0,maize,A,2023,2,baseline_district_mean,2028.1093148343846,1127.9117298449655,2928.3068998238036,1316.8771835042448,True,ok
57.0,maize,A,2023,2,baseline_district_mean,1003.6131981819425,103.41561319252332,1903.8107831713617,486.78901872097686,True,use_with_caution
25.0,maize,A,2024,2,baseline_district_mean,780.2157095479745,-119.98187544144469,1680.4132945373935,1454.2387457399388,True,ok
31.0,maize,A,2024,2,baseline_district_mean,1125.9853388785118,225.78775388909264,2026.182923867931,1981.2857225326259,True,ok
33.0,maize,A,2024,2,baseline_district_mean,1648.298702376399,748.1011173869798,2548.4962873658183,1624.2592080532247,True,ok
34.0,maize,B,2024,2,baseline_district_mean,1002.5436168722099,102.34603188279073,1902.7412018616292,1006.9360604566338,True,ok
42.0,maize,A,2024,2,baseline_district_mean,1475.8572506503058,575.6596656608866,2376.054835639725,1911.6015408383917,True,ok
43.0,maize,A,2024,2,baseline_district_mean,1812.238793244034,912.0412082546148,2712.436378233453,2223.880654494203,True,ok
44.0,maize,A,2024,2,baseline_district_mean,1486.3908999822806,586.1933149928615,2386.5884849717,2010.701557468843,True,ok
45.0,maize,A,2024,2,baseline_district_mean,1172.7830692239177,272.5854842344985,2072.980654213337,1784.7507697937483,True,ok
51.0,maize,A,2024,2,baseline_district_mean,1650.4324860404092,750.2349010509901,2550.6300710298283,1260.7367853041037,True,ok
52.0,maize,A,2024,2,baseline_district_mean,2484.844254266123,1584.6466692767035,3385.041839255542,3159.6819468934987,True,ok
52.0,maize,B,2024,2,baseline_district_mean,1338.079395859538,437.8818108701188,2238.276980848957,1318.9238959878783,True,ok
53.0,maize,A,2024,2,baseline_district_mean,2052.025136121378,1151.827551131959,2952.2227211107975,2528.2368978666736,True,ok
53.0,maize,B,2024,2,baseline_district_mean,1333.232345616067,433.0347606266479,2233.4299306054863,1629.3475896976277,True,ok
54.0,maize,A,2024,2,baseline_district_mean,2078.7351344869858,1178.5375494975665,2978.932719476405,1703.666224994826,True,ok
55.0,maize,A,2024,2,baseline_district_mean,1554.9338840512755,654.7362990618564,2455.131469040695,2616.57932625582,True,ok
56.0,maize,A,2024,2,baseline_district_mean,1881.6319260481623,981.4343410587431,2781.8295110375816,2195.7415162215784,True,ok
32.0,maize,A,2025,2,baseline_district_mean,904.442594509775,4.245009520355779,1804.6401794991941,1140.5329146128508,True,ok
33.0,maize,B,2025,2,baseline_district_mean,1728.660179854952,828.4625948655329,2628.857764844371,1258.5080824070621,True,ok
34.0,maize,B,2025,2,baseline_district_mean,996.5983508914486,96.40076590202943,1896.7959358808678,1030.7171243796788,True,ok
35.0,maize,B,2025,2,baseline_district_mean,540.0049683629301,-360.1926166264891,1440.2025533523492,1192.1768376078692,True,ok
37.0,maize,A,2025,2,baseline_district_mean,1366.5620313944507,466.3644464050316,2266.75961638387,1777.8282856842468,True,ok
42.0,maize,A,2025,2,baseline_district_mean,1511.3700334803473,611.1724484909281,2411.5676184697663,1698.5248438581411,True,ok
43.0,maize,A,2025,2,baseline_district_mean,1866.3630571136898,966.1654721242707,2766.560642103109,1899.1350712762676,True,ok
44.0,maize,A,2025,2,baseline_district_mean,1460.7160531423663,560.5184681529471,2360.9136381317853,2164.7506385083298,True,ok
51.0,maize,A,2025,2,baseline_district_mean,1511.7493853322298,611.5518003428107,2411.946970321649,1815.4691881368212,True,ok
52.0,maize,A,2025,2,baseline_district_mean,2491.743134717422,1591.5455497280027,3391.9407197068413,3118.288664185706,True,ok
52.0,maize,B,2025,2,baseline_district_mean,1236.510101485908,336.3125164964889,2136.707686475327,1826.7703678560265,True,ok
53.0,maize,A,2025,2,baseline_district_mean,2075.0228721455082,1174.825287156089,2975.2204571349275,2390.2504817218946,True,ok
54.0,maize,A,2025,2,baseline_district_mean,1628.435031203444,728.2374462140248,2528.632616192863,2604.26643156191,True,ok
55.0,maize,A,2025,2,baseline_district_mean,1546.2960445715198,646.0984595821006,2446.493629560939,2668.406363134353,True,ok
56.0,maize,A,2025,2,baseline_district_mean,1762.5739781796146,862.3763931901955,2662.771563169034,2910.089203432864,True,ok
31.0,maize,A,2019,3,baseline_district_mean,1364.6098051880338,464.4122201986146,2264.807390177453,788.1633909850171,True,ok
32.0,maize,A,2019,3,baseline_district_mean,985.8258003238377,85.62821533441854,1886.0233853132568,733.6168855425368,True,use_with_caution
33.0,maize,A,2019,3,baseline_district_mean,1452.2713759204173,552.0737909309981,2352.4689609098364,2212.3411874211693,True,ok
35.0,maize,A,2019,3,baseline_district_mean,514.6641779936679,-385.5334069957513,1414.861762983087,552.6696706925417,True,ok
37.0,maize,A,2019,3,baseline_district_mean,1744.0846953316081,843.887110342189,2644.2822803210274,1022.7829578099321,True,use_with_caution
41.0,maize,A,2019,3,baseline_district_mean,1076.8232709047873,176.62568591536808,1977.0208558942063,1232.4144309407845,True,ok
42.0,maize,A,2019,3,baseline_district_mean,1642.9022441746645,742.7046591852453,2543.0998291640835,909.3315796922388,True,use_with_caution
43.0,maize,A,2019,3,baseline_district_mean,1940.581454239122,1040.383869249703,2840.779039228541,1453.8246885236751,True,ok
44.0,maize,A,2019,3,baseline_district_mean,1680.3612245154873,780.1636395260681,2580.5588095049065,846.8796102696047,True,ok
52.0,maize,A,2019,3,baseline_district_mean,2650.1782750599973,1749.980690070578,3550.3758600494166,2167.677822130253,True,ok
53.0,maize,A,2019,3,baseline_district_mean,2123.841722189471,1223.6441372000518,3024.0393071788903,2097.337381458116,True,ok
55.0,maize,A,2019,3,baseline_district_mean,1876.7994388711468,976.6018538817276,2776.997023860566,685.3859973365916,True,use_with_caution
56.0,maize,A,2019,3,baseline_district_mean,2096.712642634761,1196.5150576453416,2996.91022762418,905.2572167019887,True,ok
23.0,maize,A,2020,3,baseline_district_mean,1479.7900657070168,579.5924807175976,2379.987650696436,1368.161249900747,True,ok
31.0,maize,A,2020,3,baseline_district_mean,1249.5437715865078,349.3461865970886,2149.741356575927,1363.4935589926474,True,ok
32.0,maize,A,2020,3,baseline_district_mean,936.8427680952918,36.64518310587266,1837.0403530847111,978.5320466852669,True,ok
34.0,maize,B,2020,3,baseline_district_mean,978.9120935382314,78.7145085488122,1879.1096785276504,1101.4621537925477,True,ok
35.0,maize,A,2020,3,baseline_district_mean,599.8338309036299,-300.3637540857893,1500.0314158930491,382.3303648726177,True,use_with_caution
35.0,maize,B,2020,3,baseline_district_mean,786.6495857040906,-113.54799928532861,1686.8471706935097,452.24298558438744,True,ok
41.0,maize,A,2020,3,baseline_district_mean,1145.145881202683,244.94829621326392,2045.3434661921024,1027.446600047097,True,ok
42.0,maize,A,2020,3,baseline_district_mean,1551.8396621258205,651.6420771364013,2452.0372471152396,1455.7070719853032,True,ok
43.0,maize,A,2020,3,baseline_district_mean,1860.9075249069672,960.709939917548,2761.1051098963862,1931.8682645166048,True,ok
44.0,maize,A,2020,3,baseline_district_mean,1525.3655975950921,625.168012605673,2425.563182584511,1776.8533717919743,True,ok
45.0,maize,A,2020,3,baseline_district_mean,1368.9114471440444,468.7138621546252,2269.1090321334636,1000.2372581132406,True,ok
51.0,maize,A,2020,3,baseline_district_mean,1469.485072628001,569.2874876385819,2369.6826576174203,1984.5264389537363,True,ok
52.0,maize,A,2020,3,baseline_district_mean,2544.619334260931,1644.4217492715115,3444.81691925035,2801.0314669246513,True,ok
52.0,maize,B,2020,3,baseline_district_mean,1346.2177281163417,446.02014312692256,2246.415313105761,1278.232234703859,True,ok
53.0,maize,A,2020,3,baseline_district_mean,2118.2542613472947,1218.0566763578754,3018.451846336714,2130.862146511176,True,ok
53.0,maize,B,2020,3,baseline_district_mean,1429.6290512168193,529.4314662274002,2329.8266362062386,1436.5541784961233,True,use_with_caution
55.0,maize,A,2020,3,baseline_district_mean,1718.780411016963,818.5828260275438,2618.977996006382,1633.5001644616946,True,ok
56.0,maize,A,2020,3,baseline_district_mean,1912.6354933099299,1012.4379083205107,2812.833078299349,2009.7201126509742,True,ok
57.0,maize,A,2020,3,baseline_district_mean,803.8535567920363,-96.34402819738284,1704.0511417814555,886.3083015007892,True,use_with_caution
23.0,maize,A,2021,3,baseline_district_mean,1481.8913165947947,581.6937316053755,2382.088901584214,1363.9587481251908,True,ok
25.0,maize,A,2021,3,baseline_district_mean,1178.6285968902855,278.43101190086634,2078.8261818797046,657.412971055317,True,ok
31.0,maize,A,2021,3,baseline_district_mean,1318.7162406619314,418.5186556725122,2218.9138256513506,1017.6312136155285,True,ok
32.0,maize,A,2021,3,baseline_district_mean,929.5740580333988,29.376473043979672,1829.771643022818,1014.8755969947318,True,ok
33.0,maize,A,2021,3,baseline_district_mean,1609.1242248183196,708.9266398289004,2509.3218098077386,1741.7826407274624,True,ok
33.0,maize,B,2021,3,baseline_district_mean,1258.5080824070621,358.310497417643,2158.705667396481,1728.660179854952,True,ok
34.0,maize,B,2021,3,baseline_district_mean,1029.258050701183,129.06046571176387,1929.4556356906023,900.0783251407416,True,ok
35.0,maize,A,2021,3,baseline_district_mean,467.5000177825797,-432.6975672068395,1367.6976027719988,646.9979911147182,True,use_with_caution
35.0,maize,B,2021,3,baseline_district_mean,822.7211024786792,-77.47648251073997,1722.9186874680984,344.028435260622,True,ok
41.0,maize,A,2021,3,baseline_district_mean,1041.7852555926684,141.5876706032492,1941.9828405820876,1337.5284768771414,True,ok
42.0,maize,A,2021,3,baseline_district_mean,1521.6246109533583,621.4270259639392,2421.8221959427774,1636.9973790200759,True,ok
43.0,maize,A,2021,3,baseline_district_mean,1907.8403663625852,1007.642781373166,2808.0379513520043,1650.271215782895,True,ok
44.0,maize,A,2021,3,baseline_district_mean,1590.30111634056,690.1035313511408,2490.498701329979,1387.240259319168,True,ok
45.0,maize,A,2021,3,baseline_district_mean,1362.9407515840383,462.7431665946191,2263.1383365734573,1024.1200403532655,True,use_with_caution
51.0,maize,A,2021,3,baseline_district_mean,1568.753867199145,668.5562822097257,2468.951452188564,1587.4512606691612,True,ok
52.0,maize,A,2021,3,baseline_district_mean,2699.09743408364,1798.8998490942208,3599.2950190730594,1874.1628679883943,True,ok
52.0,maize,B,2021,3,baseline_district_mean,1305.8468211058566,405.64923611643746,2206.044406095276,1480.086769756284,True,ok
53.0,maize,A,2021,3,baseline_district_mean,2170.8414387013327,1270.6438537119134,3071.039023690752,1815.339082386949,True,ok
54.0,maize,A,2021,3,baseline_district_mean,2153.966328278368,1253.7687432889488,3054.1639132677874,1553.203837412062,True,ok
55.0,maize,A,2021,3,baseline_district_mean,1733.482890681381,833.2853056919618,2633.6804756708,1545.2852864751865,True,ok
56.0,maize,A,2021,3,baseline_district_mean,1902.1456521243997,1001.9480671349805,2802.3432371138188,2072.6591597641554,True,ok
57.0,maize,A,2021,3,baseline_district_mean,686.548660110883,-213.64892487853615,1586.746245100302,1120.9180948630958,True,ok
31.0,maize,A,2022,3,baseline_district_mean,1209.2210151393388,309.0234301499196,2109.418600128758,1565.107341228493,True,ok
32.0,maize,A,2022,3,baseline_district_mean,938.5502792299346,38.35269424051546,1838.7478642193537,969.9944910120529,True,ok
35.0,maize,B,2022,3,baseline_district_mean,662.8160861509596,-237.3814988384596,1563.0136711403788,823.7434842437808,True,ok
42.0,maize,A,2022,3,baseline_district_mean,1509.9656670443521,609.768082054933,2410.163252033771,1706.9510424741118,True,ok
43.0,maize,A,2022,3,baseline_district_mean,1799.9589993823636,899.7614143929444,2700.1565843717826,2297.5594176642253,True,ok
44.0,maize,A,2022,3,baseline_district_mean,1584.8911116224972,684.693526633078,2485.0886966119165,1419.7002876275444,True,ok
45.0,maize,A,2022,3,baseline_district_mean,1227.8031470816004,327.60556209218123,2128.0007320710197,1564.6704583630165,True,ok
52.0,maize,A,2022,3,baseline_district_mean,2634.8489998934087,1734.6514149039895,3535.046584882828,2259.6534731297825,True,ok
52.0,maize,B,2022,3,baseline_district_mean,1313.3027850427577,413.10520005333854,2213.5003700321768,1442.806950071779,True,ok
53.0,maize,A,2022,3,baseline_district_mean,2183.118896287223,1282.9213112978036,3083.316481276642,1741.6743368716063,True,ok
55.0,maize,A,2022,3,baseline_district_mean,1798.768654056347,898.5710690669279,2698.966239045766,1153.570706225391,True,ok
56.0,maize,A,2022,3,baseline_district_mean,1901.7240653793008,1001.5264803898816,2801.92165036872,2075.1886802347467,True,ok
23.0,maize,A,2023,3,baseline_district_mean,1366.059999012969,465.86241402354983,2266.2575840023883,1595.6213832888425,True,use_with_caution
25.0,maize,A,2023,3,baseline_district_mean,1055.825858397628,155.62827340820888,1956.0234433870473,903.018448040632,True,ok
31.0,maize,A,2023,3,baseline_district_mean,1343.1362454708624,442.9386604814432,2243.3338304602817,895.5311895708741,True,ok
32.0,maize,A,2023,3,baseline_district_mean,967.5103869694879,67.31280198006868,1867.707971958907,825.1939523142868,True,ok
33.0,maize,A,2023,3,baseline_district_mean,1859.4610120672853,959.2634270778661,2759.6585970567044,990.772278980565,True,use_with_caution
34.0,maize,B,2023,3,baseline_district_mean,1009.7984159424004,109.60083095298125,1909.9960009318197,977.9168641758714,True,ok
37.0,maize,A,2023,3,baseline_district_mean,1400.3056217470894,500.1080367576702,2300.5032067365087,1710.3411049789695,True,use_with_caution
41.0,maize,A,2023,3,baseline_district_mean,1199.1298359550076,298.9322509655884,2099.3274209444266,865.4947357901235,True,use_with_caution
42.0,maize,A,2023,3,baseline_district_mean,1553.1855763113772,652.987991321958,2453.3831613007965,1447.6315868719628,True,ok
43.0,maize,A,2023,3,baseline_district_mean,1909.4232187096452,1009.225633720226,2809.6208036990643,1640.7741017005355,True,ok
44.0,maize,A,2023,3,baseline_district_mean,1601.0209541642441,700.823369174825,2501.218539153663,1322.9212323770632,True,ok
45.0,maize,A,2023,3,baseline_district_mean,1343.4446316558178,443.24704666639866,2243.642216645237,1102.1045200661476,True,ok
51.0,maize,A,2023,3,baseline_district_mean,1662.0459182659556,761.8483332765364,2562.243503255375,1214.2830564019182,True,ok
52.0,maize,A,2023,3,baseline_district_mean,2563.416040208714,1663.2184552192948,3463.6136251981334,2688.2512312379504,True,ok
52.0,maize,B,2023,3,baseline_district_mean,1469.3640436751652,569.1664586857461,2369.5616286645845,662.5006569097405,True,ok
53.0,maize,A,2023,3,baseline_district_mean,2117.283387802736,1217.0858028133166,3017.480972792155,2136.6873877785283,True,ok
53.0,maize,B,2023,3,baseline_district_mean,1532.9508840968756,632.7532991074564,2433.148469086295,1229.9105127360108,True,use_with_caution
55.0,maize,A,2023,3,baseline_district_mean,1717.1213073148394,816.9237223254203,2617.3188923042585,1643.4547866744358,True,ok
56.0,maize,A,2023,3,baseline_district_mean,2028.1093148343846,1127.9117298449655,2928.3068998238036,1316.8771835042448,True,ok
57.0,maize,A,2023,3,baseline_district_mean,1003.6131981819425,103.41561319252332,1903.8107831713617,486.78901872097686,True,use_with_caution
25.0,maize,A,2024,3,baseline_district_mean,780.2157095479745,-119.98187544144469,1680.4132945373935,1454.2387457399388,True,ok
31.0,maize,A,2024,3,baseline_district_mean,1125.9853388785118,225.78775388909264,2026.182923867931,1981.2857225326259,True,ok
33.0,maize,A,2024,3,baseline_district_mean,1648.298702376399,748.1011173869798,2548.4962873658183,1624.2592080532247,True,ok
34.0,maize,B,2024,3,baseline_district_mean,1002.5436168722099,102.34603188279073,1902.7412018616292,1006.9360604566338,True,ok
42.0,maize,A,2024,3,baseline_district_mean,1475.8572506503058,575.6596656608866,2376.054835639725,1911.6015408383917,True,ok
43.0,maize,A,2024,3,baseline_district_mean,1812.238793244034,912.0412082546148,2712.436378233453,2223.880654494203,True,ok
44.0,maize,A,2024,3,baseline_district_mean,1486.3908999822806,586.1933149928615,2386.5884849717,2010.701557468843,True,ok
45.0,maize,A,2024,3,baseline_district_mean,1172.7830692239177,272.5854842344985,2072.980654213337,1784.7507697937483,True,ok
51.0,maize,A,2024,3,baseline_district_mean,1650.4324860404092,750.2349010509901,2550.6300710298283,1260.7367853041037,True,ok
52.0,maize,A,2024,3,baseline_district_mean,2484.844254266123,1584.6466692767035,3385.041839255542,3159.6819468934987,True,ok
52.0,maize,B,2024,3,baseline_district_mean,1338.079395859538,437.8818108701188,2238.276980848957,1318.9238959878783,True,ok
53.0,maize,A,2024,3,baseline_district_mean,2052.025136121378,1151.827551131959,2952.2227211107975,2528.2368978666736,True,ok
53.0,maize,B,2024,3,baseline_district_mean,1333.232345616067,433.0347606266479,2233.4299306054863,1629.3475896976277,True,ok
54.0,maize,A,2024,3,baseline_district_mean,2078.7351344869858,1178.5375494975665,2978.932719476405,1703.666224994826,True,ok
55.0,maize,A,2024,3,baseline_district_mean,1554.9338840512755,654.7362990618564,2455.131469040695,2616.57932625582,True,ok
56.0,maize,A,2024,3,baseline_district_mean,1881.6319260481623,981.4343410587431,2781.8295110375816,2195.7415162215784,True,ok
32.0,maize,A,2025,3,baseline_district_mean,904.442594509775,4.245009520355779,1804.6401794991941,1140.5329146128508,True,ok
33.0,maize,B,2025,3,baseline_district_mean,1728.660179854952,828.4625948655329,2628.857764844371,1258.5080824070621,True,ok
34.0,maize,B,2025,3,baseline_district_mean,996.5983508914486,96.40076590202943,1896.7959358808678,1030.7171243796788,True,ok
35.0,maize,B,2025,3,baseline_district_mean,540.0049683629301,-360.1926166264891,1440.2025533523492,1192.1768376078692,True,ok
37.0,maize,A,2025,3,baseline_district_mean,1366.5620313944507,466.3644464050316,2266.75961638387,1777.8282856842468,True,ok
42.0,maize,A,2025,3,baseline_district_mean,1511.3700334803473,611.1724484909281,2411.5676184697663,1698.5248438581411,True,ok
43.0,maize,A,2025,3,baseline_district_mean,1866.3630571136898,966.1654721242707,2766.560642103109,1899.1350712762676,True,ok
44.0,maize,A,2025,3,baseline_district_mean,1460.7160531423663,560.5184681529471,2360.9136381317853,2164.7506385083298,True,ok
51.0,maize,A,2025,3,baseline_district_mean,1511.7493853322298,611.5518003428107,2411.946970321649,1815.4691881368212,True,ok
52.0,maize,A,2025,3,baseline_district_mean,2491.743134717422,1591.5455497280027,3391.9407197068413,3118.288664185706,True,ok
52.0,maize,B,2025,3,baseline_district_mean,1236.510101485908,336.3125164964889,2136.707686475327,1826.7703678560265,True,ok
53.0,maize,A,2025,3,baseline_district_mean,2075.0228721455082,1174.825287156089,2975.2204571349275,2390.2504817218946,True,ok
54.0,maize,A,2025,3,baseline_district_mean,1628.435031203444,728.2374462140248,2528.632616192863,2604.26643156191,True,ok
55.0,maize,A,2025,3,baseline_district_mean,1546.2960445715198,646.0984595821006,2446.493629560939,2668.406363134353,True,ok
56.0,maize,A,2025,3,baseline_district_mean,1762.5739781796146,862.3763931901955,2662.771563169034,2910.089203432864,True,ok
31.0,maize,A,2019,4,baseline_district_mean,1364.6098051880338,464.4122201986146,2264.807390177453,788.1633909850171,True,ok
32.0,maize,A,2019,4,baseline_district_mean,985.8258003238377,85.62821533441854,1886.0233853132568,733.6168855425368,True,use_with_caution
33.0,maize,A,2019,4,baseline_district_mean,1452.2713759204173,552.0737909309981,2352.4689609098364,2212.3411874211693,True,ok
35.0,maize,A,2019,4,baseline_district_mean,514.6641779936679,-385.5334069957513,1414.861762983087,552.6696706925417,True,ok
37.0,maize,A,2019,4,baseline_district_mean,1744.0846953316081,843.887110342189,2644.2822803210274,1022.7829578099321,True,use_with_caution
41.0,maize,A,2019,4,baseline_district_mean,1076.8232709047873,176.62568591536808,1977.0208558942063,1232.4144309407845,True,ok
42.0,maize,A,2019,4,baseline_district_mean,1642.9022441746645,742.7046591852453,2543.0998291640835,909.3315796922388,True,use_with_caution
43.0,maize,A,2019,4,baseline_district_mean,1940.581454239122,1040.383869249703,2840.779039228541,1453.8246885236751,True,ok
44.0,maize,A,2019,4,baseline_district_mean,1680.3612245154873,780.1636395260681,2580.5588095049065,846.8796102696047,True,ok
52.0,maize,A,2019,4,baseline_district_mean,2650.1782750599973,1749.980690070578,3550.3758600494166,2167.677822130253,True,ok
53.0,maize,A,2019,4,baseline_district_mean,2123.841722189471,1223.6441372000518,3024.0393071788903,2097.337381458116,True,ok
55.0,maize,A,2019,4,baseline_district_mean,1876.7994388711468,976.6018538817276,2776.997023860566,685.3859973365916,True,use_with_caution
56.0,maize,A,2019,4,baseline_district_mean,2096.712642634761,1196.5150576453416,2996.91022762418,905.2572167019887,True,ok
23.0,maize,A,2020,4,baseline_district_mean,1479.7900657070168,579.5924807175976,2379.987650696436,1368.161249900747,True,ok
31.0,maize,A,2020,4,baseline_district_mean,1249.5437715865078,349.3461865970886,2149.741356575927,1363.4935589926474,True,ok
32.0,maize,A,2020,4,baseline_district_mean,936.8427680952918,36.64518310587266,1837.0403530847111,978.5320466852669,True,ok
34.0,maize,B,2020,4,baseline_district_mean,978.9120935382314,78.7145085488122,1879.1096785276504,1101.4621537925477,True,ok
35.0,maize,A,2020,4,baseline_district_mean,599.8338309036299,-300.3637540857893,1500.0314158930491,382.3303648726177,True,use_with_caution
35.0,maize,B,2020,4,baseline_district_mean,786.6495857040906,-113.54799928532861,1686.8471706935097,452.24298558438744,True,ok
41.0,maize,A,2020,4,baseline_district_mean,1145.145881202683,244.94829621326392,2045.3434661921024,1027.446600047097,True,ok
42.0,maize,A,2020,4,baseline_district_mean,1551.8396621258205,651.6420771364013,2452.0372471152396,1455.7070719853032,True,ok
43.0,maize,A,2020,4,baseline_district_mean,1860.9075249069672,960.709939917548,2761.1051098963862,1931.8682645166048,True,ok
44.0,maize,A,2020,4,baseline_district_mean,1525.3655975950921,625.168012605673,2425.563182584511,1776.8533717919743,True,ok
45.0,maize,A,2020,4,baseline_district_mean,1368.9114471440444,468.7138621546252,2269.1090321334636,1000.2372581132406,True,ok
51.0,maize,A,2020,4,baseline_district_mean,1469.485072628001,569.2874876385819,2369.6826576174203,1984.5264389537363,True,ok
52.0,maize,A,2020,4,baseline_district_mean,2544.619334260931,1644.4217492715115,3444.81691925035,2801.0314669246513,True,ok
52.0,maize,B,2020,4,baseline_district_mean,1346.2177281163417,446.02014312692256,2246.415313105761,1278.232234703859,True,ok
53.0,maize,A,2020,4,baseline_district_mean,2118.2542613472947,1218.0566763578754,3018.451846336714,2130.862146511176,True,ok
53.0,maize,B,2020,4,baseline_district_mean,1429.6290512168193,529.4314662274002,2329.8266362062386,1436.5541784961233,True,use_with_caution
55.0,maize,A,2020,4,baseline_district_mean,1718.780411016963,818.5828260275438,2618.977996006382,1633.5001644616946,True,ok
56.0,maize,A,2020,4,baseline_district_mean,1912.6354933099299,1012.4379083205107,2812.833078299349,2009.7201126509742,True,ok
57.0,maize,A,2020,4,baseline_district_mean,803.8535567920363,-96.34402819738284,1704.0511417814555,886.3083015007892,True,use_with_caution
23.0,maize,A,2021,4,baseline_district_mean,1481.8913165947947,581.6937316053755,2382.088901584214,1363.9587481251908,True,ok
25.0,maize,A,2021,4,baseline_district_mean,1178.6285968902855,278.43101190086634,2078.8261818797046,657.412971055317,True,ok
31.0,maize,A,2021,4,baseline_district_mean,1318.7162406619314,418.5186556725122,2218.9138256513506,1017.6312136155285,True,ok
32.0,maize,A,2021,4,baseline_district_mean,929.5740580333988,29.376473043979672,1829.771643022818,1014.8755969947318,True,ok
33.0,maize,A,2021,4,baseline_district_mean,1609.1242248183196,708.9266398289004,2509.3218098077386,1741.7826407274624,True,ok
33.0,maize,B,2021,4,baseline_district_mean,1258.5080824070621,358.310497417643,2158.705667396481,1728.660179854952,True,ok
34.0,maize,B,2021,4,baseline_district_mean,1029.258050701183,129.06046571176387,1929.4556356906023,900.0783251407416,True,ok
35.0,maize,A,2021,4,baseline_district_mean,467.5000177825797,-432.6975672068395,1367.6976027719988,646.9979911147182,True,use_with_caution
35.0,maize,B,2021,4,baseline_district_mean,822.7211024786792,-77.47648251073997,1722.9186874680984,344.028435260622,True,ok
41.0,maize,A,2021,4,baseline_district_mean,1041.7852555926684,141.5876706032492,1941.9828405820876,1337.5284768771414,True,ok
42.0,maize,A,2021,4,baseline_district_mean,1521.6246109533583,621.4270259639392,2421.8221959427774,1636.9973790200759,True,ok
43.0,maize,A,2021,4,baseline_district_mean,1907.8403663625852,1007.642781373166,2808.0379513520043,1650.271215782895,True,ok
44.0,maize,A,2021,4,baseline_district_mean,1590.30111634056,690.1035313511408,2490.498701329979,1387.240259319168,True,ok
45.0,maize,A,2021,4,baseline_district_mean,1362.9407515840383,462.7431665946191,2263.1383365734573,1024.1200403532655,True,use_with_caution
51.0,maize,A,2021,4,baseline_district_mean,1568.753867199145,668.5562822097257,2468.951452188564,1587.4512606691612,True,ok
52.0,maize,A,2021,4,baseline_district_mean,2699.09743408364,1798.8998490942208,3599.2950190730594,1874.1628679883943,True,ok
52.0,maize,B,2021,4,baseline_district_mean,1305.8468211058566,405.64923611643746,2206.044406095276,1480.086769756284,True,ok
53.0,maize,A,2021,4,baseline_district_mean,2170.8414387013327,1270.6438537119134,3071.039023690752,1815.339082386949,True,ok
54.0,maize,A,2021,4,baseline_district_mean,2153.966328278368,1253.7687432889488,3054.1639132677874,1553.203837412062,True,ok
55.0,maize,A,2021,4,baseline_district_mean,1733.482890681381,833.2853056919618,2633.6804756708,1545.2852864751865,True,ok
56.0,maize,A,2021,4,baseline_district_mean,1902.1456521243997,1001.9480671349805,2802.3432371138188,2072.6591597641554,True,ok
57.0,maize,A,2021,4,baseline_district_mean,686.548660110883,-213.64892487853615,1586.746245100302,1120.9180948630958,True,ok
31.0,maize,A,2022,4,baseline_district_mean,1209.2210151393388,309.0234301499196,2109.418600128758,1565.107341228493,True,ok
32.0,maize,A,2022,4,baseline_district_mean,938.5502792299346,38.35269424051546,1838.7478642193537,969.9944910120529,True,ok
35.0,maize,B,2022,4,baseline_district_mean,662.8160861509596,-237.3814988384596,1563.0136711403788,823.7434842437808,True,ok
42.0,maize,A,2022,4,baseline_district_mean,1509.9656670443521,609.768082054933,2410.163252033771,1706.9510424741118,True,ok
43.0,maize,A,2022,4,baseline_district_mean,1799.9589993823636,899.7614143929444,2700.1565843717826,2297.5594176642253,True,ok
44.0,maize,A,2022,4,baseline_district_mean,1584.8911116224972,684.693526633078,2485.0886966119165,1419.7002876275444,True,ok
45.0,maize,A,2022,4,baseline_district_mean,1227.8031470816004,327.60556209218123,2128.0007320710197,1564.6704583630165,True,ok
52.0,maize,A,2022,4,baseline_district_mean,2634.8489998934087,1734.6514149039895,3535.046584882828,2259.6534731297825,True,ok
52.0,maize,B,2022,4,baseline_district_mean,1313.3027850427577,413.10520005333854,2213.5003700321768,1442.806950071779,True,ok
53.0,maize,A,2022,4,baseline_district_mean,2183.118896287223,1282.9213112978036,3083.316481276642,1741.6743368716063,True,ok
55.0,maize,A,2022,4,baseline_district_mean,1798.768654056347,898.5710690669279,2698.966239045766,1153.570706225391,True,ok
56.0,maize,A,2022,4,baseline_district_mean,1901.7240653793008,1001.5264803898816,2801.92165036872,2075.1886802347467,True,ok
23.0,maize,A,2023,4,baseline_district_mean,1366.059999012969,465.86241402354983,2266.2575840023883,1595.6213832888425,True,use_with_caution
25.0,maize,A,2023,4,baseline_district_mean,1055.825858397628,155.62827340820888,1956.0234433870473,903.018448040632,True,ok
31.0,maize,A,2023,4,baseline_district_mean,1343.1362454708624,442.9386604814432,2243.3338304602817,895.5311895708741,True,ok
32.0,maize,A,2023,4,baseline_district_mean,967.5103869694879,67.31280198006868,1867.707971958907,825.1939523142868,True,ok
33.0,maize,A,2023,4,baseline_district_mean,1859.4610120672853,959.2634270778661,2759.6585970567044,990.772278980565,True,use_with_caution
34.0,maize,B,2023,4,baseline_district_mean,1009.7984159424004,109.60083095298125,1909.9960009318197,977.9168641758714,True,ok
37.0,maize,A,2023,4,baseline_district_mean,1400.3056217470894,500.1080367576702,2300.5032067365087,1710.3411049789695,True,use_with_caution
41.0,maize,A,2023,4,baseline_district_mean,1199.1298359550076,298.9322509655884,2099.3274209444266,865.4947357901235,True,use_with_caution
42.0,maize,A,2023,4,baseline_district_mean,1553.1855763113772,652.987991321958,2453.3831613007965,1447.6315868719628,True,ok
43.0,maize,A,2023,4,baseline_district_mean,1909.4232187096452,1009.225633720226,2809.6208036990643,1640.7741017005355,True,ok
44.0,maize,A,2023,4,baseline_district_mean,1601.0209541642441,700.823369174825,2501.218539153663,1322.9212323770632,True,ok
45.0,maize,A,2023,4,baseline_district_mean,1343.4446316558178,443.24704666639866,2243.642216645237,1102.1045200661476,True,ok
51.0,maize,A,2023,4,baseline_district_mean,1662.0459182659556,761.8483332765364,2562.243503255375,1214.2830564019182,True,ok
52.0,maize,A,2023,4,baseline_district_mean,2563.416040208714,1663.2184552192948,3463.6136251981334,2688.2512312379504,True,ok
52.0,maize,B,2023,4,baseline_district_mean,1469.3640436751652,569.1664586857461,2369.5616286645845,662.5006569097405,True,ok
53.0,maize,A,2023,4,baseline_district_mean,2117.283387802736,1217.0858028133166,3017.480972792155,2136.6873877785283,True,ok
53.0,maize,B,2023,4,baseline_district_mean,1532.9508840968756,632.7532991074564,2433.148469086295,1229.9105127360108,True,use_with_caution
55.0,maize,A,2023,4,baseline_district_mean,1717.1213073148394,816.9237223254203,2617.3188923042585,1643.4547866744358,True,ok
56.0,maize,A,2023,4,baseline_district_mean,2028.1093148343846,1127.9117298449655,2928.3068998238036,1316.8771835042448,True,ok
57.0,maize,A,2023,4,baseline_district_mean,1003.6131981819425,103.41561319252332,1903.8107831713617,486.78901872097686,True,use_with_caution
25.0,maize,A,2024,4,baseline_district_mean,780.2157095479745,-119.98187544144469,1680.4132945373935,1454.2387457399388,True,ok
31.0,maize,A,2024,4,baseline_district_mean,1125.9853388785118,225.78775388909264,2026.182923867931,1981.2857225326259,True,ok
33.0,maize,A,2024,4,baseline_district_mean,1648.298702376399,748.1011173869798,2548.4962873658183,1624.2592080532247,True,ok
34.0,maize,B,2024,4,baseline_district_mean,1002.5436168722099,102.34603188279073,1902.7412018616292,1006.9360604566338,True,ok
42.0,maize,A,2024,4,baseline_district_mean,1475.8572506503058,575.6596656608866,2376.054835639725,1911.6015408383917,True,ok
43.0,maize,A,2024,4,baseline_district_mean,1812.238793244034,912.0412082546148,2712.436378233453,2223.880654494203,True,ok
44.0,maize,A,2024,4,baseline_district_mean,1486.3908999822806,586.1933149928615,2386.5884849717,2010.701557468843,True,ok
45.0,maize,A,2024,4,baseline_district_mean,1172.7830692239177,272.5854842344985,2072.980654213337,1784.7507697937483,True,ok
51.0,maize,A,2024,4,baseline_district_mean,1650.4324860404092,750.2349010509901,2550.6300710298283,1260.7367853041037,True,ok
52.0,maize,A,2024,4,baseline_district_mean,2484.844254266123,1584.6466692767035,3385.041839255542,3159.6819468934987,True,ok
52.0,maize,B,2024,4,baseline_district_mean,1338.079395859538,437.8818108701188,2238.276980848957,1318.9238959878783,True,ok
53.0,maize,A,2024,4,baseline_district_mean,2052.025136121378,1151.827551131959,2952.2227211107975,2528.2368978666736,True,ok
53.0,maize,B,2024,4,baseline_district_mean,1333.232345616067,433.0347606266479,2233.4299306054863,1629.3475896976277,True,ok
54.0,maize,A,2024,4,baseline_district_mean,2078.7351344869858,1178.5375494975665,2978.932719476405,1703.666224994826,True,ok
55.0,maize,A,2024,4,baseline_district_mean,1554.9338840512755,654.7362990618564,2455.131469040695,2616.57932625582,True,ok
56.0,maize,A,2024,4,baseline_district_mean,1881.6319260481623,981.4343410587431,2781.8295110375816,2195.7415162215784,True,ok
32.0,maize,A,2025,4,baseline_district_mean,904.442594509775,4.245009520355779,1804.6401794991941,1140.5329146128508,True,ok
33.0,maize,B,2025,4,baseline_district_mean,1728.660179854952,828.4625948655329,2628.857764844371,1258.5080824070621,True,ok
34.0,maize,B,2025,4,baseline_district_mean,996.5983508914486,96.40076590202943,1896.7959358808678,1030.7171243796788,True,ok
35.0,maize,B,2025,4,baseline_district_mean,540.0049683629301,-360.1926166264891,1440.2025533523492,1192.1768376078692,True,ok
37.0,maize,A,2025,4,baseline_district_mean,1366.5620313944507,466.3644464050316,2266.75961638387,1777.8282856842468,True,ok
42.0,maize,A,2025,4,baseline_district_mean,1511.3700334803473,611.1724484909281,2411.5676184697663,1698.5248438581411,True,ok
43.0,maize,A,2025,4,baseline_district_mean,1866.3630571136898,966.1654721242707,2766.560642103109,1899.1350712762676,True,ok
44.0,maize,A,2025,4,baseline_district_mean,1460.7160531423663,560.5184681529471,2360.9136381317853,2164.7506385083298,True,ok
51.0,maize,A,2025,4,baseline_district_mean,1511.7493853322298,611.5518003428107,2411.946970321649,1815.4691881368212,True,ok
52.0,maize,A,2025,4,baseline_district_mean,2491.743134717422,1591.5455497280027,3391.9407197068413,3118.288664185706,True,ok
52.0,maize,B,2025,4,baseline_district_mean,1236.510101485908,336.3125164964889,2136.707686475327,1826.7703678560265,True,ok
53.0,maize,A,2025,4,baseline_district_mean,2075.0228721455082,1174.825287156089,2975.2204571349275,2390.2504817218946,True,ok
54.0,maize,A,2025,4,baseline_district_mean,1628.435031203444,728.2374462140248,2528.632616192863,2604.26643156191,True,ok
55.0,maize,A,2025,4,baseline_district_mean,1546.2960445715198,646.0984595821006,2446.493629560939,2668.406363134353,True,ok
56.0,maize,A,2025,4,baseline_district_mean,1762.5739781796146,862.3763931901955,2662.771563169034,2910.089203432864,True,ok
21.0,beans,A,2019,2,ridge,448.9912590781137,158.6241652768358,739.3583528793916,619.6374048688228,True,ok
22.0,beans,A,2019,2,ridge,340.7061541230886,50.33906032181068,631.0732479243666,484.7402067863524,True,ok
23.0,beans,A,2019,2,ridge,602.5292947345506,312.1622009332727,892.8963885358285,779.7380744947134,True,use_with_caution
24.0,beans,A,2019,2,ridge,542.6808215795348,252.31372777825692,833.0479153808128,519.6327234933982,True,ok
25.0,beans,A,2019,2,ridge,491.66952724870407,201.30243344742615,782.0366210499819,644.3704490955058,True,use_with_caution
26.0,beans,A,2019,2,ridge,419.7872676245136,129.4201738232357,710.1543614257915,422.9720924755827,True,ok
27.0,beans,A,2019,2,ridge,504.54913319747226,214.18203939619434,794.9162269987502,364.95553633224444,True,ok
28.0,beans,A,2019,2,ridge,408.7742071160208,118.4071133147429,699.1413009172987,294.7658700861436,True,ok
34.0,beans,A,2019,2,ridge,768.8890819251374,478.52198812385944,1059.2561757264152,1010.7052779667449,True,ok
35.0,beans,A,2019,2,ridge,684.4165220092174,394.04942820793946,974.7836158104953,655.886373435089,True,ok
36.0,beans,A,2019,2,ridge,558.5216621344612,268.15456833318325,848.888755935739,460.53444794522557,True,use_with_caution
37.0,beans,A,2019,2,ridge,662.779627659594,372.41253385831607,953.146721460872,687.3621242639149,True,ok
41.0,beans,A,2019,2,ridge,581.5149487659719,291.147854964694,871.8820425672498,764.497474888374,True,ok
42.0,beans,A,2019,2,ridge,631.6324205946122,341.2653267933343,921.9995143958902,1121.6692750376585,True,ok
44.0,beans,A,2019,2,ridge,871.9359213107914,581.5688275095135,1162.3030151120693,1351.4105369393735,True,ok
45.0,beans,A,2019,2,ridge,752.2530586530884,461.88596485181046,1042.6201524543662,801.5588380661203,True,ok
52.0,beans,A,2019,2,ridge,556.993086788054,266.6259929867761,847.360180589332,718.453788422265,True,ok
53.0,beans,A,2019,2,ridge,598.7385434132462,308.37144961196833,889.1056372145242,853.772418321337,True,ok
55.0,beans,A,2019,2,ridge,446.79394712312626,156.42685332184834,737.1610409244042,97.01253696993886,True,use_with_caution
57.0,beans,A,2019,2,ridge,430.31735584433784,139.95026204305992,720.6844496456158,179.28323628366797,True,ok
21.0,beans,A,2020,2,ridge,471.1146712126657,180.7475774113878,761.4817650139437,489.1856610915736,True,ok
21.0,beans,B,2020,2,ridge,493.4799299645896,203.11283616331167,783.8470237658676,643.8040942201189,True,ok
22.0,beans,A,2020,2,ridge,357.2370755933312,66.8699817920533,647.6041693946091,403.9809923052138,True,ok
22.0,beans,B,2020,2,ridge,633.3585320192582,342.99143821798026,923.7256258205362,605.1067768391038,True,ok
23.0,beans,A,2020,2,ridge,630.6297186874094,340.2626248861315,920.9968124886873,579.7426625557179,True,ok
23.0,beans,B,2020,2,ridge,685.3948513890997,395.0277575878218,975.7619451903777,676.3119637607537,True,ok
24.0,beans,A,2020,2,ridge,480.29750654796857,189.93041274669065,770.6646003492465,821.1798786620533,True,ok
24.0,beans,B,2020,2,ridge,510.20416597492095,219.83707217364304,800.5712597761989,411.7721534803894,True,ok
25.0,beans,A,2020,2,ridge,521.5574183975446,231.19032459626663,811.9245121988224,420.3821582192654,True,ok
25.0,beans,B,2020,2,ridge,520.341769325256,229.97467552397808,810.708863126534,428.07016360166745,True,ok
26.0,beans,A,2020,2,ridge,402.8434757322804,112.47638193100249,693.2105695335583,495.57931093779325,True,ok
26.0,beans,B,2020,2,ridge,582.966034443707,292.5989406424291,873.3331282449849,622.1185189965653,True,ok
27.0,beans,A,2020,2,ridge,479.0535200509434,188.6864262496655,769.4206138522213,447.9236478638276,True,ok
28.0,beans,A,2020,2,ridge,378.46249960208934,88.09540580081142,668.8295934033672,424.7185172425853,True,ok
28.0,beans,B,2020,2,ridge,483.09867947623,192.7315856749521,773.4657732775079,526.9222915356318,True,ok
31.0,beans,A,2020,2,ridge,757.4654458749376,467.09835207365967,1047.8325396762154,747.3422583504642,True,ok
31.0,beans,B,2020,2,ridge,790.1856758426346,499.8185820413567,1080.5527696439126,684.470960651498,True,ok
32.0,beans,B,2020,2,ridge,643.763321127658,353.39622732638003,934.1304149289358,808.9269975287929,True,ok
33.0,beans,A,2020,2,ridge,692.67779712933,402.31070332805206,983.0448909306078,667.9757689057253,True,ok
33.0,beans,B,2020,2,ridge,586.4072199293543,296.04012612807634,876.7743137306322,702.7714628133276,True,ok
34.0,beans,A,2020,2,ridge,822.9562444955409,532.589150694263,1113.3233382968187,695.6480124251204,True,ok
35.0,beans,A,2020,2,ridge,709.2298922834109,418.862798482133,999.5969860846888,520.4495994183198,True,ok
36.0,beans,A,2020,2,ridge,575.6851443569312,285.3180505556533,866.0522381582091,368.5905832469865,True,use_with_caution
36.0,beans,B,2020,2,ridge,642.3518818751791,351.98478807390114,932.7189756764569,630.8916389556109,True,ok
37.0,beans,A,2020,2,ridge,815.9395728711366,525.5724790698587,1106.3066666724146,356.38247263189714,True,use_with_caution
37.0,beans,B,2020,2,ridge,630.7521029120248,340.3850091107469,921.1191967133027,616.406456270704,True,ok
41.0,beans,A,2020,2,ridge,618.5621560510158,328.1950622497379,908.9292498522937,563.366221250828,True,ok
41.0,beans,B,2020,2,ridge,851.7397864284706,561.3726926271927,1142.1068802297484,692.3544124532317,True,ok
42.0,beans,A,2020,2,ridge,747.5503147871004,457.1832209858225,1037.9174085883783,453.1014753227639,True,ok
42.0,beans,B,2020,2,ridge,943.3124780668082,652.9453842655303,1233.6795718680862,812.8980119838817,True,ok
43.0,beans,A,2020,2,ridge,908.5366214423158,618.1695276410378,1198.9037152435938,815.0589056054384,True,ok
43.0,beans,B,2020,2,ridge,1069.6070746248488,779.2399808235709,1359.9741684261267,981.2169649921904,True,ok
44.0,beans,A,2020,2,ridge,961.1599116681654,670.7928178668874,1251.5270054694433,815.3762934156711,True,ok
44.0,beans,B,2020,2,ridge,1165.4169880052,875.0498942039221,1455.7840818064778,890.3783860541465,True,ok
45.0,beans,A,2020,2,ridge,782.0296071755427,491.66251337426473,1072.3967009768205,597.3695054639635,True,ok
45.0,beans,B,2020,2,ridge,935.8630500485584,645.4959562472804,1226.2301438498364,965.756511297383,True,ok
51.0,beans,A,2020,2,ridge,453.0606877290967,162.69359392781877,743.4277815303747,370.05768681000785,True,ok
51.0,beans,B,2020,2,ridge,528.8027705472931,238.4356767460152,819.1698643485711,501.5770485847095,True,use_with_caution
52.0,beans,B,2020,2,ridge,802.3550995074262,511.9880057061483,1092.7221933087042,675.4446425123492,True,ok
53.0,beans,B,2020,2,ridge,561.6668370333438,271.29974323206585,852.0339308346217,687.2164164780891,True,ok
55.0,beans,A,2020,2,ridge,358.70537435347956,68.33828055220164,649.0724681547574,510.43825933533907,True,ok
55.0,beans,B,2020,2,ridge,534.7186417502487,244.3515479489708,825.0857355515266,549.0061141973023,True,ok
56.0,beans,A,2020,2,ridge,514.9665350677251,224.59944126644717,805.333628869003,416.9230887355549,True,use_with_caution
56.0,beans,B,2020,2,ridge,775.3361314806725,484.9690376793946,1065.7032252819504,734.2013954085942,True,ok
57.0,beans,A,2020,2,ridge,334.37090354644016,44.00380974516224,624.7379973477181,556.8209055380959,True,use_with_caution
57.0,beans,B,2020,2,ridge,434.15039483731186,143.78330103603395,724.5174886385898,437.19428391997576,True,ok
12.0,beans,A,2021,2,ridge,464.7912605410985,174.42416673982058,755.1583543423765,557.8416362203419,True,ok
12.0,beans,B,2021,2,ridge,613.4706970773078,323.1036032760299,903.8377908785858,743.3721240707339,True,ok
21.0,beans,A,2021,2,ridge,481.7764992363114,191.40940543503348,772.1435930375893,508.6877438968085,True,ok
21.0,beans,B,2021,2,ridge,521.9744130191148,231.60731921783685,812.3415068203926,489.6727471008479,True,ok
22.0,beans,A,2021,2,ridge,375.73629933852413,85.36920553724622,666.103393139802,331.3385176775941,True,ok
22.0,beans,B,2021,2,ridge,616.498880220757,326.13178641947906,906.8659740220348,593.0309052305629,True,ok
23.0,beans,A,2021,2,ridge,652.0657346913071,361.69864089002914,942.432828492585,466.6503895238207,True,ok
23.0,beans,B,2021,2,ridge,661.0170548483504,370.6499610470725,951.3841486496283,667.2050841028863,True,ok
24.0,beans,A,2021,2,ridge,544.0013537710009,253.63425996972302,834.3684475722789,508.24320681169667,True,ok
24.0,beans,B,2021,2,ridge,461.8007457447793,171.4336519435014,752.1678395460572,503.38413045434214,True,ok
25.0,beans,A,2021,2,ridge,516.4967759155726,226.12968211429467,806.8638697168506,441.6240324761577,True,ok
25.0,beans,B,2021,2,ridge,488.827438979768,198.46034517849006,779.1945327810458,441.1102969548753,True,ok
26.0,beans,A,2021,2,ridge,432.03950295040886,141.67240914913094,722.4065967516867,411.2960655400498,True,ok
26.0,beans,B,2021,2,ridge,619.7864860334014,329.41939223212347,910.1535798346792,489.56745063007,True,ok
27.0,beans,A,2021,2,ridge,483.3514053113515,192.9843115100736,773.7184991126294,447.27803476914715,True,ok
27.0,beans,B,2021,2,ridge,580.7199462072551,290.3528524059772,871.087040008533,563.7786764156778,True,ok
28.0,beans,A,2021,2,ridge,396.7452767113857,106.3781829101078,687.1123705126636,391.19809944028964,True,ok
28.0,beans,B,2021,2,ridge,497.2653271126319,206.89823331135398,787.6324209139098,452.2834175611935,True,ok
31.0,beans,B,2021,2,ridge,814.0313616926062,523.6642678913283,1104.398455493884,500.9892064533508,True,ok
32.0,beans,B,2021,2,ridge,715.8454536245897,425.4783598233118,1006.2125474258676,576.7783647080919,True,ok
33.0,beans,A,2021,2,ridge,720.1500575103362,429.78296370905827,1010.517151311614,570.0130953980276,True,ok
33.0,beans,B,2021,2,ridge,630.941537956246,340.57444415496803,921.3086317575239,478.9420781178559,True,ok
34.0,beans,A,2021,2,ridge,858.3582004761689,567.991106674891,1148.725294277447,463.84104623345996,True,ok
35.0,beans,A,2021,2,ridge,687.2915324829929,396.924438681715,977.6586262842709,619.1342729651026,True,ok
35.0,beans,B,2021,2,ridge,649.5138470720239,359.14675327074593,939.8809408733018,449.1028781371135,True,ok
36.0,beans,B,2021,2,ridge,649.3334887802322,358.96639497895427,939.7005825815102,493.65953941446367,True,ok
37.0,beans,B,2021,2,ridge,643.1807738340572,352.81368003277925,933.547867635335,459.0727527985817,True,ok
41.0,beans,A,2021,2,ridge,649.7907597139802,359.42366591270223,940.157853515258,406.9625297188873,True,ok
41.0,beans,B,2021,2,ridge,839.2920555582301,548.9249617569521,1129.659149359508,699.9808459995529,True,ok
42.0,beans,A,2021,2,ridge,716.1589268519243,425.7918330506464,1006.5260206532023,679.0400328452753,True,ok
42.0,beans,B,2021,2,ridge,940.2413090302899,649.874215229012,1230.608402831568,790.5863501907878,True,ok
43.0,beans,A,2021,2,ridge,920.3445996798348,629.9775058785569,1210.7116934811127,783.568874727607,True,ok
43.0,beans,B,2021,2,ridge,1063.163288149584,772.7961943483062,1353.530381950862,951.3544976734252,True,ok
44.0,beans,A,2021,2,ridge,1009.7165923036814,719.3494985024035,1300.0836861049593,583.8590446808932,True,ok
44.0,beans,B,2021,2,ridge,1132.380813590762,842.0137197894842,1422.74790739204,1013.0877910987398,True,ok
45.0,beans,A,2021,2,ridge,756.5000876360875,466.1329938348096,1046.8671814373654,832.7952464200988,True,ok
45.0,beans,B,2021,2,ridge,958.63023321502,668.263139413742,1248.997327016298,844.2429556221043,True,ok
51.0,beans,B,2021,2,ridge,525.7928738177636,235.4257800164857,816.1599676190415,457.24464844796006,True,ok
52.0,beans,B,2021,2,ridge,799.4547798302546,509.08768602897663,1089.8218736315325,642.976378830537,True,ok
53.0,beans,B,2021,2,ridge,577.1507324142701,286.7836386129922,867.517826215548,534.763722020416,True,ok
54.0,beans,B,2021,2,ridge,672.8457506272495,382.47865682597154,963.2128444285274,368.8230421540028,True,ok
55.0,beans,A,2021,2,ridge,401.49813504915244,111.13104124787452,691.8652288504304,401.7873114427177,True,ok
55.0,beans,B,2021,2,ridge,513.2052274798532,222.83813367857528,803.572321281131,584.0520418273522,True,ok
56.0,beans,A,2021,2,ridge,548.6862424511505,258.3191486498726,839.0533362524284,365.19559459502426,True,ok
56.0,beans,B,2021,2,ridge,770.3739099098536,480.0068161085757,1060.7410037111315,730.9308886678668,True,ok
57.0,beans,A,2021,2,ridge,352.74849501666444,62.38140121538652,643.1155888179424,546.0131227350576,True,ok
57.0,beans,B,2021,2,ridge,442.05847340450805,151.69137960323013,732.4255672057859,362.2824083177672,True,ok
22.0,beans,A,2022,2,ridge,363.14244215769577,72.77534835641785,653.5095359589736,403.187058914935,True,ok
22.0,beans,B,2022,2,ridge,610.5580537009806,320.1909598997027,900.9251475022586,646.909664003389,True,ok
23.0,beans,A,2022,2,ridge,636.2922260140491,345.9251322127712,926.6593198153271,610.2253771732477,True,ok
23.0,beans,B,2022,2,ridge,692.4670151357692,402.0999213344913,982.8341089370472,506.5332129125367,True,ok
25.0,beans,A,2022,2,ridge,498.3702367646291,208.0031429633512,788.7373305659071,561.4026592578149,True,ok
25.0,beans,B,2022,2,ridge,484.2222643294282,193.85517052815027,774.5893581307062,403.271101532528,True,ok
26.0,beans,A,2022,2,ridge,380.5293909233924,90.16229712211447,670.8964847246702,684.7895939402856,True,ok
31.0,beans,A,2022,2,ridge,756.093526204655,465.72643240337703,1046.460620005933,761.3897839272353,True,ok
31.0,beans,B,2022,2,ridge,730.0527025001946,439.6856086989167,1020.4197963014726,830.9060370638459,True,ok
33.0,beans,A,2022,2,ridge,705.9059191960879,415.53882539481,996.2730129973659,619.6150208082445,True,ok
33.0,beans,B,2022,2,ridge,594.2932914702615,303.92619766898355,884.6603852715393,579.7526250279614,True,ok
34.0,beans,A,2022,2,ridge,845.565967541107,555.1988737398292,1135.933061342385,595.4296850193938,True,ok
35.0,beans,A,2022,2,ridge,656.5327294363,366.16563563502206,946.899823237578,816.7576201174022,True,ok
35.0,beans,B,2022,2,ridge,618.356442007948,327.98934820667006,908.723535809226,548.3912707002257,True,ok
36.0,beans,B,2022,2,ridge,628.1486378061558,337.78154400487784,918.5157316074337,552.446503595374,True,ok
37.0,beans,B,2022,2,ridge,576.2645821476915,285.8974883464136,866.6316759489694,751.5243369886863,True,ok
41.0,beans,A,2022,2,ridge,634.3556616414476,343.98856784016965,924.7227554427254,527.4204177691764,True,ok
41.0,beans,B,2022,2,ridge,802.5735998074096,512.2065060061316,1092.9406936086875,870.0964805743428,True,ok
42.0,beans,A,2022,2,ridge,729.5780628041819,439.21096900290394,1019.9451566054597,648.1837391801954,True,ok
42.0,beans,B,2022,2,ridge,879.3172502463249,588.950156445047,1169.6843440476027,1086.5063887263952,True,ok
43.0,beans,A,2022,2,ridge,897.1535707773877,606.7864769761097,1187.5206645786657,990.1275329514121,True,ok
43.0,beans,B,2022,2,ridge,1073.1384810414374,782.7713872401596,1363.5055748427153,910.5000811157668,True,ok
44.0,beans,A,2022,2,ridge,993.4172588490986,703.0501650478207,1283.7843526503766,783.1740636695346,True,ok
44.0,beans,B,2022,2,ridge,1106.4892014956758,816.122107694398,1396.8562952969537,1199.6608433369024,True,ok
45.0,beans,A,2022,2,ridge,777.6747253644894,487.3076315632115,1068.0418191657673,764.7666453561189,True,ok
45.0,beans,B,2022,2,ridge,933.9974673678487,643.6303735665708,1224.3645611691265,983.2769502472865,True,ok
52.0,beans,A,2022,2,ridge,707.4555521786266,417.0884583773487,997.8226459799046,579.5546599128365,True,ok
52.0,beans,B,2022,2,ridge,759.0528812181136,468.6857874168357,1049.4199750193916,838.4882558678447,True,ok
53.0,beans,B,2022,2,ridge,591.3909720549433,301.0238782536654,881.7580658562213,453.3610518574898,True,ok
55.0,beans,A,2022,2,ridge,401.6164420274238,111.24934822614586,691.9835358287016,339.58058723940655,True,use_with_caution
55.0,beans,B,2022,2,ridge,547.0246277431306,256.6575339418527,837.3917215444085,420.5472495489038,True,ok
56.0,beans,A,2022,2,ridge,512.636008617775,222.2689148164971,803.003102419053,498.85653381437953,True,use_with_caution
56.0,beans,B,2022,2,ridge,753.9464812974858,463.57938749620786,1044.3135750987637,837.0733891924278,True,ok
57.0,beans,A,2022,2,ridge,386.6014708149417,96.23437701366379,676.9685646162196,339.3480763120284,True,use_with_caution
57.0,beans,B,2022,2,ridge,422.6044368865066,132.2373430852287,712.9715306877845,405.7924743852916,True,use_with_caution
12.0,beans,A,2023,2,ridge,482.1388869164839,191.77179311520598,772.5059807177618,543.1236660818237,True,ok
12.0,beans,B,2023,2,ridge,588.156118112438,297.78902431116006,878.5232119137158,753.2615579698407,True,ok
21.0,beans,A,2023,2,ridge,496.09525677185,205.7281629705721,786.4623505731279,434.99377053225084,True,ok
21.0,beans,B,2023,2,ridge,493.9717829129951,203.60468911171716,784.338876714273,517.4754767311985,True,ok
22.0,beans,A,2023,2,ridge,386.2975375081585,95.93044370688057,676.6646313094363,290.1344118082574,True,ok
22.0,beans,B,2023,2,ridge,554.1122631015731,263.74516930029523,844.4793569028511,850.65130658168,True,ok
23.0,beans,A,2023,2,ridge,618.2779170646771,327.9108232633992,908.6450108659551,680.2276416302495,True,ok
23.0,beans,B,2023,2,ridge,653.7079437900891,363.34084998881116,944.0750375913669,590.6125593605717,True,ok
24.0,beans,A,2023,2,ridge,564.3895463581506,274.0224525568727,854.7566401594286,420.0460704751517,True,ok
24.0,beans,B,2023,2,ridge,436.40788673751086,146.04079293623295,726.7749805387888,535.6666099310996,True,ok
25.0,beans,A,2023,2,ridge,520.6496108218887,230.28251702061078,811.0167046231666,425.8680595566155,True,ok
25.0,beans,B,2023,2,ridge,455.1907428612047,164.82364905992677,745.5578366624826,506.0788012899783,True,ok
26.0,beans,A,2023,2,ridge,467.593566029631,177.2264722283531,757.960659830909,265.1147502476002,True,use_with_caution
26.0,beans,B,2023,2,ridge,524.4121197397136,234.04502593843569,814.7792135409916,751.6845966664911,True,ok
28.0,beans,A,2023,2,ridge,439.2625101455039,148.89541634422596,729.6296039467818,225.23407252546866,True,use_with_caution
28.0,beans,B,2023,2,ridge,418.7452792610611,128.3781854597832,709.112373062339,693.6588092537264,True,ok
31.0,beans,A,2023,2,ridge,762.5439892432355,472.1768954419576,1052.9110830445134,804.3140764560447,True,ok
31.0,beans,B,2023,2,ridge,756.34499580615,465.9779020048721,1046.712089607428,759.7565767598445,True,ok
32.0,beans,B,2023,2,ridge,706.4258679152897,416.0587741140118,996.7929617165676,562.6499655702936,True,ok
33.0,beans,A,2023,2,ridge,681.9719068659974,391.6048130647195,972.3390006672753,796.3130123203575,True,ok
33.0,beans,B,2023,2,ridge,612.0643955157113,321.6973017144334,902.4314893169892,497.4042138184814,True,ok
34.0,beans,A,2023,2,ridge,767.1000292238368,476.7329354225589,1057.4671230251147,1098.029163536528,True,ok
35.0,beans,A,2023,2,ridge,685.7277785539833,395.36068475270537,976.0948723552613,702.8239283197457,True,ok
35.0,beans,B,2023,2,ridge,589.8775843555449,299.51049055426694,880.2446781568228,637.9829985161788,True,use_with_caution
36.0,beans,A,2023,2,ridge,528.9865832738982,238.61948947262027,819.3536770751762,497.0167031963794,True,use_with_caution
36.0,beans,B,2023,2,ridge,604.05711364903,313.6900198477521,894.4242074503079,654.4318578594581,True,ok
37.0,beans,B,2023,2,ridge,595.3789629420602,305.01186914078227,885.7460567433382,665.0696785492237,True,ok
41.0,beans,A,2023,2,ridge,656.8094555150383,366.44236171376036,947.1765493163161,514.0571902696358,True,ok
41.0,beans,B,2023,2,ridge,802.6099751262191,512.2428813249412,1092.977068927497,803.7400829182644,True,ok
42.0,beans,A,2023,2,ridge,770.091527374653,479.72443357337505,1060.4586211759308,506.0932314127646,True,ok
42.0,beans,B,2023,2,ridge,909.5145572117362,619.1474634104584,1199.881651013014,925.7772432824191,True,ok
43.0,beans,A,2023,2,ridge,911.1807839585131,620.8136901572352,1201.547877759791,835.7690223799259,True,ok
43.0,beans,B,2023,2,ridge,988.14116821117,697.7740744098921,1278.5082620124479,1224.2942485024867,True,ok
44.0,beans,A,2023,2,ridge,932.6328331751528,642.2657393738748,1222.9999269764307,1164.0278202576249,True,ok
44.0,beans,B,2023,2,ridge,1087.0783198394959,796.711226038218,1377.4454136407737,1252.9047621096956,True,ok
45.0,beans,A,2023,2,ridge,796.9499069628457,506.5828131615678,1087.3170007641236,729.6711427819811,True,ok
45.0,beans,B,2023,2,ridge,912.631005443151,622.2639116418732,1202.9980992444289,1032.6743570477004,True,ok
51.0,beans,A,2023,2,ridge,460.3840649401661,170.0169711388882,750.751158741444,442.7211935277576,True,ok
51.0,beans,B,2023,2,ridge,467.03078504436775,176.66369124308983,757.3978788456457,664.6152910464535,True,ok
52.0,beans,B,2023,2,ridge,728.8822575482827,438.5151637470048,1019.2493513495606,1064.5154374318447,True,ok
53.0,beans,A,2023,2,ridge,738.0751669539502,447.7080731526723,1028.442260755228,513.5258711697024,True,ok
53.0,beans,B,2023,2,ridge,560.4852618396516,270.11816803837365,850.8523556409295,560.5773063672456,True,ok
54.0,beans,B,2023,2,ridge,546.2923479650182,255.92525416374025,836.6594417662961,664.9715491924494,True,ok
55.0,beans,B,2023,2,ridge,489.5419046412046,199.1748108399267,779.9089984424825,606.5494001619927,True,ok
56.0,beans,A,2023,2,ridge,508.767563232544,218.40046943126606,799.1346570338219,618.3906215259053,True,ok
56.0,beans,B,2023,2,ridge,728.659085834585,438.29199203330705,1019.026179635863,841.5746343384426,True,ok
57.0,beans,B,2023,2,ridge,402.72406177927496,112.35696797799704,693.0911555805528,449.52151333712766,True,ok
21.0,beans,A,2024,2,ridge,496.49429190820985,206.12719810693193,786.8613857094878,371.5167235176715,True,ok
21.0,beans,B,2024,2,ridge,510.13705959761825,219.76996579634033,800.5041533988962,518.9151829107354,True,ok
22.0,beans,A,2024,2,ridge,389.76109878916543,99.39400498788751,680.1281925904434,320.8549530700469,True,ok
22.0,beans,B,2024,2,ridge,632.9488857818388,342.5817919805609,923.3159795831168,608.0802456429035,True,ok
23.0,beans,A,2024,2,ridge,625.9693225782719,335.60222877699397,916.3364163795497,610.2452718668352,True,ok
23.0,beans,B,2024,2,ridge,632.7204597743404,342.35336597306247,923.0875535756184,897.9584895621854,True,ok
24.0,beans,A,2024,2,ridge,564.1350894587945,273.76799565751656,854.5021832600723,404.02341332299517,True,ok
24.0,beans,B,2024,2,ridge,457.7503995326523,167.38330573137438,748.1174933339303,570.2137262663175,True,ok
25.0,beans,A,2024,2,ridge,490.96309656591114,200.59600276463323,781.3301903671891,590.0856226287689,True,ok
25.0,beans,B,2024,2,ridge,473.60241212604416,183.23531832476624,763.9695059273221,576.5471477427519,True,ok
26.0,beans,A,2024,2,ridge,435.6132186483632,145.2461248470853,725.9803124496411,385.79290014437305,True,ok
28.0,beans,A,2024,2,ridge,346.739613949004,56.37252014772611,637.1067077502819,636.1868668338752,True,use_with_caution
28.0,beans,B,2024,2,ridge,497.70332585951013,207.3362320582322,788.070419660788,462.65023021580174,True,ok
31.0,beans,A,2024,2,ridge,771.1204025803644,480.75330877908647,1061.4874963816424,733.8491395871204,True,ok
31.0,beans,B,2024,2,ridge,716.7854517925767,426.4183579912988,1007.1525455938547,1012.8103713665905,True,ok
33.0,beans,A,2024,2,ridge,651.2072761198002,360.8401823185223,941.5743699210782,845.3670323505708,True,ok
33.0,beans,B,2024,2,ridge,565.3374470958792,274.97035329460124,855.7045408971571,765.1801260571068,True,ok
34.0,beans,A,2024,2,ridge,807.903910480631,517.536816679353,1098.271004281909,853.8626205470827,True,ok
35.0,beans,A,2024,2,ridge,670.8285293602772,380.4614355589993,961.1956231615552,750.8095886080445,True,ok
35.0,beans,B,2024,2,ridge,593.8612100177876,303.49411621650967,884.2283038190656,736.8435718128505,True,ok
36.0,beans,B,2024,2,ridge,610.429909097527,320.0628152962491,900.797002898805,702.8129702617878,True,ok
37.0,beans,B,2024,2,ridge,618.0179114481211,327.6508176468432,908.385005249399,603.5605149607999,True,ok
41.0,beans,A,2024,2,ridge,586.0418293541481,295.67473555287023,876.408923155426,811.0935209536116,True,ok
41.0,beans,B,2024,2,ridge,788.7715620108999,498.40446820962194,1079.1386558121778,973.7996319884554,True,ok
42.0,beans,A,2024,2,ridge,724.5459845083342,434.17889070705627,1014.913078309612,679.1337830985763,True,ok
42.0,beans,B,2024,2,ridge,915.4759019360486,625.1088081347707,1205.8429957373264,992.3750803530803,True,ok
43.0,beans,A,2024,2,ridge,927.372573902684,637.0054801014062,1217.739667703962,879.089061632835,True,ok
43.0,beans,B,2024,2,ridge,1056.2714278334472,765.9043340321693,1346.638521634725,1151.045341355653,True,ok
44.0,beans,A,2024,2,ridge,986.1263223976686,695.7592285963906,1276.4934161989465,882.7954390427395,True,ok
44.0,beans,B,2024,2,ridge,1125.98602569927,835.6189318979921,1416.3531195005478,1182.5669602877256,True,ok
45.0,beans,A,2024,2,ridge,767.8910418111066,477.52394800982864,1058.2581356123844,802.6394796510332,True,ok
45.0,beans,B,2024,2,ridge,955.0072661947019,664.6401723934239,1245.3743599959798,884.1299463180432,True,ok
52.0,beans,B,2024,2,ridge,796.3763839483399,506.009290147062,1086.7434777496178,697.387988262925,True,use_with_caution
53.0,beans,A,2024,2,ridge,640.6247821024497,350.25768830117175,930.9918759037275,742.5147891643456,True,ok
53.0,beans,B,2024,2,ridge,538.4758487671379,248.10875496586,828.8429425684158,652.6724766424402,True,ok
54.0,beans,B,2024,2,ridge,516.2916357900111,225.9245419887332,806.6587295912891,814.0257437462234,True,ok
55.0,beans,A,2024,2,ridge,369.3964458555411,79.0293520542632,659.763539656819,508.7597564613849,True,ok
55.0,beans,B,2024,2,ridge,529.4025552327745,239.03546143149657,819.7696490340525,505.33440297213457,True,ok
56.0,beans,A,2024,2,ridge,493.7377202995,203.37062649822207,784.104814100778,619.6409017059796,True,ok
56.0,beans,B,2024,2,ridge,769.2343105216934,478.86721672041546,1059.6014043229713,755.1151177505078,True,ok
57.0,beans,B,2024,2,ridge,398.2494863722762,107.88239257099826,688.6165801735541,541.0099143112012,True,ok
12.0,beans,A,2025,2,ridge,536.3064671733079,245.93937337202993,826.6735609745858,396.91662538576924,True,ok
12.0,beans,B,2025,2,ridge,754.9861987143038,464.61910491302586,1045.3532925155816,478.1656884756898,True,ok
21.0,beans,A,2025,2,ridge,470.1802519842524,179.81315818297446,760.5473457855303,514.828242661823,True,ok
21.0,beans,B,2025,2,ridge,546.2763643628648,255.90927056158688,836.6434581641427,418.7590879606531,True,ok
22.0,beans,B,2025,2,ridge,675.8964314158604,385.5293376145825,966.2635252171383,380.1343322156419,True,ok
23.0,beans,A,2025,2,ridge,636.2847417400249,345.91764793874694,926.6518355413027,648.6858399732744,True,ok
23.0,beans,B,2025,2,ridge,690.0463743444263,399.6792805431484,980.4134681457042,636.2319370273411,True,ok
24.0,beans,A,2025,2,ridge,531.7693089626927,241.40221516141474,822.1364027639706,603.9523302942964,True,ok
24.0,beans,B,2025,2,ridge,517.1589449372236,226.7918511359457,807.5260387385015,367.3017268934273,True,ok
25.0,beans,A,2025,2,ridge,515.1161436787415,224.74904987746362,805.4832374800194,521.194830146367,True,ok
25.0,beans,B,2025,2,ridge,479.00330246902263,188.6362086677447,769.3703962703005,572.8304143923003,True,ok
26.0,beans,A,2025,2,ridge,432.56836844962487,142.20127464834695,722.9354622509028,365.83832847528817,True,ok
26.0,beans,B,2025,2,ridge,629.8481027775855,339.4810089763076,920.2151965788635,499.1640851203819,True,ok
27.0,beans,A,2025,2,ridge,418.888615803853,128.52152200257507,709.255709605131,654.8435814011353,True,ok
27.0,beans,B,2025,2,ridge,575.70470118184,285.33760738056213,866.071794983118,586.8725619939838,True,ok
28.0,beans,A,2025,2,ridge,376.62322384424937,86.25613004297145,666.9903176455273,448.8873999997824,True,ok
28.0,beans,B,2025,2,ridge,532.4178618051671,242.05076800388923,822.784955606445,333.0892004326192,True,ok
31.0,beans,A,2025,2,ridge,770.7707053156289,480.403611514351,1061.1377991169068,772.2864361210098,True,use_with_caution
31.0,beans,B,2025,2,ridge,774.6932289401467,484.3261351388688,1065.0603227414247,778.3580741525152,True,ok
32.0,beans,B,2025,2,ridge,662.5967452294517,372.2296514281738,952.9638390307296,768.8380593267212,True,ok
33.0,beans,A,2025,2,ridge,701.257299689421,410.89020588814304,991.6243934906988,671.9563082972529,True,ok
33.0,beans,B,2025,2,ridge,617.5886700107626,327.2215762094847,907.9557638120405,631.8988678932108,True,ok
34.0,beans,A,2025,2,ridge,798.0690891836934,507.70199538241553,1088.4361829849713,904.420727056187,True,ok
35.0,beans,A,2025,2,ridge,676.9594177313597,386.5923239300818,967.3265115326376,752.002274491179,True,ok
35.0,beans,B,2025,2,ridge,606.022463924322,315.65537012304407,896.3895577255998,720.1061634330072,True,ok
36.0,beans,A,2025,2,ridge,445.03167814506287,154.66458434378495,735.3987719463407,767.2628779845055,True,ok
36.0,beans,B,2025,2,ridge,624.1827097024478,333.8156159011699,914.5498035037258,704.1725107377937,True,ok
37.0,beans,A,2025,2,ridge,524.1182416559685,233.7511478546906,814.4853354572465,954.5175620014845,True,ok
37.0,beans,B,2025,2,ridge,629.8250322461297,339.4579384448518,920.1921260474076,585.4088235683117,True,ok
41.0,beans,A,2025,2,ridge,604.8439413032321,314.4768475019542,895.2110351045101,730.5672881458955,True,ok
41.0,beans,B,2025,2,ridge,831.0558093638253,540.6887155625475,1121.4229031651032,853.4061688413839,True,ok
42.0,beans,A,2025,2,ridge,694.3916474532514,404.02455365197346,984.7587412545292,885.8088378333373,True,ok
42.0,beans,B,2025,2,ridge,948.563623234543,658.1965294332651,1238.9307170358209,881.4090820444385,True,ok
43.0,beans,A,2025,2,ridge,892.6040479576023,602.2369541563244,1182.9711417588803,1034.861423318537,True,ok
43.0,beans,B,2025,2,ridge,1079.7337155045543,789.3666217032765,1370.1008093058322,1034.8128579681936,True,ok
44.0,beans,A,2025,2,ridge,958.7933098600988,668.426216058821,1249.1604036613767,1024.944008381124,True,ok
44.0,beans,B,2025,2,ridge,1134.851715453885,844.4846216526071,1425.2188092551628,1135.2257195346212,True,ok
45.0,beans,A,2025,2,ridge,761.5340398447465,471.1669460434686,1051.9011336460244,806.3633792628747,True,ok
45.0,beans,B,2025,2,ridge,954.5361748160763,664.1690810147984,1244.9032686173541,894.8435892473964,True,ok
51.0,beans,A,2025,2,ridge,389.8790020320091,99.5119082307312,680.246095833287,512.9031030731747,True,ok
51.0,beans,B,2025,2,ridge,548.4037055947297,258.03661179345175,838.7707993960075,432.1697713259053,True,ok
52.0,beans,B,2025,2,ridge,776.3353858792361,485.9682920779582,1066.702479680514,729.341388222946,True,ok
53.0,beans,A,2025,2,ridge,690.2596221754136,399.8925283741357,980.6267159766915,597.8191264192328,True,ok
53.0,beans,B,2025,2,ridge,577.8572255376458,287.4901317363679,868.2243193389238,534.4560990772308,True,ok
54.0,beans,B,2025,2,ridge,624.6638921693516,334.29679836807367,915.0309859706294,544.0481901744342,True,ok
55.0,beans,A,2025,2,ridge,349.2540605770733,58.88696677579537,639.6211543783512,598.4438230793397,True,ok
55.0,beans,B,2025,2,ridge,532.4470484679846,242.07995466670667,822.8141422692624,505.4309223758031,True,ok
56.0,beans,A,2025,2,ridge,491.8690912388794,201.50199743760146,782.2361850401574,602.2877163648919,True,ok
56.0,beans,B,2025,2,ridge,787.7966483077755,497.4295545064976,1078.1637421090534,678.8025136728012,True,ok
57.0,beans,A,2025,2,ridge,386.0562457410791,95.6891519398012,676.4233395423571,386.9859136238421,True,ok
57.0,beans,B,2025,2,ridge,432.97883522882387,142.61174142754595,723.3459290301018,422.8693428532039,True,ok
21.0,beans,A,2019,3,ridge,438.4024190632732,150.63114190627317,726.1736962202733,619.6374048688228,True,ok
22.0,beans,A,2019,3,ridge,333.82912152533277,46.057844368332724,621.6003986823328,484.7402067863524,True,ok
23.0,beans,A,2019,3,ridge,594.2613159366019,306.4900387796019,882.0325930936019,779.7380744947134,True,use_with_caution
24.0,beans,A,2019,3,ridge,533.2397869002439,245.46850974324383,821.0110640572439,519.6327234933982,True,ok
25.0,beans,A,2019,3,ridge,483.6035688817401,195.83229172474006,771.3748460387401,644.3704490955058,True,use_with_caution
26.0,beans,A,2019,3,ridge,408.0639718411675,120.29269468416743,695.8352489981676,422.9720924755827,True,ok
27.0,beans,A,2019,3,ridge,496.599802495141,208.82852533814093,784.371079652141,364.95553633224444,True,ok
28.0,beans,A,2019,3,ridge,397.6488285679284,109.87755141092833,685.4201057249284,294.7658700861436,True,ok
34.0,beans,A,2019,3,ridge,774.2956606879782,486.5243835309781,1062.0669378449782,1010.7052779667449,True,ok
35.0,beans,A,2019,3,ridge,683.317473103133,395.54619594613297,971.0887502601331,655.886373435089,True,ok
36.0,beans,A,2019,3,ridge,555.9340818125274,268.1628046555274,843.7053589695274,460.53444794522557,True,use_with_caution
37.0,beans,A,2019,3,ridge,664.014285519021,376.24300836202093,951.7855626760211,687.3621242639149,True,ok
41.0,beans,A,2019,3,ridge,573.0578547397103,285.2865775827102,860.8291318967104,764.497474888374,True,ok
42.0,beans,A,2019,3,ridge,626.1753896064723,338.4041124494723,913.9466667634724,1121.6692750376585,True,ok
44.0,beans,A,2019,3,ridge,868.2931365493027,580.5218593923028,1156.0644137063027,1351.4105369393735,True,ok
45.0,beans,A,2019,3,ridge,744.2185635966574,456.4472864396574,1031.9898407536575,801.5588380661203,True,ok
52.0,beans,A,2019,3,ridge,547.9578436801675,260.1865665231674,835.7291208371676,718.453788422265,True,ok
53.0,beans,A,2019,3,ridge,586.4802811617593,298.70900400475927,874.2515583187594,853.772418321337,True,ok
55.0,beans,A,2019,3,ridge,428.75226825842685,140.9809911014268,716.523545415427,97.01253696993886,True,use_with_caution
57.0,beans,A,2019,3,ridge,414.2820522379832,126.51077508098314,702.0533293949832,179.28323628366797,True,ok
21.0,beans,A,2020,3,ridge,471.1787603640396,183.40748320703955,758.9500375210396,489.1856610915736,True,ok
21.0,beans,B,2020,3,ridge,484.94392294368095,197.1726457866809,772.7152001006809,643.8040942201189,True,ok
22.0,beans,A,2020,3,ridge,355.95791412490485,68.1866369679048,643.7291912819048,403.9809923052138,True,ok
22.0,beans,B,2020,3,ridge,624.4959243659989,336.7246472089989,912.2672015229989,605.1067768391038,True,ok
23.0,beans,A,2020,3,ridge,629.728843833084,341.957566676084,917.500120990084,579.7426625557179,True,ok
23.0,beans,B,2020,3,ridge,685.4336311628673,397.66235400586726,973.2049083198674,676.3119637607537,True,ok
24.0,beans,A,2020,3,ridge,480.3031403890984,192.53186323209837,768.0744175460984,821.1798786620533,True,ok
24.0,beans,B,2020,3,ridge,503.3941697402027,215.62289258320266,791.1654468972027,411.7721534803894,True,ok
25.0,beans,A,2020,3,ridge,517.6468910200958,229.8756138630958,805.4181681770958,420.3821582192654,True,ok
25.0,beans,B,2020,3,ridge,519.7210037617915,231.94972660479146,807.4922809187915,428.07016360166745,True,ok
26.0,beans,A,2020,3,ridge,403.5482512548358,115.77697409783576,691.3195284118358,495.57931093779325,True,ok
26.0,beans,B,2020,3,ridge,573.4465793537745,285.67530219677445,861.2178565107745,622.1185189965653,True,ok
27.0,beans,A,2020,3,ridge,479.97414135731196,192.20286420031192,767.745418514312,447.9236478638276,True,ok
28.0,beans,A,2020,3,ridge,379.8236094968709,92.05233233987087,667.594886653871,424.7185172425853,True,ok
28.0,beans,B,2020,3,ridge,471.2106038798441,183.43932672284404,758.9818810368441,526.9222915356318,True,ok
31.0,beans,A,2020,3,ridge,753.3116095373899,465.5403323803899,1041.08288669439,747.3422583504642,True,ok
31.0,beans,B,2020,3,ridge,785.3159216001434,497.54464444314334,1073.0871987571434,684.470960651498,True,ok
32.0,beans,B,2020,3,ridge,641.4653306028936,353.69405344589353,929.2366077598936,808.9269975287929,True,ok
33.0,beans,A,2020,3,ridge,688.3731773409253,400.60190018392524,976.1444544979254,667.9757689057253,True,ok
33.0,beans,B,2020,3,ridge,588.6879444696399,300.91666731263985,876.4592216266399,702.7714628133276,True,ok
34.0,beans,A,2020,3,ridge,820.0754163707575,532.3041392137575,1107.8466935277575,695.6480124251204,True,ok
35.0,beans,A,2020,3,ridge,707.3258863454959,419.5546091884958,995.097163502496,520.4495994183198,True,ok
36.0,beans,A,2020,3,ridge,570.7407374065912,282.9694602495911,858.5120145635913,368.5905832469865,True,use_with_caution
36.0,beans,B,2020,3,ridge,642.4412000603725,354.6699229033724,930.2124772173725,630.8916389556109,True,ok
37.0,beans,A,2020,3,ridge,813.6976720741054,525.9263949171054,1101.4689492311054,356.38247263189714,True,use_with_caution
37.0,beans,B,2020,3,ridge,631.4894157321237,343.71813857512365,919.2606928891237,616.406456270704,True,ok
41.0,beans,A,2020,3,ridge,616.6211165453516,328.84983938835154,904.3923937023517,563.366221250828,True,ok
41.0,beans,B,2020,3,ridge,837.4486965037306,549.6774193467306,1125.2199736607306,692.3544124532317,True,ok
42.0,beans,A,2020,3,ridge,748.1081429464999,460.3368657894999,1035.8794201035,453.1014753227639,True,ok
42.0,beans,B,2020,3,ridge,932.1939591702195,644.4226820132194,1219.9652363272196,812.8980119838817,True,ok
43.0,beans,A,2020,3,ridge,907.273772142679,619.502494985679,1195.045049299679,815.0589056054384,True,ok
43.0,beans,B,2020,3,ridge,1067.6594882875727,779.8882111305727,1355.4307654445727,981.2169649921904,True,ok
44.0,beans,A,2020,3,ridge,957.9656689568851,670.1943917998851,1245.736946113885,815.3762934156711,True,ok
44.0,beans,B,2020,3,ridge,1156.1963720108506,868.4250948538506,1443.9676491678506,890.3783860541465,True,ok
45.0,beans,A,2020,3,ridge,780.8521509848143,493.0808738278143,1068.6234281418144,597.3695054639635,True,ok
45.0,beans,B,2020,3,ridge,924.4912485407361,636.719971383736,1212.2625256977362,965.756511297383,True,ok
51.0,beans,A,2020,3,ridge,449.8513505187643,162.08007336176428,737.6226276757643,370.05768681000785,True,ok
51.0,beans,B,2020,3,ridge,517.6835422564576,229.91226509945756,805.4548194134577,501.5770485847095,True,use_with_caution
52.0,beans,B,2020,3,ridge,794.2724615038672,506.5011843468672,1082.0437386608673,675.4446425123492,True,ok
53.0,beans,B,2020,3,ridge,552.0683972758321,264.2971201188321,839.8396744328322,687.2164164780891,True,ok
55.0,beans,A,2020,3,ridge,360.4765821320014,72.70530497500135,648.2478592890014,510.43825933533907,True,ok
55.0,beans,B,2020,3,ridge,522.4116820724124,234.64040491541238,810.1829592294125,549.0061141973023,True,ok
56.0,beans,A,2020,3,ridge,511.91575862945524,224.1444814724552,799.6870357864552,416.9230887355549,True,use_with_caution
56.0,beans,B,2020,3,ridge,764.199329460032,476.42805230303196,1051.970606617032,734.2013954085942,True,ok
57.0,beans,A,2020,3,ridge,333.6900584780136,45.91878132101357,621.4613356350137,556.8209055380959,True,use_with_caution
57.0,beans,B,2020,3,ridge,421.4473446261104,133.67606746911036,709.2186217831104,437.19428391997576,True,ok
12.0,beans,A,2021,3,ridge,461.0317869232934,173.26050976629335,748.8030640802934,557.8416362203419,True,ok
12.0,beans,B,2021,3,ridge,619.670111777555,331.89883462055496,907.4413889345551,743.3721240707339,True,ok
21.0,beans,A,2021,3,ridge,480.2284222552372,192.45714509823716,767.9996994122373,508.6877438968085,True,ok
21.0,beans,B,2021,3,ridge,532.0381699753196,244.2668928183196,819.8094471323197,489.6727471008479,True,ok
22.0,beans,A,2021,3,ridge,375.6009384183179,87.82966126131788,663.372215575318,331.3385176775941,True,ok
22.0,beans,B,2021,3,ridge,628.9589810983188,341.1877039413187,916.7302582553189,593.0309052305629,True,ok
23.0,beans,A,2021,3,ridge,650.1939325591119,362.42265540211184,937.965209716112,466.6503895238207,True,ok
23.0,beans,B,2021,3,ridge,667.8622472668596,380.0909701098596,955.6335244238596,667.2050841028863,True,ok
24.0,beans,A,2021,3,ridge,545.5621963752435,257.79091921824346,833.3334735322435,508.24320681169667,True,ok
24.0,beans,B,2021,3,ridge,478.69812352966625,190.9268463726662,766.4694006866663,503.38413045434214,True,ok
25.0,beans,A,2021,3,ridge,512.8702740561146,225.09899689911452,800.6415512131146,441.6240324761577,True,ok
25.0,beans,B,2021,3,ridge,492.9561797832126,205.18490262621253,780.7274569402126,441.1102969548753,True,ok
26.0,beans,A,2021,3,ridge,429.98256491534084,142.2112877583408,717.7538420723408,411.2960655400498,True,ok
26.0,beans,B,2021,3,ridge,622.9965529983174,335.22527584131734,910.7678301553174,489.56745063007,True,ok
27.0,beans,A,2021,3,ridge,483.2977112727588,195.52643411575878,771.0689884297589,447.27803476914715,True,ok
27.0,beans,B,2021,3,ridge,582.081813629772,294.31053647277196,869.8530907867721,563.7786764156778,True,ok
28.0,beans,A,2021,3,ridge,394.8118355447226,107.04055838772257,682.5831127017227,391.19809944028964,True,ok
28.0,beans,B,2021,3,ridge,501.24686107180815,213.4755839148081,789.0181382288082,452.2834175611935,True,ok
31.0,beans,B,2021,3,ridge,808.7064363816067,520.9351592246067,1096.4777135386068,500.9892064533508,True,ok
32.0,beans,B,2021,3,ridge,706.4662171124078,418.69493995540773,994.2374942694078,576.7783647080919,True,ok
33.0,beans,A,2021,3,ridge,713.7328447650169,425.9615676080169,1001.504121922017,570.0130953980276,True,ok
33.0,beans,B,2021,3,ridge,621.6975160389325,333.9262388819324,909.4687931959324,478.9420781178559,True,ok
34.0,beans,A,2021,3,ridge,857.1571390872069,569.3858619302068,1144.928416244207,463.84104623345996,True,ok
35.0,beans,A,2021,3,ridge,688.4652314109602,400.69395425396016,976.2365085679603,619.1342729651026,True,ok
35.0,beans,B,2021,3,ridge,645.8073770816636,358.0360999246636,933.5786542386636,449.1028781371135,True,ok
36.0,beans,B,2021,3,ridge,650.1935223417614,362.4222451847614,937.9647994987615,493.65953941446367,True,ok
37.0,beans,B,2021,3,ridge,642.6365792745937,354.86530211759367,930.4078564315937,459.0727527985817,True,ok
41.0,beans,A,2021,3,ridge,649.2069785075012,361.4357013505011,936.9782556645011,406.9625297188873,True,ok
41.0,beans,B,2021,3,ridge,844.6889115894796,556.9176344324796,1132.4601887464796,699.9808459995529,True,ok
42.0,beans,A,2021,3,ridge,714.8586140463276,427.08733688932756,1002.6298912033276,679.0400328452753,True,ok
42.0,beans,B,2021,3,ridge,938.344227670153,650.572950513153,1226.115504827153,790.5863501907878,True,ok
43.0,beans,A,2021,3,ridge,922.5274723551233,634.7561951981234,1210.2987495121233,783.568874727607,True,ok
43.0,beans,B,2021,3,ridge,1056.3377325160222,768.5664553590223,1344.1090096730222,951.3544976734252,True,ok
44.0,beans,A,2021,3,ridge,1012.0701005063976,724.2988233493975,1299.8413776633977,583.8590446808932,True,ok
44.0,beans,B,2021,3,ridge,1125.1651126391869,837.3938354821869,1412.9363897961869,1013.0877910987398,True,ok
45.0,beans,A,2021,3,ridge,753.5795495825854,465.80827242558536,1041.3508267395855,832.7952464200988,True,ok
45.0,beans,B,2021,3,ridge,960.9390122809247,673.1677351239246,1248.7102894379248,844.2429556221043,True,ok
51.0,beans,B,2021,3,ridge,533.7973693699421,246.02609221294205,821.5686465269421,457.24464844796006,True,ok
52.0,beans,B,2021,3,ridge,799.3126353164113,511.54135815941123,1087.0839124734114,642.976378830537,True,ok
53.0,beans,B,2021,3,ridge,583.9535121466615,296.1822349896615,871.7247893036615,534.763722020416,True,ok
54.0,beans,B,2021,3,ridge,679.977378019699,392.206100862699,967.748655176699,368.8230421540028,True,ok
55.0,beans,A,2021,3,ridge,394.31928899430153,106.54801183730149,682.0905661513016,401.7873114427177,True,ok
55.0,beans,B,2021,3,ridge,521.7470199477349,233.97574279073484,809.518297104735,584.0520418273522,True,ok
56.0,beans,A,2021,3,ridge,545.5158387785264,257.7445616215263,833.2871159355263,365.19559459502426,True,ok
56.0,beans,B,2021,3,ridge,775.5314203250939,487.76014316809386,1063.302697482094,730.9308886678668,True,ok
57.0,beans,A,2021,3,ridge,350.1090642926476,62.337787135647545,637.8803414496476,546.0131227350576,True,ok
57.0,beans,B,2021,3,ridge,443.77861423959166,156.00733708259162,731.5498913965916,362.2824083177672,True,ok
22.0,beans,A,2022,3,ridge,363.5251858525262,75.75390869552615,651.2964630095262,403.187058914935,True,ok
22.0,beans,B,2022,3,ridge,616.2537144030495,328.4824372460494,904.0249915600496,646.909664003389,True,ok
23.0,beans,A,2022,3,ridge,632.5234370275218,344.7521598705218,920.2947141845218,610.2253771732477,True,ok
23.0,beans,B,2022,3,ridge,692.3139168591815,404.5426397021815,980.0851940161815,506.5332129125367,True,ok
25.0,beans,A,2022,3,ridge,494.6420529965497,206.87077583954965,782.4133301535497,561.4026592578149,True,ok
25.0,beans,B,2022,3,ridge,487.66389828370126,199.89262112670121,775.4351754407013,403.271101532528,True,ok
26.0,beans,A,2022,3,ridge,378.24196738861684,90.4706902316168,666.0132445456169,684.7895939402856,True,ok
31.0,beans,A,2022,3,ridge,754.3936538333018,466.6223766763017,1042.1649309903019,761.3897839272353,True,ok
31.0,beans,B,2022,3,ridge,734.2914608383322,446.5201836813322,1022.0627379953323,830.9060370638459,True,ok
33.0,beans,A,2022,3,ridge,704.6980958132542,416.92681865625417,992.4693729702542,619.6150208082445,True,ok
33.0,beans,B,2022,3,ridge,594.9634483916867,307.19217123468667,882.7347255486868,579.7526250279614,True,ok
34.0,beans,A,2022,3,ridge,847.0961550388106,559.3248778818106,1134.8674321958106,595.4296850193938,True,ok
35.0,beans,A,2022,3,ridge,656.0028114965897,368.2315343395897,943.7740886535898,816.7576201174022,True,ok
35.0,beans,B,2022,3,ridge,621.8068347289102,334.03555757191015,909.5781118859102,548.3912707002257,True,ok
36.0,beans,B,2022,3,ridge,633.0968099387677,345.32553278176766,920.8680870957678,552.446503595374,True,ok
37.0,beans,B,2022,3,ridge,585.2315673985122,297.46029024151215,873.0028445555122,751.5243369886863,True,ok
41.0,beans,A,2022,3,ridge,632.8628240196975,345.0915468626975,920.6341011766976,527.4204177691764,True,ok
41.0,beans,B,2022,3,ridge,805.9169065934286,518.1456294364286,1093.6881837504286,870.0964805743428,True,ok
42.0,beans,A,2022,3,ridge,729.0834439783989,441.3121668213989,1016.8547211353989,648.1837391801954,True,ok
42.0,beans,B,2022,3,ridge,883.5290635516154,595.7577863946153,1171.3003407086155,1086.5063887263952,True,ok
43.0,beans,A,2022,3,ridge,895.3918585276652,607.6205813706651,1183.1631356846653,990.1275329514121,True,ok
43.0,beans,B,2022,3,ridge,1075.2117784452155,787.4405012882155,1362.9830556022155,910.5000811157668,True,ok
44.0,beans,A,2022,3,ridge,990.0104077745166,702.2391306175166,1277.7816849315166,783.1740636695346,True,ok
44.0,beans,B,2022,3,ridge,1108.5375701272337,820.7662929702337,1396.3088472842337,1199.6608433369024,True,ok
45.0,beans,A,2022,3,ridge,776.4189513546108,488.6476741976108,1064.190228511611,764.7666453561189,True,ok
45.0,beans,B,2022,3,ridge,937.2120306631768,649.4407535061769,1224.9833078201768,983.2769502472865,True,ok
52.0,beans,A,2022,3,ridge,704.5194465882156,416.74816943121556,992.2907237452157,579.5546599128365,True,ok
52.0,beans,B,2022,3,ridge,759.5834142474048,471.81213709040475,1047.3546914044048,838.4882558678447,True,ok
53.0,beans,B,2022,3,ridge,593.3391995984115,305.56792244141144,881.1104767554116,453.3610518574898,True,ok
55.0,beans,A,2022,3,ridge,389.4524544610351,101.68117730403503,677.2237316180351,339.58058723940655,True,use_with_caution
55.0,beans,B,2022,3,ridge,547.3240911136962,259.5528139566962,835.0953682706963,420.5472495489038,True,ok
56.0,beans,A,2022,3,ridge,505.0224619396082,217.25118478260816,792.7937390966083,498.85653381437953,True,use_with_caution
56.0,beans,B,2022,3,ridge,753.1370783415861,465.365801184586,1040.9083554985862,837.0733891924278,True,ok
57.0,beans,A,2022,3,ridge,377.6655393131112,89.89426215611115,665.4368164701112,339.3480763120284,True,use_with_caution
57.0,beans,B,2022,3,ridge,419.0873835889058,131.31610643190578,706.8586607459058,405.7924743852916,True,use_with_caution
12.0,beans,A,2023,3,ridge,454.193507409964,166.42223025296397,741.964784566964,543.1236660818237,True,ok
12.0,beans,B,2023,3,ridge,605.2285629596587,317.45728580265865,892.9998401166588,753.2615579698407,True,ok
21.0,beans,A,2023,3,ridge,473.90130685999077,186.13002970299073,761.6725840169909,434.99377053225084,True,ok
21.0,beans,B,2023,3,ridge,523.2171527298747,235.44587557287463,810.9884298868747,517.4754767311985,True,ok
22.0,beans,A,2023,3,ridge,368.96829480679116,81.19701764979112,656.7395719637911,290.1344118082574,True,ok
22.0,beans,B,2023,3,ridge,582.2018342710631,294.4305571140631,869.9731114280632,850.65130658168,True,ok
23.0,beans,A,2023,3,ridge,604.5863172348492,316.8150400778491,892.3575943918493,680.2276416302495,True,ok
23.0,beans,B,2023,3,ridge,700.7012669323466,412.92998977534654,988.4725440893467,590.6125593605717,True,ok
24.0,beans,A,2023,3,ridge,547.9021152902471,260.1308381332471,835.6733924472471,420.0460704751517,True,ok
24.0,beans,B,2023,3,ridge,469.5159490253116,181.74467186831157,757.2872261823117,535.6666099310996,True,ok
25.0,beans,A,2023,3,ridge,513.8314241916921,226.06014703469208,801.6027013486921,425.8680595566155,True,ok
25.0,beans,B,2023,3,ridge,512.8340936862196,225.06281652921956,800.6053708432196,506.0788012899783,True,ok
26.0,beans,A,2023,3,ridge,440.00284091222034,152.2315637552203,727.7741180692203,265.1147502476002,True,use_with_caution
26.0,beans,B,2023,3,ridge,549.1687916370533,261.3975144800533,836.9400687940533,751.6845966664911,True,ok
28.0,beans,A,2023,3,ridge,412.1283614983337,124.35708434133363,699.8996386553338,225.23407252546866,True,use_with_caution
28.0,beans,B,2023,3,ridge,438.8630795879568,151.09180243095676,726.6343567449569,693.6588092537264,True,ok
31.0,beans,A,2023,3,ridge,751.9956632923187,464.22438613531864,1039.7669404493188,804.3140764560447,True,ok
31.0,beans,B,2023,3,ridge,793.4469342938752,505.67565713687515,1081.2182114508753,759.7565767598445,True,ok
32.0,beans,B,2023,3,ridge,742.438893909096,454.66761675209597,1030.210171066096,562.6499655702936,True,ok
33.0,beans,A,2023,3,ridge,671.1214014576602,383.3501243006602,958.8926786146603,796.3130123203575,True,ok
33.0,beans,B,2023,3,ridge,648.5250833413439,360.7538061843439,936.296360498344,497.4042138184814,True,ok
34.0,beans,A,2023,3,ridge,767.5796554885649,479.8083783315648,1055.3509326455649,1098.029163536528,True,ok
35.0,beans,A,2023,3,ridge,673.2599087184904,385.4886315614903,961.0311858754903,702.8239283197457,True,ok
35.0,beans,B,2023,3,ridge,633.3463141306729,345.57503697367287,921.1175912876729,637.9829985161788,True,use_with_caution
36.0,beans,A,2023,3,ridge,527.088412715712,239.31713555871198,814.8596898727121,497.0167031963794,True,use_with_caution
36.0,beans,B,2023,3,ridge,652.0988101932569,364.32753303625685,939.8700873502569,654.4318578594581,True,ok
37.0,beans,B,2023,3,ridge,645.1067233484964,357.3354461914964,932.8780005054964,665.0696785492237,True,ok
41.0,beans,A,2023,3,ridge,635.3143390074835,347.5430618504834,923.0856161644836,514.0571902696358,True,ok
41.0,beans,B,2023,3,ridge,840.982187241673,553.2109100846731,1128.753464398673,803.7400829182644,True,ok
42.0,beans,A,2023,3,ridge,755.7946505699205,468.0233734129204,1043.5659277269206,506.0932314127646,True,ok
42.0,beans,B,2023,3,ridge,951.0481580206888,663.2768808636888,1238.8194351776888,925.7772432824191,True,ok
43.0,beans,A,2023,3,ridge,920.5639482110131,632.792671054013,1208.3352253680132,835.7690223799259,True,ok
43.0,beans,B,2023,3,ridge,1045.7179587534079,757.9466815964079,1333.4892359104078,1224.2942485024867,True,ok
44.0,beans,A,2023,3,ridge,924.7665785651859,636.9953014081859,1212.537855722186,1164.0278202576249,True,ok
44.0,beans,B,2023,3,ridge,1124.5172420963936,836.7459649393936,1412.2885192533936,1252.9047621096956,True,ok
45.0,beans,A,2023,3,ridge,773.0290138157548,485.2577366587547,1060.8002909727547,729.6711427819811,True,ok
45.0,beans,B,2023,3,ridge,945.5002841079155,657.7290069509154,1233.2715612649156,1032.6743570477004,True,ok
51.0,beans,A,2023,3,ridge,422.24456031658235,134.4732831595823,710.0158374735825,442.7211935277576,True,ok
51.0,beans,B,2023,3,ridge,475.4826701122468,187.71139295524677,763.2539472692469,664.6152910464535,True,ok
52.0,beans,B,2023,3,ridge,733.0322638171772,445.26098666017714,1020.8035409741772,1064.5154374318447,True,ok
53.0,beans,A,2023,3,ridge,715.4222374803571,427.6509603233571,1003.1935146373571,513.5258711697024,True,ok
53.0,beans,B,2023,3,ridge,572.9751067932401,285.2038296362401,860.7463839502402,560.5773063672456,True,ok
54.0,beans,B,2023,3,ridge,559.3403160563118,271.5690388993118,847.1115932133118,664.9715491924494,True,ok
55.0,beans,B,2023,3,ridge,506.14917149989344,218.3778943428934,793.9204486568935,606.5494001619927,True,ok
56.0,beans,A,2023,3,ridge,479.84653362239163,192.0752564653916,767.6178107793917,618.3906215259053,True,ok
56.0,beans,B,2023,3,ridge,749.4741123367843,461.70283517978424,1037.2453894937844,841.5746343384426,True,ok
57.0,beans,B,2023,3,ridge,418.8861655487564,131.11488839175638,706.6574427057565,449.52151333712766,True,ok
21.0,beans,A,2024,3,ridge,476.1414690991653,188.37019194216526,763.9127462561653,371.5167235176715,True,ok
21.0,beans,B,2024,3,ridge,504.73605461026017,216.96477745326013,792.5073317672602,518.9151829107354,True,ok
22.0,beans,A,2024,3,ridge,370.9038943787184,83.13261722171836,658.6751715357184,320.8549530700469,True,ok
22.0,beans,B,2024,3,ridge,623.7316685282027,335.96039137120266,911.5029456852028,608.0802456429035,True,ok
23.0,beans,A,2024,3,ridge,615.5387575527483,327.76748039574824,903.3100347097484,610.2452718668352,True,ok
23.0,beans,B,2024,3,ridge,637.6175580053477,349.8462808483477,925.3888351623477,897.9584895621854,True,ok
24.0,beans,A,2024,3,ridge,550.032372254007,262.26109509700694,837.803649411007,404.02341332299517,True,ok
24.0,beans,B,2024,3,ridge,460.56617531814544,172.7948981611454,748.3374524751455,570.2137262663175,True,ok
25.0,beans,A,2024,3,ridge,477.7338626380164,189.96258548101633,765.5051397950165,590.0856226287689,True,ok
25.0,beans,B,2024,3,ridge,476.6507489673297,188.87947181032968,764.4220261243297,576.5471477427519,True,ok
26.0,beans,A,2024,3,ridge,408.8456282400945,121.07435108309448,696.6169053970946,385.79290014437305,True,ok
28.0,beans,A,2024,3,ridge,324.09000544546046,36.31872828846042,611.8612826024605,636.1868668338752,True,use_with_caution
28.0,beans,B,2024,3,ridge,483.42386621710426,195.65258906010422,771.1951433741043,462.65023021580174,True,ok
31.0,beans,A,2024,3,ridge,743.3580147268714,455.58673756987133,1031.1292918838715,733.8491395871204,True,ok
31.0,beans,B,2024,3,ridge,702.0642448496659,414.29296769266585,989.835522006666,1012.8103713665905,True,ok
33.0,beans,A,2024,3,ridge,642.1449557976972,354.37367864069716,929.9162329546973,845.3670323505708,True,ok
33.0,beans,B,2024,3,ridge,553.5714811511783,265.8002039941783,841.3427583081784,765.1801260571068,True,ok
34.0,beans,A,2024,3,ridge,803.698960449805,515.9276832928049,1091.470237606805,853.8626205470827,True,ok
35.0,beans,A,2024,3,ridge,659.6240707180749,371.85279356107486,947.395347875075,750.8095886080445,True,ok
35.0,beans,B,2024,3,ridge,585.0546721123534,297.28339495535334,872.8259492693535,736.8435718128505,True,ok
36.0,beans,B,2024,3,ridge,604.9791957748755,317.20791861787546,892.7504729318755,702.8129702617878,True,ok
37.0,beans,B,2024,3,ridge,610.9465490775561,323.1752719205561,898.7178262345562,603.5605149607999,True,ok
41.0,beans,A,2024,3,ridge,570.6445110705652,282.8732339135651,858.4157882275651,811.0935209536116,True,ok
41.0,beans,B,2024,3,ridge,777.2517185853404,489.4804414283404,1065.0229957423405,973.7996319884554,True,ok
42.0,beans,A,2024,3,ridge,708.3483764163932,420.57709925939315,996.1196535733932,679.1337830985763,True,ok
42.0,beans,B,2024,3,ridge,902.0000616020266,614.2287844450266,1189.7713387590265,992.3750803530803,True,ok
43.0,beans,A,2024,3,ridge,919.6233954093392,631.8521182523391,1207.3946725663393,879.089061632835,True,ok
43.0,beans,B,2024,3,ridge,1040.7317180515192,752.9604408945193,1328.5029952085192,1151.045341355653,True,ok
44.0,beans,A,2024,3,ridge,965.639967006837,677.868689849837,1253.411244163837,882.7954390427395,True,ok
44.0,beans,B,2024,3,ridge,1102.2601502644852,814.4888731074852,1390.0314274214852,1182.5669602877256,True,ok
45.0,beans,A,2024,3,ridge,746.3128645483678,458.5415873913677,1034.0841417053678,802.6394796510332,True,ok
45.0,beans,B,2024,3,ridge,935.5175146307706,647.7462374737706,1223.2887917877706,884.1299463180432,True,ok
52.0,beans,B,2024,3,ridge,766.8824353349603,479.11115817796025,1054.6537124919603,697.387988262925,True,use_with_caution
53.0,beans,A,2024,3,ridge,630.812717915069,343.041440758069,918.583995072069,742.5147891643456,True,ok
53.0,beans,B,2024,3,ridge,520.9381112044402,233.1668340474402,808.7093883614402,652.6724766424402,True,ok
54.0,beans,B,2024,3,ridge,497.5639013355824,209.79262417858234,785.3351784925824,814.0257437462234,True,ok
55.0,beans,A,2024,3,ridge,346.7262868126834,58.95500965568334,634.4975639696834,508.7597564613849,True,ok
55.0,beans,B,2024,3,ridge,514.7205077146149,226.94923055761484,802.491784871615,505.33440297213457,True,ok
56.0,beans,A,2024,3,ridge,471.0560075015223,183.28473034452225,758.8272846585223,619.6409017059796,True,ok
56.0,beans,B,2024,3,ridge,748.063755076312,460.2924779193119,1035.835032233312,755.1151177505078,True,ok
57.0,beans,B,2024,3,ridge,384.02827717822254,96.2570000212225,671.7995543352226,541.0099143112012,True,ok
12.0,beans,A,2025,3,ridge,529.3565714847999,241.5852943277999,817.1278486418,396.91662538576924,True,ok
12.0,beans,B,2025,3,ridge,747.3114662052978,459.5401890482978,1035.0827433622978,478.1656884756898,True,ok
21.0,beans,A,2025,3,ridge,476.94799679012164,189.1767196331216,764.7192739471217,514.828242661823,True,ok
21.0,beans,B,2025,3,ridge,544.2191539325141,256.4478767755141,831.9904310895142,418.7590879606531,True,ok
22.0,beans,B,2025,3,ridge,674.4504363511783,386.6791591941782,962.2217135081783,380.1343322156419,True,ok
23.0,beans,A,2025,3,ridge,644.1745060465371,356.40322888953705,931.9457832035371,648.6858399732744,True,ok
23.0,beans,B,2025,3,ridge,677.099966773073,389.32868961607295,964.871243930073,636.2319370273411,True,ok
24.0,beans,A,2025,3,ridge,540.2882453451755,252.51696818817544,828.0595225021755,603.9523302942964,True,ok
24.0,beans,B,2025,3,ridge,512.3996667734416,224.62838961644155,800.1709439304416,367.3017268934273,True,ok
25.0,beans,A,2025,3,ridge,519.9236454187021,232.15236826170207,807.6949225757021,521.194830146367,True,ok
25.0,beans,B,2025,3,ridge,470.8833139570534,183.11203680005337,758.6545911140535,572.8304143923003,True,ok
26.0,beans,A,2025,3,ridge,436.4397627439765,148.66848558697643,724.2110399009765,365.83832847528817,True,ok
26.0,beans,B,2025,3,ridge,620.9776961912793,333.20641903427924,908.7489733482794,499.1640851203819,True,ok
27.0,beans,A,2025,3,ridge,427.1531029017402,139.38182574474018,714.9243800587403,654.8435814011353,True,ok
27.0,beans,B,2025,3,ridge,567.6909460428454,279.9196688858454,855.4622231998455,586.8725619939838,True,ok
28.0,beans,A,2025,3,ridge,381.07602408388743,93.30474692688739,668.8473012408874,448.8873999997824,True,ok
28.0,beans,B,2025,3,ridge,528.7279532788353,240.9566761218353,816.4992304358354,333.0892004326192,True,ok
31.0,beans,A,2025,3,ridge,773.6373177968082,485.8660406398082,1061.4085949538082,772.2864361210098,True,use_with_caution
31.0,beans,B,2025,3,ridge,770.7979325456172,483.02665538861714,1058.5692097026172,778.3580741525152,True,ok
32.0,beans,B,2025,3,ridge,653.1013058878386,365.3300287308386,940.8725830448386,768.8380593267212,True,ok
33.0,beans,A,2025,3,ridge,709.0885046793752,421.31722752237516,996.8597818363753,671.9563082972529,True,ok
33.0,beans,B,2025,3,ridge,621.7546692881132,333.98339213111313,909.5259464451133,631.8988678932108,True,ok
34.0,beans,A,2025,3,ridge,804.1495374278774,516.3782602708773,1091.9208145848775,904.420727056187,True,ok
35.0,beans,A,2025,3,ridge,685.102631587816,397.3313544308159,972.8739087448159,752.002274491179,True,ok
35.0,beans,B,2025,3,ridge,592.585937122079,304.814659965079,880.357214279079,720.1061634330072,True,ok
36.0,beans,A,2025,3,ridge,456.1914746689549,168.42019751195488,743.9627518259549,767.2628779845055,True,ok
36.0,beans,B,2025,3,ridge,628.9357640327809,341.1644868757808,916.707041189781,704.1725107377937,True,ok
37.0,beans,A,2025,3,ridge,527.7910823240634,240.01980516706334,815.5623594810634,954.5175620014845,True,ok
37.0,beans,B,2025,3,ridge,633.8228033178762,346.0515261608761,921.5940804748761,585.4088235683117,True,ok
41.0,beans,A,2025,3,ridge,607.2971920669662,319.52591490996616,895.0684692239663,730.5672881458955,True,ok
41.0,beans,B,2025,3,ridge,820.6891951229196,532.9179179659195,1108.4604722799197,853.4061688413839,True,ok
42.0,beans,A,2025,3,ridge,703.3475948363141,415.57631767931406,991.1188719933141,885.8088378333373,True,ok
42.0,beans,B,2025,3,ridge,941.9038600295291,654.1325828725292,1229.6751371865291,881.4090820444385,True,ok
43.0,beans,A,2025,3,ridge,894.3915283802323,606.6202512232323,1182.1628055372323,1034.861423318537,True,ok
43.0,beans,B,2025,3,ridge,1061.2496551052543,773.4783779482543,1349.0209322622543,1034.8128579681936,True,ok
44.0,beans,A,2025,3,ridge,959.4183569300536,671.6470797730535,1247.1896340870537,1024.944008381124,True,ok
44.0,beans,B,2025,3,ridge,1119.58917555989,831.81789840289,1407.36045271689,1135.2257195346212,True,ok
45.0,beans,A,2025,3,ridge,767.1355588652794,479.3642817082794,1054.9068360222795,806.3633792628747,True,ok
45.0,beans,B,2025,3,ridge,950.8253609542243,663.0540837972242,1238.5966381112244,894.8435892473964,True,ok
51.0,beans,A,2025,3,ridge,384.9225220340364,97.15124487703633,672.6937991910364,512.9031030731747,True,ok
51.0,beans,B,2025,3,ridge,551.4448522578956,263.67357510089556,839.2161294148957,432.1697713259053,True,ok
52.0,beans,B,2025,3,ridge,788.8532614614836,501.08198430448357,1076.6245386184837,729.341388222946,True,ok
53.0,beans,A,2025,3,ridge,691.68769879522,403.9164216382199,979.45897595222,597.8191264192328,True,ok
53.0,beans,B,2025,3,ridge,583.6538040207902,295.88252686379013,871.4250811777902,534.4560990772308,True,ok
54.0,beans,B,2025,3,ridge,625.8388070110667,338.06752985406666,913.6100841680668,544.0481901744342,True,ok
55.0,beans,A,2025,3,ridge,346.9208149150407,59.14953775804065,634.6920920720407,598.4438230793397,True,ok
55.0,beans,B,2025,3,ridge,538.4248586205169,250.6535814635169,826.1961357775169,505.4309223758031,True,ok
56.0,beans,A,2025,3,ridge,489.9960074744006,202.22473031740054,777.7672846314006,602.2877163648919,True,ok
56.0,beans,B,2025,3,ridge,788.8148191433747,501.0435419863747,1076.5860963003747,678.8025136728012,True,ok
57.0,beans,A,2025,3,ridge,383.64135109769927,95.87007394069923,671.4126282546993,386.9859136238421,True,ok
57.0,beans,B,2025,3,ridge,433.81544807512927,146.04417091812923,721.5867252321293,422.8693428532039,True,ok
21.0,beans,A,2019,4,ridge,451.0343658120404,161.98411187463967,740.0846197494411,619.6374048688228,True,ok
22.0,beans,A,2019,4,ridge,345.48871109395054,56.438457156549816,634.5389650313513,484.7402067863524,True,ok
23.0,beans,A,2019,4,ridge,593.6820228722879,304.6317689348872,882.7322768096886,779.7380744947134,True,use_with_caution
24.0,beans,A,2019,4,ridge,541.3976969497355,252.3474430123348,830.4479508871362,519.6327234933982,True,ok
25.0,beans,A,2019,4,ridge,486.1638797404684,197.1136258030677,775.2141336778691,644.3704490955058,True,use_with_caution
26.0,beans,A,2019,4,ridge,418.221634176924,129.17138023952327,707.2718881143247,422.9720924755827,True,ok
27.0,beans,A,2019,4,ridge,503.6727274687385,214.6224735313378,792.7229814061393,364.95553633224444,True,ok
28.0,beans,A,2019,4,ridge,411.6440036111088,122.59374967370809,700.6942575485095,294.7658700861436,True,ok
34.0,beans,A,2019,4,ridge,772.9119854904313,483.8617315530306,1061.9622394278322,1010.7052779667449,True,ok
35.0,beans,A,2019,4,ridge,684.4432078898412,395.3929539524405,973.493461827242,655.886373435089,True,ok
36.0,beans,A,2019,4,ridge,550.6642752188542,261.61402128145346,839.7145291562549,460.53444794522557,True,use_with_caution
37.0,beans,A,2019,4,ridge,660.4661794715004,371.41592553409964,949.5164334089011,687.3621242639149,True,ok
41.0,beans,A,2019,4,ridge,582.3728658078601,293.32261187045935,871.4231197452608,764.497474888374,True,ok
42.0,beans,A,2019,4,ridge,633.2631242251451,344.2128702877444,922.3133781625459,1121.6692750376585,True,ok
44.0,beans,A,2019,4,ridge,864.2101196623695,575.1598657249688,1153.2603735997702,1351.4105369393735,True,ok
45.0,beans,A,2019,4,ridge,753.2988605507612,464.2486066133605,1042.3491144881618,801.5588380661203,True,ok
52.0,beans,A,2019,4,ridge,569.1711709870575,280.1209170496568,858.2214249244582,718.453788422265,True,ok
53.0,beans,A,2019,4,ridge,606.6984367237226,317.64818278632185,895.7486906611233,853.772418321337,True,ok
55.0,beans,A,2019,4,ridge,453.176899782783,164.12664584538226,742.2271537201837,97.01253696993886,True,use_with_caution
57.0,beans,A,2019,4,ridge,430.5359454710807,141.48569153367998,719.5861994084814,179.28323628366797,True,ok
21.0,beans,A,2020,4,ridge,473.0213986023828,183.9711446649821,762.0716525397836,489.1856610915736,True,ok
21.0,beans,B,2020,4,ridge,483.12037395320414,194.0701200158034,772.1706278906049,643.8040942201189,True,ok
22.0,beans,A,2020,4,ridge,355.70960774413095,66.65935380673022,644.7598616815317,403.9809923052138,True,ok
22.0,beans,B,2020,4,ridge,620.6057983447528,331.55554440735204,909.6560522821535,605.1067768391038,True,ok
23.0,beans,A,2020,4,ridge,626.6502050424532,337.59995110505247,915.7004589798539,579.7426625557179,True,ok
23.0,beans,B,2020,4,ridge,680.0262327313073,390.9759787939066,969.0764866687081,676.3119637607537,True,ok
24.0,beans,A,2020,4,ridge,481.6329547016871,192.58270076428636,770.6832086390878,821.1798786620533,True,ok
24.0,beans,B,2020,4,ridge,494.96537090563356,205.91511696823284,784.0156248430343,411.7721534803894,True,ok
25.0,beans,A,2020,4,ridge,518.7867554795005,229.73650154209975,807.8370094169012,420.3821582192654,True,ok
25.0,beans,B,2020,4,ridge,515.6036375164508,226.5533835790501,804.6538914538515,428.07016360166745,True,ok
26.0,beans,A,2020,4,ridge,406.6500317598581,117.59977782245738,695.7002856972588,495.57931093779325,True,ok
26.0,beans,B,2020,4,ridge,570.7768514255882,281.7265974881875,859.827105362989,622.1185189965653,True,ok
27.0,beans,A,2020,4,ridge,483.1057276814401,194.05547374403938,772.1559816188408,447.9236478638276,True,ok
28.0,beans,A,2020,4,ridge,382.8467748560039,93.79652091860316,671.8970287934046,424.7185172425853,True,ok
28.0,beans,B,2020,4,ridge,470.0408056099654,180.99055167256466,759.0910595473661,526.9222915356318,True,ok
31.0,beans,A,2020,4,ridge,758.0922840693498,469.0420301319491,1047.1425380067506,747.3422583504642,True,ok
31.0,beans,B,2020,4,ridge,783.9987414967105,494.9484875593098,1073.0489954341112,684.470960651498,True,ok
32.0,beans,B,2020,4,ridge,650.1791498543234,361.1288959169227,939.2294037917242,808.9269975287929,True,ok
33.0,beans,A,2020,4,ridge,684.1306649185323,395.08041098113154,973.180918855933,667.9757689057253,True,ok
33.0,beans,B,2020,4,ridge,592.5102748936114,303.46002095621066,881.5605288310121,702.7714628133276,True,ok
34.0,beans,A,2020,4,ridge,820.3265656664215,531.2763117290208,1109.3768196038222,695.6480124251204,True,ok
35.0,beans,A,2020,4,ridge,712.0541701914652,423.0039162540645,1001.104424128866,520.4495994183198,True,ok
36.0,beans,A,2020,4,ridge,569.5043416117243,280.45408767432355,858.554595549125,368.5905832469865,True,use_with_caution
36.0,beans,B,2020,4,ridge,644.4886842374857,355.438430300085,933.5389381748864,630.8916389556109,True,ok
37.0,beans,A,2020,4,ridge,810.2378015399111,521.1875476025103,1099.288055477312,356.38247263189714,True,use_with_caution
37.0,beans,B,2020,4,ridge,635.8250345985214,346.77478066112064,924.8752885359221,616.406456270704,True,ok
41.0,beans,A,2020,4,ridge,615.2825498290574,326.2322958916567,904.3328037664581,563.366221250828,True,ok
41.0,beans,B,2020,4,ridge,835.0329535328057,545.9826995954049,1124.0832074702064,692.3544124532317,True,ok
42.0,beans,A,2020,4,ridge,748.5937614836781,459.5435075462774,1037.6440154210788,453.1014753227639,True,ok
42.0,beans,B,2020,4,ridge,931.5840104526166,642.5337565152158,1220.6342643900173,812.8980119838817,True,ok
43.0,beans,A,2020,4,ridge,901.8170551766627,612.766801239262,1190.8673091140636,815.0589056054384,True,ok
43.0,beans,B,2020,4,ridge,1059.7533360608288,770.7030821234281,1348.8035899982297,981.2169649921904,True,ok
44.0,beans,A,2020,4,ridge,953.6445540364314,664.5943000990306,1242.6948079738322,815.3762934156711,True,ok
44.0,beans,B,2020,4,ridge,1150.198108846066,861.1478549086652,1439.2483627834667,890.3783860541465,True,ok
45.0,beans,A,2020,4,ridge,780.8150694047055,491.76481546730474,1069.8653233421062,597.3695054639635,True,ok
45.0,beans,B,2020,4,ridge,925.8790973590017,636.8288434216009,1214.9293512964023,965.756511297383,True,ok
51.0,beans,A,2020,4,ridge,453.33130198212393,164.2810480447232,742.3815559195247,370.05768681000785,True,ok
51.0,beans,B,2020,4,ridge,520.4166556493661,231.3664017119654,809.4669095867669,501.5770485847095,True,use_with_caution
52.0,beans,B,2020,4,ridge,793.4327152701314,504.3824613327307,1082.4829692075323,675.4446425123492,True,ok
53.0,beans,B,2020,4,ridge,552.7248650740447,263.674611136644,841.7751190114454,687.2164164780891,True,ok
55.0,beans,A,2020,4,ridge,365.74796078064406,76.69770684324334,654.7982147180448,510.43825933533907,True,ok
55.0,beans,B,2020,4,ridge,522.7827034445311,233.73244950713035,811.8329573819318,549.0061141973023,True,ok
56.0,beans,A,2020,4,ridge,511.51008892119347,222.45983498379275,800.5603428585941,416.9230887355549,True,use_with_caution
56.0,beans,B,2020,4,ridge,764.2735941534096,475.22334021600886,1053.3238480908103,734.2013954085942,True,ok
57.0,beans,A,2020,4,ridge,335.81077849995677,46.76052456255604,624.8610324373575,556.8209055380959,True,use_with_caution
57.0,beans,B,2020,4,ridge,418.33328082476925,129.28302688736852,707.38353476217,437.19428391997576,True,ok
12.0,beans,A,2021,4,ridge,464.03819753854646,174.98794360114573,753.0884514759472,557.8416362203419,True,ok
12.0,beans,B,2021,4,ridge,615.0052745493946,325.95502061199386,904.0555284867953,743.3721240707339,True,ok
21.0,beans,A,2021,4,ridge,490.72886040982416,201.67860647242344,779.7791143472249,508.6877438968085,True,ok
21.0,beans,B,2021,4,ridge,528.4809420282236,239.43068809082285,817.5311959656243,489.6727471008479,True,ok
22.0,beans,A,2021,4,ridge,388.8617646773301,99.81151073992936,677.9120186147309,331.3385176775941,True,ok
22.0,beans,B,2021,4,ridge,624.4160919712443,335.3658380338436,913.466345908645,593.0309052305629,True,ok
23.0,beans,A,2021,4,ridge,657.8471089200848,368.79685498268407,946.8973628574855,466.6503895238207,True,ok
23.0,beans,B,2021,4,ridge,664.3322276279644,375.28197369056363,953.3824815653651,667.2050841028863,True,ok
24.0,beans,A,2021,4,ridge,560.4939215969165,271.44366765951577,849.5441755343172,508.24320681169667,True,ok
24.0,beans,B,2021,4,ridge,478.67338548961595,189.62313155221523,767.7236394270167,503.38413045434214,True,ok
25.0,beans,A,2021,4,ridge,522.7278386920015,233.67758475460073,811.7780926294022,441.6240324761577,True,ok
25.0,beans,B,2021,4,ridge,493.856744592898,204.80649065549727,782.9069985302988,441.1102969548753,True,ok
26.0,beans,A,2021,4,ridge,439.12905053403495,150.07879659663422,728.1793044714357,411.2960655400498,True,ok
26.0,beans,B,2021,4,ridge,619.6137680899861,330.5635141525854,908.6640220273869,489.56745063007,True,ok
27.0,beans,A,2021,4,ridge,492.0717971150709,203.0215431776702,781.1220510524716,447.27803476914715,True,ok
27.0,beans,B,2021,4,ridge,580.700311133156,291.65005719575527,869.7505650705567,563.7786764156778,True,ok
28.0,beans,A,2021,4,ridge,404.8587287266872,115.80847478928649,693.908982664088,391.19809944028964,True,ok
28.0,beans,B,2021,4,ridge,500.8866666716231,211.8364127342224,789.9369206090239,452.2834175611935,True,ok
31.0,beans,B,2021,4,ridge,809.0404509960036,519.9901970586029,1098.0907049334044,500.9892064533508,True,ok
32.0,beans,B,2021,4,ridge,705.0419402846378,415.9916863472371,994.0921942220385,576.7783647080919,True,ok
33.0,beans,A,2021,4,ridge,711.6829558583389,422.6327019209382,1000.7332097957396,570.0130953980276,True,ok
33.0,beans,B,2021,4,ridge,621.0236736656193,331.9734197282186,910.07392760302,478.9420781178559,True,ok
34.0,beans,A,2021,4,ridge,860.1241920791322,571.0739381417314,1149.1744460165328,463.84104623345996,True,ok
35.0,beans,A,2021,4,ridge,697.2483462043405,408.19809226693974,986.2986001417412,619.1342729651026,True,ok
35.0,beans,B,2021,4,ridge,647.3372629745086,358.28700903710785,936.3875169119093,449.1028781371135,True,ok
36.0,beans,B,2021,4,ridge,652.950733984472,363.90048004707126,942.0009879218727,493.65953941446367,True,ok
37.0,beans,B,2021,4,ridge,644.8733970365279,355.82314309912715,933.9236509739286,459.0727527985817,True,ok
41.0,beans,A,2021,4,ridge,656.152600476339,367.10234653893826,945.2028544137397,406.9625297188873,True,ok
41.0,beans,B,2021,4,ridge,842.4560053824916,553.4057514450909,1131.5062593198923,699.9808459995529,True,ok
42.0,beans,A,2021,4,ridge,720.0009043874687,430.950650450068,1009.0511583248694,679.0400328452753,True,ok
42.0,beans,B,2021,4,ridge,932.4414707463459,643.3912168089452,1221.4917246837467,790.5863501907878,True,ok
43.0,beans,A,2021,4,ridge,918.8384211974511,629.7881672600504,1207.8886751348518,783.568874727607,True,ok
43.0,beans,B,2021,4,ridge,1044.8097595711074,755.7595056337067,1333.860013508508,951.3544976734252,True,ok
44.0,beans,A,2021,4,ridge,1012.8831653769427,723.8329114395419,1301.9334193143434,583.8590446808932,True,ok
44.0,beans,B,2021,4,ridge,1115.3313979976801,826.2811440602794,1404.3816519350808,1013.0877910987398,True,ok
45.0,beans,A,2021,4,ridge,756.037629431771,466.9873754943703,1045.0878833691718,832.7952464200988,True,ok
45.0,beans,B,2021,4,ridge,954.8409522514928,665.7906983140921,1243.8912061888936,844.2429556221043,True,ok
51.0,beans,B,2021,4,ridge,534.7827554478218,245.73250151042112,823.8330093852226,457.24464844796006,True,ok
52.0,beans,B,2021,4,ridge,798.187361467769,509.1371075303683,1087.23761540517,642.976378830537,True,ok
53.0,beans,B,2021,4,ridge,582.0712072087542,293.0209532713535,871.121461146155,534.763722020416,True,ok
54.0,beans,B,2021,4,ridge,675.7526332853004,386.70237934789964,964.8028872227011,368.8230421540028,True,ok
55.0,beans,A,2021,4,ridge,412.95011388638,123.89985994897927,702.0003678237807,401.7873114427177,True,ok
55.0,beans,B,2021,4,ridge,521.87796923434,232.82771529693923,810.9282231717407,584.0520418273522,True,ok
56.0,beans,A,2021,4,ridge,552.861908535924,263.8116545985233,841.9121624733248,365.19559459502426,True,ok
56.0,beans,B,2021,4,ridge,770.7650665390814,481.7148126016807,1059.8153204764822,730.9308886678668,True,ok
57.0,beans,A,2021,4,ridge,363.46195861199374,74.41170467459301,652.5122125493945,546.0131227350576,True,ok
57.0,beans,B,2021,4,ridge,445.121795763858,156.0715418264573,734.1720497012587,362.2824083177672,True,ok
22.0,beans,A,2022,4,ridge,364.51939191986185,75.46913798246112,653.5696458572626,403.187058914935,True,ok
22.0,beans,B,2022,4,ridge,610.7300305029647,321.679776565564,899.7802844403654,646.909664003389,True,ok
23.0,beans,A,2022,4,ridge,611.6413407774421,322.5910868400414,900.6915947148428,610.2253771732477,True,ok
23.0,beans,B,2022,4,ridge,690.4552330350685,401.4049790976678,979.5054869724693,506.5332129125367,True,ok
25.0,beans,A,2022,4,ridge,479.9747777435093,190.9245238061086,769.02503168091,561.4026592578149,True,ok
25.0,beans,B,2022,4,ridge,496.0266151968931,206.97636125949236,785.0768691342938,403.271101532528,True,ok
26.0,beans,A,2022,4,ridge,375.7743422764195,86.72408833901875,664.8245962138202,684.7895939402856,True,ok
31.0,beans,A,2022,4,ridge,751.1506776379856,462.1004237005849,1040.2009315753862,761.3897839272353,True,ok
31.0,beans,B,2022,4,ridge,748.4933990592708,459.4431451218701,1037.5436529966714,830.9060370638459,True,ok
33.0,beans,A,2022,4,ridge,698.3555796125352,409.30532567513444,987.4058335499359,619.6150208082445,True,ok
33.0,beans,B,2022,4,ridge,610.6755435245038,321.6252895871031,899.7257974619046,579.7526250279614,True,ok
34.0,beans,A,2022,4,ridge,834.5600766765567,545.509822739156,1123.6103306139576,595.4296850193938,True,ok
35.0,beans,A,2022,4,ridge,652.9819954137433,363.9317414763426,942.0322493511441,816.7576201174022,True,ok
35.0,beans,B,2022,4,ridge,636.0798224027906,347.02956846538984,925.1300763401913,548.3912707002257,True,ok
36.0,beans,B,2022,4,ridge,642.8585349867994,353.8082810493987,931.9087889242002,552.446503595374,True,ok
37.0,beans,B,2022,4,ridge,601.3328106071923,312.2825566697916,890.383064544593,751.5243369886863,True,ok
41.0,beans,A,2022,4,ridge,624.7638652417547,335.713611304354,913.8141191791555,527.4204177691764,True,ok
41.0,beans,B,2022,4,ridge,801.9802491702249,512.9299952328241,1091.0305031076255,870.0964805743428,True,ok
42.0,beans,A,2022,4,ridge,718.3374308585575,429.28717692115674,1007.3876847959582,648.1837391801954,True,ok
42.0,beans,B,2022,4,ridge,879.7634402389374,590.7131863015367,1168.8136941763382,1086.5063887263952,True,ok
43.0,beans,A,2022,4,ridge,868.3286049214174,579.2783509840167,1157.3788588588181,990.1275329514121,True,ok
43.0,beans,B,2022,4,ridge,1068.8769298371976,779.8266758997969,1357.9271837745982,910.5000811157668,True,ok
44.0,beans,A,2022,4,ridge,964.107185409669,675.0569314722683,1253.1574393470696,783.1740636695346,True,ok
44.0,beans,B,2022,4,ridge,1094.4302473777325,805.3799934403318,1383.480501315133,1199.6608433369024,True,ok
45.0,beans,A,2022,4,ridge,764.8015656976373,475.7513117602366,1053.851819635038,764.7666453561189,True,ok
45.0,beans,B,2022,4,ridge,931.8422260523485,642.7919721149477,1220.892479989749,983.2769502472865,True,ok
52.0,beans,A,2022,4,ridge,714.0069389538035,424.95668501640273,1003.0571928912042,579.5546599128365,True,ok
52.0,beans,B,2022,4,ridge,759.1508159712589,470.1005620338582,1048.2010699086595,838.4882558678447,True,ok
53.0,beans,B,2022,4,ridge,594.8119169220528,305.76166298465205,883.8621708594535,453.3610518574898,True,ok
55.0,beans,A,2022,4,ridge,399.22690597924776,110.17665204184703,688.2771599166485,339.58058723940655,True,use_with_caution
55.0,beans,B,2022,4,ridge,543.7587108541362,254.70845691673549,832.8089647915369,420.5472495489038,True,ok
56.0,beans,A,2022,4,ridge,506.40336195998816,217.35310802258743,795.4536158973889,498.85653381437953,True,use_with_caution
56.0,beans,B,2022,4,ridge,745.3878709241471,456.3376169867464,1034.4381248615477,837.0733891924278,True,ok
57.0,beans,A,2022,4,ridge,382.22026286217204,93.17000892477131,671.2705167995728,339.3480763120284,True,use_with_caution
57.0,beans,B,2022,4,ridge,424.7424540145704,135.69220007716967,713.7927079519711,405.7924743852916,True,use_with_caution
12.0,beans,A,2023,4,ridge,462.01471364409775,172.96445970669703,751.0649675814984,543.1236660818237,True,ok
12.0,beans,B,2023,4,ridge,598.502558329438,309.45230439203726,887.5528122668387,753.2615579698407,True,ok
21.0,beans,A,2023,4,ridge,484.8270455871358,195.77679164973506,773.8772995245365,434.99377053225084,True,ok
21.0,beans,B,2023,4,ridge,516.1050206579441,227.0547667205434,805.1552745953448,517.4754767311985,True,ok
22.0,beans,A,2023,4,ridge,375.7175151231068,86.66726118570608,664.7677690605076,290.1344118082574,True,ok
22.0,beans,B,2023,4,ridge,568.8004717614067,279.750217824006,857.8507256988074,850.65130658168,True,ok
23.0,beans,A,2023,4,ridge,612.7817927176376,323.73153878023686,901.8320466550383,680.2276416302495,True,ok
23.0,beans,B,2023,4,ridge,694.2305096827649,405.1802557453642,983.2807636201657,590.6125593605717,True,ok
24.0,beans,A,2023,4,ridge,560.676329829872,271.62607589247125,849.7265837672727,420.0460704751517,True,ok
24.0,beans,B,2023,4,ridge,466.1928995758077,177.14264563840698,755.2431535132084,535.6666099310996,True,ok
25.0,beans,A,2023,4,ridge,521.6111043372716,232.5608503998709,810.6613582746724,425.8680595566155,True,ok
25.0,beans,B,2023,4,ridge,502.47851469558145,213.42826075818073,791.5287686329822,506.0788012899783,True,ok
26.0,beans,A,2023,4,ridge,445.60175972330455,156.55150578590383,734.6520136607053,265.1147502476002,True,use_with_caution
26.0,beans,B,2023,4,ridge,535.0851865955296,246.03493265812892,824.1354405329304,751.6845966664911,True,ok
28.0,beans,A,2023,4,ridge,426.0531504906302,137.00289655322945,715.1034044280309,225.23407252546866,True,use_with_caution
28.0,beans,B,2023,4,ridge,436.70232310662556,147.65206916922483,725.7525770440263,693.6588092537264,True,ok
31.0,beans,A,2023,4,ridge,752.2039695649098,463.1537156275091,1041.2542235023107,804.3140764560447,True,ok
31.0,beans,B,2023,4,ridge,777.662044437875,488.6117905004743,1066.7122983752756,759.7565767598445,True,ok
32.0,beans,B,2023,4,ridge,727.2408251415328,438.1905712041321,1016.2910790789335,562.6499655702936,True,ok
33.0,beans,A,2023,4,ridge,674.9010470436705,385.85079310626975,963.9513009810712,796.3130123203575,True,ok
33.0,beans,B,2023,4,ridge,638.4436127932695,349.39335885586877,927.4938667306702,497.4042138184814,True,ok
34.0,beans,A,2023,4,ridge,764.3607457840853,475.3104918466846,1053.410999721486,1098.029163536528,True,ok
35.0,beans,A,2023,4,ridge,680.319105788059,391.2688518506583,969.3693597254597,702.8239283197457,True,ok
35.0,beans,B,2023,4,ridge,620.8817206893584,331.8314667519577,909.9319746267591,637.9829985161788,True,use_with_caution
36.0,beans,A,2023,4,ridge,533.155619535606,244.10536559820525,822.2058734730067,497.0167031963794,True,use_with_caution
36.0,beans,B,2023,4,ridge,643.2417647464623,354.1915108090616,932.292018683863,654.4318578594581,True,ok
37.0,beans,B,2023,4,ridge,629.6018727106174,340.55161877321666,918.6521266480181,665.0696785492237,True,ok
41.0,beans,A,2023,4,ridge,638.0827330990093,349.03247916160853,927.13298703641,514.0571902696358,True,ok
41.0,beans,B,2023,4,ridge,821.4010900782358,532.3508361408351,1110.4513440156366,803.7400829182644,True,ok
42.0,beans,A,2023,4,ridge,753.6347082981368,464.5844543607361,1042.6849622355376,506.0932314127646,True,ok
42.0,beans,B,2023,4,ridge,925.2455733196191,636.1953193822184,1214.29582725702,925.7772432824191,True,ok
43.0,beans,A,2023,4,ridge,908.1083875852498,619.0581336478491,1197.1586415226507,835.7690223799259,True,ok
43.0,beans,B,2023,4,ridge,1017.4622703141149,728.4120163767142,1306.5125242515155,1224.2942485024867,True,ok
44.0,beans,A,2023,4,ridge,913.1804158535574,624.1301619161567,1202.230669790958,1164.0278202576249,True,ok
44.0,beans,B,2023,4,ridge,1095.9204469870003,806.8701930495996,1384.9707009244012,1252.9047621096956,True,ok
45.0,beans,A,2023,4,ridge,775.4659407509912,486.41568681359047,1064.5161946883918,729.6711427819811,True,ok
45.0,beans,B,2023,4,ridge,926.7257595431707,637.67550560577,1215.7760134805715,1032.6743570477004,True,ok
51.0,beans,A,2023,4,ridge,427.03704130913513,137.9867873717344,716.0872952465359,442.7211935277576,True,ok
51.0,beans,B,2023,4,ridge,461.09284556870114,172.0425916313004,750.1430995061019,664.6152910464535,True,ok
52.0,beans,B,2023,4,ridge,727.4941711226548,438.4439171852541,1016.5444250600556,1064.5154374318447,True,ok
53.0,beans,A,2023,4,ridge,733.3003985005981,444.2501445631974,1022.3506524379989,513.5258711697024,True,ok
53.0,beans,B,2023,4,ridge,575.15542217609,286.1051682386893,864.2056761134908,560.5773063672456,True,ok
54.0,beans,B,2023,4,ridge,564.084060221022,275.0338062836213,853.1343141584227,664.9715491924494,True,ok
55.0,beans,B,2023,4,ridge,508.45787044613473,219.407616508734,797.5081243835355,606.5494001619927,True,ok
56.0,beans,A,2023,4,ridge,490.0889408296052,201.03868689220445,779.1391947670058,618.3906215259053,True,ok
56.0,beans,B,2023,4,ridge,739.7425261617299,450.69227222432914,1028.7927800991306,841.5746343384426,True,ok
57.0,beans,B,2023,4,ridge,417.7244364275953,128.6741824901946,706.7746903649961,449.52151333712766,True,ok
21.0,beans,A,2024,4,ridge,478.87671976392255,189.82646582652183,767.9269737013233,371.5167235176715,True,ok
21.0,beans,B,2024,4,ridge,501.3359204129651,212.28566647556437,790.3861743503658,518.9151829107354,True,ok
22.0,beans,A,2024,4,ridge,367.2639077933481,78.21365385594737,656.3141617307488,320.8549530700469,True,ok
22.0,beans,B,2024,4,ridge,608.7213018814873,319.6710479440866,897.771555818888,608.0802456429035,True,ok
23.0,beans,A,2024,4,ridge,606.4020559747426,317.3518020373418,895.4523099121433,610.2452718668352,True,ok
23.0,beans,B,2024,4,ridge,633.9118697494383,344.8616158120376,922.962123686839,897.9584895621854,True,ok
24.0,beans,A,2024,4,ridge,548.8507034331099,259.80044949570913,837.9009573705106,404.02341332299517,True,ok
24.0,beans,B,2024,4,ridge,456.6435031364859,167.59324919908516,745.6937570738867,570.2137262663175,True,ok
25.0,beans,A,2024,4,ridge,467.6332215571912,178.58296761979045,756.6834754945919,590.0856226287689,True,ok
25.0,beans,B,2024,4,ridge,474.0315101847016,184.98125624730085,763.0817641221023,576.5471477427519,True,ok
26.0,beans,A,2024,4,ridge,402.4833673231772,113.4331133857765,691.533621260578,385.79290014437305,True,ok
28.0,beans,A,2024,4,ridge,320.9024642799918,31.852210342591093,609.9527182173925,636.1868668338752,True,use_with_caution
28.0,beans,B,2024,4,ridge,473.05093125829603,184.0006773208953,762.1011851956968,462.65023021580174,True,ok
31.0,beans,A,2024,4,ridge,728.5356625714268,439.48540863402604,1017.5859165088275,733.8491395871204,True,ok
31.0,beans,B,2024,4,ridge,692.3886041093053,403.3383501719046,981.4388580467061,1012.8103713665905,True,ok
33.0,beans,A,2024,4,ridge,638.9291392245464,349.87888528714564,927.9793931619471,845.3670323505708,True,ok
33.0,beans,B,2024,4,ridge,557.191966584418,268.14171264701724,846.2422205218187,765.1801260571068,True,ok
34.0,beans,A,2024,4,ridge,792.8108224289223,503.76056849152155,1081.861076366323,853.8626205470827,True,ok
35.0,beans,A,2024,4,ridge,653.3525921100052,364.30233817260444,942.4028460474059,750.8095886080445,True,ok
35.0,beans,B,2024,4,ridge,578.4811756058467,289.430921668446,867.5314295432474,736.8435718128505,True,ok
36.0,beans,B,2024,4,ridge,599.6897233047276,310.6394693673269,888.7399772421284,702.8129702617878,True,ok
37.0,beans,B,2024,4,ridge,606.0036255381198,316.95337160071904,895.0538794755205,603.5605149607999,True,ok
41.0,beans,A,2024,4,ridge,566.3211786401836,277.27092470278285,855.3714325775843,811.0935209536116,True,ok
41.0,beans,B,2024,4,ridge,764.6738987959668,475.6236448585661,1053.7241527333676,973.7996319884554,True,ok
42.0,beans,A,2024,4,ridge,701.6709014400931,412.62064750269235,990.7211553774938,679.1337830985763,True,ok
42.0,beans,B,2024,4,ridge,886.5735841311333,597.5233301937326,1175.623838068534,992.3750803530803,True,ok
43.0,beans,A,2024,4,ridge,898.7460434604083,609.6957895230075,1187.796297397809,879.089061632835,True,ok
43.0,beans,B,2024,4,ridge,1014.0508061364757,725.000552199075,1303.1010600738764,1151.045341355653,True,ok
44.0,beans,A,2024,4,ridge,943.074376299343,654.0241223619423,1232.1246302367438,882.7954390427395,True,ok
44.0,beans,B,2024,4,ridge,1073.346134506494,784.2958805690934,1362.396388443895,1182.5669602877256,True,ok
45.0,beans,A,2024,4,ridge,734.2434177827209,445.1931638453202,1023.2936717201217,802.6394796510332,True,ok
45.0,beans,B,2024,4,ridge,915.4843180810221,626.4340641436214,1204.5345720184228,884.1299463180432,True,ok
52.0,beans,B,2024,4,ridge,745.8713813411878,456.82112740378705,1034.9216352785884,697.387988262925,True,use_with_caution
53.0,beans,A,2024,4,ridge,644.6181758269088,355.56792188950806,933.6684297643095,742.5147891643456,True,ok
53.0,beans,B,2024,4,ridge,515.2838104989663,226.2335565615656,804.334064436367,652.6724766424402,True,ok
54.0,beans,B,2024,4,ridge,484.23401014230245,195.18375620490173,773.2842640797032,814.0257437462234,True,ok
55.0,beans,A,2024,4,ridge,362.46089577938835,73.41064184198763,651.5111497167891,508.7597564613849,True,ok
55.0,beans,B,2024,4,ridge,508.97685795276533,219.9266040153646,798.027111890166,505.33440297213457,True,ok
56.0,beans,A,2024,4,ridge,463.9240968106606,174.8738428732599,752.9743507480614,619.6409017059796,True,ok
56.0,beans,B,2024,4,ridge,732.271928766365,443.2216748289643,1021.3221827037657,755.1151177505078,True,ok
57.0,beans,B,2024,4,ridge,382.53984247473136,93.48958853733063,671.5900964121321,541.0099143112012,True,ok
12.0,beans,A,2025,4,ridge,535.9749990738312,246.9247451364305,825.0252530112319,396.91662538576924,True,ok
12.0,beans,B,2025,4,ridge,747.6121505742794,458.5618966368787,1036.66240451168,478.1656884756898,True,ok
21.0,beans,A,2025,4,ridge,487.29749899758804,198.2472450601873,776.3477529349888,514.828242661823,True,ok
21.0,beans,B,2025,4,ridge,549.638174135724,260.5879201983232,838.6884280731247,418.7590879606531,True,ok
22.0,beans,B,2025,4,ridge,674.2253301159705,385.1750761785697,963.2755840533712,380.1343322156419,True,ok
23.0,beans,A,2025,4,ridge,642.4705039548775,353.42025001747675,931.5207578922782,648.6858399732744,True,ok
23.0,beans,B,2025,4,ridge,676.8520740917301,387.80182015432933,965.9023280291308,636.2319370273411,True,ok
24.0,beans,A,2025,4,ridge,549.1805744364775,260.1303204990768,838.2308283738782,603.9523302942964,True,ok
24.0,beans,B,2025,4,ridge,517.6843803189748,228.6341263815741,806.7346342563756,367.3017268934273,True,ok
25.0,beans,A,2025,4,ridge,527.7989878948506,238.74873395744987,816.8492418322513,521.194830146367,True,ok
25.0,beans,B,2025,4,ridge,477.82519524011104,188.77494130271032,766.8754491775118,572.8304143923003,True,ok
26.0,beans,A,2025,4,ridge,443.6402527630793,154.58999882567855,732.69050670048,365.83832847528817,True,ok
26.0,beans,B,2025,4,ridge,623.417394357018,334.3671404196173,912.4676482944187,499.1640851203819,True,ok
27.0,beans,A,2025,4,ridge,432.2623356400965,143.2120817026958,721.3125895774972,654.8435814011353,True,ok
27.0,beans,B,2025,4,ridge,573.6822285762393,284.6319746388385,862.73248251364,586.8725619939838,True,ok
28.0,beans,A,2025,4,ridge,390.6014035304363,101.55114959303557,679.651657467837,448.8873999997824,True,ok
28.0,beans,B,2025,4,ridge,535.9308970110977,246.880643073697,824.9811509484985,333.0892004326192,True,ok
31.0,beans,A,2025,4,ridge,773.1455588177749,484.0953048803742,1062.1958127551757,772.2864361210098,True,use_with_caution
31.0,beans,B,2025,4,ridge,769.1919522140824,480.1416982766817,1058.242206151483,778.3580741525152,True,ok
32.0,beans,B,2025,4,ridge,659.8150364691376,370.76478253173684,948.8652904065383,768.8380593267212,True,ok
33.0,beans,A,2025,4,ridge,716.4202012849935,427.36994734759276,1005.4704552223942,671.9563082972529,True,ok
33.0,beans,B,2025,4,ridge,627.7950723890151,338.7448184516144,916.8453263264158,631.8988678932108,True,ok
34.0,beans,A,2025,4,ridge,811.7047544952246,522.6545005578239,1100.7550084326253,904.420727056187,True,ok
35.0,beans,A,2025,4,ridge,691.3358437847957,402.28558984739493,980.3860977221964,752.002274491179,True,ok
35.0,beans,B,2025,4,ridge,601.1853398667915,312.1350859293908,890.2355938041923,720.1061634330072,True,ok
36.0,beans,A,2025,4,ridge,457.89479937547935,168.84454543807863,746.9450533128801,767.2628779845055,True,ok
36.0,beans,B,2025,4,ridge,632.4296535471486,343.3793996097479,921.4799074845494,704.1725107377937,True,ok
37.0,beans,A,2025,4,ridge,534.393395036747,245.34314109934633,823.4436489741478,954.5175620014845,True,ok
37.0,beans,B,2025,4,ridge,644.7178580226694,355.66760408526864,933.7681119600701,585.4088235683117,True,ok
41.0,beans,A,2025,4,ridge,608.9588342062766,319.9085802688759,898.0090881436773,730.5672881458955,True,ok
41.0,beans,B,2025,4,ridge,820.4543537258753,531.4040997884746,1109.5046076632761,853.4061688413839,True,ok
42.0,beans,A,2025,4,ridge,705.5425542216713,416.4923002842705,994.592808159072,885.8088378333373,True,ok
42.0,beans,B,2025,4,ridge,943.2537997246112,654.2035457872105,1232.304053662012,881.4090820444385,True,ok
43.0,beans,A,2025,4,ridge,891.9614671335218,602.911213196121,1181.0117210709225,1034.861423318537,True,ok
43.0,beans,B,2025,4,ridge,1055.7235924838624,766.6733385464617,1344.773846421263,1034.8128579681936,True,ok
44.0,beans,A,2025,4,ridge,955.5653446897733,666.5150907523725,1244.615598627174,1024.944008381124,True,ok
44.0,beans,B,2025,4,ridge,1115.9587294713895,826.9084755339887,1405.0089834087903,1135.2257195346212,True,ok
45.0,beans,A,2025,4,ridge,770.8771819911576,481.8269280537569,1059.9274359285582,806.3633792628747,True,ok
45.0,beans,B,2025,4,ridge,953.9216626105832,664.8714086731825,1242.971916547984,894.8435892473964,True,ok
51.0,beans,A,2025,4,ridge,394.99487325216637,105.94461931476565,684.0451271895671,512.9031030731747,True,ok
51.0,beans,B,2025,4,ridge,552.8551205092991,263.8048665718984,841.9053744466999,432.1697713259053,True,ok
52.0,beans,B,2025,4,ridge,791.4346250565084,502.38437111910764,1080.4848789939092,729.341388222946,True,ok
53.0,beans,A,2025,4,ridge,702.3704788878008,413.3202249504001,991.4207328252015,597.8191264192328,True,ok
53.0,beans,B,2025,4,ridge,587.2958769171461,298.24562297974535,876.3461308545468,534.4560990772308,True,ok
54.0,beans,B,2025,4,ridge,618.8546033169348,329.8043493795341,907.9048572543355,544.0481901744342,True,ok
55.0,beans,A,2025,4,ridge,362.0242413718348,72.9739874344341,651.0744953092355,598.4438230793397,True,ok
55.0,beans,B,2025,4,ridge,541.5760013797443,252.52574744234357,830.626255317145,505.4309223758031,True,ok
56.0,beans,A,2025,4,ridge,497.33261227584904,208.28235833844832,786.3828662132498,602.2877163648919,True,ok
56.0,beans,B,2025,4,ridge,787.32686413042,498.2766101930192,1076.3771180678207,678.8025136728012,True,ok
57.0,beans,A,2025,4,ridge,393.9448233792466,104.89456944184587,682.9950773166473,386.9859136238421,True,ok
57.0,beans,B,2025,4,ridge,435.2362560555534,146.18600211815266,724.286509992954,422.8693428532039,True,ok
23.0,irish_potato,B,2020,2,baseline_district_mean,4549.4774172301395,1432.6122852751087,7666.34254918517,4849.986670020974,True,ok
32.0,irish_potato,A,2020,2,baseline_district_mean,7690.48596256746,4573.620830612429,10807.351094522492,6302.052650999894,True,ok
32.0,irish_potato,B,2020,2,baseline_district_mean,3958.8158466754876,841.9507147204567,7075.680978630518,3397.3175028973305,True,ok
33.0,irish_potato,A,2020,2,baseline_district_mean,13690.756568613655,10573.891436658625,16807.621700568685,10756.55909732455,True,ok
33.0,irish_potato,B,2020,2,baseline_district_mean,10137.927323870892,7021.062191915861,13254.792455825922,11600.577615794384,True,ok
34.0,irish_potato,A,2020,2,baseline_district_mean,13954.604368645092,10837.73923669006,17071.469500600124,16751.155213506114,True,ok
34.0,irish_potato,B,2020,2,baseline_district_mean,9897.85535647071,6780.99022451568,13014.72048842574,11876.05109857916,True,ok
43.0,irish_potato,A,2020,2,baseline_district_mean,13257.328820553184,10140.463688598153,16374.193952508216,14890.484966837303,True,ok
43.0,irish_potato,B,2020,2,baseline_district_mean,8453.980943411976,5337.115811456945,11570.846075367008,9787.831168530452,True,ok
44.0,irish_potato,A,2020,2,baseline_district_mean,11517.307974380861,8400.44284242583,14634.173106335893,9232.294493772588,True,ok
45.0,irish_potato,A,2020,2,baseline_district_mean,8862.14490651627,5745.27977456124,11979.0100384713,10081.218858601806,True,ok
45.0,irish_potato,B,2020,2,baseline_district_mean,5586.2597695233835,2469.3946375683527,8703.124901478415,8415.73372408734,True,ok
32.0,irish_potato,B,2021,2,baseline_district_mean,3949.5153091685443,832.6501772135134,7066.380441123575,3434.5196529251057,True,ok
33.0,irish_potato,A,2021,2,baseline_district_mean,12783.293191493689,9666.428059538659,15900.158323448719,15293.875982924377,True,ok
33.0,irish_potato,B,2021,2,baseline_district_mean,9991.938541012867,6875.073409057836,13108.803672967897,12330.521530084508,True,ok
34.0,irish_potato,A,2021,2,baseline_district_mean,14273.025999550659,11156.160867595627,17389.89113150569,15159.047058978293,True,ok
34.0,irish_potato,B,2021,2,baseline_district_mean,10190.962617804407,7074.097485849376,13307.827749759439,10410.514791910686,True,ok
43.0,irish_potato,A,2021,2,baseline_district_mean,13493.349105564223,10376.483973609193,16610.214237519252,14182.424111804183,True,ok
43.0,irish_potato,B,2021,2,baseline_district_mean,8755.946918240694,5639.081786285663,11872.812050195724,8278.001294386866,True,ok
44.0,irish_potato,A,2021,2,baseline_district_mean,11391.405785720708,8274.540653765678,14508.270917675738,9861.805437073352,True,ok
44.0,irish_potato,B,2021,2,baseline_district_mean,8902.254453739431,5785.389321784401,12019.119585694461,11812.765758483083,True,ok
45.0,irish_potato,A,2021,2,baseline_district_mean,8860.421352619676,5743.5562206646455,11977.286484574706,10089.83662808478,True,ok
45.0,irish_potato,B,2021,2,baseline_district_mean,6131.813549991458,3014.948418036427,9248.678681946489,6233.518602215043,True,ok
54.0,irish_potato,B,2021,2,baseline_district_mean,1996.6427947028467,-1120.2223372521842,5113.507926657878,1433.0098066218113,True,use_with_caution
23.0,irish_potato,B,2022,2,baseline_district_mean,4866.5240375733365,1749.6589056183057,7983.389169528367,3898.846808991384,True,ok
25.0,irish_potato,A,2022,2,baseline_district_mean,7255.394524880468,4138.529392925438,10372.2596568355,5628.649468209202,True,ok
25.0,irish_potato,B,2022,2,baseline_district_mean,7760.243158458807,4643.378026503776,10877.108290413838,7341.36525703778,True,ok
32.0,irish_potato,A,2022,2,baseline_district_mean,6815.621549906031,3698.756417951,9932.48668186106,8051.781476322752,True,use_with_caution
32.0,irish_potato,B,2022,2,baseline_district_mean,3786.667032497009,669.8019005419783,6903.53216445204,4085.9127596112453,True,ok
33.0,irish_potato,A,2022,2,baseline_district_mean,13454.31386105381,10337.448729098778,16571.17899300884,11938.772635123783,True,ok
33.0,irish_potato,B,2022,2,baseline_district_mean,10549.582031531427,7432.716899576396,13666.447163486457,9542.30407749171,True,ok
34.0,irish_potato,A,2022,2,baseline_district_mean,14744.069452750624,11627.204320795594,17860.934584705654,12803.829792978458,True,ok
34.0,irish_potato,B,2022,2,baseline_district_mean,10192.49949589428,7075.63436393925,13309.36462784931,10402.830401461308,True,ok
43.0,irish_potato,A,2022,2,baseline_district_mean,14154.105931295817,11037.240799340787,17270.971063250847,12200.153634609402,True,ok
43.0,irish_potato,B,2022,2,baseline_district_mean,8667.426859953168,5550.561727998137,11784.291991908198,8720.601585824488,True,ok
44.0,irish_potato,A,2022,2,baseline_district_mean,11059.404984265475,7942.539852310444,14176.270116220505,11521.809444349517,True,ok
44.0,irish_potato,B,2022,2,baseline_district_mean,9803.431352528922,6686.566220573891,12920.296484483952,8208.058163325117,True,ok
45.0,irish_potato,A,2022,2,baseline_district_mean,9242.049304952054,6125.184172997023,12358.914436907085,8181.696866422896,True,ok
45.0,irish_potato,B,2022,2,baseline_district_mean,6202.442521394608,3085.577389439577,9319.307653349639,5951.002716602441,True,ok
23.0,irish_potato,B,2023,2,baseline_district_mean,4833.4600806163535,1716.5949486613226,7950.325212571384,3998.038679862332,True,use_with_caution
25.0,irish_potato,A,2023,2,baseline_district_mean,5628.649468209202,2511.7843362541707,8745.514600164232,7255.394524880468,True,ok
32.0,irish_potato,A,2023,2,baseline_district_mean,7176.917063661323,4060.0519317062917,10293.782195616353,7329.190448812168,True,ok
32.0,irish_potato,B,2023,2,baseline_district_mean,3875.2521455464866,758.3870135914558,6992.1172775015175,3731.572307413335,True,ok
33.0,irish_potato,A,2023,2,baseline_district_mean,13461.591802004998,10344.726670049968,16578.456933960028,11902.382930367843,True,ok
33.0,irish_potato,B,2023,2,baseline_district_mean,10498.38199562116,7381.516863666128,13615.247127576189,9798.304257043046,True,ok
34.0,irish_potato,A,2023,2,baseline_district_mean,14722.609772907617,11605.744640952587,17839.474904862647,12911.128192193508,True,ok
34.0,irish_potato,B,2023,2,baseline_district_mean,10302.16603770997,7185.30090575494,13419.031169665002,9854.497692382865,True,ok
43.0,irish_potato,A,2023,2,baseline_district_mean,13757.68757108363,10640.822439128598,16874.552703038662,13389.408715245967,True,ok
43.0,irish_potato,B,2023,2,baseline_district_mean,8935.980920579692,5819.115788624661,12052.846052534722,7377.831282691873,True,ok
44.0,irish_potato,A,2023,2,baseline_district_mean,11467.168633688301,8350.30350173327,14584.033765643333,9482.99119723539,True,ok
44.0,irish_potato,B,2023,2,baseline_district_mean,9402.695376983589,6285.830245028558,12519.560508938619,9811.00206550645,True,ok
45.0,irish_potato,A,2023,2,baseline_district_mean,9466.302335814293,6349.437203859262,12583.167467769323,7060.431712111699,True,ok
45.0,irish_potato,B,2023,2,baseline_district_mean,6351.168852585035,3234.303720630004,9468.033984540067,5356.097391840734,True,ok
33.0,irish_potato,A,2024,2,baseline_district_mean,13196.45703150446,10079.591899549428,16313.322163459492,13228.056782870533,True,ok
33.0,irish_potato,B,2024,2,baseline_district_mean,10224.16294207321,7107.297810118179,13341.02807402824,11169.399524782795,True,ok
34.0,irish_potato,A,2024,2,baseline_district_mean,14488.826179785703,11371.961047830671,17605.691311740735,14080.04615780307,True,ok
34.0,irish_potato,B,2024,2,baseline_district_mean,10057.703591055857,6940.838459100826,13174.568723010889,11076.809925653433,True,ok
43.0,irish_potato,B,2024,2,baseline_district_mean,8518.641398014452,5401.776266059421,11635.506529969483,9464.528895518075,True,ok
44.0,irish_potato,A,2024,2,baseline_district_mean,10272.997057080973,7156.131925125942,13389.862189036005,15453.849080272026,True,ok
44.0,irish_potato,B,2024,2,baseline_district_mean,9460.111638216289,6343.246506261258,12576.97677017132,9581.33702057565,True,ok
45.0,irish_potato,A,2024,2,baseline_district_mean,9036.41346280989,5919.548330854858,12153.27859476492,9209.876077133718,True,ok
23.0,irish_potato,B,2025,2,baseline_district_mean,4248.957386291563,1132.0922543365323,7365.822518246594,5751.546762836702,True,use_with_caution
25.0,irish_potato,B,2025,2,baseline_district_mean,7341.36525703778,4224.500125082749,10458.230388992812,7760.243158458807,True,ok
32.0,irish_potato,B,2025,2,baseline_district_mean,3662.330555711754,545.4654237567233,6779.195687666785,4583.2586667522655,True,ok
33.0,irish_potato,A,2025,2,baseline_district_mean,12623.929485722218,9507.064353767186,15740.79461767725,16090.694511781741,True,ok
33.0,irish_potato,B,2025,2,baseline_district_mean,10888.221401039289,7771.356269084258,14005.086532994319,7849.107229952399,True,ok
34.0,irish_potato,A,2025,2,baseline_district_mean,14341.041283091889,11224.176151136857,17457.90641504692,14818.97064127214,True,ok
34.0,irish_potato,B,2025,2,baseline_district_mean,10724.14078199749,7607.275650042459,13841.005913952522,7744.623970945266,True,ok
43.0,irish_potato,B,2025,2,baseline_district_mean,8725.75884539035,5608.893713435319,11842.623977345382,8428.941658638576,True,ok
44.0,irish_potato,A,2025,2,baseline_district_mean,11110.549930540574,7993.684798585543,14227.415062495606,11266.084712974021,True,ok
44.0,irish_potato,B,2025,2,baseline_district_mean,9853.290751972574,6736.425620017543,12970.155883927604,8008.620565550507,True,ok
45.0,irish_potato,A,2025,2,baseline_district_mean,8924.61202847098,5807.746896515949,12041.47716042601,9768.883248828264,True,ok
45.0,irish_potato,B,2025,2,baseline_district_mean,6489.08810868639,3372.2229767313593,9605.953240641422,4804.420367435315,True,ok
54.0,irish_potato,B,2025,2,baseline_district_mean,1433.0098066218113,-1683.8553253332195,4549.874938576842,1996.6427947028467,True,ok
23.0,irish_potato,B,2020,3,baseline_district_mean,4549.4774172301395,1432.6122852751087,7666.34254918517,4849.986670020974,True,ok
32.0,irish_potato,A,2020,3,baseline_district_mean,7690.48596256746,4573.620830612429,10807.351094522492,6302.052650999894,True,ok
32.0,irish_potato,B,2020,3,baseline_district_mean,3958.8158466754876,841.9507147204567,7075.680978630518,3397.3175028973305,True,ok
33.0,irish_potato,A,2020,3,baseline_district_mean,13690.756568613655,10573.891436658625,16807.621700568685,10756.55909732455,True,ok
33.0,irish_potato,B,2020,3,baseline_district_mean,10137.927323870892,7021.062191915861,13254.792455825922,11600.577615794384,True,ok
34.0,irish_potato,A,2020,3,baseline_district_mean,13954.604368645092,10837.73923669006,17071.469500600124,16751.155213506114,True,ok
34.0,irish_potato,B,2020,3,baseline_district_mean,9897.85535647071,6780.99022451568,13014.72048842574,11876.05109857916,True,ok
43.0,irish_potato,A,2020,3,baseline_district_mean,13257.328820553184,10140.463688598153,16374.193952508216,14890.484966837303,True,ok
43.0,irish_potato,B,2020,3,baseline_district_mean,8453.980943411976,5337.115811456945,11570.846075367008,9787.831168530452,True,ok
44.0,irish_potato,A,2020,3,baseline_district_mean,11517.307974380861,8400.44284242583,14634.173106335893,9232.294493772588,True,ok
45.0,irish_potato,A,2020,3,baseline_district_mean,8862.14490651627,5745.27977456124,11979.0100384713,10081.218858601806,True,ok
45.0,irish_potato,B,2020,3,baseline_district_mean,5586.2597695233835,2469.3946375683527,8703.124901478415,8415.73372408734,True,ok
32.0,irish_potato,B,2021,3,baseline_district_mean,3949.5153091685443,832.6501772135134,7066.380441123575,3434.5196529251057,True,ok
33.0,irish_potato,A,2021,3,baseline_district_mean,12783.293191493689,9666.428059538659,15900.158323448719,15293.875982924377,True,ok
33.0,irish_potato,B,2021,3,baseline_district_mean,9991.938541012867,6875.073409057836,13108.803672967897,12330.521530084508,True,ok
34.0,irish_potato,A,2021,3,baseline_district_mean,14273.025999550659,11156.160867595627,17389.89113150569,15159.047058978293,True,ok
34.0,irish_potato,B,2021,3,baseline_district_mean,10190.962617804407,7074.097485849376,13307.827749759439,10410.514791910686,True,ok
43.0,irish_potato,A,2021,3,baseline_district_mean,13493.349105564223,10376.483973609193,16610.214237519252,14182.424111804183,True,ok
43.0,irish_potato,B,2021,3,baseline_district_mean,8755.946918240694,5639.081786285663,11872.812050195724,8278.001294386866,True,ok
44.0,irish_potato,A,2021,3,baseline_district_mean,11391.405785720708,8274.540653765678,14508.270917675738,9861.805437073352,True,ok
44.0,irish_potato,B,2021,3,baseline_district_mean,8902.254453739431,5785.389321784401,12019.119585694461,11812.765758483083,True,ok
45.0,irish_potato,A,2021,3,baseline_district_mean,8860.421352619676,5743.5562206646455,11977.286484574706,10089.83662808478,True,ok
45.0,irish_potato,B,2021,3,baseline_district_mean,6131.813549991458,3014.948418036427,9248.678681946489,6233.518602215043,True,ok
54.0,irish_potato,B,2021,3,baseline_district_mean,1996.6427947028467,-1120.2223372521842,5113.507926657878,1433.0098066218113,True,use_with_caution
23.0,irish_potato,B,2022,3,baseline_district_mean,4866.5240375733365,1749.6589056183057,7983.389169528367,3898.846808991384,True,ok
25.0,irish_potato,A,2022,3,baseline_district_mean,7255.394524880468,4138.529392925438,10372.2596568355,5628.649468209202,True,ok
25.0,irish_potato,B,2022,3,baseline_district_mean,7760.243158458807,4643.378026503776,10877.108290413838,7341.36525703778,True,ok
32.0,irish_potato,A,2022,3,baseline_district_mean,6815.621549906031,3698.756417951,9932.48668186106,8051.781476322752,True,use_with_caution
32.0,irish_potato,B,2022,3,baseline_district_mean,3786.667032497009,669.8019005419783,6903.53216445204,4085.9127596112453,True,ok
33.0,irish_potato,A,2022,3,baseline_district_mean,13454.31386105381,10337.448729098778,16571.17899300884,11938.772635123783,True,ok
33.0,irish_potato,B,2022,3,baseline_district_mean,10549.582031531427,7432.716899576396,13666.447163486457,9542.30407749171,True,ok
34.0,irish_potato,A,2022,3,baseline_district_mean,14744.069452750624,11627.204320795594,17860.934584705654,12803.829792978458,True,ok
34.0,irish_potato,B,2022,3,baseline_district_mean,10192.49949589428,7075.63436393925,13309.36462784931,10402.830401461308,True,ok
43.0,irish_potato,A,2022,3,baseline_district_mean,14154.105931295817,11037.240799340787,17270.971063250847,12200.153634609402,True,ok
43.0,irish_potato,B,2022,3,baseline_district_mean,8667.426859953168,5550.561727998137,11784.291991908198,8720.601585824488,True,ok
44.0,irish_potato,A,2022,3,baseline_district_mean,11059.404984265475,7942.539852310444,14176.270116220505,11521.809444349517,True,ok
44.0,irish_potato,B,2022,3,baseline_district_mean,9803.431352528922,6686.566220573891,12920.296484483952,8208.058163325117,True,ok
45.0,irish_potato,A,2022,3,baseline_district_mean,9242.049304952054,6125.184172997023,12358.914436907085,8181.696866422896,True,ok
45.0,irish_potato,B,2022,3,baseline_district_mean,6202.442521394608,3085.577389439577,9319.307653349639,5951.002716602441,True,ok
23.0,irish_potato,B,2023,3,baseline_district_mean,4833.4600806163535,1716.5949486613226,7950.325212571384,3998.038679862332,True,use_with_caution
25.0,irish_potato,A,2023,3,baseline_district_mean,5628.649468209202,2511.7843362541707,8745.514600164232,7255.394524880468,True,ok
32.0,irish_potato,A,2023,3,baseline_district_mean,7176.917063661323,4060.0519317062917,10293.782195616353,7329.190448812168,True,ok
32.0,irish_potato,B,2023,3,baseline_district_mean,3875.2521455464866,758.3870135914558,6992.1172775015175,3731.572307413335,True,ok
33.0,irish_potato,A,2023,3,baseline_district_mean,13461.591802004998,10344.726670049968,16578.456933960028,11902.382930367843,True,ok
33.0,irish_potato,B,2023,3,baseline_district_mean,10498.38199562116,7381.516863666128,13615.247127576189,9798.304257043046,True,ok
34.0,irish_potato,A,2023,3,baseline_district_mean,14722.609772907617,11605.744640952587,17839.474904862647,12911.128192193508,True,ok
34.0,irish_potato,B,2023,3,baseline_district_mean,10302.16603770997,7185.30090575494,13419.031169665002,9854.497692382865,True,ok
43.0,irish_potato,A,2023,3,baseline_district_mean,13757.68757108363,10640.822439128598,16874.552703038662,13389.408715245967,True,ok
43.0,irish_potato,B,2023,3,baseline_district_mean,8935.980920579692,5819.115788624661,12052.846052534722,7377.831282691873,True,ok
44.0,irish_potato,A,2023,3,baseline_district_mean,11467.168633688301,8350.30350173327,14584.033765643333,9482.99119723539,True,ok
44.0,irish_potato,B,2023,3,baseline_district_mean,9402.695376983589,6285.830245028558,12519.560508938619,9811.00206550645,True,ok
45.0,irish_potato,A,2023,3,baseline_district_mean,9466.302335814293,6349.437203859262,12583.167467769323,7060.431712111699,True,ok
45.0,irish_potato,B,2023,3,baseline_district_mean,6351.168852585035,3234.303720630004,9468.033984540067,5356.097391840734,True,ok
33.0,irish_potato,A,2024,3,baseline_district_mean,13196.45703150446,10079.591899549428,16313.322163459492,13228.056782870533,True,ok
33.0,irish_potato,B,2024,3,baseline_district_mean,10224.16294207321,7107.297810118179,13341.02807402824,11169.399524782795,True,ok
34.0,irish_potato,A,2024,3,baseline_district_mean,14488.826179785703,11371.961047830671,17605.691311740735,14080.04615780307,True,ok
34.0,irish_potato,B,2024,3,baseline_district_mean,10057.703591055857,6940.838459100826,13174.568723010889,11076.809925653433,True,ok
43.0,irish_potato,B,2024,3,baseline_district_mean,8518.641398014452,5401.776266059421,11635.506529969483,9464.528895518075,True,ok
44.0,irish_potato,A,2024,3,baseline_district_mean,10272.997057080973,7156.131925125942,13389.862189036005,15453.849080272026,True,ok
44.0,irish_potato,B,2024,3,baseline_district_mean,9460.111638216289,6343.246506261258,12576.97677017132,9581.33702057565,True,ok
45.0,irish_potato,A,2024,3,baseline_district_mean,9036.41346280989,5919.548330854858,12153.27859476492,9209.876077133718,True,ok
23.0,irish_potato,B,2025,3,baseline_district_mean,4248.957386291563,1132.0922543365323,7365.822518246594,5751.546762836702,True,use_with_caution
25.0,irish_potato,B,2025,3,baseline_district_mean,7341.36525703778,4224.500125082749,10458.230388992812,7760.243158458807,True,ok
32.0,irish_potato,B,2025,3,baseline_district_mean,3662.330555711754,545.4654237567233,6779.195687666785,4583.2586667522655,True,ok
33.0,irish_potato,A,2025,3,baseline_district_mean,12623.929485722218,9507.064353767186,15740.79461767725,16090.694511781741,True,ok
33.0,irish_potato,B,2025,3,baseline_district_mean,10888.221401039289,7771.356269084258,14005.086532994319,7849.107229952399,True,ok
34.0,irish_potato,A,2025,3,baseline_district_mean,14341.041283091889,11224.176151136857,17457.90641504692,14818.97064127214,True,ok
34.0,irish_potato,B,2025,3,baseline_district_mean,10724.14078199749,7607.275650042459,13841.005913952522,7744.623970945266,True,ok
43.0,irish_potato,B,2025,3,baseline_district_mean,8725.75884539035,5608.893713435319,11842.623977345382,8428.941658638576,True,ok
44.0,irish_potato,A,2025,3,baseline_district_mean,11110.549930540574,7993.684798585543,14227.415062495606,11266.084712974021,True,ok
44.0,irish_potato,B,2025,3,baseline_district_mean,9853.290751972574,6736.425620017543,12970.155883927604,8008.620565550507,True,ok
45.0,irish_potato,A,2025,3,baseline_district_mean,8924.61202847098,5807.746896515949,12041.47716042601,9768.883248828264,True,ok
45.0,irish_potato,B,2025,3,baseline_district_mean,6489.08810868639,3372.2229767313593,9605.953240641422,4804.420367435315,True,ok
54.0,irish_potato,B,2025,3,baseline_district_mean,1433.0098066218113,-1683.8553253332195,4549.874938576842,1996.6427947028467,True,ok
23.0,irish_potato,B,2020,4,ridge,4387.204222570705,1244.812661134194,7529.595784007215,4849.986670020974,True,ok
32.0,irish_potato,A,2020,4,ridge,7701.4382989216365,4559.046737485126,10843.829860358146,6302.052650999894,True,ok
32.0,irish_potato,B,2020,4,ridge,3932.56662047968,790.1750590431693,7074.95818191619,3397.3175028973305,True,ok
33.0,irish_potato,A,2020,4,ridge,13740.532967905947,10598.141406469436,16882.924529342457,10756.55909732455,True,ok
33.0,irish_potato,B,2020,4,ridge,10188.381427820676,7045.989866384165,13330.772989257186,11600.577615794384,True,ok
34.0,irish_potato,A,2020,4,ridge,13910.029041089403,10767.637479652893,17052.42060252591,16751.155213506114,True,ok
34.0,irish_potato,B,2020,4,ridge,9963.155907187458,6820.7643457509475,13105.547468623969,11876.05109857916,True,ok
43.0,irish_potato,A,2020,4,ridge,13219.258678115977,10076.867116679467,16361.650239552488,14890.484966837303,True,ok
43.0,irish_potato,B,2020,4,ridge,8473.523035470114,5331.131474033604,11615.914596906625,9787.831168530452,True,ok
44.0,irish_potato,A,2020,4,ridge,11548.429975055311,8406.0384136188,14690.821536491821,9232.294493772588,True,ok
45.0,irish_potato,A,2020,4,ridge,8967.484846490373,5825.093285053863,12109.876407926884,10081.218858601806,True,ok
45.0,irish_potato,B,2020,4,ridge,5698.524319062063,2556.1327576255526,8840.915880498575,8415.73372408734,True,ok
32.0,irish_potato,B,2021,4,ridge,4048.922607108596,906.5310456720854,7191.314168545106,3434.5196529251057,True,ok
33.0,irish_potato,A,2021,4,ridge,12907.378259971905,9764.986698535395,16049.769821408416,15293.875982924377,True,ok
33.0,irish_potato,B,2021,4,ridge,10246.048974985697,7103.6574135491865,13388.440536422208,12330.521530084508,True,ok
34.0,irish_potato,A,2021,4,ridge,14314.360917236734,11171.969355800224,17456.752478673247,15159.047058978293,True,ok
34.0,irish_potato,B,2021,4,ridge,10405.335922004866,7262.9443605683555,13547.727483441377,10410.514791910686,True,ok
43.0,irish_potato,A,2021,4,ridge,13440.348699470465,10297.957138033955,16582.740260906976,14182.424111804183,True,ok
43.0,irish_potato,B,2021,4,ridge,8914.304656681823,5771.913095245312,12056.696218118333,8278.001294386866,True,ok
44.0,irish_potato,A,2021,4,ridge,11345.18468563107,8202.793124194559,14487.57624706758,9861.805437073352,True,ok
44.0,irish_potato,B,2021,4,ridge,8962.357886385777,5819.966324949266,12104.749447822287,11812.765758483083,True,ok
45.0,irish_potato,A,2021,4,ridge,8812.660658234628,5670.269096798118,11955.052219671139,10089.83662808478,True,ok
45.0,irish_potato,B,2021,4,ridge,6161.755215071542,3019.3636536350314,9304.146776508052,6233.518602215043,True,ok
54.0,irish_potato,B,2021,4,ridge,1804.543219489018,-1337.8483419474926,4946.934780925529,1433.0098066218113,True,use_with_caution
23.0,irish_potato,B,2022,4,ridge,4832.275028196309,1689.8834667597985,7974.6665896328195,3898.846808991384,True,ok
25.0,irish_potato,A,2022,4,ridge,7508.903311664075,4366.511750227564,10651.294873100585,5628.649468209202,True,ok
25.0,irish_potato,B,2022,4,ridge,7762.09350037275,4619.7019389362395,10904.48506180926,7341.36525703778,True,ok
32.0,irish_potato,A,2022,4,ridge,6986.224469525184,3843.8329080886733,10128.616030961693,8051.781476322752,True,use_with_caution
32.0,irish_potato,B,2022,4,ridge,4014.166219004752,871.7746575682413,7156.557780441262,4085.9127596112453,True,ok
33.0,irish_potato,A,2022,4,ridge,13810.247935121348,10667.856373684837,16952.63949655786,11938.772635123783,True,ok
33.0,irish_potato,B,2022,4,ridge,10857.815379244628,7715.423817808118,14000.206940681139,9542.30407749171,True,ok
34.0,irish_potato,A,2022,4,ridge,15014.591166396893,11872.199604960382,18156.982727833405,12803.829792978458,True,ok
34.0,irish_potato,B,2022,4,ridge,10372.943682808833,7230.552121372322,13515.335244245343,10402.830401461308,True,ok
43.0,irish_potato,A,2022,4,ridge,14324.294455503581,11181.90289406707,17466.68601694009,12200.153634609402,True,ok
43.0,irish_potato,B,2022,4,ridge,8775.239383965703,5632.847822529193,11917.630945402214,8720.601585824488,True,ok
44.0,irish_potato,A,2022,4,ridge,11358.422907659775,8216.031346223264,14500.814469096285,11521.809444349517,True,ok
44.0,irish_potato,B,2022,4,ridge,9916.371787826027,6773.980226389516,13058.763349262537,8208.058163325117,True,ok
45.0,irish_potato,A,2022,4,ridge,9416.023360584413,6273.631799147903,12558.414922020924,8181.696866422896,True,ok
45.0,irish_potato,B,2022,4,ridge,6346.593563702206,3204.2020022656952,9488.985125138715,5951.002716602441,True,ok
23.0,irish_potato,B,2023,4,ridge,4577.014204610895,1434.6226431743844,7719.405766047405,3998.038679862332,True,use_with_caution
25.0,irish_potato,A,2023,4,ridge,5681.817047865981,2539.4254864294708,8824.208609302492,7255.394524880468,True,ok
32.0,irish_potato,A,2023,4,ridge,7169.303098220062,4026.911536783551,10311.694659656572,7329.190448812168,True,ok
32.0,irish_potato,B,2023,4,ridge,3617.9407263513986,475.549164914888,6760.332287787909,3731.572307413335,True,ok
33.0,irish_potato,A,2023,4,ridge,13447.946639241281,10305.555077804771,16590.33820067779,11902.382930367843,True,ok
33.0,irish_potato,B,2023,4,ridge,10247.743275367022,7105.351713930511,13390.134836803532,9798.304257043046,True,ok
34.0,irish_potato,A,2023,4,ridge,14705.527743220395,11563.136181783884,17847.919304656905,12911.128192193508,True,ok
34.0,irish_potato,B,2023,4,ridge,9879.054172750251,6736.662611313741,13021.445734186762,9854.497692382865,True,ok
43.0,irish_potato,A,2023,4,ridge,13675.590053032725,10533.198491596215,16817.981614469238,13389.408715245967,True,ok
43.0,irish_potato,B,2023,4,ridge,8501.764180874174,5359.372619437663,11644.155742310684,7377.831282691873,True,ok
44.0,irish_potato,A,2023,4,ridge,11461.463596495161,8319.07203505865,14603.855157931672,9482.99119723539,True,ok
44.0,irish_potato,B,2023,4,ridge,9096.523710392152,5954.132148955641,12238.915271828662,9811.00206550645,True,ok
45.0,irish_potato,A,2023,4,ridge,9614.763878603057,6472.372317166546,12757.155440039567,7060.431712111699,True,ok
45.0,irish_potato,B,2023,4,ridge,6129.546897955693,2987.155336519182,9271.938459392204,5356.097391840734,True,ok
33.0,irish_potato,A,2024,4,ridge,13273.91234412131,10131.5207826848,16416.30390555782,13228.056782870533,True,ok
33.0,irish_potato,B,2024,4,ridge,10384.257755850935,7241.866194414424,13526.649317287445,11169.399524782795,True,ok
34.0,irish_potato,A,2024,4,ridge,14493.330717256202,11350.939155819691,17635.722278692712,14080.04615780307,True,ok
34.0,irish_potato,B,2024,4,ridge,10190.648823009427,7048.257261572917,13333.040384445938,11076.809925653433,True,ok
43.0,irish_potato,B,2024,4,ridge,8636.669238618457,5494.277677181946,11779.060800054967,9464.528895518075,True,ok
44.0,irish_potato,A,2024,4,ridge,10303.324837560438,7160.9332761239275,13445.716398996949,15453.849080272026,True,ok
44.0,irish_potato,B,2024,4,ridge,9686.074241440896,6543.6826800043855,12828.465802877407,9581.33702057565,True,ok
45.0,irish_potato,A,2024,4,ridge,8994.00885697098,5851.61729553447,12136.400418407491,9209.876077133718,True,ok
23.0,irish_potato,B,2025,4,ridge,4043.3524203673423,900.9608589308318,7185.743981803853,5751.546762836702,True,use_with_caution
25.0,irish_potato,B,2025,4,ridge,7368.985208124079,4226.593646687568,10511.37676956059,7760.243158458807,True,ok
32.0,irish_potato,B,2025,4,ridge,3626.1388720920186,483.74731065550804,6768.530433528529,4583.2586667522655,True,ok
33.0,irish_potato,A,2025,4,ridge,12424.056206231462,9281.664644794952,15566.447767667973,16090.694511781741,True,ok
33.0,irish_potato,B,2025,4,ridge,11003.082783779935,7860.691222343425,14145.474345216446,7849.107229952399,True,ok
34.0,irish_potato,A,2025,4,ridge,13892.62020407359,10750.22864263708,17035.0117655101,14818.97064127214,True,ok
34.0,irish_potato,B,2025,4,ridge,10582.250662966413,7439.859101529903,13724.642224402924,7744.623970945266,True,ok
43.0,irish_potato,B,2025,4,ridge,8453.733855936465,5311.342294499955,11596.125417372976,8428.941658638576,True,ok
44.0,irish_potato,A,2025,4,ridge,10719.237240383069,7576.845678946558,13861.62880181958,11266.084712974021,True,ok
44.0,irish_potato,B,2025,4,ridge,9829.945382651831,6687.553821215321,12972.336944088342,8008.620565550507,True,ok
45.0,irish_potato,A,2025,4,ridge,8712.759154957987,5570.367593521476,11855.150716394497,9768.883248828264,True,ok
45.0,irish_potato,B,2025,4,ridge,6497.7924487740365,3355.400887337526,9640.184010210547,4804.420367435315,True,ok
54.0,irish_potato,B,2025,4,ridge,1231.3332244666394,-1911.058336969871,4373.72478590315,1996.6427947028467,True,ok
52.0,sorghum,A,2019,2,lgbm,1518.2880434453507,1096.2804044506006,1940.2956824401008,839.6653500555955,True,ok
53.0,sorghum,A,2019,2,lgbm,707.3768624720437,285.36922347729353,1129.384501466794,905.1909437035578,True,ok
54.0,sorghum,A,2019,2,lgbm,945.8554963012652,523.847857306515,1367.8631352960156,465.1972888524553,True,ok
12.0,sorghum,B,2020,2,lgbm,894.6944031581206,472.6867641633704,1316.702042152871,1062.4613270178306,True,ok
21.0,sorghum,B,2020,2,lgbm,700.8682127742788,278.86057377952864,1122.875851769029,968.8745276400011,True,ok
22.0,sorghum,B,2020,2,lgbm,596.0085459512079,174.0009069564577,1018.0161849459581,966.7111413383332,True,ok
24.0,sorghum,B,2020,2,lgbm,676.6854132989172,254.67777430416697,1098.6930522936673,814.7344768120597,True,ok
25.0,sorghum,B,2020,2,lgbm,647.2863177048293,225.27867871007913,1069.2939566995797,558.3875692043573,True,ok
26.0,sorghum,B,2020,2,lgbm,599.75819149706,177.7505525023098,1021.7658304918102,535.0011393230311,True,ok
28.0,sorghum,B,2020,2,lgbm,771.7100190899553,349.70238009520506,1193.7176580847054,830.306117498328,True,ok
41.0,sorghum,B,2020,2,lgbm,748.2406846327244,326.2330456379742,1170.2483236274747,552.081007285794,True,ok
44.0,sorghum,B,2020,2,lgbm,1131.5771226842392,709.569483689489,1553.5847616789893,871.0764104706744,True,ok
45.0,sorghum,B,2020,2,lgbm,1092.5921384800567,670.5844994853065,1514.599777474807,1121.7673192368775,True,ok
51.0,sorghum,B,2020,2,lgbm,888.6572557042595,466.64961670950925,1310.6648946990097,915.5578735068569,True,ok
52.0,sorghum,A,2020,2,lgbm,1157.823982817991,735.8163438232408,1579.831621812741,1495.9578009383843,True,ok
52.0,sorghum,B,2020,2,lgbm,915.5819020032245,493.5742630084743,1337.5895409979748,977.2230249189967,True,ok
53.0,sorghum,A,2020,2,lgbm,520.4896807898934,98.48204179514323,942.4973197846437,584.4573406341026,True,use_with_caution
53.0,sorghum,B,2020,2,lgbm,982.1267934408603,560.1191544461101,1404.1344324356105,1150.2266132549205,True,ok
54.0,sorghum,B,2020,2,lgbm,977.5150466823559,555.5074076876057,1399.522685677106,1020.907816088957,True,ok
55.0,sorghum,A,2020,2,lgbm,576.8079565391074,154.8003175443572,998.8155955338576,941.6418593181337,True,ok
55.0,sorghum,B,2020,2,lgbm,798.0426790852209,376.0350400904707,1220.050318079971,619.7334954980671,True,ok
56.0,sorghum,B,2020,2,lgbm,722.8094328432467,300.80179384849646,1144.817071837997,447.76093487626383,True,ok
57.0,sorghum,A,2020,2,lgbm,293.605194663399,-128.4024443313512,715.6128336581492,775.2143053656744,True,ok
57.0,sorghum,B,2020,2,lgbm,578.0357035937016,156.02806459895135,1000.0433425884518,531.216509905762,True,ok
12.0,sorghum,B,2021,2,lgbm,1167.1740038434884,745.1663648487382,1589.1816428382385,1053.7542592471582,True,ok
21.0,sorghum,B,2021,2,lgbm,901.6995301599036,479.6918911651534,1323.707169154654,1114.2322405662774,True,ok
22.0,sorghum,B,2021,2,lgbm,893.944527728146,471.9368887333958,1315.9521667228962,833.1849286854207,True,ok
24.0,sorghum,B,2021,2,lgbm,989.1921582344754,567.1845192397252,1411.1997972292256,822.8453939030944,True,ok
25.0,sorghum,B,2021,2,lgbm,926.1255390991458,504.11790010439563,1348.133178093896,688.8136017351113,True,ok
28.0,sorghum,B,2021,2,lgbm,1011.1580646420167,589.1504256472665,1433.165703636767,814.2398159878478,True,ok
41.0,sorghum,B,2021,2,lgbm,860.4457573147182,438.438118319968,1282.4533963094684,687.2530863554412,True,ok
44.0,sorghum,B,2021,2,lgbm,1299.0226395482518,877.0150005535016,1721.0302785430022,1196.4067946125494,True,ok
45.0,sorghum,B,2021,2,lgbm,1361.429403006926,939.4217640121757,1783.4370420016762,1109.1360867015028,True,ok
51.0,sorghum,B,2021,2,lgbm,977.5832114259053,555.5755724311551,1399.5908504206554,996.8582992671304,True,ok
52.0,sorghum,A,2021,2,lgbm,1541.5802446215364,1119.5726056267863,1963.5878836162865,1731.323675409474,True,ok
52.0,sorghum,B,2021,2,lgbm,1115.1289712459418,693.1213322511916,1537.1366102406919,873.3262255617133,True,ok
53.0,sorghum,A,2021,2,lgbm,806.82384592959,384.8162069348398,1228.8314849243402,775.1729676025449,True,ok
53.0,sorghum,B,2021,2,lgbm,1064.9325859146477,642.9249469198975,1486.9402249093978,1173.8147985226883,True,ok
54.0,sorghum,B,2021,2,lgbm,1193.4927237262973,771.4850847315471,1615.5003627210476,1132.602977796167,True,ok
55.0,sorghum,B,2021,2,lgbm,881.4185683895173,459.4109293947671,1303.4262073842674,791.2121694940982,True,ok
56.0,sorghum,B,2021,2,lgbm,787.8490215503867,365.8413825556365,1209.856660545137,661.0562563877727,True,ok
57.0,sorghum,B,2021,2,lgbm,661.7486881232961,239.7410491285459,1083.7563271180463,594.8299851600635,True,ok
12.0,sorghum,B,2022,2,lgbm,1127.4806941551608,705.4730551604106,1549.4883331499109,1115.6905492833037,True,ok
21.0,sorghum,B,2022,2,lgbm,993.1474508341689,571.1398118394187,1415.1550898289192,943.9506879981514,True,ok
24.0,sorghum,B,2022,2,lgbm,1057.8360698047065,635.8284308099563,1479.8437087994566,743.949243934877,True,ok
25.0,sorghum,B,2022,2,lgbm,605.2866712952557,183.2790323005055,1027.2943102900058,869.0777277950018,True,ok
26.0,sorghum,B,2022,2,lgbm,853.5622646310962,431.55462563634603,1275.5699036258466,793.7799563111008,True,ok
28.0,sorghum,B,2022,2,lgbm,1006.4090556216247,584.4014166268745,1428.416694616375,1173.460477889432,True,ok
41.0,sorghum,B,2022,2,lgbm,815.0830269931744,393.07538799842416,1237.0906659879247,941.6767352593454,True,ok
44.0,sorghum,B,2022,2,lgbm,1333.4247273155497,911.4170883207995,1755.4323663103,1231.5407622129405,True,ok
45.0,sorghum,B,2022,2,lgbm,1303.52601644818,881.5183774534297,1725.53365544293,1138.476092531194,True,ok
51.0,sorghum,B,2022,2,lgbm,1022.7840968387054,600.7764578439552,1444.7917358334557,1184.976407222878,True,ok
52.0,sorghum,A,2022,2,lgbm,1702.11114746094,1280.1035084661899,2124.11878645569,1326.429761399356,True,ok
52.0,sorghum,B,2022,2,lgbm,1194.1098642119,772.1022252171498,1616.1175032066503,923.6629178734222,True,ok
53.0,sorghum,A,2022,2,lgbm,978.0079276974998,556.0002887027496,1400.01556669225,730.791536356036,True,ok
53.0,sorghum,B,2022,2,lgbm,1314.8501380478845,892.8424990531342,1736.8577770426346,1172.281296080475,True,ok
54.0,sorghum,A,2022,2,lgbm,979.7631743098536,557.7555353151034,1401.770813304604,571.0510531486962,True,use_with_caution
54.0,sorghum,B,2022,2,lgbm,1255.193994457989,833.1863554632388,1677.2016334527393,1379.0501237411333,True,ok
55.0,sorghum,A,2022,2,lgbm,927.1792146850142,505.17157569026404,1349.1868536797645,717.634562911373,True,ok
55.0,sorghum,B,2022,2,lgbm,1080.1219916822051,658.1143526874549,1502.1296306769555,864.7097160254743,True,ok
56.0,sorghum,B,2022,2,lgbm,686.9813355529694,264.9736965582192,1108.9889745477196,884.0623462777224,True,ok
57.0,sorghum,A,2022,2,lgbm,641.6737554871045,219.66611649235426,1063.6813944818546,758.6312035578867,True,ok
57.0,sorghum,B,2022,2,lgbm,720.4712284972323,298.46358950248214,1142.4788674919826,641.9624213707185,True,ok
12.0,sorghum,B,2023,2,lgbm,1256.1645492114285,834.1569102166783,1678.1721882061788,1163.9151951161932,True,ok
21.0,sorghum,B,2023,2,lgbm,1017.3190734428058,595.3114344480556,1439.3267124375561,966.0036351729093,True,ok
22.0,sorghum,B,2023,2,lgbm,868.9283234697574,446.9206844750072,1290.9359624645076,907.019143661634,True,ok
24.0,sorghum,B,2023,2,lgbm,955.4896368311805,533.4819978364303,1377.4972758259307,1066.6615640707314,True,ok
25.0,sorghum,B,2023,2,lgbm,871.1163450468273,449.1087060520771,1293.1239840415774,862.7517048153446,True,ok
26.0,sorghum,B,2023,2,lgbm,816.5768654676017,394.5692264728515,1238.584504462352,838.3618740413384,True,ok
28.0,sorghum,B,2023,2,lgbm,1028.987218548741,606.9795795539909,1450.9948575434914,919.3380682031511,True,ok
31.0,sorghum,B,2023,2,lgbm,1164.8054749064058,742.7978359116556,1586.8131139011562,844.1503645551662,True,ok
41.0,sorghum,B,2023,2,lgbm,961.2940772581655,539.2864382634153,1383.3017162529159,812.7041159951009,True,ok
44.0,sorghum,B,2023,2,lgbm,1356.718777907341,934.7111389125909,1778.7264169020914,1480.513622191018,True,ok
45.0,sorghum,B,2023,2,lgbm,1368.669897022692,946.6622580279419,1790.6775360174424,1334.0858383829366,True,ok
51.0,sorghum,B,2023,2,lgbm,1105.1868057965144,683.1791668017642,1527.1944447912647,1217.2614211371404,True,ok
52.0,sorghum,A,2023,2,lgbm,1439.4558172309971,1017.4481782362469,1861.4634562257474,1685.6198642719548,True,ok
53.0,sorghum,A,2023,2,lgbm,1002.9566421837955,580.9490031890452,1424.9642811785457,907.961425251889,True,ok
53.0,sorghum,B,2023,2,lgbm,1356.2093578379377,934.2017188431875,1778.216996832688,1503.4115536397233,True,ok
54.0,sorghum,A,2023,2,lgbm,1085.6817128082582,663.674073813508,1507.6893518030083,806.8067458986488,True,ok
54.0,sorghum,B,2023,2,lgbm,1313.819522122393,891.8118831276428,1735.827161117143,1307.713988054816,True,ok
55.0,sorghum,A,2023,2,lgbm,894.6952863644485,472.6876473696983,1316.7029253591986,911.3599057740067,True,ok
55.0,sorghum,B,2023,2,lgbm,980.624221127283,558.6165821325328,1402.6318601220332,1168.7549617172126,True,ok
56.0,sorghum,B,2023,2,lgbm,1005.3472836972796,583.3396447025294,1427.35492269203,911.9547701367092,True,ok
57.0,sorghum,A,2023,2,lgbm,617.6031940272592,195.59555503250897,1039.6108330220095,376.2007053868269,True,ok
57.0,sorghum,B,2023,2,lgbm,733.5791379760655,311.57149898131524,1155.5867769708157,843.7842816576388,True,use_with_caution
12.0,sorghum,B,2024,2,lgbm,1106.0250194143694,684.0173804196191,1528.0326584091194,1302.1410962665143,True,ok
21.0,sorghum,B,2024,2,lgbm,1037.2247462003675,615.2171072056173,1459.2323851951178,930.4291993568935,True,ok
22.0,sorghum,B,2024,2,lgbm,930.8345486601277,508.82690966537746,1352.8421876548778,882.6942903172086,True,ok
24.0,sorghum,B,2024,2,lgbm,901.7874569676727,479.7798179729225,1323.795095962423,1131.7133772653272,True,ok
25.0,sorghum,B,2024,2,lgbm,748.8850689878714,326.87742999312115,1170.8927079826217,836.7355013081415,True,ok
26.0,sorghum,B,2024,2,lgbm,856.5413168758105,434.53367788106027,1278.5489558705608,789.2466988685566,True,ok
28.0,sorghum,B,2024,2,lgbm,947.6527388051921,525.6450998104419,1369.6603777999424,1092.5287024311028,True,ok
31.0,sorghum,B,2024,2,lgbm,791.858750816514,369.85111182176377,1213.866389811264,1097.4133215727109,True,ok
41.0,sorghum,B,2024,2,lgbm,839.2602599937221,417.2526209989719,1261.2678989884723,1306.8851447650784,True,ok
44.0,sorghum,B,2024,2,lgbm,1402.8966036150566,980.8889646203064,1824.9042426098067,1649.5456457191915,True,ok
45.0,sorghum,B,2024,2,lgbm,1368.6812338572822,946.673594862532,1790.6888728520325,1568.3962681824096,True,ok
51.0,sorghum,B,2024,2,lgbm,1174.4704095615937,752.4627705668435,1596.4780485563438,1169.9955337545935,True,ok
52.0,sorghum,A,2024,2,lgbm,1599.0636232925258,1177.0559842977755,2021.071262287276,1947.285683273713,True,ok
52.0,sorghum,B,2024,2,lgbm,1166.4624250160612,744.454786021311,1588.4700640108113,1716.02079193305,True,ok
53.0,sorghum,A,2024,2,lgbm,1020.7507468857726,598.7431078910224,1442.7583858805228,1097.632868337188,True,ok
53.0,sorghum,B,2024,2,lgbm,1342.1703014356513,920.162662440901,1764.1779404304016,1130.6067558740845,True,ok
54.0,sorghum,A,2024,2,lgbm,908.2367305777016,486.22909158295136,1330.244369572452,1413.469000962323,True,ok
54.0,sorghum,B,2024,2,lgbm,1325.5309495191182,903.523310524368,1747.5385885138685,1077.7069682768667,True,ok
55.0,sorghum,A,2024,2,lgbm,748.671423018714,326.6637840239638,1170.6790620134643,1034.4988346416064,True,ok
55.0,sorghum,B,2024,2,lgbm,986.2480169290369,564.2403779342867,1408.2556559237871,1248.555030883059,True,ok
56.0,sorghum,B,2024,2,lgbm,845.6654702121194,423.6578312173692,1267.6731092068696,1370.6872059613504,True,ok
57.0,sorghum,A,2024,2,lgbm,475.9618518451299,53.95421285037969,897.9694908398801,935.4671674576863,True,ok
57.0,sorghum,B,2024,2,lgbm,765.6057218895589,343.5980828948087,1187.6133608843093,1008.7216896865743,True,ok
12.0,sorghum,B,2025,2,lgbm,1307.442281192095,885.4346421973447,1729.4499201868452,1104.947952583879,True,ok
21.0,sorghum,B,2025,2,lgbm,998.2906916862096,576.2830526914594,1420.2983306809597,914.8573928685937,True,ok
24.0,sorghum,B,2025,2,lgbm,939.0576072514966,517.0499682567464,1361.0652462462467,953.5089717624064,True,ok
25.0,sorghum,B,2025,2,lgbm,993.0377442105305,571.0301052157803,1415.0453832052808,1013.4996897926592,True,ok
26.0,sorghum,B,2025,2,lgbm,776.6590609800786,354.6514219853284,1198.6666999748288,1043.618152638859,True,ok
28.0,sorghum,B,2025,2,lgbm,1056.2305844377217,634.2229454429715,1478.2382234324718,1001.8592113185091,True,ok
41.0,sorghum,B,2025,2,lgbm,963.1213916328811,541.1137526381309,1385.1290306276314,1104.3230938410566,True,ok
44.0,sorghum,B,2025,2,lgbm,1502.812187005077,1080.804548010327,1924.8198259998271,1331.4350565519696,True,ok
45.0,sorghum,B,2025,2,lgbm,1366.2527399353376,944.2451009405873,1788.2603789300879,1467.8390741219077,True,ok
51.0,sorghum,B,2025,2,lgbm,1184.5736780833697,762.5660390886195,1606.5813170781198,1012.1558194515901,True,ok
52.0,sorghum,A,2025,2,lgbm,1795.3417137552597,1373.3340747605093,2217.34935275001,1708.9521235404973,True,ok
52.0,sorghum,B,2025,2,lgbm,1318.067360547103,896.0597215523527,1740.0749995418532,1290.375253426678,True,ok
53.0,sorghum,A,2025,2,lgbm,856.7390863998007,434.7314474050505,1278.746725394551,934.0856848117762,True,ok
53.0,sorghum,B,2025,2,lgbm,1245.0601004485598,823.0524614538095,1667.06773944331,1068.480765399365,True,ok
54.0,sorghum,A,2025,2,lgbm,974.9250512265006,552.9174122317504,1396.9326902212508,1268.513188701969,True,ok
54.0,sorghum,B,2025,2,lgbm,1273.8523228273373,851.8446838325871,1695.8599618220874,1322.9548714997563,True,ok
55.0,sorghum,A,2025,2,lgbm,985.2912446375988,563.2836056428486,1407.2988836323489,1098.8007610488612,True,ok
55.0,sorghum,B,2025,2,lgbm,1043.6033847878784,621.5957457931282,1465.6110237826288,1084.3550431479962,True,ok
56.0,sorghum,B,2025,2,lgbm,1011.1043575823951,589.0967185876449,1433.1119965771454,1075.132129271341,True,ok
57.0,sorghum,A,2025,2,lgbm,790.3380804584561,368.33044146370594,1212.3457194532064,717.1790124842707,True,ok
57.0,sorghum,B,2025,2,lgbm,858.1128523980462,436.10521340329603,1280.1204913927963,906.8165729455184,True,ok
52.0,sorghum,A,2019,3,lgbm,1482.6766453323003,1049.559196806032,1915.7940938585684,839.6653500555955,True,ok
53.0,sorghum,A,2019,3,lgbm,667.7252312067183,234.6077826804501,1100.8426797329864,905.1909437035578,True,ok
54.0,sorghum,A,2019,3,lgbm,754.9916752223878,321.87422669611965,1188.109123748656,465.1972888524553,True,ok
12.0,sorghum,B,2020,3,lgbm,850.0644147548222,416.94696622855406,1283.1818632810905,1062.4613270178306,True,ok
21.0,sorghum,B,2020,3,lgbm,676.3114648024738,243.19401627620562,1109.428913328742,968.8745276400011,True,ok
22.0,sorghum,B,2020,3,lgbm,564.0144825060128,130.8970339797446,997.1319310322809,966.7111413383332,True,ok
24.0,sorghum,B,2020,3,lgbm,643.1462157943724,210.02876726810427,1076.2636643206406,814.7344768120597,True,ok
25.0,sorghum,B,2020,3,lgbm,671.9420058902583,238.82455736399015,1105.0594544165265,558.3875692043573,True,ok
26.0,sorghum,B,2020,3,lgbm,611.3127523882324,178.19530386196425,1044.4302009145006,535.0011393230311,True,ok
28.0,sorghum,B,2020,3,lgbm,743.5352814953624,310.4178329690942,1176.6527300216305,830.306117498328,True,ok
41.0,sorghum,B,2020,3,lgbm,769.7542490563651,336.63680053009693,1202.8716975826333,552.081007285794,True,ok
44.0,sorghum,B,2020,3,lgbm,1111.994182383494,678.8767338572259,1545.1116309097622,871.0764104706744,True,ok
45.0,sorghum,B,2020,3,lgbm,1154.3597520057956,721.2423034795274,1587.4772005320638,1121.7673192368775,True,ok
51.0,sorghum,B,2020,3,lgbm,878.3219126669304,445.20446414066225,1311.4393611931987,915.5578735068569,True,ok
52.0,sorghum,A,2020,3,lgbm,1252.4059762014604,819.2885276751922,1685.5234247277285,1495.9578009383843,True,ok
52.0,sorghum,B,2020,3,lgbm,957.7509252520047,524.6334767257365,1390.8683737782728,977.2230249189967,True,ok
53.0,sorghum,A,2020,3,lgbm,633.2994298788353,200.18198135256716,1066.4168784051035,584.4573406341026,True,use_with_caution
53.0,sorghum,B,2020,3,lgbm,999.3299138573359,566.2124653310677,1432.447362383604,1150.2266132549205,True,ok
54.0,sorghum,B,2020,3,lgbm,1025.1603201014832,592.042871575215,1458.2777686277514,1020.907816088957,True,ok
55.0,sorghum,A,2020,3,lgbm,812.9728133548741,379.85536482860596,1246.0902618811424,941.6418593181337,True,ok
55.0,sorghum,B,2020,3,lgbm,760.6789819499232,327.5615334236551,1193.7964304761913,619.7334954980671,True,ok
56.0,sorghum,B,2020,3,lgbm,720.1095701904616,286.9921216641934,1153.2270187167296,447.76093487626383,True,ok
57.0,sorghum,A,2020,3,lgbm,524.8418275234599,91.7243789971917,957.959276049728,775.2143053656744,True,ok
57.0,sorghum,B,2020,3,lgbm,514.4137547107125,81.29630618444435,947.5312032369807,531.216509905762,True,ok
12.0,sorghum,B,2021,3,lgbm,1180.0644691694608,746.9470206431927,1613.181917695729,1053.7542592471582,True,ok
21.0,sorghum,B,2021,3,lgbm,932.3507121017439,499.2332635754757,1365.468160628012,1114.2322405662774,True,ok
22.0,sorghum,B,2021,3,lgbm,902.9654362451658,469.8479877188977,1336.082884771434,833.1849286854207,True,ok
24.0,sorghum,B,2021,3,lgbm,949.8557533582175,516.7383048319493,1382.9732018844857,822.8453939030944,True,ok
25.0,sorghum,B,2021,3,lgbm,838.1353104884142,405.01786196214607,1271.2527590146824,688.8136017351113,True,ok
28.0,sorghum,B,2021,3,lgbm,1065.2957191276078,632.1782706013396,1498.413167653876,814.2398159878478,True,ok
41.0,sorghum,B,2021,3,lgbm,878.1160750191038,444.9986264928357,1311.233523545372,687.2530863554412,True,ok
44.0,sorghum,B,2021,3,lgbm,1544.6001577652357,1111.4827092389676,1977.717606291504,1196.4067946125494,True,ok
45.0,sorghum,B,2021,3,lgbm,1386.357001572895,953.2395530466267,1819.474450099163,1109.1360867015028,True,ok
51.0,sorghum,B,2021,3,lgbm,1161.2128819055974,728.0954333793293,1594.3303304318656,996.8582992671304,True,ok
52.0,sorghum,A,2021,3,lgbm,1749.8560977475822,1316.738649221314,2182.9735462738504,1731.323675409474,True,ok
52.0,sorghum,B,2021,3,lgbm,1335.2947679826564,902.1773194563882,1768.4122165089245,873.3262255617133,True,ok
53.0,sorghum,A,2021,3,lgbm,1024.15172957089,591.0342810446218,1457.2691780971581,775.1729676025449,True,ok
53.0,sorghum,B,2021,3,lgbm,1288.4924989170365,855.3750503907684,1721.6099474433047,1173.8147985226883,True,ok
54.0,sorghum,B,2021,3,lgbm,1272.357157049251,839.2397085229829,1705.4746055755193,1132.602977796167,True,ok
55.0,sorghum,B,2021,3,lgbm,992.4616899504131,559.3442414241449,1425.5791384766812,791.2121694940982,True,ok
56.0,sorghum,B,2021,3,lgbm,899.1711082516238,466.0536597253556,1332.288556777892,661.0562563877727,True,ok
57.0,sorghum,B,2021,3,lgbm,701.9000095809048,268.78256105463663,1135.0174581071728,594.8299851600635,True,ok
12.0,sorghum,B,2022,3,lgbm,1183.6295755420126,750.5121270157445,1616.7470240682808,1115.6905492833037,True,ok
21.0,sorghum,B,2022,3,lgbm,1010.2700527146902,577.1526041884221,1443.3875012409585,943.9506879981514,True,ok
24.0,sorghum,B,2022,3,lgbm,1025.8447463028629,592.7272977765947,1458.962194829131,743.949243934877,True,ok
25.0,sorghum,B,2022,3,lgbm,637.1337643933157,204.01631586704752,1070.2512129195838,869.0777277950018,True,ok
26.0,sorghum,B,2022,3,lgbm,840.5911104269658,407.4736619006976,1273.708558953234,793.7799563111008,True,ok
28.0,sorghum,B,2022,3,lgbm,1044.6813362635444,611.5638877372762,1477.7987847898125,1173.460477889432,True,ok
41.0,sorghum,B,2022,3,lgbm,776.7626490336053,343.6452005073371,1209.8800975598733,941.6767352593454,True,ok
44.0,sorghum,B,2022,3,lgbm,1372.4890449766021,939.371596450334,1805.6064935028703,1231.5407622129405,True,ok
45.0,sorghum,B,2022,3,lgbm,1310.5491781461444,877.4317296198763,1743.6666266724126,1138.476092531194,True,ok
51.0,sorghum,B,2022,3,lgbm,992.6726024995993,559.5551539733311,1425.7900510258673,1184.976407222878,True,ok
52.0,sorghum,A,2022,3,lgbm,1797.050803767818,1363.9333552415499,2230.1682522940864,1326.429761399356,True,ok
52.0,sorghum,B,2022,3,lgbm,1432.6062462954883,999.4887977692201,1865.7236948217565,923.6629178734222,True,ok
53.0,sorghum,A,2022,3,lgbm,904.7392469471793,471.6217984209111,1337.8566954734474,730.791536356036,True,ok
53.0,sorghum,B,2022,3,lgbm,1320.2143669364398,887.0969184101716,1753.331815462708,1172.281296080475,True,ok
54.0,sorghum,A,2022,3,lgbm,835.347994347062,402.23054582079385,1268.4654428733302,571.0510531486962,True,use_with_caution
54.0,sorghum,B,2022,3,lgbm,1214.5047805834936,781.3873320572254,1647.6222291097617,1379.0501237411333,True,ok
55.0,sorghum,A,2022,3,lgbm,915.9969353983068,482.8794868720387,1349.1143839245751,717.634562911373,True,ok
55.0,sorghum,B,2022,3,lgbm,1189.5622849129338,756.4448363866657,1622.679733439202,864.7097160254743,True,ok
56.0,sorghum,B,2022,3,lgbm,711.4052311592361,278.28778263296795,1144.5226796855043,884.0623462777224,True,ok
57.0,sorghum,A,2022,3,lgbm,675.2756412479507,242.15819272168255,1108.3930897742189,758.6312035578867,True,ok
57.0,sorghum,B,2022,3,lgbm,758.5042975102549,325.38684898398674,1191.621746036523,641.9624213707185,True,ok
12.0,sorghum,B,2023,3,lgbm,1090.685723559999,657.5682750337307,1523.803172086267,1163.9151951161932,True,ok
21.0,sorghum,B,2023,3,lgbm,927.2953152059911,494.1778666797229,1360.4127637322592,966.0036351729093,True,ok
22.0,sorghum,B,2023,3,lgbm,814.8610024992444,381.7435539729762,1247.9784510255126,907.019143661634,True,ok
24.0,sorghum,B,2023,3,lgbm,871.6570594715138,438.5396109452456,1304.774507997782,1066.6615640707314,True,ok
25.0,sorghum,B,2023,3,lgbm,729.8174378995194,296.69998937325124,1162.9348864257877,862.7517048153446,True,ok
26.0,sorghum,B,2023,3,lgbm,724.2964331036119,291.1789845773437,1157.41388162988,838.3618740413384,True,ok
28.0,sorghum,B,2023,3,lgbm,973.9778604559106,540.8604119296424,1407.0953089821787,919.3380682031511,True,ok
31.0,sorghum,B,2023,3,lgbm,1072.0180340117422,638.900585485474,1505.1354825380104,844.1503645551662,True,ok
41.0,sorghum,B,2023,3,lgbm,854.3681061427138,421.25065761644566,1287.4855546689819,812.7041159951009,True,ok
44.0,sorghum,B,2023,3,lgbm,1329.0482643303553,895.9308158040872,1762.1657128566235,1480.513622191018,True,ok
45.0,sorghum,B,2023,3,lgbm,1279.466485926741,846.3490374004728,1712.583934453009,1334.0858383829366,True,ok
51.0,sorghum,B,2023,3,lgbm,1018.5542548613741,585.436806335106,1451.6717033876423,1217.2614211371404,True,ok
52.0,sorghum,A,2023,3,lgbm,1495.5867293774484,1062.4692808511802,1928.7041779037165,1685.6198642719548,True,ok
53.0,sorghum,A,2023,3,lgbm,789.8868984335377,356.7694499072695,1223.0043469598058,907.961425251889,True,ok
53.0,sorghum,B,2023,3,lgbm,1156.7119264582323,723.5944779319641,1589.8293749845004,1503.4115536397233,True,ok
54.0,sorghum,A,2023,3,lgbm,1082.0658876698565,648.9484391435883,1515.1833361961246,806.8067458986488,True,ok
54.0,sorghum,B,2023,3,lgbm,1277.8114924337312,844.6940439074631,1710.9289409599994,1307.713988054816,True,ok
55.0,sorghum,A,2023,3,lgbm,802.6211063840822,369.503657857814,1235.7385549103503,911.3599057740067,True,ok
55.0,sorghum,B,2023,3,lgbm,886.2194438635689,453.10199533730076,1319.336892389837,1168.7549617172126,True,ok
56.0,sorghum,B,2023,3,lgbm,816.5174975344178,383.4000490081496,1249.634946060686,911.9547701367092,True,ok
57.0,sorghum,A,2023,3,lgbm,604.2034872252569,171.08603869898877,1037.3209357515252,376.2007053868269,True,ok
57.0,sorghum,B,2023,3,lgbm,640.0912764435209,206.97382791725272,1073.208724969789,843.7842816576388,True,use_with_caution
12.0,sorghum,B,2024,3,lgbm,1061.381451441612,628.2640029153438,1494.49889996788,1302.1410962665143,True,ok
21.0,sorghum,B,2024,3,lgbm,1061.713094941379,628.5956464151109,1494.8305434676472,930.4291993568935,True,ok
22.0,sorghum,B,2024,3,lgbm,904.5920847192465,471.4746361929783,1337.7095332455146,882.6942903172086,True,ok
24.0,sorghum,B,2024,3,lgbm,847.6204993972848,414.5030508710166,1280.7379479235528,1131.7133772653272,True,ok
25.0,sorghum,B,2024,3,lgbm,806.8059125411166,373.6884640148485,1239.9233610673848,836.7355013081415,True,ok
26.0,sorghum,B,2024,3,lgbm,873.6663435992903,440.5488950730221,1306.7837921255584,789.2466988685566,True,ok
28.0,sorghum,B,2024,3,lgbm,960.1539490187976,527.0365004925294,1393.2713975450656,1092.5287024311028,True,ok
31.0,sorghum,B,2024,3,lgbm,914.4151510955816,481.2977025693134,1347.5325996218498,1097.4133215727109,True,ok
41.0,sorghum,B,2024,3,lgbm,949.2074134324558,516.0899649061877,1382.324861958724,1306.8851447650784,True,ok
44.0,sorghum,B,2024,3,lgbm,1457.1070282320436,1023.9895797057754,1890.2244767583118,1649.5456457191915,True,ok
45.0,sorghum,B,2024,3,lgbm,1511.0123029574293,1077.894854431161,1944.1297514836974,1568.3962681824096,True,ok
51.0,sorghum,B,2024,3,lgbm,1218.3364127979748,785.2189642717067,1651.453861324243,1169.9955337545935,True,ok
52.0,sorghum,A,2024,3,lgbm,1717.264546640586,1284.147098114318,2150.3819951668543,1947.285683273713,True,ok
52.0,sorghum,B,2024,3,lgbm,1134.2507882582743,701.1333397320061,1567.3682367845424,1716.02079193305,True,ok
53.0,sorghum,A,2024,3,lgbm,999.9272448578087,566.8097963315405,1433.0446933840767,1097.632868337188,True,ok
53.0,sorghum,B,2024,3,lgbm,1492.8345495524836,1059.7171010262155,1925.9519980787518,1130.6067558740845,True,ok
54.0,sorghum,A,2024,3,lgbm,829.003972069829,395.8865235435609,1262.1214205960973,1413.469000962323,True,ok
54.0,sorghum,B,2024,3,lgbm,1344.754053341509,911.6366048152408,1777.8715018677772,1077.7069682768667,True,ok
55.0,sorghum,A,2024,3,lgbm,796.5485115394196,363.4310630131514,1229.6659600656876,1034.4988346416064,True,ok
55.0,sorghum,B,2024,3,lgbm,976.6689765641365,543.5515280378684,1409.7864250904047,1248.555030883059,True,ok
56.0,sorghum,B,2024,3,lgbm,855.0076313455903,421.89018281932215,1288.1250798718584,1370.6872059613504,True,ok
57.0,sorghum,A,2024,3,lgbm,559.5483819675717,126.43093344130352,992.6658304938398,935.4671674576863,True,ok
57.0,sorghum,B,2024,3,lgbm,747.6856832604694,314.56823473420127,1180.8031317867376,1008.7216896865743,True,ok
12.0,sorghum,B,2025,3,lgbm,1257.3763850690782,824.25893654281,1690.4938335953464,1104.947952583879,True,ok
21.0,sorghum,B,2025,3,lgbm,961.2730603837798,528.1556118575116,1394.390508910048,914.8573928685937,True,ok
24.0,sorghum,B,2025,3,lgbm,943.6475448494235,510.53009632315536,1376.7649933756916,953.5089717624064,True,ok
25.0,sorghum,B,2025,3,lgbm,763.1421889399032,330.0247404136351,1196.2596374661714,1013.4996897926592,True,ok
26.0,sorghum,B,2025,3,lgbm,779.7776241986505,346.66017567238237,1212.8950727249187,1043.618152638859,True,ok
28.0,sorghum,B,2025,3,lgbm,1011.7543070664328,578.6368585401647,1444.871755592701,1001.8592113185091,True,ok
41.0,sorghum,B,2025,3,lgbm,954.4705700018712,521.3531214756031,1387.5880185281394,1104.3230938410566,True,ok
44.0,sorghum,B,2025,3,lgbm,1391.1642416392983,958.0467931130302,1824.2816901655665,1331.4350565519696,True,ok
45.0,sorghum,B,2025,3,lgbm,1390.5060791282333,957.3886306019651,1823.6235276545015,1467.8390741219077,True,ok
51.0,sorghum,B,2025,3,lgbm,1130.9134280105081,697.79597948424,1564.0308765367763,1012.1558194515901,True,ok
52.0,sorghum,A,2025,3,lgbm,1627.3078571911456,1194.1904086648774,2060.4253057174137,1708.9521235404973,True,ok
52.0,sorghum,B,2025,3,lgbm,1392.8454740138197,959.7280254875516,1825.962922540088,1290.375253426678,True,ok
53.0,sorghum,A,2025,3,lgbm,908.8173776019279,475.6999290756597,1341.9348261281962,934.0856848117762,True,ok
53.0,sorghum,B,2025,3,lgbm,1205.796344558355,772.6788960320869,1638.9137930846232,1068.480765399365,True,ok
54.0,sorghum,A,2025,3,lgbm,813.541359997377,380.4239114711088,1246.6588085236451,1268.513188701969,True,ok
54.0,sorghum,B,2025,3,lgbm,1263.2484775710157,830.1310290447475,1696.3659260972838,1322.9548714997563,True,ok
55.0,sorghum,A,2025,3,lgbm,1046.6095739271464,613.4921254008782,1479.7270224534145,1098.8007610488612,True,ok
55.0,sorghum,B,2025,3,lgbm,1149.5535365065673,716.4360879802991,1582.6709850328355,1084.3550431479962,True,ok
56.0,sorghum,B,2025,3,lgbm,1074.9727897031005,641.8553411768323,1508.0902382293687,1075.132129271341,True,ok
57.0,sorghum,A,2025,3,lgbm,710.7886832238647,277.67123469759656,1143.9061317501328,717.1790124842707,True,ok
57.0,sorghum,B,2025,3,lgbm,755.8161223811633,322.6986738548951,1188.9335709074314,906.8165729455184,True,ok
52.0,sorghum,A,2019,4,baseline_district_mean,1649.261484805563,1167.3690449772066,2131.1539246339194,839.6653500555955,True,ok
53.0,sorghum,A,2019,4,baseline_district_mean,838.350303832256,356.4578640038996,1320.2427436606124,905.1909437035578,True,ok
54.0,sorghum,A,2019,4,baseline_district_mean,1014.9599971779093,533.0675573495528,1496.8524370062657,465.1972888524553,True,ok
12.0,sorghum,B,2020,4,baseline_district_mean,1148.0898104994096,666.1973706710532,1629.982250327766,1062.4613270178306,True,ok
21.0,sorghum,B,2020,4,baseline_district_mean,973.894631192565,492.0021913642086,1455.7870710209215,968.8745276400011,True,ok
22.0,sorghum,B,2020,4,baseline_district_mean,874.299454221421,392.40701439306457,1356.1918940497774,966.7111413383332,True,ok
24.0,sorghum,B,2020,4,baseline_district_mean,943.7357101872873,461.84327035893085,1425.6281500156438,814.7344768120597,True,ok
25.0,sorghum,B,2020,4,baseline_district_mean,854.1756450892517,372.2832052608953,1336.068084917608,558.3875692043573,True,ok
26.0,sorghum,B,2020,4,baseline_district_mean,866.2516704649637,384.35923063660726,1348.1441102933202,535.0011393230311,True,ok
28.0,sorghum,B,2020,4,baseline_district_mean,1000.2852551660086,518.3928153376521,1482.177694994365,830.306117498328,True,ok
41.0,sorghum,B,2020,4,baseline_district_mean,970.5684352432045,488.67599541484805,1452.4608750715608,552.081007285794,True,ok
44.0,sorghum,B,2020,4,baseline_district_mean,1377.8883762575338,895.9959364291774,1859.7808160858901,871.0764104706744,True,ok
45.0,sorghum,B,2020,4,baseline_district_mean,1323.58667198399,841.6942321556337,1805.4791118123464,1121.7673192368775,True,ok
51.0,sorghum,B,2020,4,baseline_district_mean,1116.2494961666664,634.35705633831,1598.1419359950228,915.5578735068569,True,ok
52.0,sorghum,A,2020,4,baseline_district_mean,1539.8794096584318,1057.9869698300754,2021.7718494867881,1495.9578009383843,True,ok
52.0,sorghum,B,2020,4,baseline_district_mean,1200.846297198716,718.9538573703596,1682.7387370270724,977.2230249189967,True,ok
53.0,sorghum,A,2020,4,baseline_district_mean,891.805904343832,409.9134645154756,1373.6983441721884,584.4573406341026,True,use_with_caution
53.0,sorghum,B,2020,4,baseline_district_mean,1209.7190339032672,727.8265940749109,1691.6114737316236,1150.2266132549205,True,ok
54.0,sorghum,B,2020,4,baseline_district_mean,1244.0057858737478,762.1133460453914,1725.8982257021041,1020.907816088957,True,ok
55.0,sorghum,A,2020,4,baseline_district_mean,940.5735160939619,458.68107626560544,1422.4659559223182,941.6418593181337,True,ok
55.0,sorghum,B,2020,4,baseline_district_mean,1031.5173842535683,549.6249444252119,1513.4098240819246,619.7334954980671,True,ok
56.0,sorghum,B,2020,4,baseline_district_mean,980.5785416069791,498.6861017786227,1462.4709814353355,447.76093487626383,True,ok
57.0,sorghum,A,2020,4,baseline_district_mean,696.8695222216677,214.97708239331126,1178.761962050024,775.2143053656744,True,ok
57.0,sorghum,B,2020,4,baseline_district_mean,799.2229901641027,317.3305503357463,1281.1154299924592,531.216509905762,True,ok
12.0,sorghum,B,2021,4,baseline_district_mean,1149.831224053544,667.9387842251876,1631.7236638819004,1053.7542592471582,True,ok
21.0,sorghum,B,2021,4,baseline_district_mean,944.8230886073097,462.9306487789533,1426.715528435666,1114.2322405662774,True,ok
22.0,sorghum,B,2021,4,baseline_district_mean,918.808191772392,436.91575194403555,1400.7006316007485,833.1849286854207,True,ok
24.0,sorghum,B,2021,4,baseline_district_mean,942.1135267690803,460.22108694072386,1424.0059665974368,822.8453939030944,True,ok
25.0,sorghum,B,2021,4,baseline_district_mean,828.0904385831009,346.19799875474445,1309.9828784114572,688.8136017351113,True,ok
28.0,sorghum,B,2021,4,baseline_district_mean,1003.4985154681046,521.6060756397483,1485.390955296461,814.2398159878478,True,ok
41.0,sorghum,B,2021,4,baseline_district_mean,943.5340194292751,461.64157960091865,1425.4264592576314,687.2530863554412,True,ok
44.0,sorghum,B,2021,4,baseline_district_mean,1312.8222994291586,830.9298596008023,1794.714739257515,1196.4067946125494,True,ok
45.0,sorghum,B,2021,4,baseline_district_mean,1326.112918491065,844.2204786627087,1808.0053583194215,1109.1360867015028,True,ok
51.0,sorghum,B,2021,4,baseline_district_mean,1099.9894110146117,618.0969711862554,1581.881850842968,996.8582992671304,True,ok
52.0,sorghum,A,2021,4,baseline_district_mean,1500.65176391325,1018.7593240848937,1982.5442037416065,1731.323675409474,True,ok
52.0,sorghum,B,2021,4,baseline_district_mean,1226.8204970380368,744.9280572096804,1708.7129368663932,873.3262255617133,True,ok
53.0,sorghum,A,2021,4,baseline_district_mean,860.0199665157583,378.1275266874018,1341.9124063441147,775.1729676025449,True,ok
53.0,sorghum,B,2021,4,baseline_district_mean,1205.0013968497137,723.1089570213574,1686.89383667807,1173.8147985226883,True,ok
54.0,sorghum,B,2021,4,baseline_district_mean,1221.6667535323058,739.7743137039495,1703.5591933606622,1132.602977796167,True,ok
55.0,sorghum,B,2021,4,baseline_district_mean,997.2216494543618,515.3292096260054,1479.1140892827182,791.2121694940982,True,ok
56.0,sorghum,B,2021,4,baseline_district_mean,937.9194773046772,456.0270374763208,1419.8119171330336,661.0562563877727,True,ok
57.0,sorghum,B,2021,4,baseline_district_mean,786.5002951132424,304.60785528488594,1268.3927349415987,594.8299851600635,True,ok
12.0,sorghum,B,2022,4,baseline_district_mean,1137.4439660463152,655.5515262179588,1619.3364058746715,1115.6905492833037,True,ok
21.0,sorghum,B,2022,4,baseline_district_mean,978.879399120935,496.98695929257855,1460.7718389492914,943.9506879981514,True,ok
24.0,sorghum,B,2022,4,baseline_district_mean,957.8927567627237,476.0003169343673,1439.7851965910802,743.949243934877,True,ok
25.0,sorghum,B,2022,4,baseline_district_mean,792.0376133711228,310.1451735427664,1273.9300531994793,869.0777277950018,True,ok
26.0,sorghum,B,2022,4,baseline_district_mean,801.5569662179463,319.66452638958987,1283.4494060463028,793.7799563111008,True,ok
28.0,sorghum,B,2022,4,baseline_district_mean,931.6543830877878,449.76194325943135,1413.5468229161443,1173.460477889432,True,ok
41.0,sorghum,B,2022,4,baseline_district_mean,892.6492896484942,410.7568498201378,1374.5417294768506,941.6767352593454,True,ok
44.0,sorghum,B,2022,4,baseline_district_mean,1305.7955059090805,823.9030660807241,1787.6879457374368,1231.5407622129405,True,ok
45.0,sorghum,B,2022,4,baseline_district_mean,1320.2449173251268,838.3524774967705,1802.1373571534832,1138.476092531194,True,ok
51.0,sorghum,B,2022,4,baseline_district_mean,1062.3657894234623,580.4733495951059,1544.2582292518186,1184.976407222878,True,ok
52.0,sorghum,A,2022,4,baseline_district_mean,1568.1340829149365,1086.24164308658,2050.026522743293,1326.429761399356,True,ok
52.0,sorghum,B,2022,4,baseline_district_mean,1214.2363239601095,732.3438841317532,1696.128763788466,923.6629178734222,True,ok
53.0,sorghum,A,2022,4,baseline_district_mean,867.4168717235098,385.5244318951533,1349.3093115518661,730.791536356036,True,ok
53.0,sorghum,B,2022,4,baseline_district_mean,1205.3080973381561,723.4156575097998,1687.2005371665125,1172.281296080475,True,ok
54.0,sorghum,A,2022,4,baseline_district_mean,988.496556103849,506.6041162754926,1470.3889959322055,571.0510531486962,True,use_with_caution
54.0,sorghum,B,2022,4,baseline_district_mean,1172.3773243433127,690.4848845149563,1654.269764171669,1379.0501237411333,True,ok
55.0,sorghum,A,2022,4,baseline_district_mean,996.575340195652,514.6829003672956,1478.4677800240083,717.634562911373,True,ok
55.0,sorghum,B,2022,4,baseline_district_mean,982.5221401480867,500.62970031973026,1464.414579976443,864.7097160254743,True,ok
56.0,sorghum,B,2022,4,baseline_district_mean,893.3182593266874,411.425819498331,1375.2106991550438,884.0623462777224,True,ok
57.0,sorghum,A,2022,4,baseline_district_mean,701.0152976736146,219.12285784525812,1182.907737501971,758.6312035578867,True,ok
57.0,sorghum,B,2022,4,baseline_district_mean,777.0738078711114,295.18136804275497,1258.9662476994679,641.9624213707185,True,ok
12.0,sorghum,B,2023,4,baseline_district_mean,1127.799036879737,645.9065970513807,1609.6914767080934,1163.9151951161932,True,ok
21.0,sorghum,B,2023,4,baseline_district_mean,974.4688096859834,492.57636985762696,1456.3612495143398,966.0036351729093,True,ok
22.0,sorghum,B,2023,4,baseline_district_mean,894.1967867803208,412.3043469519644,1376.0892266086773,907.019143661634,True,ok
24.0,sorghum,B,2023,4,baseline_district_mean,893.350292735553,411.4578529071966,1375.2427325639094,1066.6615640707314,True,ok
25.0,sorghum,B,2023,4,baseline_district_mean,793.3028179670542,311.4103781386978,1275.1952577954107,862.7517048153446,True,ok
26.0,sorghum,B,2023,4,baseline_district_mean,790.4114867853868,308.5190469570304,1272.3039266137432,838.3618740413384,True,ok
28.0,sorghum,B,2023,4,baseline_district_mean,982.4788650250441,500.5864251966877,1464.3713048534005,919.3380682031511,True,ok
31.0,sorghum,B,2023,4,baseline_district_mean,1097.4133215727109,615.5208817443545,1579.3057614010672,844.1503645551662,True,ok
41.0,sorghum,B,2023,4,baseline_district_mean,918.4438135013431,436.5513736729867,1400.3362533296995,812.7041159951009,True,ok
44.0,sorghum,B,2023,4,baseline_district_mean,1256.0009339134651,774.1084940851088,1737.8933737418215,1480.513622191018,True,ok
45.0,sorghum,B,2023,4,baseline_district_mean,1281.1229681547782,799.2305283264218,1763.0154079831345,1334.0858383829366,True,ok
51.0,sorghum,B,2023,4,baseline_district_mean,1055.9087866406098,574.0163468122535,1537.8012264689662,1217.2614211371404,True,ok
52.0,sorghum,A,2023,4,baseline_district_mean,1508.2690657695032,1026.3766259411468,1990.1615055978596,1685.6198642719548,True,ok
53.0,sorghum,A,2023,4,baseline_district_mean,837.8885569075343,355.99611707917785,1319.7809967358908,907.961425251889,True,ok
53.0,sorghum,B,2023,4,baseline_district_mean,1139.0820458263065,657.1896059979501,1620.9744856546629,1503.4115536397233,True,ok
54.0,sorghum,A,2023,4,baseline_district_mean,929.5576329163608,447.6651930880044,1411.4500727447173,806.8067458986488,True,ok
54.0,sorghum,B,2023,4,baseline_district_mean,1186.644551480576,704.7521116522196,1668.5369913089323,1307.713988054816,True,ok
55.0,sorghum,A,2023,4,baseline_district_mean,948.1440044799936,466.2515646516371,1430.03644430835,911.3599057740067,True,ok
55.0,sorghum,B,2023,4,baseline_district_mean,921.7130910097391,439.82065118138263,1403.6055308380955,1168.7549617172126,True,ok
56.0,sorghum,B,2023,4,baseline_district_mean,887.73977455489,405.8473347265336,1369.6322143832465,911.9547701367092,True,ok
57.0,sorghum,A,2023,4,baseline_district_mean,796.6229222163795,314.73048238802306,1278.5153620447359,376.2007053868269,True,ok
57.0,sorghum,B,2023,4,baseline_district_mean,736.7094358137274,254.81699598537097,1218.6018756420838,843.7842816576388,True,use_with_caution
12.0,sorghum,B,2024,4,baseline_district_mean,1100.153856649673,618.2614168213165,1582.0462964780293,1302.1410962665143,True,ok
21.0,sorghum,B,2024,4,baseline_district_mean,981.5836968491865,499.69125702083005,1463.4761366775429,930.4291993568935,True,ok
22.0,sorghum,B,2024,4,baseline_district_mean,902.3050712284626,420.41263140010614,1384.197511056819,882.6942903172086,True,ok
24.0,sorghum,B,2024,4,baseline_district_mean,880.3399300966339,398.4474902682775,1362.2323699249903,1131.7133772653272,True,ok
25.0,sorghum,B,2024,4,baseline_district_mean,798.5060586684948,316.6136188401384,1280.3984984968513,836.7355013081415,True,ok
26.0,sorghum,B,2024,4,baseline_district_mean,802.6902805785824,320.79784075022593,1284.5827204069387,789.2466988685566,True,ok
28.0,sorghum,B,2024,4,baseline_district_mean,947.8407381794535,465.9482983510971,1429.73317800781,1092.5287024311028,True,ok
31.0,sorghum,B,2024,4,baseline_district_mean,844.1503645551662,362.2579247268098,1326.0428043835227,1097.4133215727109,True,ok
41.0,sorghum,B,2024,4,baseline_district_mean,819.6076077473477,337.7151679189913,1301.5000475757042,1306.8851447650784,True,ok
44.0,sorghum,B,2024,4,baseline_district_mean,1222.1945292078303,740.302089379474,1704.0869690361867,1649.5456457191915,True,ok
45.0,sorghum,B,2024,4,baseline_district_mean,1234.2608821948838,752.3684423665275,1716.1533220232402,1568.3962681824096,True,ok
51.0,sorghum,B,2024,4,baseline_district_mean,1065.3619641171192,583.4695242887628,1547.2544039454756,1169.9955337545935,True,ok
52.0,sorghum,A,2024,4,baseline_district_mean,1464.658095935877,982.7656561075207,1946.5505357642335,1947.285683273713,True,ok
52.0,sorghum,B,2024,4,baseline_district_mean,1016.1468554452025,534.254415616846,1498.039295273559,1716.02079193305,True,ok
53.0,sorghum,A,2024,4,baseline_district_mean,806.276649726651,324.3842098982946,1288.1690895550075,1097.632868337188,True,ok
53.0,sorghum,B,2024,4,baseline_district_mean,1213.6430053794343,731.7505655510779,1695.5354452077906,1130.6067558740845,True,ok
54.0,sorghum,A,2024,4,baseline_district_mean,777.8920691504424,295.9996293220859,1259.7845089787988,1413.469000962323,True,ok
54.0,sorghum,B,2024,4,baseline_district_mean,1232.6459554361659,750.7535156078095,1714.5383952645223,1077.7069682768667,True,ok
55.0,sorghum,A,2024,4,baseline_district_mean,917.3592722630937,435.4668324347372,1399.2517120914501,1034.4988346416064,True,ok
55.0,sorghum,B,2024,4,baseline_district_mean,905.7530771765698,423.8606373482134,1387.6455170049262,1248.555030883059,True,ok
56.0,sorghum,B,2024,4,baseline_district_mean,795.9932873899618,314.10084756160535,1277.8857272183182,1370.6872059613504,True,ok
57.0,sorghum,A,2024,4,baseline_district_mean,656.8063066986647,174.91386687030825,1138.698746527021,935.4671674576863,True,ok
57.0,sorghum,B,2024,4,baseline_district_mean,703.7219542079403,221.82951437958383,1185.6143940362967,1008.7216896865743,True,ok
12.0,sorghum,B,2025,4,baseline_district_mean,1139.5924853862,657.7000455578436,1621.4849252145564,1104.947952583879,True,ok
21.0,sorghum,B,2025,4,baseline_district_mean,984.6980581468466,502.8056183184902,1466.590497975203,914.8573928685937,True,ok
24.0,sorghum,B,2025,4,baseline_district_mean,915.9808111972179,434.0883713688615,1397.8732510255743,953.5089717624064,True,ok
25.0,sorghum,B,2025,4,baseline_district_mean,763.1532209715913,281.26078114323485,1245.0456607999477,1013.4996897926592,True,ok
26.0,sorghum,B,2025,4,baseline_district_mean,739.0974171360067,257.20497730765027,1220.989856964363,1043.618152638859,True,ok
28.0,sorghum,B,2025,4,baseline_district_mean,965.9746364019724,484.08219657361593,1447.8670762303288,1001.8592113185091,True,ok
41.0,sorghum,B,2025,4,baseline_district_mean,860.120017932152,378.22757810379557,1342.0124577605084,1104.3230938410566,True,ok
44.0,sorghum,B,2025,4,baseline_district_mean,1285.8166470412748,803.9242072129184,1767.7090868696312,1331.4350565519696,True,ok
45.0,sorghum,B,2025,4,baseline_district_mean,1254.372321006984,772.4798811786277,1736.2647608353404,1467.8390741219077,True,ok
51.0,sorghum,B,2025,4,baseline_district_mean,1096.9299069777198,615.0374671493635,1578.8223468060762,1012.1558194515901,True,ok
52.0,sorghum,A,2025,4,baseline_district_mean,1504.380355891413,1022.4879160630567,1986.2727957197694,1708.9521235404973,True,ok
52.0,sorghum,B,2025,4,baseline_district_mean,1122.5582400717956,640.6658002434392,1604.450679900152,1290.375253426678,True,ok
53.0,sorghum,A,2025,4,baseline_district_mean,833.534513647553,351.6420738191966,1315.4269534759094,934.0856848117762,True,ok
53.0,sorghum,B,2025,4,baseline_district_mean,1226.0682034743782,744.1757636460218,1707.9606433027345,1068.480765399365,True,ok
54.0,sorghum,A,2025,4,baseline_district_mean,814.1310222155308,332.2385823871744,1296.0234620438873,1268.513188701969,True,ok
54.0,sorghum,B,2025,4,baseline_district_mean,1183.596374791588,701.7039349632316,1665.4888146199444,1322.9548714997563,True,ok
55.0,sorghum,A,2025,4,baseline_district_mean,901.2837906612799,419.3913508329235,1383.1762304896363,1098.8007610488612,True,ok
55.0,sorghum,B,2025,4,baseline_district_mean,938.5930747235823,456.70063489522585,1420.4855145519386,1084.3550431479962,True,ok
56.0,sorghum,B,2025,4,baseline_district_mean,855.1043027279636,373.2118628996072,1336.99674255632,1075.132129271341,True,ok
57.0,sorghum,A,2025,4,baseline_district_mean,711.3783454420186,229.48590561366217,1193.270785270375,717.1790124842707,True,ok
57.0,sorghum,B,2025,4,baseline_district_mean,724.1029775561514,242.21053772779493,1205.9954173845078,906.8165729455184,True,ok
