district_code,season,year,lead_months,ndvi_mean,ndvi_climatology_mean,ndvi_anomaly,rainfall_mm,rainfall_climatology_mm,rainfall_anomaly
57,A,2019,2,0.4401274723539003,0.5232000042786433,-0.08307253192474301,106.15922848846932,537.6038856609841,-431.4446571725148
53,A,2019,2,0.5157587386899897,0.5898774882200208,-0.07411874953003117,136.28172395275308,563.150757883023,-426.8690339302699
54,A,2019,2,0.4427407450788353,0.5148881640784552,-0.07214741899961985,115.82146619592804,539.3123998898976,-423.49093369396957
55,A,2019,2,0.4700028559162221,0.5567120985461607,-0.08670924262993857,110.33777860611876,552.1756797854943,-441.8379011793755
56,A,2019,2,0.4805693425325777,0.5780966319788349,-0.09752728944625716,117.24434134682362,572.6690576586709,-455.4247163118473
52,A,2019,2,0.4906845230187849,0.5906377629937875,-0.09995323997500255,152.85401333491868,532.7701165154426,-379.9161031805239
51,A,2019,2,0.5356886142105701,0.5867641888615014,-0.051075574650931266,110.2951682556166,537.6724565537642,-427.37728829814756
12,A,2019,2,0.5310010300436668,0.568861695178867,-0.037860665135200144,124.30168379256676,566.5595317284136,-442.2578479358468
13,A,2019,2,0.4784911990117273,0.556269903923189,-0.07777870491146166,111.54984771633562,549.0361204926747,-437.4862727763391
11,A,2019,2,0.4880117742380483,0.5557499918145764,-0.06773821757652809,132.10286496450598,569.3818444225695,-437.27897945806353
44,A,2019,2,0.489941222544701,0.5342617028314773,-0.04432048028677632,234.41245999848,668.1525153546401,-433.74005535616004
42,A,2019,2,0.5209751043262226,0.5931116681670293,-0.07213656384080669,191.1833453244292,636.4110449199464,-445.22769959551727
45,A,2019,2,0.5933942705186825,0.5934668573502707,-7.25868315881728e-05,169.6432581088225,608.0765628121432,-438.4333047033207
43,A,2019,2,0.541310962823216,0.5785218633809919,-0.03721090055777587,272.5271126314616,760.948092805632,-488.4209801741704
41,A,2019,2,0.5301977314785036,0.5710089314384026,-0.040811199959899014,161.68100552782988,616.511621175987,-454.8306156481571
22,A,2019,2,0.5305498422594187,0.5952345300902333,-0.0646846878308146,158.7283101263768,689.784448705568,-531.0561385791912
24,A,2019,2,0.5154322926773581,0.5634030467912526,-0.04797075411389451,160.06406819404648,675.6982206230717,-515.6341524290252
28,A,2019,2,0.5108692036811321,0.5751026336519572,-0.06423342997082515,141.47222686086823,570.1193998072029,-428.64717294633465
27,A,2019,2,0.5120532752281375,0.5774512964947617,-0.0653980212666242,166.3215780066624,631.7151372206748,-465.3935592140124
25,A,2019,2,0.5202398852358563,0.5629983440811737,-0.04275845884531737,194.0771253244545,789.1854214642077,-595.1082961397532
21,A,2019,2,0.5115141013508386,0.5788589876681618,-0.06734488631732316,142.64672667251202,621.5758942561716,-478.9291675836596
23,A,2019,2,0.5429717102670045,0.5735772872407364,-0.030605576973731896,206.551997667028,831.6756801327349,-625.1236824657069
26,A,2019,2,0.4990868093457148,0.5569278808089793,-0.05784107146326445,147.14728119679103,592.6909513481587,-445.5436701513677
31,A,2019,2,0.5139113060932777,0.5893821642012579,-0.07547085810798015,201.1924180599039,695.3883730727514,-494.1959550128475
35,A,2019,2,0.5135559914372314,0.5900406158512127,-0.0764846244139813,190.4993123590328,673.8697186110531,-483.3704062520203
34,A,2019,2,0.5330636326339638,0.5948705806999535,-0.06180694806598963,254.11381074395797,727.5725236094592,-473.4587128655012
37,A,2019,2,0.5672986621052435,0.6023774613954869,-0.03507879929024338,245.6381466983312,833.533010090417,-587.8948633920858
33,A,2019,2,0.5717731772757949,0.5769727808837313,-0.005199603607936365,233.80508528315377,665.9829310230813,-432.17784573992753
36,A,2019,2,0.6193036902412695,0.6203227980243009,-0.001019107783031381,236.91308969104304,877.9863588585017,-641.0732691674586
32,A,2019,2,0.5233058348264731,0.571044016756271,-0.04773818192979795,202.8656419521492,670.2923260847152,-467.42668413256604
57,A,2019,3,0.4666654771488671,0.5232000042786433,-0.056534527129776246,213.93328168134184,537.6038856609841,-323.6706039796423
53,A,2019,3,0.5646972347811325,0.5898774882200208,-0.0251802534388883,245.80610449577736,563.150757883023,-317.34465338724556
54,A,2019,3,0.4731185158972359,0.5148881640784552,-0.041769648181219254,214.40693781141837,539.3123998898976,-324.9054620784792
55,A,2019,3,0.499196113737729,0.5567120985461607,-0.057515984808431675,207.99051548807972,552.1756797854943,-344.18516429741453
56,A,2019,3,0.5116880774211403,0.5780966319788349,-0.06640855455769457,231.42740654497285,572.6690576586709,-341.241651113698
52,A,2019,3,0.5560016034207644,0.5906377629937875,-0.03463615957302302,261.0124394207012,532.7701165154426,-271.75767709474144
51,A,2019,3,0.5756991156237777,0.5867641888615014,-0.011065073237723655,221.84475115598696,537.6724565537642,-315.8277053977772
12,A,2019,3,0.5533299313789639,0.568861695178867,-0.015531763799903064,241.08667093285317,566.5595317284136,-325.47286079556045
13,A,2019,3,0.4987546108817126,0.556269903923189,-0.0575152930414764,222.5174619023537,549.0361204926747,-326.518658590321
11,A,2019,3,0.5310718612393541,0.5557499918145764,-0.02467813057522228,249.4382043450989,569.3818444225695,-319.9436400774706
44,A,2019,3,0.5209382930011256,0.5342617028314773,-0.01332340983035174,379.83097580330366,668.1525153546401,-288.3215395513364
42,A,2019,3,0.5652159850533359,0.5931116681670293,-0.027895683113693392,329.50762851136767,636.4110449199464,-306.9034164085788
45,A,2019,3,0.6268127550672303,0.5934668573502707,0.033345897716959616,298.80379370348663,608.0765628121432,-309.2727691086565
43,A,2019,3,0.5704619652770858,0.5785218633809919,-0.00805989810390606,452.3699124757297,760.948092805632,-308.5781803299023
41,A,2019,3,0.5763106299046432,0.5710089314384026,0.005301698466240623,287.1957875740447,616.511621175987,-329.3158336019423
22,A,2019,3,0.5671882297728451,0.5952345300902333,-0.028046300317388195,308.1296226916395,689.784448705568,-381.6548260139285
24,A,2019,3,0.5472459856561508,0.5634030467912526,-0.016157061135101847,294.3872309257956,675.6982206230717,-381.3109896972761
28,A,2019,3,0.5393499751923634,0.5751026336519572,-0.035752658459593856,264.3296898435105,570.1193998072029,-305.78970996369236
27,A,2019,3,0.5389623083299818,0.5774512964947617,-0.03848898816477986,306.0977543930792,631.7151372206748,-325.61738282759563
25,A,2019,3,0.533779831814018,0.5629983440811737,-0.02921851226715566,358.5211437576178,789.1854214642077,-430.6642777065899
21,A,2019,3,0.541221710627614,0.5788589876681618,-0.037637277040547756,270.6417226278651,621.5758942561716,-350.93417162830656
23,A,2019,3,0.5384228312707791,0.5735772872407364,-0.035154455969957366,391.1594265401185,831.6756801327349,-440.5162535926164
26,A,2019,3,0.523830057316956,0.5569278808089793,-0.03309782349202328,266.9447838491736,592.6909513481587,-325.74616749898513
31,A,2019,3,0.5550285005460077,0.5893821642012579,-0.034353663655250166,350.67716340483963,695.3883730727514,-344.71120966791176
35,A,2019,3,0.558371141323503,0.5900406158512127,-0.03166947452770974,350.7434947825956,673.8697186110531,-323.12622382845757
34,A,2019,3,0.5835325535807114,0.5948705806999535,-0.011338027119242033,435.9877368328801,727.5725236094592,-291.58478677657905
37,A,2019,3,0.5944007687069579,0.6023774613954869,-0.007976692688528964,435.69030784377446,833.533010090417,-397.8427022466425
33,A,2019,3,0.5918900227241086,0.5769727808837313,0.014917241840377349,410.8123747551052,665.9829310230813,-255.17055626797605
36,A,2019,3,0.6154509695415123,0.6203227980243009,-0.004871828482788554,443.93849576716985,877.9863588585017,-434.04786309133186
32,A,2019,3,0.5633553033580394,0.571044016756271,-0.007688713398231628,369.1184107460604,670.2923260847152,-301.1739153386548
57,A,2019,4,0.5039049660265141,0.5232000042786433,-0.019295038252129193,375.0859399974846,537.6038856609841,-162.51794566349952
53,A,2019,4,0.6035460680928377,0.5898774882200208,0.013668579872816888,400.8407596539209,563.150757883023,-162.30999822910206
54,A,2019,4,0.5093169924474142,0.5148881640784552,-0.005571171631040928,376.69680860995766,539.3123998898976,-162.61559127993996
55,A,2019,4,0.5390119666507701,0.5567120985461607,-0.017700131895390547,412.569908211133,552.1756797854943,-139.60577157436126
56,A,2019,4,0.5469667792684055,0.5780966319788349,-0.03112985271042934,402.3524265940702,572.6690576586709,-170.3166310646007
52,A,2019,4,0.5984769720971349,0.5906377629937875,0.007839209103347455,399.41623810226656,532.7701165154426,-133.35387841317606
51,A,2019,4,0.6043772942149478,0.5867641888615014,0.0176131053534464,379.2425175125308,537.6724565537642,-158.42993904123335
12,A,2019,4,0.5688863212534423,0.568861695178867,2.4626074575317958e-05,392.6890184664666,566.5595317284136,-173.870513261947
13,A,2019,4,0.5294225622656391,0.556269903923189,-0.026847341657549872,380.1985202766088,549.0361204926747,-168.83760021606594
11,A,2019,4,0.561321981086215,0.5557499918145764,0.0055719892716386,409.4814945474579,569.3818444225695,-159.90034987511166
44,A,2019,4,0.5248771201517728,0.5342617028314773,-0.009384582679704545,522.4238550676504,668.1525153546401,-145.72866028698968
42,A,2019,4,0.5908385709121384,0.5931116681670293,-0.002273097254890888,476.3757091286233,636.4110449199464,-160.03533579132312
45,A,2019,4,0.6274224691638401,0.5934668573502707,0.03395561181356943,449.88640855592985,608.0765628121432,-158.1901542562133
43,A,2019,4,0.58741326458905,0.5785218633809919,0.008891401208058092,600.4831515349476,760.948092805632,-160.46494127068433
41,A,2019,4,0.5913444009272912,0.5710089314384026,0.020335469488888647,439.0352945945655,616.511621175987,-177.47632658142146
22,A,2019,4,0.59906756538282,0.5952345300902333,0.0038330352925867173,518.1219006464208,689.784448705568,-171.66254805914718
24,A,2019,4,0.5717148915648411,0.5634030467912526,0.008311844773588484,487.4257648390856,675.6982206230717,-188.27245578398612
28,A,2019,4,0.5657393238155461,0.5751026336519572,-0.009363309836411093,427.4226387242476,570.1193998072029,-142.69676108295528
27,A,2019,4,0.5587688900572219,0.5774512964947617,-0.018682406437539822,475.1209340345209,631.7151372206748,-156.59420318615395
25,A,2019,4,0.5769655145523885,0.5629983440811737,0.013967170471214874,559.8724112701083,789.1854214642077,-229.31301019409943
21,A,2019,4,0.5654175240966105,0.5788589876681618,-0.013441463571551293,464.64297137654233,621.5758942561716,-156.9329228796293
23,A,2019,4,0.5720104737009764,0.5735772872407364,-0.0015668135397600702,608.9252103272765,831.6756801327349,-222.75046980545835
26,A,2019,4,0.5388187885503483,0.5569278808089793,-0.018109092258631,443.099883121545,592.6909513481587,-149.5910682266137
31,A,2019,4,0.5821020367225798,0.5893821642012579,-0.007280127478678122,515.8498409207197,695.3883730727514,-179.53853215203173
35,A,2019,4,0.5787358840616723,0.5900406158512127,-0.01130473178954039,503.8614220033506,673.8697186110531,-170.00829660770256
34,A,2019,4,0.61062760815568,0.5948705806999535,0.01575702745572649,582.1679825677695,727.5725236094592,-145.40454104168964
37,A,2019,4,0.624279980268483,0.6023774613954869,0.021902518872996102,626.8482372070392,833.533010090417,-206.68477288337772
33,A,2019,4,0.5709027346782682,0.5769727808837313,-0.006070046205463031,531.820995298172,665.9829310230813,-134.1619357249093
36,A,2019,4,0.639196171724967,0.6203227980243009,0.018873373700666107,652.7986323073538,877.9863588585017,-225.18772655114788
32,A,2019,4,0.5505905544854948,0.571044016756271,-0.020453462270776268,500.06989865133534,670.2923260847152,-170.2224274333799
57,B,2019,2,0.5380443230600308,0.5739001134332963,-0.03585579037326547,226.4259327659745,376.5577304029062,-150.1317976369317
53,B,2019,2,0.6399932271184054,0.6176071858614843,0.02238604125692112,242.05539560359784,399.5107073748903,-157.45531177129243
54,B,2019,2,0.5714850941565616,0.5703723644135502,0.0011127297430113536,234.4213047892196,401.287028932554,-166.8657241433344
55,B,2019,2,0.6417820719395995,0.6163592754309388,0.02542279650866064,263.1424925150946,404.0304381942941,-140.8879456791995
56,B,2019,2,0.6275715706962093,0.6242072038268034,0.003364366869405888,243.35162101224435,413.0680489545157,-169.71642794227134
52,B,2019,2,0.6311005381780898,0.6073564576526104,0.023744080525479383,206.31253437233963,360.9724411513175,-154.6599067789779
51,B,2019,2,0.6411612800905877,0.6359377655041667,0.0052235145864210075,238.17544489651027,405.7263000799651,-167.55085518345481
12,B,2019,2,0.5751611575282572,0.6049687501461771,-0.029807592617919876,237.11748755697,411.9794110900765,-174.8619235331065
13,B,2019,2,0.5535841666545069,0.5864635444781099,-0.03287937782360295,218.2473463700261,397.4760912423368,-179.2287448723107
11,B,2019,2,0.566531275681938,0.5799092271241147,-0.013377951442176794,229.95254515471404,409.9352091721143,-179.98266401740025
44,B,2019,2,0.5671370332119513,0.5486768065062346,0.018460226705716676,249.9343593390744,455.2633029466824,-205.328943607608
42,B,2019,2,0.6116283516468742,0.6029489539565223,0.008679397690351975,265.132584520357,461.64445104624207,-196.51186652588507
45,B,2019,2,0.6268564136308329,0.6220479754459085,0.00480843818492438,261.7840013400851,447.5296024557523,-185.74560111566717
43,B,2019,2,0.5523330038871919,0.5428995679856783,0.009433435901513576,270.3239261725229,522.1300409683338,-251.8061147958109
41,B,2019,2,0.6044798763732134,0.5951146362825944,0.00936524009061901,270.053316723152,458.42318605633886,-188.36986933318684
22,B,2019,2,0.6142845969349506,0.6359075812576838,-0.02162298432273313,300.91774123596497,453.8242522898402,-152.90651105387525
24,B,2019,2,0.5960292680463848,0.5941235451482738,0.001905722898110973,299.4439837476489,471.1706769969464,-171.7266932492975
28,B,2019,2,0.5840515212885805,0.5983721946542578,-0.014320673365677328,234.94723326810552,408.27005595496064,-173.32282268685512
27,B,2019,2,0.5969290208080159,0.5709007415833539,0.026028279224662,252.01040729702143,440.63969550551445,-188.62928820849302
25,B,2019,2,0.574314796426286,0.5688025684225338,0.005512228003752173,301.31164223342853,516.943896955481,-215.6322547220525
21,B,2019,2,0.6117763635240997,0.6203796153210037,-0.008603251796904021,268.92477667436503,432.63538282979823,-163.7106061554332
23,B,2019,2,0.6020727278434443,0.5833068673749423,0.018765860468502038,333.0145331851049,524.0032955979748,-190.9887624128699
26,B,2019,2,0.5921912020280744,0.5826339460452773,0.009557255982797108,246.99885633203303,416.2885976938609,-169.28974136182785
31,B,2019,2,0.6444596294549677,0.6189242882136365,0.025535341241331166,246.556714482855,460.09706221433385,-213.54034773147885
35,B,2019,2,0.6065359213202832,0.5741294347246438,0.03240648659563938,251.74793851010656,480.2031659931943,-228.45522748308775
34,B,2019,2,0.6184429674749897,0.5461900347560178,0.07225293271897193,257.3531881409866,512.990985194441,-255.6377970534544
37,B,2019,2,0.6490230601060271,0.6352042951318045,0.01381876497422252,289.15305562626975,504.1889195905493,-215.03586396427954
33,B,2019,2,0.5443090201869305,0.5984650200374774,-0.054155999850546865,210.1070045967248,451.6406689591645,-241.53366436243968
36,B,2019,2,0.6788403882632603,0.6680329492098186,0.010807439053441725,310.0562439775173,512.9579687246933,-202.901724747176
32,B,2019,2,0.6039818029841717,0.5994311316110301,0.004550671373141579,233.0361354216628,467.5523793824148,-234.516243960752
57,B,2019,3,0.5181334491295092,0.5739001134332963,-0.05576666430378707,345.9221439008281,376.5577304029062,-30.635586502078127
53,B,2019,3,0.6261459172886796,0.6176071858614843,0.0085387314271953,405.6635081231897,399.5107073748903,6.1528007482993985
54,B,2019,3,0.5635562676008251,0.5703723644135502,-0.006816096812725103,402.2171743866774,401.287028932554,0.9301454541234193
55,B,2019,3,0.6285404472760127,0.6163592754309388,0.012181171845073835,380.24615983913606,404.0304381942941,-23.78427835515805
56,B,2019,3,0.5976760429751975,0.6242072038268034,-0.026531160851605895,373.7591528377212,413.0680489545157,-39.30889611679447
52,B,2019,3,0.6286956502134978,0.6073564576526104,0.021339192560887454,340.01367937914097,360.9724411513175,-20.95876177217656
51,B,2019,3,0.6138605545343074,0.6359377655041667,-0.022077210969859262,389.9341733697161,405.7263000799651,-15.792126710248965
12,B,2019,3,0.5317092510463365,0.6049687501461771,-0.07325949909984064,375.0124409457064,411.9794110900765,-36.96697014437012
13,B,2019,3,0.5159809961286119,0.5864635444781099,-0.07048254834949796,349.15108625625453,397.4760912423368,-48.32500498608226
11,B,2019,3,0.5196152505502726,0.5799092271241147,-0.06029397657384217,367.3399418463137,409.9352091721143,-42.59526732580059
44,B,2019,3,0.5117317294854905,0.5486768065062346,-0.03694507702074412,389.7050263845512,455.2633029466824,-65.5582765621312
42,B,2019,3,0.554496815273929,0.6029489539565223,-0.04845213868259324,427.3874638431308,461.64445104624207,-34.256987203111294
45,B,2019,3,0.5637409467546639,0.6220479754459085,-0.0583070286912446,426.6031427930921,447.5296024557523,-20.926459662660193
43,B,2019,3,0.4703651553598493,0.5428995679856783,-0.07253441262582899,452.0909788017964,522.1300409683338,-70.0390621665374
41,B,2019,3,0.5418894188068283,0.5951146362825944,-0.05322521747576614,441.2315795857076,458.42318605633886,-17.191606470631257
22,B,2019,3,0.5992495475867354,0.6359075812576838,-0.03665803367094833,497.4732910782597,453.8242522898402,43.64903878841949
24,B,2019,3,0.5428978968591839,0.5941235451482738,-0.05122564828908993,510.63745869646345,471.1706769969464,39.46678169951707
28,B,2019,3,0.5293435631490853,0.5983721946542578,-0.06902863150517258,393.18206131729016,408.27005595496064,-15.087994637670477
27,B,2019,3,0.5280543488606553,0.5709007415833539,-0.042846392722698634,399.6160651879729,440.63969550551445,-41.023630317541574
25,B,2019,3,0.4807580243126193,0.5688025684225338,-0.08804454410991452,472.29284859086783,516.943896955481,-44.65104836461319
21,B,2019,3,0.5545354099383653,0.6203796153210037,-0.06584420538263847,448.45242016931087,432.63538282979823,15.817037339512638
23,B,2019,3,0.5278360046157986,0.5833068673749423,-0.0554708627591437,515.9898836748208,524.0032955979748,-8.013411923153967
26,B,2019,3,0.526911474153945,0.5826339460452773,-0.05572247189133228,388.5052721033904,416.2885976938609,-27.783325590470497
31,B,2019,3,0.5923098075369769,0.6189242882136365,-0.026614480676659613,386.0078539914668,460.09706221433385,-74.08920822286706
35,B,2019,3,0.5359107718671676,0.5741294347246438,-0.038218662857476215,404.7725811934028,480.2031659931943,-75.43058479979152
34,B,2019,3,0.5178818491870825,0.5461900347560178,-0.02830818556893533,432.89167060737134,512.990985194441,-80.09931458706967
37,B,2019,3,0.5928282218086239,0.6352042951318045,-0.04237607332318061,441.7786810361792,504.1889195905493,-62.410238554370096
33,B,2019,3,0.5024184339140028,0.5984650200374774,-0.09604658612347461,353.402839152862,451.6406689591645,-98.2378298063025
36,B,2019,3,0.6213744441141783,0.6680329492098186,-0.04665850509564029,459.4402112945007,512.9579687246933,-53.517757430192546
32,B,2019,3,0.5596421633682765,0.5994311316110301,-0.039788968242753575,367.8417993063945,467.5523793824148,-99.71058007602034
57,B,2019,4,0.5226508381003224,0.5739001134332963,-0.051249275332973854,356.31077103107845,376.5577304029062,-20.246959371827757
53,B,2019,4,0.6307535700736389,0.6176071858614843,0.013146384212154527,423.6768769102685,399.5107073748903,24.16616953537823
54,B,2019,4,0.5669474497022455,0.5703723644135502,-0.003424914711304683,412.3639655917085,401.287028932554,11.076936659154512
55,B,2019,4,0.6208109947589386,0.6163592754309388,0.004451719327999815,385.4544785429072,404.0304381942941,-18.57595965138688
56,B,2019,4,0.6059006088669098,0.6242072038268034,-0.01830659495989362,383.42629277709705,413.0680489545157,-29.641756177418642
52,B,2019,4,0.62687311204938,0.6073564576526104,0.01951665439676964,358.2329534186587,360.9724411513175,-2.7394877326588016
51,B,2019,4,0.6211227979539369,0.6359377655041667,-0.014814967550229818,400.3071272290055,405.7263000799651,-5.419172850959569
12,B,2019,4,0.550343704991379,0.6049687501461771,-0.05462504515479816,392.1435155239323,411.9794110900765,-19.83589556614419
13,B,2019,4,0.521868847278008,0.5864635444781099,-0.06459469720010191,364.9405601813243,397.4760912423368,-32.53553106101248
11,B,2019,4,0.5386244277548878,0.5799092271241147,-0.04128479936922691,384.5389041475638,409.9352091721143,-25.396305024550486
44,B,2019,4,0.545377773986588,0.5486768065062346,-0.003299032519646583,424.7685320075,455.2633029466824,-30.494770939182388
42,B,2019,4,0.5911235787654903,0.6029489539565223,-0.011825375191031995,459.2264089695496,461.64445104624207,-2.4180420766924726
45,B,2019,4,0.5982642604804539,0.6220479754459085,-0.023783714965454616,449.0943615817001,447.5296024557523,1.5647591259478304
43,B,2019,4,0.5115658417939536,0.5428995679856783,-0.0313337261917247,504.28098706282594,522.1300409683338,-17.849053905507844
41,B,2019,4,0.573103517653617,0.5951146362825944,-0.022011118628977422,465.4542772283005,458.42318605633886,7.031091171961634
22,B,2019,4,0.6093973997058006,0.6359075812576838,-0.026510181551883116,507.5628640695267,453.8242522898402,53.738611779686494
24,B,2019,4,0.5721866426442959,0.5941235451482738,-0.02193690250397795,523.8531438306683,471.1706769969464,52.68246683372189
28,B,2019,4,0.5483139219031473,0.5983721946542578,-0.05005827275111052,409.5118278944796,408.27005595496064,1.2417719395189692
27,B,2019,4,0.5633443370665641,0.5709007415833539,-0.00755640451678985,420.9472775973431,440.63969550551445,-19.692417908171365
25,B,2019,4,0.5294821828044763,0.5688025684225338,-0.03932038561805751,509.55660977627895,516.943896955481,-7.387287179202076
21,B,2019,4,0.5731984091723786,0.6203796153210037,-0.04718120614862509,462.9332355507761,432.63538282979823,30.297852720977858
23,B,2019,4,0.5663452883830669,0.5833068673749423,-0.016961578991875448,537.6566478201263,524.0032955979748,13.653352222151511
26,B,2019,4,0.547147871737458,0.5826339460452773,-0.03548607430781925,404.8621624434837,416.2885976938609,-11.426435250377153
31,B,2019,4,0.616591181150886,0.6189242882136365,-0.0023331070627505834,425.3656644221084,460.09706221433385,-34.73139779222544
35,B,2019,4,0.5717127789703497,0.5741294347246438,-0.0024166557542941725,434.0910834592158,480.2031659931943,-46.11208253397854
34,B,2019,4,0.5556526692690433,0.5461900347560178,0.009462634513025536,478.566347553267,512.990985194441,-34.424637641174
37,B,2019,4,0.6153501329722474,0.6352042951318045,-0.019854162159557154,502.6084370663325,504.1889195905493,-1.5804825242167908
33,B,2019,4,0.5375101077093967,0.5984650200374774,-0.0609549123280807,404.0993005955481,451.6406689591645,-47.541368363616414
36,B,2019,4,0.6433206068875316,0.6680329492098186,-0.02471234232228703,512.5332594947827,512.9579687246933,-0.42470922991060434
32,B,2019,4,0.5889804657036152,0.5994311316110301,-0.010450665907414947,412.0602463730392,467.5523793824148,-55.49213300937561
57,A,2020,2,0.3395991225828756,0.5232000042786433,-0.18360088169576771,168.1054456443373,537.6038856609841,-369.49844001664684
53,A,2020,2,0.4109605101436554,0.5898774882200208,-0.17891697807636542,207.14486374752752,563.150757883023,-356.0058941354954
54,A,2020,2,0.3693110343548941,0.5148881640784552,-0.14557712972356107,181.67077988690264,539.3123998898976,-357.64162000299496
55,A,2020,2,0.3739067317570258,0.5567120985461607,-0.18280536678913484,153.8149001939804,552.1756797854943,-398.36077959151385
56,A,2020,2,0.4034110473403113,0.5780966319788349,-0.17468558463852357,171.34140264410405,572.6690576586709,-401.32765501456686
52,A,2020,2,0.4753174622715382,0.5906377629937875,-0.11532030072224925,203.7640914068816,532.7701165154426,-329.00602510856106
51,A,2020,2,0.430946112231156,0.5867641888615014,-0.15581807663034541,171.78441492123457,537.6724565537642,-365.8880416325296
12,A,2020,2,0.4756728016919139,0.568861695178867,-0.09318889348695308,184.7558804142136,566.5595317284136,-381.8036513142
13,A,2020,2,0.4206558608732012,0.556269903923189,-0.13561404304998775,186.12317871960792,549.0361204926747,-362.9129417730668
11,A,2020,2,0.4421066038834825,0.5557499918145764,-0.11364338793109391,194.2098979719574,569.3818444225695,-375.17194645061215
44,A,2020,2,0.4462422943614379,0.5342617028314773,-0.08801940847003942,251.3850275029357,668.1525153546401,-416.76748785170435
42,A,2020,2,0.512199101419005,0.5931116681670293,-0.08091256674802427,229.1957366693032,636.4110449199464,-407.21530825064326
45,A,2020,2,0.529734245243747,0.5934668573502707,-0.0637326121065237,214.6893025658993,608.0765628121432,-393.38726024624384
43,A,2020,2,0.4695285393480803,0.5785218633809919,-0.10899332403291156,288.38661613268965,760.948092805632,-472.5614766729423
41,A,2020,2,0.5111209508795849,0.5710089314384026,-0.05988798055881772,211.3782105014707,616.511621175987,-405.1334106745163
22,A,2020,2,0.4701849134139471,0.5952345300902333,-0.12504961667628622,215.8657721256965,689.784448705568,-473.91867657987154
24,A,2020,2,0.4277217396011835,0.5634030467912526,-0.13568130719006916,228.66569775042265,675.6982206230717,-447.0325228726491
28,A,2020,2,0.4099789696859067,0.5751026336519572,-0.16512366396605055,196.24576403553232,570.1193998072029,-373.87363577167054
27,A,2020,2,0.4720363798463312,0.5774512964947617,-0.1054149166484305,219.9542055843212,631.7151372206748,-411.76093163635363
25,A,2020,2,0.4053308206505543,0.5629983440811737,-0.15766752343061935,236.15405225167115,789.1854214642077,-553.0313692125366
21,A,2020,2,0.3988804920689963,0.5788589876681618,-0.1799784955991655,207.3074124919091,621.5758942561716,-414.26848176426256
23,A,2020,2,0.4372800368855014,0.5735772872407364,-0.13629725035523504,261.3060572096128,831.6756801327349,-570.369622923122
26,A,2020,2,0.3936086373393479,0.5569278808089793,-0.16331924346963134,200.5728622805761,592.6909513481587,-392.1180890675826
31,A,2020,2,0.4493834726447057,0.5893821642012579,-0.1399986915565522,225.01502581853572,695.3883730727514,-470.3733472542157
35,A,2020,2,0.4758741463237288,0.5900406158512127,-0.11416646952748388,241.2907736483032,673.8697186110531,-432.5789449627499
34,A,2020,2,0.5192189114025549,0.5948705806999535,-0.07565166929739853,268.2492700492503,727.5725236094592,-459.32325356020885
37,A,2020,2,0.4481954796432192,0.6023774613954869,-0.15418198175226766,244.59530138258316,833.533010090417,-588.9377087078337
33,A,2020,2,0.4908000240611024,0.5769727808837313,-0.08617275682262887,220.40816296628591,665.9829310230813,-445.5747680567954
36,A,2020,2,0.5080042102721641,0.6203227980243009,-0.11231858775213677,238.1480885614805,877.9863588585017,-639.8382702970212
32,A,2020,2,0.4789178917032889,0.571044016756271,-0.09212612505298212,226.08703654021983,670.2923260847152,-444.2052895444954
57,A,2020,3,0.4231415940933856,0.5232000042786433,-0.10005841018525774,302.9092520308138,537.6038856609841,-234.69463363017036
53,A,2020,3,0.4996848906998468,0.5898774882200208,-0.09019259752017406,367.88503095013226,563.150757883023,-195.2657269328907
54,A,2020,3,0.425279218602219,0.5148881640784552,-0.08960894547623616,352.4630909431274,539.3123998898976,-186.84930894677024
55,A,2020,3,0.431875484434152,0.5567120985461607,-0.12483661411200864,317.7025692521908,552.1756797854943,-234.47311053330344
56,A,2020,3,0.4435211959564663,0.5780966319788349,-0.1345754360223686,319.7169737717941,572.6690576586709,-252.95208388687684
52,A,2020,3,0.5521330884307306,0.5906377629937875,-0.03850467456305684,358.59731230707894,532.7701165154426,-174.1728042083637
51,A,2020,3,0.4847814740448792,0.5867641888615014,-0.10198271481662219,299.5519245104222,537.6724565537642,-238.12053204334194
12,A,2020,3,0.5126765566706509,0.568861695178867,-0.05618513850821605,315.5435469779675,566.5595317284136,-251.01598475044614
13,A,2020,3,0.4759675472518482,0.556269903923189,-0.08030235667134078,311.87149359970243,549.0361204926747,-237.1646268929723
11,A,2020,3,0.4964808948442994,0.5557499918145764,-0.05926909697027699,323.18132209321425,569.3818444225695,-246.2005223293553
44,A,2020,3,0.4570322252659519,0.5342617028314773,-0.07722947756552545,411.19792289154697,668.1525153546401,-256.9545924630931
42,A,2020,3,0.5459236521112246,0.5931116681670293,-0.047188016055804693,391.715094571031,636.4110449199464,-244.69595034891546
45,A,2020,3,0.5603018039103924,0.5934668573502707,-0.0331650534398783,361.8948751860399,608.0765628121432,-246.18168762610327
43,A,2020,3,0.4883248750803404,0.5785218633809919,-0.09019698830065148,476.33237575245664,760.948092805632,-284.61571705317533
41,A,2020,3,0.5418533611300576,0.5710089314384026,-0.029155570308345036,356.41156492516313,616.511621175987,-260.10005625082385
22,A,2020,3,0.5154434135445926,0.5952345300902333,-0.07979111654564075,376.8343956227719,689.784448705568,-312.9500530827961
24,A,2020,3,0.4891003992987965,0.5634030467912526,-0.07430264749245613,376.4749290875833,675.6982206230717,-299.22329153548844
28,A,2020,3,0.4873201902373639,0.5751026336519572,-0.08778244341459335,338.7983434666862,570.1193998072029,-231.32105634051663
27,A,2020,3,0.50135386530279,0.5774512964947617,-0.07609743119197165,390.9893686318344,631.7151372206748,-240.72576858884042
25,A,2020,3,0.4216517277438371,0.5629983440811737,-0.14134661633733658,418.2904846304617,789.1854214642077,-370.894936833746
21,A,2020,3,0.4695460306844923,0.5788589876681618,-0.1093129569836695,356.92703076121666,621.5758942561716,-264.648863494955
23,A,2020,3,0.4694590346172911,0.5735772872407364,-0.10411825262344532,450.0143372688294,831.6756801327349,-381.6613428639055
26,A,2020,3,0.4662222216680954,0.5569278808089793,-0.09070565914088385,346.2306102356317,592.6909513481587,-246.46034111252703
31,A,2020,3,0.4710927475605261,0.5893821642012579,-0.11828941664073178,384.604132745886,695.3883730727514,-310.7842403268654
35,A,2020,3,0.4787310484713704,0.5900406158512127,-0.11130956737984232,423.6991184708512,673.8697186110531,-250.17060014020194
34,A,2020,3,0.4977323051098782,0.5948705806999535,-0.09713827559007526,466.6206241632461,727.5725236094592,-260.9518994462131
37,A,2020,3,0.4738625447455791,0.6023774613954869,-0.12851491664990777,434.8312031137172,833.533010090417,-398.70180697669974
33,A,2020,3,0.4867822626597041,0.5769727808837313,-0.09019051822402718,396.02783254745685,665.9829310230813,-269.9550984756244
36,A,2020,3,0.5138796486261056,0.6203227980243009,-0.10644314939819532,433.8363920736808,877.9863588585017,-444.1499667848209
32,A,2020,3,0.4661644701840081,0.571044016756271,-0.10487954657226295,395.2999617231041,670.2923260847152,-274.9923643616111
57,A,2020,4,0.4615092795074549,0.5232000042786433,-0.06169072477118842,402.7861576542425,537.6038856609841,-134.81772800674162
53,A,2020,4,0.5456755451063263,0.5898774882200208,-0.04420194311369452,468.59037822745694,563.150757883023,-94.56037965556601
54,A,2020,4,0.4725682577313068,0.5148881640784552,-0.042319906347148384,445.74591998918334,539.3123998898976,-93.56647990071428
55,A,2020,4,0.4828499776264715,0.5567120985461607,-0.07386212091968913,427.0709730204807,552.1756797854943,-125.10470676501353
56,A,2020,4,0.480627849136541,0.5780966319788349,-0.09746878284229388,412.30533716486286,572.6690576586709,-160.36372049380805
52,A,2020,4,0.5741735535598705,0.5906377629937875,-0.01646420943391691,452.6751928812137,532.7701165154426,-80.0949236342289
51,A,2020,4,0.5232373347981802,0.5867641888615014,-0.06352685406332115,386.21974335393776,537.6724565537642,-151.4527131998264
12,A,2020,4,0.5425603501541124,0.568861695178867,-0.026301345024754563,406.942926500508,566.5595317284136,-159.6166052279056
13,A,2020,4,0.4971701932428561,0.556269903923189,-0.05909971068033287,404.79210526153975,549.0361204926747,-144.244015231135
11,A,2020,4,0.512713706318696,0.5557499918145764,-0.043036285495880455,417.1100162229107,569.3818444225695,-152.27182819965884
44,A,2020,4,0.498935535214651,0.5342617028314773,-0.03532616761682633,518.7325334816217,668.1525153546401,-149.4199818730184
42,A,2020,4,0.5680947055496423,0.5931116681670293,-0.025016962617387062,506.7006712050075,636.4110449199464,-129.71037371493895
45,A,2020,4,0.5754218952191782,0.5934668573502707,-0.018044962131092523,459.498849116078,608.0765628121432,-148.57771369606513
43,A,2020,4,0.5324878142562253,0.5785218633809919,-0.04603404912476661,597.9544526948816,760.948092805632,-162.99364011075033
41,A,2020,4,0.5545813907124865,0.5710089314384026,-0.016427540725916123,462.2170394488054,616.511621175987,-154.2945817271816
22,A,2020,4,0.5518111775338407,0.5952345300902333,-0.043423352556392625,513.1207484868098,689.784448705568,-176.6637002187582
24,A,2020,4,0.5218512255680198,0.5634030467912526,-0.041551821223232865,527.7478989881677,675.6982206230717,-147.95032163490407
28,A,2020,4,0.5236595398451828,0.5751026336519572,-0.051443093806774476,446.9443746765127,570.1193998072029,-123.17502513069013
27,A,2020,4,0.5321542194910767,0.5774512964947617,-0.045297077003685016,532.1022515430357,631.7151372206748,-99.61288567763916
25,A,2020,4,0.471913914928313,0.5629983440811737,-0.09108442915286064,610.3212292326101,789.1854214642077,-178.8641922315976
21,A,2020,4,0.5039278767039121,0.5788589876681618,-0.07493111096424965,488.4004905411764,621.5758942561716,-133.17540371499524
23,A,2020,4,0.4990662754319084,0.5735772872407364,-0.07451101180882802,641.1177062567099,831.6756801327349,-190.55797387602502
26,A,2020,4,0.4985624010646486,0.5569278808089793,-0.05836547974433065,476.4541632397998,592.6909513481587,-116.2367881083589
31,A,2020,4,0.5201666590125341,0.5893821642012579,-0.06921550518872377,550.1913092088818,695.3883730727514,-145.19706386386963
35,A,2020,4,0.529439364110099,0.5900406158512127,-0.06060125174111375,569.8282428222064,673.8697186110531,-104.0414757888467
34,A,2020,4,0.5435931128757391,0.5948705806999535,-0.051277467824214384,595.3713868921077,727.5725236094592,-132.20113671735146
37,A,2020,4,0.5136389291302991,0.6023774613954869,-0.0887385322651878,608.2773859054852,833.533010090417,-225.25562418493178
33,A,2020,4,0.4977911058160983,0.5769727808837313,-0.07918167506763296,510.1857982743531,665.9829310230813,-155.7971327487282
36,A,2020,4,0.5494187789276463,0.6203227980243009,-0.07090401909665456,628.2547589087812,877.9863588585017,-249.73159994972048
32,A,2020,4,0.4948208854999336,0.571044016756271,-0.07622313125633745,535.3780519121615,670.2923260847152,-134.91427417255375
57,B,2020,2,0.5515245038136691,0.5739001134332963,-0.022375609619627146,292.2736892875673,376.5577304029062,-84.28404111533888
53,B,2020,2,0.6286782101860279,0.6176071858614843,0.011071024324543544,373.7678891533504,399.5107073748903,-25.742818221539892
54,B,2020,2,0.6073517221325275,0.5703723644135502,0.03697935771897731,392.8515354766469,401.287028932554,-8.435493455907078
55,B,2020,2,0.6185769333236996,0.6163592754309388,0.002217657892760738,352.12927751047204,404.0304381942941,-51.90116068382207
56,B,2020,2,0.6016199806320127,0.6242072038268034,-0.022587223194790673,337.80516753352066,413.0680489545157,-75.26288142099503
52,B,2020,2,0.6424161548420092,0.6073564576526104,0.03505969718939883,316.8905441356544,360.9724411513175,-44.08189701566312
51,B,2020,2,0.6504804943638391,0.6359377655041667,0.014542728859672449,338.4747980206793,405.7263000799651,-67.25150205928577
12,B,2020,2,0.5650582321416499,0.6049687501461771,-0.03991051800452727,331.73115110674456,411.9794110900765,-80.24825998333193
13,B,2020,2,0.501488886732714,0.5864635444781099,-0.08497465774539592,318.38903868094434,397.4760912423368,-79.08705256139245
11,B,2020,2,0.4915318319476893,0.5799092271241147,-0.08837739517642546,314.7985826720947,409.9352091721143,-95.13662650001959
44,B,2020,2,0.5345685897211044,0.5486768065062346,-0.01410821678513019,354.6448676464909,455.2633029466824,-100.61843530019149
42,B,2020,2,0.5712765178480109,0.6029489539565223,-0.03167243610851134,356.3511952547285,461.64445104624207,-105.29325579151356
45,B,2020,2,0.5823472111355661,0.6220479754459085,-0.03970076431034242,362.5419528591084,447.5296024557523,-84.9876495966439
43,B,2020,2,0.5524447952449688,0.5428995679856783,0.009545227259290523,367.1233965565653,522.1300409683338,-155.0066444117685
41,B,2020,2,0.5870955842352258,0.5951146362825944,-0.008019052047368636,361.72774195857824,458.42318605633886,-96.69544409776063
22,B,2020,2,0.6410916253207525,0.6359075812576838,0.005184044063068716,378.14882366226647,453.8242522898402,-75.67542862757375
24,B,2020,2,0.6035498433888463,0.5941235451482738,0.009426298240572506,373.2439544743118,471.1706769969464,-97.92672252263458
28,B,2020,2,0.5350686563421374,0.5983721946542578,-0.06330353831212043,313.07816235907785,408.27005595496064,-95.19189359588279
27,B,2020,2,0.5255508771551981,0.5709007415833539,-0.045349864428155806,344.6588195236497,440.63969550551445,-95.98087598186476
25,B,2020,2,0.5816727340451775,0.5688025684225338,0.012870165622643648,400.7946954203719,516.943896955481,-116.14920153510911
21,B,2020,2,0.5833194633378308,0.6203796153210037,-0.03706015198317292,350.1848646181395,432.63538282979823,-82.45051821165873
23,B,2020,2,0.5871466679174359,0.5833068673749423,0.0038398005424935544,439.72983994918087,524.0032955979748,-84.27345564879391
26,B,2020,2,0.532751316551117,0.5826339460452773,-0.049882629494160335,341.27292140275085,416.2885976938609,-75.01567629111003
31,B,2020,2,0.647238369855127,0.6189242882136365,0.028314081641490407,340.1998065016244,460.09706221433385,-119.89725571270947
35,B,2020,2,0.5480225387705764,0.5741294347246438,-0.026106895954067455,347.0157441353867,480.2031659931943,-133.18742185780764
34,B,2020,2,0.5455640237448329,0.5461900347560178,-0.0006260110111848682,344.1225348321808,512.990985194441,-168.8684503622602
37,B,2020,2,0.6368853711931395,0.6352042951318045,0.0016810760613349407,378.8860180618831,504.1889195905493,-125.30290152866621
33,B,2020,2,0.540331415118122,0.5984650200374774,-0.058133604919355375,291.06239331395113,451.6406689591645,-160.57827564521335
36,B,2020,2,0.6551088306766717,0.6680329492098186,-0.0129241185331469,401.6979192188245,512.9579687246933,-111.26004950586878
32,B,2020,2,0.5977695381736542,0.5994311316110301,-0.00166159343737593,331.6564130875669,467.5523793824148,-135.89596629484794
57,B,2020,3,0.5464799949379995,0.5739001134332963,-0.027420118495296797,337.8233608038695,376.5577304029062,-38.73436959903671
53,B,2020,3,0.6266675268095885,0.6176071858614843,0.00906034094810415,427.2686001864443,399.5107073748903,27.75789281155403
54,B,2020,3,0.6024275065823241,0.5703723644135502,0.03205514216877392,446.6075433060503,401.287028932554,45.32051437349628
55,B,2020,3,0.602697816727271,0.6163592754309388,-0.013661458703667861,405.20207364761,404.0304381942941,1.1716354533159006
56,B,2020,3,0.6009831787433979,0.6242072038268034,-0.023224025083405486,388.8067217992808,413.0680489545157,-24.26132715523488
52,B,2020,3,0.6464089868857066,0.6073564576526104,0.03905252923309621,373.5525302071566,360.9724411513175,12.580089055839096
51,B,2020,3,0.6464951219150618,0.6359377655041667,0.010557356410895058,387.3248898530869,405.7263000799651,-18.40141022687817
12,B,2020,3,0.5648828437949933,0.6049687501461771,-0.04008590635118381,370.96809581723744,411.9794110900765,-41.011315272839056
13,B,2020,3,0.4935955679949027,0.5864635444781099,-0.09286797648320722,359.2960271046031,397.4760912423368,-38.180064137733666
11,B,2020,3,0.4958100513792061,0.5799092271241147,-0.08409917574490866,357.01687243607984,409.9352091721143,-52.91833673603446
44,B,2020,3,0.5499252617007783,0.5486768065062346,0.0012484551945436406,413.6499681187607,455.2633029466824,-41.61333482792173
42,B,2020,3,0.5792212973119885,0.6029489539565223,-0.0237276566445338,411.67541297120033,461.64445104624207,-49.96903807504174
45,B,2020,3,0.6000969658913282,0.6220479754459085,-0.021951009554580292,406.2884921599959,447.5296024557523,-41.241110295756414
43,B,2020,3,0.5652943419957498,0.5428995679856783,0.022394774010071505,484.7857330569849,522.1300409683338,-37.34430791134889
41,B,2020,3,0.5845076272479381,0.5951146362825944,-0.010607009034656278,403.0268416058349,458.42318605633886,-55.39634445050399
22,B,2020,3,0.6180604076377917,0.6359075812576838,-0.017847173619892076,463.4335108870301,453.8242522898402,9.609258597189864
24,B,2020,3,0.5846214784291157,0.5941235451482738,-0.009502066719158098,473.1146025952151,471.1706769969464,1.94392559826872
28,B,2020,3,0.543206991479405,0.5983721946542578,-0.05516520317485285,361.0084474728985,408.27005595496064,-47.261608482062115
27,B,2020,3,0.5288507081033751,0.5709007415833539,-0.04205003347997882,410.7569729889199,440.63969550551445,-29.882722516594526
25,B,2020,3,0.5868337169142215,0.5688025684225338,0.018031148491687632,527.001042337864,516.943896955481,10.057145382382942
21,B,2020,3,0.5845007763033131,0.6203796153210037,-0.03587883901769062,422.3253565888156,432.63538282979823,-10.310026240982609
23,B,2020,3,0.5921441251108448,0.5833068673749423,0.008837257735902493,569.9923737352286,524.0032955979748,45.98907813725384
26,B,2020,3,0.5361973188289089,0.5826339460452773,-0.04643662721636843,405.4527217739571,416.2885976938609,-10.835875919903799
31,B,2020,3,0.6411511864396684,0.6189242882136365,0.022226898226031855,440.8819735168983,460.09706221433385,-19.215088697435533
35,B,2020,3,0.548380474019221,0.5741294347246438,-0.025748960705422874,447.4907786821298,480.2031659931943,-32.712387311064504
34,B,2020,3,0.5636655851322397,0.5461900347560178,0.01747555037622195,473.4775598038856,512.990985194441,-39.513425390555426
37,B,2020,3,0.6519449246758914,0.6352042951318045,0.016740629544086838,506.7057993214081,504.1889195905493,2.516879730858818
33,B,2020,3,0.5922110017789929,0.5984650200374774,-0.006254018258484484,407.5971364031693,451.6406689591645,-44.04353255599517
36,B,2020,3,0.6721405294695333,0.6680329492098186,0.004107580259714694,524.1605797358122,512.9579687246933,11.202611011118961
32,B,2020,3,0.6284061771433997,0.5994311316110301,0.028975045532369625,426.2378977978742,467.5523793824148,-41.3144815845406
57,B,2020,4,0.5356667224695266,0.5739001134332963,-0.03823339096376965,343.6871385954964,376.5577304029062,-32.870591807409824
53,B,2020,4,0.6178247772672112,0.6176071858614843,0.00021759140572685798,433.1403346226962,399.5107073748903,33.6296272478059
54,B,2020,4,0.5947915834392574,0.5703723644135502,0.024419219025707206,451.386451740047,401.287028932554,50.099422807493
55,B,2020,4,0.5990721845078758,0.6163592754309388,-0.01728709092306302,409.1804334261455,404.0304381942941,5.149995231851392
56,B,2020,4,0.5976324645636117,0.6242072038268034,-0.02657473926319165,393.732683015837,413.0680489545157,-19.335365938678706
52,B,2020,4,0.6258991742366478,0.6073564576526104,0.01854271658403739,380.5060685462756,360.9724411513175,19.533627394958103
51,B,2020,4,0.6372683015994529,0.6359377655041667,0.0013305360952862166,391.3810543158327,405.7263000799651,-14.345245764132358
12,B,2020,4,0.5674495114261534,0.6049687501461771,-0.03751923872002372,375.7568797291771,411.9794110900765,-36.22253136089938
13,B,2020,4,0.4887615188693687,0.5864635444781099,-0.0977020256087412,364.16190162608206,397.4760912423368,-33.31418961625474
11,B,2020,4,0.5060954101128843,0.5799092271241147,-0.07381381701123046,361.7934128368237,409.9352091721143,-48.14179633529062
44,B,2020,4,0.5485189467689938,0.5486768065062346,-0.00015785973724080637,438.9341911506239,455.2633029466824,-16.3291117960585
42,B,2020,4,0.5727841545826357,0.6029489539565223,-0.030164799373886608,430.9947374081606,461.64445104624207,-30.649713638081494
45,B,2020,4,0.6141097392337895,0.6220479754459085,-0.007938236212118976,413.7674492746676,447.5296024557523,-33.76215318108467
43,B,2020,4,0.547752019494456,0.5428995679856783,0.0048524515087776665,538.7625137795924,522.1300409683338,16.632472811258594
41,B,2020,4,0.5848829083662566,0.5951146362825944,-0.010231727916337863,411.1380978915074,458.42318605633886,-47.28508816483145
22,B,2020,4,0.603949763496354,0.6359075812576838,-0.031957817761329776,470.4419168087594,453.8242522898402,16.617664518919185
24,B,2020,4,0.5869309547631113,0.5941235451482738,-0.007192590385162512,479.7292076874304,471.1706769969464,8.55853069048402
28,B,2020,4,0.5438263504710215,0.5983721946542578,-0.05454584418323638,366.334358458864,408.27005595496064,-41.93569749609662
27,B,2020,4,0.5194669227369934,0.5709007415833539,-0.05143381884636056,421.8049340507054,440.63969550551445,-18.83476145480904
25,B,2020,4,0.5870200562347198,0.5688025684225338,0.018217487812185906,539.6486741892624,516.943896955481,22.70477723378133
21,B,2020,4,0.5837495352657939,0.6203796153210037,-0.036630080055209846,430.215058606886,432.63538282979823,-2.4203242229122566
23,B,2020,4,0.6030520530826381,0.5833068673749423,0.01974518570769579,578.976143760044,524.0032955979748,54.972848162069226
26,B,2020,4,0.5368302150348632,0.5826339460452773,-0.04580373101041413,414.30662246134,416.2885976938609,-1.981975232520881
31,B,2020,4,0.6374054498029407,0.6189242882136365,0.01848116158930413,467.2408218347727,460.09706221433385,7.143759620438857
35,B,2020,4,0.529854155569988,0.5741294347246438,-0.04427527915465579,483.2770551145424,480.2031659931943,3.0738891213480883
34,B,2020,4,0.5405769163561825,0.5461900347560178,-0.0056131183998352485,526.903174266851,512.990985194441,13.912189072410001
37,B,2020,4,0.655810407388306,0.6352042951318045,0.02060611225650144,538.931265059515,504.1889195905493,34.74234546896571
33,B,2020,4,0.5898340022602641,0.5984650200374774,-0.008631017777213312,460.6107887551507,451.6406689591645,8.970119795986193
36,B,2020,4,0.667915255462609,0.6680329492098186,-0.0001176937472096018,550.5154048019147,512.9579687246933,37.55743607722138
32,B,2020,4,0.639133557044611,0.5994311316110301,0.039702425433580824,474.8042113317356,467.5523793824148,7.251831949320774
57,A,2021,2,0.4401163165897606,0.5232000042786433,-0.08308368768888275,242.31191755977105,537.6038856609841,-295.2919681012131
53,A,2021,2,0.5426598265498879,0.5898774882200208,-0.04721766167013297,255.1461372524626,563.150757883023,-308.00462063056034
54,A,2021,2,0.4531327466389211,0.5148881640784552,-0.061755417439534055,240.80921592354088,539.3123998898976,-298.50318396635674
55,A,2021,2,0.4740542716368253,0.5567120985461607,-0.08265782690933537,220.82824625808647,552.1756797854943,-331.3474335274078
56,A,2021,2,0.4794456195041612,0.5780966319788349,-0.09865101247467367,269.84220440895933,572.6690576586709,-302.8268532497116
52,A,2021,2,0.5516339474412515,0.5906377629937875,-0.03900381555253596,264.35993683834914,532.7701165154426,-268.4101796770935
51,A,2021,2,0.4859176735893891,0.5867641888615014,-0.1008465152721123,260.6412135952642,537.6724565537642,-277.03124295849994
12,A,2021,2,0.4512503754441632,0.568861695178867,-0.11761131973470379,260.73636098608296,566.5595317284136,-305.82317074233066
13,A,2021,2,0.4361583987481216,0.556269903923189,-0.12011150517506736,258.8606526675789,549.0361204926747,-290.17546782509584
11,A,2021,2,0.4757755143285454,0.5557499918145764,-0.07997447748603098,263.12536860337696,569.3818444225695,-306.2564758191926
44,A,2021,2,0.4784653544979814,0.5342617028314773,-0.05579634833349595,313.0691271996882,668.1525153546401,-355.0833881549519
42,A,2021,2,0.4786083765683493,0.5931116681670293,-0.11450329159868,282.97874463647173,636.4110449199464,-353.4323002834747
45,A,2021,2,0.5033776854335849,0.5934668573502707,-0.09008917191668586,287.4981668407698,608.0765628121432,-320.57839597137337
43,A,2021,2,0.4981388481308789,0.5785218633809919,-0.08038301525011299,314.3453644352149,760.948092805632,-446.6027283704171
41,A,2021,2,0.4889944218131358,0.5710089314384026,-0.0820145096252668,278.2888636389579,616.511621175987,-338.2227575370291
22,A,2021,2,0.4824075436951391,0.5952345300902333,-0.1128269863950942,271.95132661380933,689.784448705568,-417.8331220917587
24,A,2021,2,0.4809216307044928,0.5634030467912526,-0.08248141608675985,273.359461434314,675.6982206230717,-402.3387591887577
28,A,2021,2,0.4790077772696852,0.5751026336519572,-0.09609485638227205,247.70861879030835,570.1193998072029,-322.4107810168945
27,A,2021,2,0.4873295847237345,0.5774512964947617,-0.09012171177102718,261.6511153856582,631.7151372206748,-370.0640218350166
25,A,2021,2,0.4560602858907346,0.5629983440811737,-0.10693805819043906,237.1016780695331,789.1854214642077,-552.0837433946746
21,A,2021,2,0.4865268029045639,0.5788589876681618,-0.09233218476359789,262.584939831957,621.5758942561716,-358.99095442421464
23,A,2021,2,0.5069312287730953,0.5735772872407364,-0.06664605846764116,263.98250243359894,831.6756801327349,-567.693177699136
26,A,2021,2,0.4897307402636227,0.5569278808089793,-0.06719714054535658,254.71065659383908,592.6909513481587,-337.98029475431963
31,A,2021,2,0.541750036837117,0.5893821642012579,-0.04763212736414091,242.2868979742719,695.3883730727514,-453.10147509847945
35,A,2021,2,0.4764710721514502,0.5900406158512127,-0.11356954369976252,253.43015434986128,673.8697186110531,-420.4395642611919
34,A,2021,2,0.4826939015773141,0.5948705806999535,-0.11217667912263934,260.89973128397594,727.5725236094592,-466.6727923254832
37,A,2021,2,0.5178912518761241,0.6023774613954869,-0.08448620951936281,252.8594015782603,833.533010090417,-580.6736085121566
33,A,2021,2,0.5460843383208717,0.5769727808837313,-0.030888442562859608,226.19125705661187,665.9829310230813,-439.7916739664694
36,A,2021,2,0.5587846429043014,0.6203227980243009,-0.061538155119999494,236.47477263713952,877.9863588585017,-641.5115862213622
32,A,2021,2,0.510216389734206,0.571044016756271,-0.06082762702206501,230.40713903091844,670.2923260847152,-439.8851870537968
57,A,2021,3,0.4762976595708544,0.5232000042786433,-0.04690234470778892,358.4697078996427,537.6038856609841,-179.13417776134145
53,A,2021,3,0.5771291156903411,0.5898774882200208,-0.012748372529679752,366.13215222735846,563.150757883023,-197.0186056556645
54,A,2021,3,0.4922892491841019,0.5148881640784552,-0.022598914894353284,355.03413753869154,539.3123998898976,-184.27826235120608
55,A,2021,3,0.5105987053066411,0.5567120985461607,-0.04611339323951957,323.3869145869659,552.1756797854943,-228.78876519852838
56,A,2021,3,0.5132283159125571,0.5780966319788349,-0.06486831606627774,391.4968238392037,572.6690576586709,-181.17223381946718
52,A,2021,3,0.5902498224942591,0.5906377629937875,-0.00038794049952839416,370.0512210421832,532.7701165154426,-162.7188954732594
51,A,2021,3,0.5213493927844003,0.5867641888615014,-0.0654147960771011,375.87629776120696,537.6724565537642,-161.7961587925572
12,A,2021,3,0.4843143299108862,0.568861695178867,-0.08454736526798079,383.8369949408094,566.5595317284136,-182.7225367876042
13,A,2021,3,0.4614934494068889,0.556269903923189,-0.09477645451630007,376.2729017433908,549.0361204926747,-172.76321874928396
11,A,2021,3,0.4950173501940521,0.5557499918145764,-0.06073264162052433,384.036911681982,569.3818444225695,-185.34493274058752
44,A,2021,3,0.5257137062652868,0.5342617028314773,-0.008547996566190541,452.1173038748356,668.1525153546401,-216.03521147980445
42,A,2021,3,0.5227938009696266,0.5931116681670293,-0.07031786719740274,419.32772482868825,636.4110449199464,-217.0833200912582
45,A,2021,3,0.5499838197012267,0.5934668573502707,-0.04348303764904404,410.976989912555,608.0765628121432,-197.09957289958817
43,A,2021,3,0.5424666884042713,0.5785218633809919,-0.036055174976720616,470.292230332909,760.948092805632,-290.65586247272296
41,A,2021,3,0.5327545348810281,0.5710089314384026,-0.038254396557374504,405.8990527499894,616.511621175987,-210.6125684259976
22,A,2021,3,0.5118793082695063,0.5952345300902333,-0.08335522182072697,414.1675910174448,689.784448705568,-275.6168576881232
24,A,2021,3,0.512142685290062,0.5634030467912526,-0.05126036150119062,404.2115473715391,675.6982206230717,-271.48667325153264
28,A,2021,3,0.5112439057110664,0.5751026336519572,-0.06385872794089087,375.2177953284125,570.1193998072029,-194.90160447879038
27,A,2021,3,0.5163782204743218,0.5774512964947617,-0.061073076020439876,402.24063591797847,631.7151372206748,-229.47450130269635
25,A,2021,3,0.4915890776945957,0.5629983440811737,-0.07140926638657796,372.0250506450463,789.1854214642077,-417.1603708191614
21,A,2021,3,0.522129558657773,0.5788589876681618,-0.0567294290103888,393.8919496578594,621.5758942561716,-227.68394459831222
23,A,2021,3,0.5430871736132161,0.5735772872407364,-0.0304901136275203,399.97384393028,831.6756801327349,-431.7018362024549
26,A,2021,3,0.5222480405723451,0.5569278808089793,-0.034679840236634174,377.45384623481306,592.6909513481587,-215.23710511334565
31,A,2021,3,0.5643271058844495,0.5893821642012579,-0.025055058316808432,366.7196733878373,695.3883730727514,-328.6686996849141
35,A,2021,3,0.5135208276744343,0.5900406158512127,-0.0765197881767784,401.4807820352058,673.8697186110531,-272.38893657584737
34,A,2021,3,0.5270042543388546,0.5948705806999535,-0.0678663263610989,415.4245137193555,727.5725236094592,-312.14800989010365
37,A,2021,3,0.5341276520451322,0.6023774613954869,-0.06824980935035463,386.8035475999749,833.533010090417,-446.7294624904421
33,A,2021,3,0.5635137618374185,0.5769727808837313,-0.013459019046312748,351.2037894959488,665.9829310230813,-314.7791415271325
36,A,2021,3,0.5781215300380105,0.6203227980243009,-0.042201267986290425,379.3044898831881,877.9863588585017,-498.6818689753136
32,A,2021,3,0.5334294440831587,0.571044016756271,-0.0376145726731123,362.3636955189431,670.2923260847152,-307.92863056577215
57,A,2021,4,0.5178557903725992,0.5232000042786433,-0.005344213906044115,499.4562871959245,537.6038856609841,-38.147598465059616
53,A,2021,4,0.6023323623035366,0.5898774882200208,0.012454874083515755,524.9534878707044,563.150757883023,-38.19727001231854
54,A,2021,4,0.5328619284501959,0.5148881640784552,0.017973764371740697,526.3680098985593,539.3123998898976,-12.944389991338312
55,A,2021,4,0.5513726262276086,0.5567120985461607,-0.00533947231855203,520.1961367549011,552.1756797854943,-31.979543030593163
56,A,2021,4,0.5482765688369868,0.5780966319788349,-0.02982006314184804,542.2416943480808,572.6690576586709,-30.427363310590067
52,A,2021,4,0.6222747667800789,0.5906377629937875,0.03163700378629142,515.1743223643463,532.7701165154426,-17.595794151096356
51,A,2021,4,0.5586757930828666,0.5867641888615014,-0.028088395778634756,513.5406956551275,537.6724565537642,-24.131760898636685
12,A,2021,4,0.5169245242827231,0.568861695178867,-0.051937170896143914,511.4994955696325,566.5595317284136,-55.060036158781145
13,A,2021,4,0.493003507802877,0.556269903923189,-0.06326639612031199,511.05204980846446,549.0361204926747,-37.98407068421028
11,A,2021,4,0.5273596712554108,0.5557499918145764,-0.02839032055916557,518.5364949932455,569.3818444225695,-50.845349429324074
44,A,2021,4,0.5474562783396167,0.5342617028314773,0.013194575508139406,604.3967780568072,668.1525153546401,-63.755737297832866
42,A,2021,4,0.5636996931138342,0.5931116681670293,-0.02941197505319515,577.1871031907339,636.4110449199464,-59.223941729212584
45,A,2021,4,0.5789275465606729,0.5934668573502707,-0.014539310789597804,556.239172224978,608.0765628121432,-51.837390587165146
43,A,2021,4,0.5673159953926852,0.5785218633809919,-0.011205867988306695,634.3690160079166,760.948092805632,-126.5790767977154
41,A,2021,4,0.5668157271943983,0.5710089314384026,-0.004193204244004267,549.4715211961299,616.511621175987,-67.04009997985713
22,A,2021,4,0.5542269795195186,0.5952345300902333,-0.0410075505707147,644.5516556106028,689.784448705568,-45.232793094965245
24,A,2021,4,0.5510300015977717,0.5634030467912526,-0.012373045193480925,608.0789286702569,675.6982206230717,-67.61929195281482
28,A,2021,4,0.5485993120568238,0.5751026336519572,-0.026503321595133467,516.8259969455678,570.1193998072029,-53.29340286163506
27,A,2021,4,0.5542809968414747,0.5774512964947617,-0.023170299653286985,563.8183276127029,631.7151372206748,-67.89680960797193
25,A,2021,4,0.5411761224090929,0.5629983440811737,-0.02182222167208081,575.5431537363629,789.1854214642077,-213.6422677278448
21,A,2021,4,0.5571430078072196,0.5788589876681618,-0.021715979860942203,572.4792276891443,621.5758942561716,-49.09666656702734
23,A,2021,4,0.5753109991763522,0.5735772872407364,0.0017337119356157782,636.4248658324498,831.6756801327349,-195.25081430028513
26,A,2021,4,0.552765086461146,0.5569278808089793,-0.004162794347833287,531.4601023756204,592.6909513481587,-61.2308489725383
31,A,2021,4,0.5956858282782164,0.5893821642012579,0.006303664076958482,517.8333371288892,695.3883730727514,-177.5550359438622
35,A,2021,4,0.5540116758733743,0.5900406158512127,-0.0360289399778384,550.5640828523594,673.8697186110531,-123.30563575869371
34,A,2021,4,0.5725402653363842,0.5948705806999535,-0.02233031536356922,571.674512637879,727.5725236094592,-155.8980109715801
37,A,2021,4,0.5682163906634149,0.6023774613954869,-0.034161070732071974,577.6087000069748,833.533010090417,-255.92431008344215
33,A,2021,4,0.56504290334653,0.5769727808837313,-0.011929877537201317,473.7167899855848,665.9829310230813,-192.26614103749648
36,A,2021,4,0.5976128278772569,0.6203227980243009,-0.022709970147044012,600.4172415758782,877.9863588585017,-277.56911728262355
32,A,2021,4,0.5407886568373417,0.571044016756271,-0.03025535991892936,488.0568361555716,670.2923260847152,-182.23548992914363
57,B,2021,2,0.5799324650416404,0.5739001134332963,0.006032351608344144,232.7910058548868,376.5577304029062,-143.7667245480194
53,B,2021,2,0.6115865746173452,0.6176071858614843,-0.006020611244139107,258.435764325607,399.5107073748903,-141.07494304928326
54,B,2021,2,0.5703358958114463,0.5703723644135502,-3.646860210393399e-05,249.47394253930972,401.287028932554,-151.81308639324428
55,B,2021,2,0.6063683955171796,0.6163592754309388,-0.009990879913759243,277.35561168611696,404.0304381942941,-126.67482650817715
56,B,2021,2,0.6054155315495909,0.6242072038268034,-0.018791672277212457,274.167045565032,413.0680489545157,-138.90100338948366
52,B,2021,2,0.6178431794995488,0.6073564576526104,0.01048672184693844,230.84052826082277,360.9724411513175,-130.13191289049476
51,B,2021,2,0.6056894366446142,0.6359377655041667,-0.03024832885955253,253.4647745762637,405.7263000799651,-152.2615255037014
12,B,2021,2,0.5625842749743403,0.6049687501461771,-0.042384475171836855,263.00295857141714,411.9794110900765,-148.97645251865936
13,B,2021,2,0.5083819601091386,0.5864635444781099,-0.07808158436897128,248.65543797620847,397.4760912423368,-148.82065326612832
11,B,2021,2,0.5495719005095014,0.5799092271241147,-0.030337326614613302,249.52601963613063,409.9352091721143,-160.40918953598367
44,B,2021,2,0.4675902456982685,0.5486768065062346,-0.08108656080796611,260.7097598519257,455.2633029466824,-194.55354309475672
42,B,2021,2,0.541064779411562,0.6029489539565223,-0.06188417454496031,264.05913080458697,461.64445104624207,-197.5853202416551
45,B,2021,2,0.5718148173284857,0.6220479754459085,-0.050233158117422794,281.2324975809064,447.5296024557523,-166.2971048748459
43,B,2021,2,0.4404349665201796,0.5428995679856783,-0.10246460146549868,272.74105944413526,522.1300409683338,-249.38898152419853
41,B,2021,2,0.5868060908390935,0.5951146362825944,-0.008308545443500903,285.72384397460684,458.42318605633886,-172.69934208173203
22,B,2021,2,0.6118260663261081,0.6359075812576838,-0.02408151493157562,292.5745441816412,453.8242522898402,-161.249708108199
24,B,2021,2,0.5516020403505497,0.5941235451482738,-0.0425215047977241,286.70521521706894,471.1706769969464,-184.46546177987744
28,B,2021,2,0.5811167730250603,0.5983721946542578,-0.017255421629197576,236.75754767575543,408.27005595496064,-171.5125082792052
27,B,2021,2,0.5360093703044646,0.5709007415833539,-0.034891371278889305,249.6493954844049,440.63969550551445,-190.99030002110956
25,B,2021,2,0.5413908243906476,0.5688025684225338,-0.027411744031886287,278.79758455904744,516.943896955481,-238.1463123964336
21,B,2021,2,0.590715531297608,0.6203796153210037,-0.02966408402339571,255.10222482783948,432.63538282979823,-177.53315800195875
23,B,2021,2,0.551558267295417,0.5833068673749423,-0.03174860007952529,299.1849124996696,524.0032955979748,-224.81838309830516
26,B,2021,2,0.558857094626662,0.5826339460452773,-0.023776851418615297,241.7989922298644,416.2885976938609,-174.48960546399647
31,B,2021,2,0.6326598849806879,0.6189242882136365,0.013735596767051383,238.0376634399856,460.09706221433385,-222.05939877434824
35,B,2021,2,0.5453816310082558,0.5741294347246438,-0.028747803716388076,239.6114827215864,480.2031659931943,-240.5916832716079
34,B,2021,2,0.5065519167695144,0.5461900347560178,-0.03963811798650341,251.0161809150302,512.990985194441,-261.9748042794108
37,B,2021,2,0.6114379327782239,0.6352042951318045,-0.02376636235358065,285.543729516558,504.1889195905493,-218.64519007399127
33,B,2021,2,0.5370798728038281,0.5984650200374774,-0.061385147233649295,220.95013966991317,451.6406689591645,-230.69052928925132
36,B,2021,2,0.6408030351781138,0.6680329492098186,-0.027229914031704827,302.630211711963,512.9579687246933,-210.32775701273027
32,B,2021,2,0.5918839501588952,0.5994311316110301,-0.0075471814521349545,230.78434742235555,467.5523793824148,-236.76803196005926
57,B,2021,3,0.5698935355956422,0.5739001134332963,-0.004006577837654124,390.9455658060624,376.5577304029062,14.387835403156203
53,B,2021,3,0.6192307575840867,0.6176071858614843,0.0016235717226024127,451.2537866655415,399.5107073748903,51.743079290651224
54,B,2021,3,0.5752788185123919,0.5703723644135502,0.004906454098841717,452.2942189307989,401.287028932554,51.00718999824488
55,B,2021,3,0.6177212536188155,0.6163592754309388,0.0013619781878766446,457.82908581361073,404.0304381942941,53.798647619316625
56,B,2021,3,0.6087440341469976,0.6242072038268034,-0.015463169679805766,451.90351003233343,413.0680489545157,38.83546107781774
52,B,2021,3,0.6271094863884719,0.6073564576526104,0.01975302873586149,376.08591591500215,360.9724411513175,15.113474763684621
51,B,2021,3,0.6150139903890538,0.6359377655041667,-0.020923775115112897,451.9187313516654,405.7263000799651,46.192431271700286
12,B,2021,3,0.5670145101864917,0.6049687501461771,-0.03795423995968539,459.5515237050716,411.9794110900765,47.57211261499509
13,B,2021,3,0.5180335394263923,0.5864635444781099,-0.06843000505171759,450.6828818017139,397.4760912423368,53.20679055937711
11,B,2021,3,0.5505695671393807,0.5799092271241147,-0.02933965998473409,445.8332284884552,409.9352091721143,35.89801931634088
44,B,2021,3,0.4830762407680867,0.5486768065062346,-0.06560056573814793,374.86286762214417,455.2633029466824,-80.40043532453825
42,B,2021,3,0.5422577725453384,0.6029489539565223,-0.0606911814111839,420.7473248607138,461.64445104624207,-40.89712618552829
45,B,2021,3,0.579508817876493,0.6220479754459085,-0.04253915756941551,461.9046237907482,447.5296024557523,14.375021334995893
43,B,2021,3,0.4660755996787065,0.5428995679856783,-0.0768239683069718,393.5348879800012,522.1300409683338,-128.5951529883326
41,B,2021,3,0.5633170300258957,0.5951146362825944,-0.031797606256698696,481.7316471044314,458.42318605633886,23.30846104809251
22,B,2021,3,0.6159688099226867,0.6359075812576838,-0.019938771334997107,511.5639552718485,453.8242522898402,57.73970298200828
24,B,2021,3,0.5586843110071905,0.5941235451482738,-0.0354392341410833,543.1790554331427,471.1706769969464,72.00837843619632
28,B,2021,3,0.5735225264920247,0.5983721946542578,-0.024849668162233107,424.2750806630968,408.27005595496064,16.005024708136148
27,B,2021,3,0.5297759004580946,0.5709007415833539,-0.04112484112525927,422.5000075284721,440.63969550551445,-18.139687977042342
25,B,2021,3,0.5121217540423709,0.5688025684225338,-0.056680814380162925,468.4827332050962,516.943896955481,-48.4611637503848
21,B,2021,3,0.5919950041965437,0.6203796153210037,-0.028384611124460002,488.9010614826888,432.63538282979823,56.265678652890585
23,B,2021,3,0.5400443414649004,0.5833068673749423,-0.04326252591004187,504.2027471915287,524.0032955979748,-19.80054840644607
26,B,2021,3,0.5584007234447115,0.5826339460452773,-0.024233222600565818,424.2844255276791,416.2885976938609,7.995827833818225
31,B,2021,3,0.6169188244096415,0.6189242882136365,-0.0020054638039950223,358.13815218756065,460.09706221433385,-101.9589100267732
35,B,2021,3,0.5214426676452825,0.5741294347246438,-0.052686767079361374,377.0174651102614,480.2031659931943,-103.1857008829329
34,B,2021,3,0.5071799810803859,0.5461900347560178,-0.03901005367563193,376.9486293413894,512.990985194441,-136.04235585305162
37,B,2021,3,0.6191127024756071,0.6352042951318045,-0.016091592656197418,408.0373499421152,504.1889195905493,-96.15156964843408
33,B,2021,3,0.558550061762411,0.5984650200374774,-0.039914958275066414,320.7095871575346,451.6406689591645,-130.9310818016299
36,B,2021,3,0.6422342509471206,0.6680329492098186,-0.025798698262697983,431.7410838260559,512.9579687246933,-81.21688489863737
32,B,2021,3,0.5841445487236666,0.5994311316110301,-0.015286582887363509,338.42260038946364,467.5523793824148,-129.12977899295117
57,B,2021,4,0.556824874068122,0.5739001134332963,-0.0170752393651743,392.9892936522946,376.5577304029062,16.431563249388375
53,B,2021,4,0.6062099372870895,0.6176071858614843,-0.011397248574394836,456.0561286653133,399.5107073748903,56.54542129042301
54,B,2021,4,0.5622082230565687,0.5703723644135502,-0.008164141356981514,456.36299633875575,401.287028932554,55.075967406201755
55,B,2021,4,0.6060815313252088,0.6163592754309388,-0.010277744105730013,459.4072156914397,404.0304381942941,55.37677749714561
56,B,2021,4,0.5989261015985463,0.6242072038268034,-0.02528110222825708,454.2154476276002,413.0680489545157,41.147398673084524
52,B,2021,4,0.6008890400320678,0.6073564576526104,-0.006467417620542593,382.2481436018169,360.9724411513175,21.275702450499352
51,B,2021,4,0.6085399662372638,0.6359377655041667,-0.02739779926690289,452.69097627889016,405.7263000799651,46.964676198925076
12,B,2021,4,0.5665139785862083,0.6049687501461771,-0.03845477155996879,460.66585649413497,411.9794110900765,48.686445404058475
13,B,2021,4,0.5105590404635458,0.5864635444781099,-0.07590450401456406,450.6828818017139,397.4760912423368,53.20679055937711
11,B,2021,4,0.5533208182353273,0.5799092271241147,-0.02658840888878744,446.3222868026335,409.9352091721143,36.38707763051923
44,B,2021,4,0.5076059618842235,0.5486768065062346,-0.04107084462201116,385.0835265378355,455.2633029466824,-70.17977640884692
42,B,2021,4,0.5641964383859548,0.6029489539565223,-0.03875251557056747,428.9103642773719,461.64445104624207,-32.73408676887016
45,B,2021,4,0.6016040269015684,0.6220479754459085,-0.020443948544340063,466.82765073851294,447.5296024557523,19.298048282760647
43,B,2021,4,0.5092904354099315,0.5428995679856783,-0.033609132575746825,412.24460949568646,522.1300409683338,-109.88543147264733
41,B,2021,4,0.5841600579167344,0.5951146362825944,-0.010954578365860002,488.2414096850976,458.42318605633886,29.818223628758744
22,B,2021,4,0.6003205075725978,0.6359075812576838,-0.03558707368508596,516.5687619718159,453.8242522898402,62.74450968197567
24,B,2021,4,0.5631393249134187,0.5941235451482738,-0.030984220234855142,547.8352493003913,471.1706769969464,76.66457230344491
28,B,2021,4,0.5739787793016483,0.5983721946542578,-0.024393415352609527,427.0751729464903,408.27005595496064,18.805116991529644
27,B,2021,4,0.55017910148161,0.5709007415833539,-0.020721640101743932,426.4736064148592,440.63969550551445,-14.166089090655248
25,B,2021,4,0.5475354200708459,0.5688025684225338,-0.02126714835168797,480.3168833256693,516.943896955481,-36.6270136298117
21,B,2021,4,0.5852547444312188,0.6203796153210037,-0.03512487088978489,494.1163785019105,432.63538282979823,61.48099567211227
23,B,2021,4,0.5722317611641791,0.5833068673749423,-0.011075106210763241,512.4699762600857,524.0032955979748,-11.533319337889111
26,B,2021,4,0.5565889342465514,0.5826339460452773,-0.02604501179872587,428.8633525363273,416.2885976938609,12.574754842466405
31,B,2021,4,0.6245477391128776,0.6189242882136365,0.0056234508992411,375.2457703336483,460.09706221433385,-84.85129188068555
35,B,2021,4,0.5459297185765107,0.5741294347246438,-0.028199716148133103,387.7810788352431,480.2031659931943,-92.42208715795124
34,B,2021,4,0.5389889417794796,0.5461900347560178,-0.007201092976538148,394.79675779143656,512.990985194441,-118.19422740300445
37,B,2021,4,0.6366396903933486,0.6352042951318045,0.0014353952615440146,438.1002428473397,504.1889195905493,-66.08867674320959
33,B,2021,4,0.5778726935680185,0.5984650200374774,-0.020592326469458855,348.9533681371672,451.6406689591645,-102.68730082199727
36,B,2021,4,0.6643979727500843,0.6680329492098186,-0.003634976459734318,460.26509627236544,512.9579687246933,-52.69287245232783
32,B,2021,4,0.6063733074207546,0.5994311316110301,0.006942175809724449,361.1224146795987,467.5523793824148,-106.42996470281611
57,A,2022,2,0.435929995806672,0.5232000042786433,-0.0872700084719713,189.27627987192196,537.6038856609841,-348.3276057890622
53,A,2022,2,0.5215012446182643,0.5898774882200208,-0.06837624360175654,219.64598000349363,563.150757883023,-343.50477787952934
54,A,2022,2,0.4488536946033565,0.5148881640784552,-0.06603446947509867,177.5612404448978,539.3123998898976,-361.7511594449998
55,A,2022,2,0.4538533848741281,0.5567120985461607,-0.10285871367203259,154.2910919083955,552.1756797854943,-397.88458787709874
56,A,2022,2,0.4717146214498882,0.5780966319788349,-0.10638201052894669,184.52545920036377,572.6690576586709,-388.1435984583071
52,A,2022,2,0.516821422300228,0.5906377629937875,-0.07381634069355947,211.1526573906469,532.7701165154426,-321.6174591247957
51,A,2022,2,0.504891063795547,0.5867641888615014,-0.08187312506595434,186.5240379076019,537.6724565537642,-351.14841864616227
12,A,2022,2,0.5000567596875561,0.568861695178867,-0.06880493549131084,247.2877862913637,566.5595317284136,-319.27174543704996
13,A,2022,2,0.4483992160925242,0.556269903923189,-0.10787068783066478,208.0811359700422,549.0361204926747,-340.95498452263257
11,A,2022,2,0.4938063458225284,0.5557499918145764,-0.06194364599204799,239.34934177481267,569.3818444225695,-330.03250264775687
44,A,2022,2,0.5293838546391083,0.5342617028314773,-0.0048778481923690276,254.97924172853703,668.1525153546401,-413.173273626103
42,A,2022,2,0.5826537716877811,0.5931116681670293,-0.010457896479248219,236.45107092056895,636.4110449199464,-399.9599739993775
45,A,2022,2,0.6009374226031655,0.5934668573502707,0.007470565252894801,267.05774889207004,608.0765628121432,-341.0188139200731
43,A,2022,2,0.6024994717503488,0.5785218633809919,0.023977608369356918,272.5503891088042,760.948092805632,-488.39770369682776
41,A,2022,2,0.5255437656410183,0.5710089314384026,-0.045465165797384244,274.4472212740629,616.511621175987,-342.0643999019241
22,A,2022,2,0.5253455632891888,0.5952345300902333,-0.0698889668010445,276.5274896527046,689.784448705568,-413.2569590528634
24,A,2022,2,0.5215331172770523,0.5634030467912526,-0.04186992951420032,263.26948417012613,675.6982206230717,-412.4287364529456
28,A,2022,2,0.5405873479578036,0.5751026336519572,-0.03451528569415363,244.1714871729905,570.1193998072029,-325.94791263421234
27,A,2022,2,0.5564328204501185,0.5774512964947617,-0.02101847604464313,241.59598546756945,631.7151372206748,-390.11915175310537
25,A,2022,2,0.5461435255023238,0.5629983440811737,-0.01685481857884985,226.37349715174184,789.1854214642077,-562.8119243124659
21,A,2022,2,0.5220400552523785,0.5788589876681618,-0.056818932415783285,254.41556108290945,621.5758942561716,-367.1603331732622
23,A,2022,2,0.5677482497245911,0.5735772872407364,-0.0058290375161452745,255.33196622965224,831.6756801327349,-576.3437139030826
26,A,2022,2,0.5286395547685411,0.5569278808089793,-0.028288326040438183,237.06975954799776,592.6909513481587,-355.62119180016094
31,A,2022,2,0.559834531687419,0.5893821642012579,-0.02954763251383885,217.35962227174147,695.3883730727514,-478.0287508010099
35,A,2022,2,0.577852213290771,0.5900406158512127,-0.012188402560441736,214.94125462380785,673.8697186110531,-458.9284639872453
34,A,2022,2,0.6061384692893468,0.5948705806999535,0.011267888589393316,242.23145230905584,727.5725236094592,-485.3410713004033
37,A,2022,2,0.5960729097552719,0.6023774613954869,-0.006304551640214928,223.0607027702184,833.533010090417,-610.4723073201985
33,A,2022,2,0.6273506956672334,0.5769727808837313,0.050377914783502176,218.24282659099188,665.9829310230813,-447.7401044320894
36,A,2022,2,0.5955353749751204,0.6203227980243009,-0.024787423049180468,212.0805141374532,877.9863588585017,-665.9058447210485
32,A,2022,2,0.6109664495272069,0.571044016756271,0.03992243277093588,209.0628314896416,670.2923260847152,-461.2294945950736
57,A,2022,3,0.4607896685528554,0.5232000042786433,-0.06241033572578791,287.3219454526456,537.6038856609841,-250.28194020833854
53,A,2022,3,0.5689772749156585,0.5898774882200208,-0.020900213304362314,311.32917404043087,563.150757883023,-251.82158384259208
54,A,2022,3,0.4672966099404392,0.5148881640784552,-0.04759155413801597,275.6487249485566,539.3123998898976,-263.663674941341
55,A,2022,3,0.4908951545479399,0.5567120985461607,-0.06581694399822074,244.0493221783197,552.1756797854943,-308.12635760717455
56,A,2022,3,0.5251684891387592,0.5780966319788349,-0.05292814284007563,286.3703921853244,572.6690576586709,-286.2986654733465
52,A,2022,3,0.5857539703417575,0.5906377629937875,-0.0048837926520299835,302.7403008779485,532.7701165154426,-230.0298156374941
51,A,2022,3,0.5551111645398945,0.5867641888615014,-0.03165302432160688,278.50183749441896,537.6724565537642,-259.1706190593452
12,A,2022,3,0.5321177018788952,0.568861695178867,-0.0367439932999718,345.54608361772773,566.5595317284136,-221.01344811068589
13,A,2022,3,0.4623696801435724,0.556269903923189,-0.0939002237796166,304.6233741639312,549.0361204926747,-244.41274632874354
11,A,2022,3,0.5090288033549766,0.5557499918145764,-0.04672118845959983,340.80055031259155,569.3818444225695,-228.581294109978
44,A,2022,3,0.5757074091700283,0.5342617028314773,0.041445706338550936,359.8147080964108,668.1525153546401,-308.33780725822925
42,A,2022,3,0.6249998050449822,0.5931116681670293,0.03188813687795289,343.96734327632373,636.4110449199464,-292.4437016436227
45,A,2022,3,0.6423319030570867,0.5934668573502707,0.048865045706815935,355.13101185478064,608.0765628121432,-252.9455509573625
43,A,2022,3,0.624155232513417,0.5785218633809919,0.045633369132425106,398.5720738825617,760.948092805632,-362.37601892307026
41,A,2022,3,0.5798166540809281,0.5710089314384026,0.008807722642525495,368.5425310919962,616.511621175987,-247.9690900839908
22,A,2022,3,0.5767374103570118,0.5952345300902333,-0.018497119733221545,399.76083864881736,689.784448705568,-290.02361005675067
24,A,2022,3,0.5600029596347981,0.5634030467912526,-0.0034000871564545676,374.6727394325645,675.6982206230717,-301.0254811905072
28,A,2022,3,0.5625468477559002,0.5751026336519572,-0.012555785896056992,350.352705208526,570.1193998072029,-219.76669459867685
27,A,2022,3,0.5847548308685502,0.5774512964947617,0.007303534373788501,358.2717682869802,631.7151372206748,-273.4433689336946
25,A,2022,3,0.5652257378411992,0.5629983440811737,0.0022273937600255644,353.52131506157826,789.1854214642077,-435.66410640262944
21,A,2022,3,0.5612794901732907,0.5788589876681618,-0.017579497494871088,368.02102653012986,621.5758942561716,-253.55486772604178
23,A,2022,3,0.5841759025029738,0.5735772872407364,0.010598615262237376,388.59882608857794,831.6756801327349,-443.07685404415696
26,A,2022,3,0.5549449640670036,0.5569278808089793,-0.0019829167419757043,347.6826694613597,592.6909513481587,-245.008281886799
31,A,2022,3,0.5971045584167953,0.5893821642012579,0.0077223942155374425,334.0882297566024,695.3883730727514,-361.300143316149
35,A,2022,3,0.6046564206772119,0.5900406158512127,0.014615804825999223,340.62176882439604,673.8697186110531,-333.2479497866571
34,A,2022,3,0.6359398286610712,0.5948705806999535,0.04106924796111777,373.6753396086862,727.5725236094592,-353.89718400077294
37,A,2022,3,0.6197044330735053,0.6023774613954869,0.017326971678018444,361.5476855543124,833.533010090417,-471.98532453610454
33,A,2022,3,0.6360058325835164,0.5769727808837313,0.05903305169978512,336.85010546225715,665.9829310230813,-329.13282556082413
36,A,2022,3,0.6161625651563596,0.6203227980243009,-0.004160232867941316,360.8585876093379,877.9863588585017,-517.1277712491637
32,A,2022,3,0.6285483006349717,0.571044016756271,0.05750428387870066,332.6364111532812,670.2923260847152,-337.65591493143404
57,A,2022,4,0.4662316080678633,0.5232000042786433,-0.05696839621078004,388.1567575952566,537.6038856609841,-149.44712806572755
53,A,2022,4,0.5897258022194741,0.5898774882200208,-0.00015168600054671355,411.30106456150025,563.150757883023,-151.8496933215227
54,A,2022,4,0.4763232644608878,0.5148881640784552,-0.03856489961756737,379.5367590975123,539.3123998898976,-159.77564079238533
55,A,2022,4,0.5185334395879545,0.5567120985461607,-0.03817865895820616,384.83275563306046,552.1756797854943,-167.3429241524338
56,A,2022,4,0.5368070636438446,0.5780966319788349,-0.04128956833499031,404.2408948439037,572.6690576586709,-168.42816281476723
52,A,2022,4,0.6093593220967434,0.5906377629937875,0.01872155910295592,397.1245733836949,532.7701165154426,-135.64554313174773
51,A,2022,4,0.5555791761956194,0.5867641888615014,-0.031185012665882028,389.395302877258,537.6724565537642,-148.27715367650615
12,A,2022,4,0.5234207146702979,0.568861695178867,-0.04544098050856904,447.59762170577466,566.5595317284136,-118.96191002263896
13,A,2022,4,0.4573535816732991,0.556269903923189,-0.09891632224988989,412.1233870196481,549.0361204926747,-136.91273347302666
11,A,2022,4,0.5062658286407984,0.5557499918145764,-0.04948416317377802,440.5097017255608,569.3818444225695,-128.87214269700877
44,A,2022,4,0.5231266012167548,0.5342617028314773,-0.011135101614722531,472.824328836106,668.1525153546401,-195.32818651853404
42,A,2022,4,0.5948391839537591,0.5931116681670293,0.0017275157867298052,461.627352429263,636.4110449199464,-174.78369249068345
45,A,2022,4,0.6096718907570423,0.5934668573502707,0.016205033406771596,457.33234632185474,608.0765628121432,-150.7442164902884
43,A,2022,4,0.5693146374321947,0.5785218633809919,-0.009207225948797193,530.2429923596128,760.948092805632,-230.70510044601917
41,A,2022,4,0.5546422302581051,0.5710089314384026,-0.016366701180297483,481.49198468851415,616.511621175987,-135.01963648747284
22,A,2022,4,0.5937858783213512,0.5952345300902333,-0.0014486517688820921,533.2277813485566,689.784448705568,-156.5566673570114
24,A,2022,4,0.5635851544548782,0.5634030467912526,0.00018210766362558584,495.7674591022086,675.6982206230717,-179.93076152086314
28,A,2022,4,0.5559219948260569,0.5751026336519572,-0.019180638825900376,452.21057489514345,570.1193998072029,-117.9088249120594
27,A,2022,4,0.5589386990971594,0.5774512964947617,-0.01851259739760225,474.80409757224976,631.7151372206748,-156.91103964842506
25,A,2022,4,0.5258015992766591,0.5629983440811737,-0.037196744804514514,489.9372864023489,789.1854214642077,-299.2481350618588
21,A,2022,4,0.5636878264797034,0.5788589876681618,-0.015171161188458404,478.5895863239456,621.5758942561716,-142.98630793222605
23,A,2022,4,0.5488415129412787,0.5735772872407364,-0.024735774299457725,529.6090703769514,831.6756801327349,-302.0666097557835
26,A,2022,4,0.5396418789345032,0.5569278808089793,-0.017286001874476042,453.8706523685584,592.6909513481587,-138.8202989796003
31,A,2022,4,0.5897758511801656,0.5893821642012579,0.00039368697890773685,460.41466728165847,695.3883730727514,-234.97370579109293
35,A,2022,4,0.5846292533760925,0.5900406158512127,-0.005411362475120196,465.2735992851456,673.8697186110531,-208.59611932590752
34,A,2022,4,0.6039228394653925,0.5948705806999535,0.009052258765439025,502.4885249540919,727.5725236094592,-225.08399865536728
37,A,2022,4,0.5835418739457772,0.6023774613954869,-0.0188355874497097,515.3806453498734,833.533010090417,-318.1523647405436
33,A,2022,4,0.5815105775607702,0.5769727808837313,0.004537796677038908,465.7010431255806,665.9829310230813,-200.28188789750067
36,A,2022,4,0.6010545920445172,0.6203227980243009,-0.019268205979783737,527.3869621317303,877.9863588585017,-350.5993967267714
32,A,2022,4,0.5801618627938051,0.571044016756271,0.009117846037534072,462.6074778809052,670.2923260847152,-207.68484820381002
57,B,2022,2,0.5783930307908294,0.5739001134332963,0.004492917357533099,263.7140493156527,376.5577304029062,-112.84368108725351
53,B,2022,2,0.6464438440273735,0.6176071858614843,0.028836658165889206,304.4293202470554,399.5107073748903,-95.08138712783489
54,B,2022,2,0.6023253440059618,0.5703723644135502,0.03195297959241161,335.0982769400521,401.287028932554,-66.18875199250192
55,B,2022,2,0.6139958468918335,0.6163592754309388,-0.0023634285391053167,318.3855271949514,404.0304381942941,-85.6449109993427
56,B,2022,2,0.6221428909609019,0.6242072038268034,-0.0020643128659014742,308.9113128662243,413.0680489545157,-104.15673608829138
52,B,2022,2,0.6533314896088546,0.6073564576526104,0.045975031956244194,232.29677012581328,360.9724411513175,-128.67567102550424
51,B,2022,2,0.6243432870271213,0.6359377655041667,-0.011594478477045422,298.8306850854575,405.7263000799651,-106.89561499450758
12,B,2022,2,0.5618121662773697,0.6049687501461771,-0.043156583868807386,285.68892634072824,411.9794110900765,-126.29048474934825
13,B,2022,2,0.541443678378103,0.5864635444781099,-0.045019866100006856,280.1871454039978,397.4760912423368,-117.28894583833898
11,B,2022,2,0.5559988803869996,0.5799092271241147,-0.023910346737115118,284.79736335384047,409.9352091721143,-125.13784581827383
44,B,2022,2,0.5039470454918329,0.5486768065062346,-0.04472976101440174,258.48075133183625,455.2633029466824,-196.78255161484617
42,B,2022,2,0.5517895887852299,0.6029489539565223,-0.05115936517129238,258.0531563693782,461.64445104624207,-203.59129467686387
45,B,2022,2,0.6178291414211162,0.6220479754459085,-0.004218834024792284,273.7817081979703,447.5296024557523,-173.74789425778198
43,B,2022,2,0.4554736665747871,0.5428995679856783,-0.08742590141089118,270.2979316533486,522.1300409683338,-251.8321093149852
41,B,2022,2,0.5713812711853498,0.5951146362825944,-0.023733365097244663,270.334677313549,458.42318605633886,-188.08850874278988
22,B,2022,2,0.6466631310233947,0.6359075812576838,0.010755549765710914,330.8158504976444,453.8242522898402,-123.0084017921958
24,B,2022,2,0.5691672268503062,0.5941235451482738,-0.024956318297967628,330.7394232419559,471.1706769969464,-140.4312537549905
28,B,2022,2,0.5750355561619889,0.5983721946542578,-0.02333663849226897,266.4025008505299,408.27005595496064,-141.86755510443072
27,B,2022,2,0.5385226446892714,0.5709007415833539,-0.03237809689408255,251.05941538252105,440.63969550551445,-189.5802801229934
25,B,2022,2,0.4882388426242213,0.5688025684225338,-0.08056372579831256,300.9703645691906,516.943896955481,-215.9735323862904
21,B,2022,2,0.6046366249953449,0.6203796153210037,-0.015742990325658845,294.3793143737943,432.63538282979823,-138.25606845600396
23,B,2022,2,0.5339076568565921,0.5833068673749423,-0.04939921051835017,340.4731590484363,524.0032955979748,-183.5301365495385
26,B,2022,2,0.5688607679456861,0.5826339460452773,-0.013773178099591221,282.63750562272395,416.2885976938609,-133.65109207113693
31,B,2022,2,0.5657248342406758,0.6189242882136365,-0.053199453972960775,258.461951204896,460.09706221433385,-201.63511100943782
35,B,2022,2,0.5568034488204564,0.5741294347246438,-0.017325985904187435,246.74289418350955,480.2031659931943,-233.46027180968477
34,B,2022,2,0.5277032887015783,0.5461900347560178,-0.01848674605443945,255.68334270523908,512.990985194441,-257.30764248920195
37,B,2022,2,0.6273996390261319,0.6352042951318045,-0.007804656105672603,302.8779794298343,504.1889195905493,-201.310940160715
33,B,2022,2,0.5656558195819119,0.5984650200374774,-0.03280920045556546,220.50668862931937,451.6406689591645,-231.13398032984512
36,B,2022,2,0.6318493223704975,0.6680329492098186,-0.03618362683932108,312.0882072874166,512.9579687246933,-200.86976143727668
32,B,2022,2,0.5349050448499603,0.5994311316110301,-0.06452608676106986,231.49856487487324,467.5523793824148,-236.05381450754157
57,B,2022,3,0.5752374000133033,0.5739001134332963,0.00133728658000698,343.7891472261343,376.5577304029062,-32.768583176771926
53,B,2022,3,0.6481119443951234,0.6176071858614843,0.030504758533639098,399.0766257405834,399.5107073748903,-0.4340816343068923
54,B,2022,3,0.6023111043431847,0.5703723644135502,0.031938739929634474,422.41490230007633,401.287028932554,21.12787336752234
55,B,2022,3,0.6260058944525345,0.6163592754309388,0.009646619021595693,398.4730842890741,404.0304381942941,-5.557353905219998
56,B,2022,3,0.6338136374448566,0.6242072038268034,0.009606433618053245,390.2386550501697,413.0680489545157,-22.829393904345977
52,B,2022,3,0.6545661176401911,0.6073564576526104,0.047209659987580754,331.74099698771425,360.9724411513175,-29.23144416360327
51,B,2022,3,0.6371844878583078,0.6359377655041667,0.0012467223541411387,391.7669824746769,405.7263000799651,-13.959317605288163
12,B,2022,3,0.569944526354091,0.6049687501461771,-0.03502422379208614,385.5285768627146,411.9794110900765,-26.450834227361895
13,B,2022,3,0.5369975957025649,0.5864635444781099,-0.049465948775545,373.9772457012603,397.4760912423368,-23.49884554107649
11,B,2022,3,0.5591700379519443,0.5799092271241147,-0.020739189172170436,389.53362221748256,409.9352091721143,-20.40158695463174
44,B,2022,3,0.5203602680905917,0.5486768065062346,-0.028316538415642967,437.4709952538504,455.2633029466824,-17.792307692832026
42,B,2022,3,0.5698810696640175,0.6029489539565223,-0.033067884292504734,424.95118126233245,461.64445104624207,-36.693269783909614
45,B,2022,3,0.628244207519893,0.6220479754459085,0.006196232073984453,414.05822803877584,447.5296024557523,-33.47137441697646
43,B,2022,3,0.4805128559525085,0.5428995679856783,-0.06238671203316981,456.56954931213966,522.1300409683338,-65.56049165619413
41,B,2022,3,0.5828634449577673,0.5951146362825944,-0.012251191324827104,418.76270971964897,458.42318605633886,-39.6604763366899
22,B,2022,3,0.6497501611480978,0.6359075812576838,0.013842579890414042,458.7453124555279,453.8242522898402,4.921060165687663
24,B,2022,3,0.5885411592867097,0.5941235451482738,-0.005582385861564121,483.4782008414253,471.1706769969464,12.307523844478908
28,B,2022,3,0.5822606385560156,0.5983721946542578,-0.01611155609824222,385.5591928356079,408.27005595496064,-22.710863119352723
27,B,2022,3,0.5472120920315606,0.5709007415833539,-0.023688649551793284,385.6927810535392,440.63969550551445,-54.94691445197526
25,B,2022,3,0.508319773034524,0.5688025684225338,-0.060482795388009825,457.9287473190864,516.943896955481,-59.0151496363946
21,B,2022,3,0.6112486940450267,0.6203796153210037,-0.009130921275977033,427.5671643596052,432.63538282979823,-5.068218470193017
23,B,2022,3,0.5364407474956677,0.5833068673749423,-0.04686611987927458,475.2760554546384,524.0032955979748,-48.72724014333636
26,B,2022,3,0.5733909585165905,0.5826339460452773,-0.009242987528686797,401.82587382850886,416.2885976938609,-14.462723865352018
31,B,2022,3,0.5940491287521148,0.6189242882136365,-0.024875159461521745,393.2210858251101,460.09706221433385,-66.87597638922375
35,B,2022,3,0.5650884004907973,0.5741294347246438,-0.009041034233846501,398.5782274430345,480.2031659931943,-81.62493855015981
34,B,2022,3,0.5405003184312154,0.5461900347560178,-0.0056897163248024185,434.1514881715474,512.990985194441,-78.83949702289362
37,B,2022,3,0.6313119411740051,0.6352042951318045,-0.0038923539577994104,473.583059125147,504.1889195905493,-30.605860465402316
33,B,2022,3,0.57883065874803,0.5984650200374774,-0.0196343612894474,357.23682122139934,451.6406689591645,-94.40384773776515
36,B,2022,3,0.6391860922649816,0.6680329492098186,-0.028846856944837018,454.0247421731407,512.9579687246933,-58.93322655155259
32,B,2022,3,0.5556061350450576,0.5994311316110301,-0.043824996565972496,371.2906340746677,467.5523793824148,-96.2617453077471
57,B,2022,4,0.5547074281301172,0.5739001134332963,-0.01919268530317908,351.76132139622626,376.5577304029062,-24.796409006679937
53,B,2022,4,0.6275300352877115,0.6176071858614843,0.00992284942622712,406.2048386325407,399.5107073748903,6.69413125765044
54,B,2022,4,0.5772065103255434,0.5703723644135502,0.006834145911993161,427.4706842118199,401.287028932554,26.183655279265906
55,B,2022,4,0.6096761438806282,0.6163592754309388,-0.006683131550310639,403.27629789142094,404.0304381942941,-0.7541403028731679
56,B,2022,4,0.6191442203952362,0.6242072038268034,-0.005062983431567192,397.18922201659296,413.0680489545157,-15.878826937922724
52,B,2022,4,0.6217976501132181,0.6073564576526104,0.01444119246060771,336.73867063830454,360.9724411513175,-24.233770513012985
51,B,2022,4,0.623127634424787,0.6359377655041667,-0.012810131079379672,395.9057665474165,405.7263000799651,-9.820533532548609
12,B,2022,4,0.5632823153955081,0.6049687501461771,-0.04168643475066902,393.2215732071612,411.9794110900765,-18.757837882915283
13,B,2022,4,0.5215383758043106,0.5864635444781099,-0.06492516867379927,381.81240264040434,397.4760912423368,-15.66368860193245
11,B,2022,4,0.5542996992660988,0.5799092271241147,-0.025609527858015957,396.7070454635615,409.9352091721143,-13.228163708552813
44,B,2022,4,0.5376736688571895,0.5486768065062346,-0.011003137649045147,452.2726186516497,455.2633029466824,-2.990684295032736
42,B,2022,4,0.5871885986943539,0.6029489539565223,-0.015760355262168346,443.0393765773192,461.64445104624207,-18.60507446892285
45,B,2022,4,0.6317437209137463,0.6220479754459085,0.009695745467837802,422.22514815852486,447.5296024557523,-25.304454297227437
43,B,2022,4,0.5153368671575843,0.5428995679856783,-0.027562700828093978,485.0801769947807,522.1300409683338,-37.0498639735531
41,B,2022,4,0.5930103395293819,0.5951146362825944,-0.0021042967532125534,431.18595541530914,458.42318605633886,-27.237230641029726
22,B,2022,4,0.6331690184341069,0.6359075812576838,-0.0027385628235768733,469.8792743434343,453.8242522898402,16.055022053594087
24,B,2022,4,0.5895692820290025,0.5941235451482738,-0.004554263119271318,492.8490796658555,471.1706769969464,21.678402668909143
28,B,2022,4,0.580594220465102,0.5983721946542578,-0.017777974189155832,393.71566020152017,408.27005595496064,-14.554395753440474
27,B,2022,4,0.5647271967958454,0.5709007415833539,-0.006173544787508534,398.4421986085158,440.63969550551445,-42.19749689699864
25,B,2022,4,0.5376575828575105,0.5688025684225338,-0.03114498556502332,474.331308194081,516.943896955481,-42.61258876140005
21,B,2022,4,0.6023072911600296,0.6203796153210037,-0.01807232416097415,438.6965065249459,432.63538282979823,6.061123695147671
23,B,2022,4,0.5611923252169431,0.5833068673749423,-0.02211454215799924,487.6547958820906,524.0032955979748,-36.3484997158842
26,B,2022,4,0.5716711548691794,0.5826339460452773,-0.010962791176097886,414.0226314485674,416.2885976938609,-2.265966245293498
31,B,2022,4,0.6075708082780273,0.6189242882136365,-0.011353479935609201,417.6622675311939,460.09706221433385,-42.434794683139955
35,B,2022,4,0.5743018599043295,0.5741294347246438,0.0001724251796856313,422.0092152756628,480.2031659931943,-58.19395071753149
34,B,2022,4,0.5609225126066181,0.5461900347560178,0.014732477850600278,465.2396696791124,512.990985194441,-47.7513155153286
37,B,2022,4,0.6512660066745861,0.6352042951318045,0.016061711542781576,499.5463120163829,504.1889195905493,-4.642607574166391
33,B,2022,4,0.5935148710351204,0.5984650200374774,-0.004950149002357018,398.8985654504081,451.6406689591645,-52.74210350875637
36,B,2022,4,0.6595783568042874,0.6680329492098186,-0.008454592405531147,477.0499282799488,512.9579687246933,-35.90804044474447
32,B,2022,4,0.5786541845092479,0.5994311316110301,-0.02077694710178224,402.68227216720913,467.5523793824148,-64.87010721520568
57,A,2023,2,0.4585988027164761,0.5232000042786433,-0.06460120156216725,102.03364043974682,537.6038856609841,-435.5702452212373
53,A,2023,2,0.5660124489217877,0.5898774882200208,-0.023865039298233137,149.90908944646617,563.150757883023,-413.2416684365568
54,A,2023,2,0.4530947909268933,0.5148881640784552,-0.06179337315156186,130.6656758265919,539.3123998898976,-408.6467240633057
55,A,2023,2,0.4423586031501439,0.5567120985461607,-0.11435349539601675,115.09764485371154,552.1756797854943,-437.0780349317827
56,A,2023,2,0.4836813454542348,0.5780966319788349,-0.09441528652460007,117.8474670062932,572.6690576586709,-454.8215906523777
52,A,2023,2,0.5710516091652019,0.5906377629937875,-0.01958615382858553,176.4008867403426,532.7701165154426,-356.36922977510005
51,A,2023,2,0.5031874812651722,0.5867641888615014,-0.08357670759632918,109.11250420878952,537.6724565537642,-428.55995234497465
12,A,2023,2,0.5128610461526365,0.568861695178867,-0.056000649026230476,126.72781211196686,566.5595317284136,-439.8317196164468
13,A,2023,2,0.4299773181395938,0.556269903923189,-0.1262925857835952,114.56522422456386,549.0361204926747,-434.4708962681109
11,A,2023,2,0.5028264964653802,0.5557499918145764,-0.05292349534919616,123.57421383687014,569.3818444225695,-445.80763058569937
44,A,2023,2,0.541667134364628,0.5342617028314773,0.007405431533150653,242.1686038125211,668.1525153546401,-425.98391154211896
42,A,2023,2,0.5721371435789606,0.5931116681670293,-0.0209745245880687,203.493905726576,636.4110449199464,-432.9171391933704
45,A,2023,2,0.5906470671967512,0.5934668573502707,-0.002819790153519519,176.01685885610718,608.0765628121432,-432.05970395603595
43,A,2023,2,0.5662033690978793,0.5785218633809919,-0.012318494283112602,292.0528784217448,760.948092805632,-468.89521438388715
41,A,2023,2,0.5683078567567916,0.5710089314384026,-0.00270107468161096,172.21421825181218,616.511621175987,-444.2974029241748
22,A,2023,2,0.4878475479646584,0.5952345300902333,-0.1073869821255749,142.51068684193092,689.784448705568,-547.2737618636371
24,A,2023,2,0.5054850019547601,0.5634030467912526,-0.057918044836492544,157.88558308719507,675.6982206230717,-517.8126375358767
28,A,2023,2,0.5318624144944154,0.5751026336519572,-0.04324021915754184,133.83638940030585,570.1193998072029,-436.283010406897
27,A,2023,2,0.5326030014872721,0.5774512964947617,-0.04484829500748955,173.60536579258888,631.7151372206748,-458.10977142808593
25,A,2023,2,0.50639616049488,0.5629983440811737,-0.05660218358629365,205.1698736694557,789.1854214642077,-584.015547794752
21,A,2023,2,0.4986072628410417,0.5788589876681618,-0.08025172482712012,144.4230428723745,621.5758942561716,-477.15285138379716
23,A,2023,2,0.5442656920130747,0.5735772872407364,-0.02931159522766169,207.28505617592435,831.6756801327349,-624.3906239568105
26,A,2023,2,0.50038942203133,0.5569278808089793,-0.05653845877764929,140.3967325980983,592.6909513481587,-452.2942187500604
31,A,2023,2,0.5376464957800353,0.5893821642012579,-0.05173566842122257,210.77627857561637,695.3883730727514,-484.612094497135
35,A,2023,2,0.5391295338951345,0.5900406158512127,-0.050911081956078186,193.8470301019519,673.8697186110531,-480.0226885091013
34,A,2023,2,0.5762462326532517,0.5948705806999535,-0.018624348046701766,251.26340638199704,727.5725236094592,-476.30911722746214
37,A,2023,2,0.534890310114292,0.6023774613954869,-0.06748715128119487,258.3734502048044,833.533010090417,-575.1595598856126
33,A,2023,2,0.5743012022060636,0.5769727808837313,-0.002671578677667652,228.9776906143058,665.9829310230813,-437.0052404087755
36,A,2023,2,0.5519569367673323,0.6203227980243009,-0.06836586125696864,246.38925376214075,877.9863588585017,-631.597105096361
32,A,2023,2,0.5422746398940553,0.571044016756271,-0.0287693768622157,206.93321170088063,670.2923260847152,-463.3591143838346
57,A,2023,3,0.4722119884503815,0.5232000042786433,-0.050988015828261846,226.2862001583699,537.6038856609841,-311.31768550261427
53,A,2023,3,0.5982214977850009,0.5898774882200208,0.008344009564980048,271.99398847479324,563.150757883023,-291.1567694082297
54,A,2023,3,0.4815060418832219,0.5148881640784552,-0.03338212219523329,253.67915627947173,539.3123998898976,-285.6332436104259
55,A,2023,3,0.4833161596489627,0.5567120985461607,-0.07339593889719798,243.31689216763908,552.1756797854943,-308.85878761785517
56,A,2023,3,0.5180733057184131,0.5780966319788349,-0.06002332626042173,254.28973088884808,572.6690576586709,-318.3793267698228
52,A,2023,3,0.6074940466065286,0.5906377629937875,0.016856283612741163,299.60822040057644,532.7701165154426,-233.16189611486618
51,A,2023,3,0.5095952078994811,0.5867641888615014,-0.0771689809620203,236.3411457835383,537.6724565537642,-301.33131077022585
12,A,2023,3,0.5191618974241716,0.568861695178867,-0.04969979775469535,265.25239054321804,566.5595317284136,-301.3071411851956
13,A,2023,3,0.4456033434203432,0.556269903923189,-0.11066656050284579,242.3126834720989,549.0361204926747,-306.72343702057583
11,A,2023,3,0.5047052945352882,0.5557499918145764,-0.051044697279288176,255.66023499462423,569.3818444225695,-313.7216094279453
44,A,2023,3,0.5245793285414444,0.5342617028314773,-0.009682374290032936,414.0951109601045,668.1525153546401,-254.05740439453558
42,A,2023,3,0.5804396963180783,0.5931116681670293,-0.01267197184895097,362.0807176041662,636.4110449199464,-274.33032731578027
45,A,2023,3,0.5970338728079708,0.5934668573502707,0.0035670154577001068,321.05026238666994,608.0765628121432,-287.0263004254732
43,A,2023,3,0.5654074646232967,0.5785218633809919,-0.013114398757695156,484.2264595666573,760.948092805632,-276.7216332389747
41,A,2023,3,0.573923703023322,0.5710089314384026,0.0029147715849193734,319.4915744122564,616.511621175987,-297.0200467637306
22,A,2023,3,0.5095851222541665,0.5952345300902333,-0.08564940783606678,315.1692686785323,689.784448705568,-374.6151800270357
24,A,2023,3,0.5153436290841744,0.5634030467912526,-0.04805941770707822,320.9869898790749,675.6982206230717,-354.71123074399685
28,A,2023,3,0.5260127559267093,0.5751026336519572,-0.04908987772524798,275.9861165187142,570.1193998072029,-294.13328328848866
27,A,2023,3,0.5334899988205916,0.5774512964947617,-0.04396129767417012,332.8658454424324,631.7151372206748,-298.84929177824245
25,A,2023,3,0.5065127833450315,0.5629983440811737,-0.05648556073614219,387.026697742188,789.1854214642077,-402.1587237220197
21,A,2023,3,0.5043768258725491,0.5788589876681618,-0.07448216179561273,295.4288057074009,621.5758942561716,-326.14708854877074
23,A,2023,3,0.5148218078045264,0.5735772872407364,-0.05875547943621007,398.18920424470815,831.6756801327349,-433.48647588802675
26,A,2023,3,0.4971508974242775,0.5569278808089793,-0.059776983384701776,283.2607002403352,592.6909513481587,-309.4302511078235
31,A,2023,3,0.5417727109483412,0.5893821642012579,-0.047609453252916656,373.9009725652243,695.3883730727514,-321.48740050752707
35,A,2023,3,0.530387269866557,0.5900406158512127,-0.05965334598465566,366.1728612884971,673.8697186110531,-307.69685732255607
34,A,2023,3,0.582523719962571,0.5948705806999535,-0.012346860737382448,443.7296136100744,727.5725236094592,-283.84290999938474
37,A,2023,3,0.5460746560942897,0.6023774613954869,-0.056302805301197134,452.3496816820767,833.533010090417,-381.18332840834023
33,A,2023,3,0.5393743482263433,0.5769727808837313,-0.03759843265738794,421.0594439014316,665.9829310230813,-244.92348712164966
36,A,2023,3,0.5425404624377841,0.6203227980243009,-0.07778233558651682,450.5083278369896,877.9863588585017,-427.4780310215121
32,A,2023,3,0.5108182096876023,0.571044016756271,-0.06022580706866876,384.6934189341231,670.2923260847152,-285.59890715059214
57,A,2023,4,0.5155850210123335,0.5232000042786433,-0.007614983266309827,333.55893772351715,537.6038856609841,-204.044947937467
53,A,2023,4,0.6216038715126484,0.5898774882200208,0.03172638329262756,372.2144571913987,563.150757883023,-190.93630069162424
54,A,2023,4,0.522890019883204,0.5148881640784552,0.00800185580474888,355.83280595960804,539.3123998898976,-183.47959393028958
55,A,2023,4,0.5386391132904947,0.5567120985461607,-0.01807298525566592,366.3877061204134,552.1756797854943,-185.78797366508087
56,A,2023,4,0.5593602427902924,0.5780966319788349,-0.01873638918854248,359.89623354601173,572.6690576586709,-212.77282411265918
52,A,2023,4,0.6358443349912853,0.5906377629937875,0.04520657199749789,392.8950693515047,532.7701165154426,-139.87504716393795
51,A,2023,4,0.547325811223413,0.5867641888615014,-0.03943837763808844,332.2871246921599,537.6724565537642,-205.38533186160424
12,A,2023,4,0.541369768811985,0.568861695178867,-0.027491926366882025,368.0458250723628,566.5595317284136,-198.51370665605083
13,A,2023,4,0.4761412733268159,0.556269903923189,-0.0801286305963731,353.0520913902333,549.0361204926747,-195.98402910244147
11,A,2023,4,0.5263296436388677,0.5557499918145764,-0.02942034817570871,378.9060662772824,569.3818444225695,-190.47577814528717
44,A,2023,4,0.5595170393117048,0.5342617028314773,0.025255336480227486,530.3632022838424,668.1525153546401,-137.78931307079768
42,A,2023,4,0.6110697772722732,0.5931116681670293,0.01795810910524387,498.54234490988654,636.4110449199464,-137.8687000100599
45,A,2023,4,0.6249829795640148,0.5934668573502707,0.03151612221374411,417.8915867319221,608.0765628121432,-190.18497608022108
43,A,2023,4,0.5844112329085819,0.5785218633809919,0.005889369527590005,620.9354370051395,760.948092805632,-140.01265580049244
41,A,2023,4,0.5993534527562947,0.5710089314384026,0.028344521317892113,430.37656411591325,616.511621175987,-186.13505706007373
22,A,2023,4,0.5549540250260444,0.5952345300902333,-0.0402805050641889,446.2202470905977,689.784448705568,-243.56420161497033
24,A,2023,4,0.5549658710086895,0.5634030467912526,-0.008437175782563089,437.5605096076779,675.6982206230717,-238.13771101539385
28,A,2023,4,0.5513091730568279,0.5751026336519572,-0.023793460595129323,404.58823557426825,570.1193998072029,-165.5311642329346
27,A,2023,4,0.5634220662559924,0.5774512964947617,-0.01402923023876923,473.0067324649855,631.7151372206748,-158.70840475568934
25,A,2023,4,0.5477631222606276,0.5629983440811737,-0.015235221820546041,545.6587252012903,789.1854214642077,-243.52669626291743
21,A,2023,4,0.5422295760599846,0.5788589876681618,-0.03662941160817723,408.30754202198113,621.5758942561716,-213.2683522341905
23,A,2023,4,0.5700332594603928,0.5735772872407364,-0.0035440277803435727,564.2417777941496,831.6756801327349,-267.4339023385853
26,A,2023,4,0.5262611902690869,0.5569278808089793,-0.03066669053989235,399.2291629962061,592.6909513481587,-193.46178835195258
31,A,2023,4,0.5765829117750054,0.5893821642012579,-0.012799252426252461,511.2309854957008,695.3883730727514,-184.1573875770506
35,A,2023,4,0.5691253094989642,0.5900406158512127,-0.020915306352248475,506.7765709475938,673.8697186110531,-167.09314766345932
34,A,2023,4,0.6112802260375748,0.5948705806999535,0.016409645337621348,583.839556428688,727.5725236094592,-143.7329671807712
37,A,2023,4,0.5823886077534814,0.6023774613954869,-0.019988853642005422,620.5092406842465,833.533010090417,-213.02376940617046
33,A,2023,4,0.5727488065255664,0.5769727808837313,-0.004223974358164906,541.6180739609049,665.9829310230813,-124.36485706217638
36,A,2023,4,0.5961430486008086,0.6203227980243009,-0.024179749423492325,641.7226767796885,877.9863588585017,-236.2636820788132
32,A,2023,4,0.5456482154737294,0.571044016756271,-0.025395801282541597,517.4114176743701,670.2923260847152,-152.8809084103451
57,B,2023,2,0.5017789341661844,0.5739001134332963,-0.07212117926711192,327.93858369212984,376.5577304029062,-48.61914671077636
53,B,2023,2,0.5974846299129857,0.6176071858614843,-0.020122555948498655,328.740008289509,399.5107073748903,-70.7706990853813
54,B,2023,2,0.5187349463411122,0.5703723644135502,-0.051637418072438046,317.3243879224765,401.287028932554,-83.9626410100775
55,B,2023,2,0.5599859922813634,0.6163592754309388,-0.05637328314957546,343.52578097998526,404.0304381942941,-60.50465721430885
56,B,2023,2,0.5255316788874049,0.6242072038268034,-0.09867552493939846,361.68313317846224,413.0680489545157,-51.38491577605345
52,B,2023,2,0.6296414983369124,0.6073564576526104,0.022285040684302038,315.50221485149933,360.9724411513175,-45.470226299818194
51,B,2023,2,0.5841486015740839,0.6359377655041667,-0.051789163930082815,335.3612040653164,405.7263000799651,-70.36509601464871
12,B,2023,2,0.5305687542232163,0.6049687501461771,-0.07439999592296087,343.44772857298267,411.9794110900765,-68.53168251709383
13,B,2023,2,0.4977564177743393,0.5864635444781099,-0.08870712670377057,314.21066351286896,397.4760912423368,-83.26542772946783
11,B,2023,2,0.4818752490021523,0.5799092271241147,-0.09803397812196246,334.64722718666553,409.9352091721143,-75.28798198544877
44,B,2023,2,0.535760608962211,0.5486768065062346,-0.012916197544023622,388.90327428585806,455.2633029466824,-66.36002866082436
42,B,2023,2,0.5615986766058845,0.6029489539565223,-0.04135027735063779,402.4725090155191,461.64445104624207,-59.17194203072296
45,B,2023,2,0.5947393436842555,0.6220479754459085,-0.02730863176165299,400.69906964175954,447.5296024557523,-46.83053281399276
43,B,2023,2,0.5152877300039922,0.5428995679856783,-0.027611837981686094,445.3439359149655,522.1300409683338,-76.78610505336826
41,B,2023,2,0.5435479771878126,0.5951146362825944,-0.051566659094781864,407.105416437981,458.42318605633886,-51.317769618357886
22,B,2023,2,0.6137275094656861,0.6359075812576838,-0.022180071791997658,405.2737016714198,453.8242522898402,-48.5505506184204
24,B,2023,2,0.5671517227540924,0.5941235451482738,-0.02697182239418139,393.24402010473005,471.1706769969464,-77.92665689221633
28,B,2023,2,0.552595291813333,0.5983721946542578,-0.04577690284092484,347.6534655763336,408.27005595496064,-60.61659037862705
27,B,2023,2,0.5521821883123728,0.5709007415833539,-0.018718553270981153,404.036443507101,440.63969550551445,-36.60325199841344
25,B,2023,2,0.5651447395305984,0.5688025684225338,-0.003657828891935444,451.0869840879024,516.943896955481,-65.85691286757861
21,B,2023,2,0.5703372574873303,0.6203796153210037,-0.05004235783367339,382.6798792756397,432.63538282979823,-49.955503554158554
23,B,2023,2,0.5843501805790114,0.5833068673749423,0.0010433132040691406,457.2668462457514,524.0032955979748,-66.73644935222336
26,B,2023,2,0.5647804024460249,0.5826339460452773,-0.017853543599252397,379.9040527556648,416.2885976938609,-36.384544938196086
31,B,2023,2,0.5973053688287427,0.6189242882136365,-0.021618919384893798,389.1979073862512,460.09706221433385,-70.89915482808266
35,B,2023,2,0.549041483836098,0.5741294347246438,-0.025087950888545874,410.01513469471024,480.2031659931943,-70.18803129848408
34,B,2023,2,0.4981719244662057,0.5461900347560178,-0.04801811028981212,436.7960475168971,512.990985194441,-76.19493767754392
37,B,2023,2,0.6251574359557233,0.6352042951318045,-0.01004685917608128,429.3574118362736,504.1889195905493,-74.83150775427566
33,B,2023,2,0.5435504189824871,0.5984650200374774,-0.05491460105499024,354.4199888061055,451.6406689591645,-97.22068015305899
36,B,2023,2,0.655196571506317,0.6680329492098186,-0.012836377703501545,435.79388658890207,512.9579687246933,-77.1640821357912
32,B,2023,2,0.5601804044841244,0.5994311316110301,-0.03925072712690569,378.5898570437747,467.5523793824148,-88.9625223386401
57,B,2023,3,0.5319004756510312,0.5739001134332963,-0.04199963778226512,399.2918691797709,376.5577304029062,22.73413877686471
53,B,2023,3,0.6217086733829412,0.6176071858614843,0.0041014875214568924,422.9475339483871,399.5107073748903,23.43682657349683
54,B,2023,3,0.5546489621652737,0.5703723644135502,-0.015723402248276508,383.0433527006468,401.287028932554,-18.243676231907216
55,B,2023,3,0.5949464771222402,0.6163592754309388,-0.021412798308698577,410.0463528475778,404.0304381942941,6.015914653283687
56,B,2023,3,0.5684311940965773,0.6242072038268034,-0.05577600973022612,432.36464996388014,413.0680489545157,19.29660100936445
52,B,2023,3,0.6421179648503945,0.6073564576526104,0.03476150719778415,423.29404230723554,360.9724411513175,62.32160115591802
51,B,2023,3,0.6079369956777784,0.6359377655041667,-0.028000769826388328,413.4352182695859,405.7263000799651,7.708918189620817
12,B,2023,3,0.545647341376848,0.6049687501461771,-0.05932140876932912,439.70635672370025,411.9794110900765,27.726945633623757
13,B,2023,3,0.4997534169378098,0.5864635444781099,-0.08671012754030011,395.0539786200537,397.4760912423368,-2.4221126222830662
11,B,2023,3,0.5041213894458029,0.5799092271241147,-0.07578783767831188,430.6923320071742,409.9352091721143,20.757122835059874
44,B,2023,3,0.5559022805848318,0.5486768065062346,0.007225474078597194,602.9069965277122,455.2633029466824,147.64369358102977
42,B,2023,3,0.5908178193642655,0.6029489539565223,-0.012131134592256787,617.8744310163936,461.64445104624207,156.22997997015153
45,B,2023,3,0.6137880052978949,0.6220479754459085,-0.008259970148013607,565.3741767033533,447.5296024557523,117.84457424760103
43,B,2023,3,0.5271553887528356,0.5428995679856783,-0.01574417923284266,712.3476826817127,522.1300409683338,190.21764171337895
41,B,2023,3,0.5612914006174187,0.5951146362825944,-0.033823235665175755,582.0753729523042,458.42318605633886,123.65218689596531
22,B,2023,3,0.6276410822925825,0.6359075812576838,-0.008266498965101232,495.6854348686815,453.8242522898402,41.861182578841294
24,B,2023,3,0.5907664345718514,0.5941235451482738,-0.0033571105764224063,506.6371296854815,471.1706769969464,35.46645268853513
28,B,2023,3,0.5599551854457195,0.5983721946542578,-0.0384170092085383,467.8423251910743,408.27005595496064,59.57226923611364
27,B,2023,3,0.5536436785159393,0.5709007415833539,-0.01725706306741459,578.4125318804753,440.63969550551445,137.77283637496083
25,B,2023,3,0.5903196556480773,0.5688025684225338,0.021517087225543463,664.3113703440467,516.943896955481,147.3674733885657
21,B,2023,3,0.5885032489733417,0.6203796153210037,-0.031876366347662,501.77687168112783,432.63538282979823,69.1414888513296
23,B,2023,3,0.5943862425735901,0.5833068673749423,0.011079375198647767,613.2259514166705,524.0032955979748,89.22265581869567
26,B,2023,3,0.5677324510033501,0.5826339460452773,-0.01490149504192717,503.2490357779261,416.2885976938609,86.96043808406523
31,B,2023,3,0.619409838649013,0.6189242882136365,0.00048555043537645837,587.37115147303,460.09706221433385,127.27408925869611
35,B,2023,3,0.5504883156838093,0.5741294347246438,-0.023641119040834546,624.6234119733176,480.2031659931943,144.4202459801233
34,B,2023,3,0.5195420724023784,0.5461900347560178,-0.02664796235363942,705.7965474088287,512.990985194441,192.8055622143877
37,B,2023,3,0.6582907450890788,0.6352042951318045,0.02308644995727427,650.498111849192,504.1889195905493,146.30919225864272
33,B,2023,3,0.5842260040200689,0.5984650200374774,-0.014239016017408512,570.4518081401898,451.6406689591645,118.81113918102528
36,B,2023,3,0.685728957100669,0.6680329492098186,0.01769600789085035,636.7779117662366,512.9579687246933,123.8199430415433
32,B,2023,3,0.5917292679428638,0.5994311316110301,-0.0077018636681662755,575.314030914954,467.5523793824148,107.76165153253913
57,B,2023,4,0.52888054033082,0.5739001134332963,-0.045019573102476285,400.757871151771,376.5577304029062,24.200140748864783
53,B,2023,4,0.6099425802583012,0.6176071858614843,-0.007664605603183161,430.8183201518009,399.5107073748903,31.307612776910617
54,B,2023,4,0.5452083730811945,0.5703723644135502,-0.025163991332355695,387.2863241320048,401.287028932554,-14.000704800549215
55,B,2023,4,0.5861486150446019,0.6163592754309388,-0.030210660386336907,412.8622926660996,404.0304381942941,8.831854471805514
56,B,2023,4,0.5722828782512938,0.6242072038268034,-0.05192432557550963,433.04105133675415,413.0680489545157,19.973002382238462
52,B,2023,4,0.6164792247364829,0.6073564576526104,0.009122767083872496,429.11191046197393,360.9724411513175,68.13946931065641
51,B,2023,4,0.6061430321212892,0.6359377655041667,-0.029794733382877525,415.641911017952,405.7263000799651,9.915610937986912
12,B,2023,4,0.5430473674797002,0.6049687501461771,-0.061921382666476954,443.5405577349644,411.9794110900765,31.561146644887913
13,B,2023,4,0.4891004579825491,0.5864635444781099,-0.0973630864955608,398.69654205146907,397.4760912423368,1.2204508091322737
11,B,2023,4,0.509143011247633,0.5799092271241147,-0.0707662158764818,432.5010037170069,409.9352091721143,22.565794544892583
44,B,2023,4,0.550790638858875,0.5486768065062346,0.002113832352640399,618.6810051404173,455.2633029466824,163.41770219373484
42,B,2023,4,0.6005382562066984,0.6029489539565223,-0.0024106977498238313,626.8681248226324,461.64445104624207,165.22367377639029
45,B,2023,4,0.6157719134502313,0.6220479754459085,-0.006276061995677207,569.7709094597406,447.5296024557523,122.24130700398825
43,B,2023,4,0.5340982582435809,0.5428995679856783,-0.008801309742097363,739.5230099072771,522.1300409683338,217.39296893894334
41,B,2023,4,0.5704068021764599,0.5951146362825944,-0.02470783410613453,585.1346730730368,458.42318605633886,126.7114870166979
22,B,2023,4,0.6141155164468641,0.6359075812576838,-0.021792064810819634,498.8943243661447,453.8242522898402,45.070072076304484
24,B,2023,4,0.5899125269422557,0.5941235451482738,-0.004211018206018102,508.74900249284616,471.1706769969464,37.578325495899776
28,B,2023,4,0.5624768863910994,0.5983721946542578,-0.035895308263158454,468.4684464000957,408.27005595496064,60.19839044513503
27,B,2023,4,0.566248359825484,0.5709007415833539,-0.004652381757869861,582.9933610789935,440.63969550551445,142.35366557347908
25,B,2023,4,0.600626705903683,0.5688025684225338,0.031824137481149095,670.6538340318918,516.943896955481,153.70993707641082
21,B,2023,4,0.5831111217523554,0.6203796153210037,-0.037268493568648364,505.76579210053615,432.63538282979823,73.13040927073791
23,B,2023,4,0.6110906203246748,0.5833068673749423,0.027783752949732454,617.4428105203144,524.0032955979748,93.43951492233964
26,B,2023,4,0.5647962839466709,0.5826339460452773,-0.017837662098606377,506.56416650990974,416.2885976938609,90.27556881604886
31,B,2023,4,0.622340418930477,0.6189242882136365,0.0034161307168404376,597.8293982649996,460.09706221433385,137.7323360506657
35,B,2023,4,0.5583764714786098,0.5741294347246438,-0.015752963246034035,637.0081251306726,480.2031659931943,156.8049591374783
34,B,2023,4,0.5307298249128294,0.5461900347560178,-0.01546020984318841,727.3058197876088,512.990985194441,214.3148345931678
37,B,2023,4,0.6701148501754227,0.6352042951318045,0.034910555043618174,663.675326840438,504.1889195905493,159.48640724988866
33,B,2023,4,0.5727514660530364,0.5984650200374774,-0.025713553984440973,599.086888582107,451.6406689591645,147.44621962294252
36,B,2023,4,0.6891872205549238,0.6680329492098186,0.02115427134510517,651.4115688194123,512.9579687246933,138.45360009471904
32,B,2023,4,0.5894194389366006,0.5994311316110301,-0.010011692674429473,598.3691341392259,467.5523793824148,130.81675475681112
57,A,2024,2,0.4498493577266705,0.5232000042786433,-0.07335064655197282,142.7367901844987,537.6038856609841,-394.8670954764855
53,A,2024,2,0.5655857918302728,0.5898774882200208,-0.02429169638974804,192.6994446316735,563.150757883023,-370.45131325134946
54,A,2024,2,0.4378766915584558,0.5148881640784552,-0.07701147251999935,158.98032571201452,539.3123998898976,-380.3320741778831
55,A,2024,2,0.4918728371040343,0.5567120985461607,-0.06483926144212637,129.77231765178567,552.1756797854943,-422.4033621337086
56,A,2024,2,0.5305978790740274,0.5780966319788349,-0.04749875290480743,142.32647098732184,572.6690576586709,-430.34258667134907
52,A,2024,2,0.5721963353688198,0.5906377629937875,-0.0184414276249677,210.12611273044283,532.7701165154426,-322.64400378499977
51,A,2024,2,0.5369670116660633,0.5867641888615014,-0.04979717719543808,143.63008734631396,537.6724565537642,-394.0423692074502
12,A,2024,2,0.5354968873830128,0.568861695178867,-0.03336480779585416,157.04000760851258,566.5595317284136,-409.519524119901
13,A,2024,2,0.4620546084110288,0.556269903923189,-0.09421529551216018,152.62647436801777,549.0361204926747,-396.409646124657
11,A,2024,2,0.5431222135977098,0.5557499918145764,-0.012627778216866559,156.14921647152687,569.3818444225695,-413.2326279510427
44,A,2024,2,0.5659339125591724,0.5342617028314773,0.03167220972769502,223.40295559597675,668.1525153546401,-444.7495597586633
42,A,2024,2,0.6072956997920854,0.5931116681670293,0.014184031625056104,199.58758530271365,636.4110449199464,-436.8234596172328
45,A,2024,2,0.5978218808449207,0.5934668573502707,0.004355023494650001,191.15464720938965,608.0765628121432,-416.92191560275353
43,A,2024,2,0.5857072343869087,0.5785218633809919,0.007185371005916874,264.39622495751905,760.948092805632,-496.5518678481129
41,A,2024,2,0.5891915904044108,0.5710089314384026,0.018182658966008236,183.40545784797,616.511621175987,-433.106163328017
22,A,2024,2,0.5015389080651019,0.5952345300902333,-0.09369562202513138,206.55283038728595,689.784448705568,-483.2316183182821
24,A,2024,2,0.5259984872432615,0.5634030467912526,-0.037404559547991156,197.0266408614408,675.6982206230717,-478.67157976163094
28,A,2024,2,0.561072576492058,0.5751026336519572,-0.014030057159899245,158.99972787344416,570.1193998072029,-411.1196719337587
27,A,2024,2,0.5848893688372532,0.5774512964947617,0.007438072342491497,178.45640632536913,631.7151372206748,-453.2587308953057
25,A,2024,2,0.5365511156100308,0.5629983440811737,-0.026447228471142892,203.28319999204984,789.1854214642077,-585.9022214721579
21,A,2024,2,0.5059821824148246,0.5788589876681618,-0.07287680525333717,172.19331362776668,621.5758942561716,-449.382580628405
23,A,2024,2,0.5800635941656697,0.5735772872407364,0.006486306924933238,229.1253734007024,831.6756801327349,-602.5503067320325
26,A,2024,2,0.5243951930365915,0.5569278808089793,-0.032532687772387714,161.2991712649739,592.6909513481587,-431.3917800831848
31,A,2024,2,0.5962417616225152,0.5893821642012579,0.006859597421257302,181.3262853076418,695.3883730727514,-514.0620877651096
35,A,2024,2,0.5624632071703415,0.5900406158512127,-0.027577408680871218,197.66359327456632,673.8697186110531,-476.2061253364868
34,A,2024,2,0.6026503754085671,0.5948705806999535,0.007779794708613674,235.240827373191,727.5725236094592,-492.33169623626816
37,A,2024,2,0.6227596637765851,0.6023774613954869,0.020382202381098224,232.86229118524375,833.533010090417,-600.6707189051732
33,A,2024,2,0.6100768584092594,0.5769727808837313,0.03310407752552813,197.9983131381768,665.9829310230813,-467.9846178849045
36,A,2024,2,0.6398816484293571,0.6203227980243009,0.019558850405056227,223.7729096589532,877.9863588585017,-654.2134491995484
32,A,2024,2,0.6037531925688813,0.571044016756271,0.032709175812610236,180.79468658620937,670.2923260847152,-489.49763949850586
57,A,2024,3,0.4954877363478949,0.5232000042786433,-0.027712267930748435,253.69786863209148,537.6038856609841,-283.9060170288926
53,A,2024,3,0.5848837880955396,0.5898774882200208,-0.004993700124481193,344.8406382190339,563.150757883023,-218.31011966398904
54,A,2024,3,0.4794684114820122,0.5148881640784552,-0.03541975259644298,324.98770348544656,539.3123998898976,-214.32469640445106
55,A,2024,3,0.5321916242445521,0.5567120985461607,-0.02452047430160853,269.55214805315734,552.1756797854943,-282.6235317323369
56,A,2024,3,0.5384494197866683,0.5780966319788349,-0.0396472121921666,281.1684354597955,572.6690576586709,-291.5006221988754
52,A,2024,3,0.6216856406879613,0.5906377629937875,0.03104787769417383,348.09566455283215,532.7701165154426,-184.67445196261048
51,A,2024,3,0.5591049106637844,0.5867641888615014,-0.027659278197716963,295.29248582129355,537.6724565537642,-242.3799707324706
12,A,2024,3,0.5512994090591109,0.568861695178867,-0.017562286119756076,312.22749931512004,566.5595317284136,-254.33203241329358
13,A,2024,3,0.4812720712315972,0.556269903923189,-0.07499783269159177,282.1528032567612,549.0361204926747,-266.8833172359135
11,A,2024,3,0.5403636461824263,0.5557499918145764,-0.015386345632150134,277.8044768670742,569.3818444225695,-291.57736755549536
44,A,2024,3,0.5647083938351051,0.5342617028314773,0.030446691003627735,380.5502664332847,668.1525153546401,-287.60224892135534
42,A,2024,3,0.6321020656453383,0.5931116681670293,0.038990397478309013,352.5000660581111,636.4110449199464,-283.91097886183536
45,A,2024,3,0.5942181040655357,0.5934668573502707,0.0007512467152649416,339.1878403497128,608.0765628121432,-268.88872246243034
43,A,2024,3,0.6024268045590162,0.5785218633809919,0.02390494117802433,457.9381728871512,760.948092805632,-303.00991991848076
41,A,2024,3,0.6177170012911751,0.5710089314384026,0.04670806985277254,335.20984500224847,616.511621175987,-281.3017761737385
22,A,2024,3,0.5677636170233293,0.5952345300902333,-0.027470913066903968,357.50062310699883,689.784448705568,-332.2838255985692
24,A,2024,3,0.5548076358601239,0.5634030467912526,-0.0085954109311287,334.5880843135414,675.6982206230717,-341.11013630953033
28,A,2024,3,0.5925404139652196,0.5751026336519572,0.017437780313262374,270.4728004307537,570.1193998072029,-299.64659937644916
27,A,2024,3,0.6078793011350203,0.5774512964947617,0.030428004640258632,305.9670432850117,631.7151372206748,-325.7480939356631
25,A,2024,3,0.5546991340436589,0.5629983440811737,-0.00829921003751477,348.4268834082205,789.1854214642077,-440.75853805598723
21,A,2024,3,0.5669326759555964,0.5788589876681618,-0.011926311712565418,292.975480982373,621.5758942561716,-328.6004132737986
23,A,2024,3,0.5536625661473594,0.5735772872407364,-0.019914721093376997,390.4960430878312,831.6756801327349,-441.1796370449037
26,A,2024,3,0.5763528048508203,0.5569278808089793,0.01942492404184104,265.8898351056826,592.6909513481587,-326.8011162424761
31,A,2024,3,0.6219515980344911,0.5893821642012579,0.032569433833233186,290.1555825313322,695.3883730727514,-405.2327905414192
35,A,2024,3,0.6020123522384031,0.5900406158512127,0.011971736387190401,348.5401589771219,673.8697186110531,-325.32955963393124
34,A,2024,3,0.6109667788100327,0.5948705806999535,0.01609619811007923,434.6822825278376,727.5725236094592,-292.8902410816216
37,A,2024,3,0.6031170897831466,0.6023774613954869,0.0007396283876597298,368.378239227349,833.533010090417,-465.15477086306794
33,A,2024,3,0.5554003576302639,0.5769727808837313,-0.02157242325346742,363.1262979283083,665.9829310230813,-302.856633094773
36,A,2024,3,0.6144100557194861,0.6203227980243009,-0.005912742304814755,369.8740990520494,877.9863588585017,-508.1122598064523
32,A,2024,3,0.5497587984712988,0.571044016756271,-0.021285218284972207,310.10642251930034,670.2923260847152,-360.1859035654149
57,A,2024,4,0.522585111390006,0.5232000042786433,-0.0006148928886373639,357.4882919525143,537.6038856609841,-180.11559370846982
53,A,2024,4,0.6254289578498149,0.5898774882200208,0.03555146962979405,456.9958853650582,563.150757883023,-106.15487251796475
54,A,2024,4,0.5319577211888136,0.5148881640784552,0.017069557110358402,439.00015110176855,539.3123998898976,-100.31224878812907
55,A,2024,4,0.5807360722087365,0.5567120985461607,0.024023973662575804,407.2769453627892,552.1756797854943,-144.89873442270505
56,A,2024,4,0.563025398787173,0.5780966319788349,-0.015071233191661926,388.65269709128,572.6690576586709,-184.0163605673909
52,A,2024,4,0.6570722126053973,0.5906377629937875,0.06643444961160982,462.7738664448768,532.7701165154426,-69.99625007056585
51,A,2024,4,0.5779435262660358,0.5867641888615014,-0.008820662595465545,394.7818110513586,537.6724565537642,-142.89064550240556
12,A,2024,4,0.5681691437376702,0.568861695178867,-0.0006925514411967315,409.6189584886904,566.5595317284136,-156.94057323972322
13,A,2024,4,0.503861757507416,0.556269903923189,-0.05240814641577296,382.2197627461581,549.0361204926747,-166.81635774651664
11,A,2024,4,0.5581692434223501,0.5557499918145764,0.002419251607773676,378.9187060028395,569.3818444225695,-190.46313841973006
44,A,2024,4,0.599342837602893,0.5342617028314773,0.06508113477141564,489.6664530461949,668.1525153546401,-178.48606230844518
42,A,2024,4,0.6642332953786465,0.5931116681670293,0.07112162721161719,461.61263610237927,636.4110449199464,-174.79840881756718
45,A,2024,4,0.6340572721443066,0.5934668573502707,0.04059041479403591,436.8753972822665,608.0765628121432,-171.20116552987668
43,A,2024,4,0.6161842850559012,0.5785218633809919,0.0376624216749093,587.5075023777156,760.948092805632,-173.4405904279164
41,A,2024,4,0.6467371413619057,0.5710089314384026,0.07572820992350315,438.977906519266,616.511621175987,-177.53371465672097
22,A,2024,4,0.5990234525056728,0.5952345300902333,0.0037889224154394885,495.989554202206,689.784448705568,-193.794894503362
24,A,2024,4,0.5833424553014958,0.5634030467912526,0.019939408510243117,455.9478092000573,675.6982206230717,-219.75041142301444
28,A,2024,4,0.6078072332970965,0.5751026336519572,0.032704599645139276,371.54592051198193,570.1193998072029,-198.57347929522092
27,A,2024,4,0.6306914098739336,0.5774512964947617,0.053240113379171894,412.37067473876897,631.7151372206748,-219.34446248190585
25,A,2024,4,0.5899484309246827,0.5629983440811737,0.02695008684350908,474.2802043625613,789.1854214642077,-314.90521710164643
21,A,2024,4,0.5937859602046694,0.5788589876681618,0.014926972536507654,406.06498599809646,621.5758942561716,-215.51090825807518
23,A,2024,4,0.5820652891497634,0.5735772872407364,0.008488001909026988,538.1679684795267,831.6756801327349,-293.50771165320816
26,A,2024,4,0.59749473026664,0.5569278808089793,0.04056684945766076,371.5530014227992,592.6909513481587,-221.13794992535952
31,A,2024,4,0.6396075782703813,0.5893821642012579,0.0502254140691234,400.1874907785119,695.3883730727514,-295.2008822942395
35,A,2024,4,0.628149888440139,0.5900406158512127,0.03810927258892627,452.4676195654954,673.8697186110531,-221.40209904555775
34,A,2024,4,0.6285511511612382,0.5948705806999535,0.0336805704612847,551.9005802748488,727.5725236094592,-175.67194333461032
37,A,2024,4,0.6225381683709847,0.6023774613954869,0.020160706975497877,494.0641614203376,833.533010090417,-339.46884867007935
33,A,2024,4,0.5689086759512032,0.5769727808837313,-0.008064104932528071,465.8679831740447,665.9829310230813,-200.11494784903658
36,A,2024,4,0.6290740862587569,0.6203227980243009,0.008751288234456034,512.0367762563798,877.9863588585017,-365.94958260212195
32,A,2024,4,0.5558669654041047,0.571044016756271,-0.015177051352166293,408.4078161528236,670.2923260847152,-261.8845099318916
57,B,2024,2,0.5490150353230938,0.5739001134332963,-0.024885078110202463,269.9474460079265,376.5577304029062,-106.61028439497971
53,B,2024,2,0.5964941769752334,0.6176071858614843,-0.021113008886250895,257.7604085579883,399.5107073748903,-141.750298816902
54,B,2024,2,0.5205764208520447,0.5703723644135502,-0.04979594356150552,255.91948984575728,401.287028932554,-145.3675390867967
55,B,2024,2,0.5994224944070422,0.6163592754309388,-0.01693678102389662,312.1172033915115,404.0304381942941,-91.9132348027826
56,B,2024,2,0.5857127712951631,0.6242072038268034,-0.03849443253164031,285.8260143648429,413.0680489545157,-127.24203458967281
52,B,2024,2,0.589697392048274,0.6073564576526104,-0.017659065604336388,231.77200239093008,360.9724411513175,-129.20043876038744
51,B,2024,2,0.5757107481713897,0.6359377655041667,-0.06022701733277702,271.9602852982014,405.7263000799651,-133.76601478176366
12,B,2024,2,0.5151083254424339,0.6049687501461771,-0.08986042470374322,275.4414018305566,411.9794110900765,-136.53800925951992
13,B,2024,2,0.4908135620540732,0.5864635444781099,-0.09564998242403666,271.1129473860181,397.4760912423368,-126.36314385631869
11,B,2024,2,0.5331972788640168,0.5799092271241147,-0.046711948260097946,290.64297631912694,409.9352091721143,-119.29223285298735
44,B,2024,2,0.5445048897513414,0.5486768065062346,-0.004171916754893257,283.7670330334567,455.2633029466824,-171.49626991322572
42,B,2024,2,0.6206741452098659,0.6029489539565223,0.017725191253343597,316.3145073349231,461.64445104624207,-145.32994371131895
45,B,2024,2,0.5678566941208961,0.6220479754459085,-0.054191281325012386,284.54795203922134,447.5296024557523,-162.98165041653095
43,B,2024,2,0.5841381058526242,0.5428995679856783,0.04123853786694587,324.1817199017703,522.1300409683338,-197.9483210665635
41,B,2024,2,0.5784449069689133,0.5951146362825944,-0.01666972931368116,303.2825876710919,458.42318605633886,-155.14059838524696
22,B,2024,2,0.6308662353805959,0.6359075812576838,-0.005041345877087822,352.8213794420308,453.8242522898402,-101.00287284780944
24,B,2024,2,0.6205033636342332,0.5941235451482738,0.026379818485959383,357.0958959988249,471.1706769969464,-114.07478099812147
28,B,2024,2,0.5241395859647103,0.5983721946542578,-0.07423260868954751,290.649666935533,408.27005595496064,-117.62038901942765
27,B,2024,2,0.5661729691773467,0.5709007415833539,-0.004727772406007191,315.90998243053843,440.63969550551445,-124.72971307497602
25,B,2024,2,0.6217081848042246,0.5688025684225338,0.05290561638169078,365.6215032413222,516.943896955481,-151.3223937141588
21,B,2024,2,0.5812513753669947,0.6203796153210037,-0.03912823995400905,316.216295937116,432.63538282979823,-116.41908689268223
23,B,2024,2,0.6531526815050569,0.5833068673749423,0.06984581413011459,419.67902262713295,524.0032955979748,-104.32427297084183
26,B,2024,2,0.5428596183194088,0.5826339460452773,-0.03977432772586853,305.8171673152117,416.2885976938609,-110.47143037864919
31,B,2024,2,0.6610813787989527,0.6189242882136365,0.04215709058531614,300.63462511151056,460.09706221433385,-159.4624371028233
35,B,2024,2,0.6122662129918837,0.5741294347246438,0.038136778267239824,328.15868970328154,480.2031659931943,-152.04447628991278
34,B,2024,2,0.5871116705771754,0.5461900347560178,0.0409216358211576,330.9417662106836,512.990985194441,-182.04921898375738
37,B,2024,2,0.6442725437681432,0.6352042951318045,0.009068248636338705,331.85461187225,504.1889195905493,-172.33430771829927
33,B,2024,2,0.6101812633370514,0.5984650200374774,0.011716243299573992,277.5782558882439,451.6406689591645,-174.06241307092057
36,B,2024,2,0.6720333605473816,0.6680329492098186,0.004000411337563015,343.3436818393182,512.9579687246933,-169.61428688537507
32,B,2024,2,0.6305922436578005,0.5994311316110301,0.03116111204677041,302.07474243186675,467.5523793824148,-165.47763695054806
57,B,2024,3,0.5684463836714564,0.5739001134332963,-0.005453729761839887,315.9745400984908,376.5577304029062,-60.58319030441538
53,B,2024,3,0.6152935842995526,0.6176071858614843,-0.002313601561931722,310.6123425880044,399.5107073748903,-88.89836478688585
54,B,2024,3,0.5460917738805299,0.5703723644135502,-0.02428059053302034,307.52938177218294,401.287028932554,-93.75764716037105
55,B,2024,3,0.6154721745927652,0.6163592754309388,-0.0008871008381736711,358.10070512868947,404.0304381942941,-45.92973306560464
56,B,2024,3,0.6090724710565871,0.6242072038268034,-0.015134732770216264,335.400650839156,413.0680489545157,-77.66739811535967
52,B,2024,3,0.6080123804626997,0.6073564576526104,0.0006559228100893044,281.4128545531823,360.9724411513175,-79.55958659813524
51,B,2024,3,0.6067033116121183,0.6359377655041667,-0.029234453892048373,329.12241899970985,405.7263000799651,-76.60388108025523
12,B,2024,3,0.5511270247934016,0.6049687501461771,-0.05384172535277554,335.63510852537803,411.9794110900765,-76.34430256469847
13,B,2024,3,0.5008280217741272,0.5864635444781099,-0.08563552270398267,319.9598427636571,397.4760912423368,-77.5162484786797
11,B,2024,3,0.5524570024708618,0.5799092271241147,-0.02745222465325292,343.03162599233406,409.9352091721143,-66.90358317978024
44,B,2024,3,0.5730578512408422,0.5486768065062346,0.02438104473460756,360.252322320994,455.2633029466824,-95.01098062568843
42,B,2024,3,0.6408735766682538,0.6029489539565223,0.03792462271173158,397.63333756058574,461.64445104624207,-64.01111348565632
45,B,2024,3,0.621955352267249,0.6220479754459085,-9.26231786595455e-05,357.54535109192864,447.5296024557523,-89.98425136382366
43,B,2024,3,0.5814370819928175,0.5428995679856783,0.03853751400713923,431.56807699958176,522.1300409683338,-90.56196396875202
41,B,2024,3,0.6126958390964361,0.5951146362825944,0.01758120281384168,385.0710800718374,458.42318605633886,-73.35210598450146
22,B,2024,3,0.6313904866504595,0.6359075812576838,-0.00451709460722427,430.7223045426806,453.8242522898402,-23.101947747159613
24,B,2024,3,0.6268536493629107,0.5941235451482738,0.032730104214636846,455.9070976671711,471.1706769969464,-15.263579329775268
28,B,2024,3,0.5594741987733259,0.5983721946542578,-0.0388979958809319,346.46717743081194,408.27005595496064,-61.802878524148696
27,B,2024,3,0.5862927322107298,0.5709007415833539,0.01539199062737584,380.7561335499316,440.63969550551445,-59.88356195558288
25,B,2024,3,0.6368454873709174,0.5688025684225338,0.06804291894838355,467.1828909479007,516.943896955481,-49.761006007580306
21,B,2024,3,0.6043745256543609,0.6203796153210037,-0.016005089666642824,390.1862544044824,432.63538282979823,-42.44912842531585
23,B,2024,3,0.6533968325989082,0.5833068673749423,0.07008996522396593,517.1987607618144,524.0032955979748,-6.804534836160428
26,B,2024,3,0.5710596995158363,0.5826339460452773,-0.011574246529440946,363.4715500760014,416.2885976938609,-52.81704761785949
31,B,2024,3,0.6779810158498701,0.6189242882136365,0.0590567276362336,371.1739074210042,460.09706221433385,-88.92315479332967
35,B,2024,3,0.6130910625518693,0.5741294347246438,0.038961627827225453,406.4510257609011,480.2031659931943,-73.75214023229324
34,B,2024,3,0.5913461956277687,0.5461900347560178,0.045156160871750894,427.12639084069616,512.990985194441,-85.86459435374485
37,B,2024,3,0.6744756999120483,0.6352042951318045,0.03927140478024371,420.2330696479684,504.1889195905493,-83.95584994258087
33,B,2024,3,0.638735440093355,0.5984650200374774,0.040270420055877665,352.276258168107,451.6406689591645,-99.36441079105748
36,B,2024,3,0.6933000968581146,0.6680329492098186,0.025267147648295962,435.93518291739656,512.9579687246933,-77.02278580729671
32,B,2024,3,0.6555801094544609,0.5994311316110301,0.05614897784343076,369.0779650259535,467.5523793824148,-98.4744143564613
57,B,2024,4,0.5632899838426513,0.5739001134332963,-0.010610129590645001,319.1624958030953,376.5577304029062,-57.39523459981092
53,B,2024,4,0.5966076369815322,0.6176071858614843,-0.020999548879952146,313.21886167321315,399.5107073748903,-86.29184570167712
54,B,2024,4,0.5319586706779112,0.5703723644135502,-0.038413693735638965,309.3802481324299,401.287028932554,-91.90678080012407
55,B,2024,4,0.6013163314672425,0.6163592754309388,-0.01504294396369632,359.4521897305528,404.0304381942941,-44.57824846374132
56,B,2024,4,0.5996396045021725,0.6242072038268034,-0.02456759932463093,337.7647509834293,413.0680489545157,-75.30329797108641
52,B,2024,4,0.580492104951321,0.6073564576526104,-0.026864352701289396,283.1363877343388,360.9724411513175,-77.8360534169787
51,B,2024,4,0.6022780817620002,0.6359377655041667,-0.033659683742166546,330.633173406672,405.7263000799651,-75.09312667329311
12,B,2024,4,0.5505901956593148,0.6049687501461771,-0.05437855448686235,337.6417567078988,411.9794110900765,-74.33765438217767
13,B,2024,4,0.494036034587158,0.5864635444781099,-0.09242750989095189,322.07535852965293,397.4760912423368,-75.40073271268386
11,B,2024,4,0.553175617355197,0.5799092271241147,-0.0267336097689177,345.1010332221972,409.9352091721143,-64.8341759499171
44,B,2024,4,0.5837794530209227,0.5486768065062346,0.035102646514688085,367.779534448246,455.2633029466824,-87.4837684984364
42,B,2024,4,0.6428489796194358,0.6029489539565223,0.03990002566291351,405.2243811351036,461.64445104624207,-56.420069911138455
45,B,2024,4,0.6292329216827189,0.6220479754459085,0.00718494623681043,359.9893377618222,447.5296024557523,-87.54026469393011
43,B,2024,4,0.6007655227570408,0.5428995679856783,0.05786595477136247,449.429039482311,522.1300409683338,-72.70100148602279
41,B,2024,4,0.6196348222022355,0.5951146362825944,0.024520185919641113,388.6271155620654,458.42318605633886,-69.79607049427347
22,B,2024,4,0.6172374559580294,0.6359075812576838,-0.018670125299654394,435.2121818742771,453.8242522898402,-18.612070415563096
24,B,2024,4,0.6205663777062139,0.5941235451482738,0.02644283255794011,459.46216898823263,471.1706769969464,-11.70850800871375
28,B,2024,4,0.5640573018652765,0.5983721946542578,-0.034314892788981366,348.67527743123054,408.27005595496064,-59.5947785237301
27,B,2024,4,0.597446992275526,0.5709007415833539,0.02654625069217209,385.70031509181325,440.63969550551445,-54.9393804137012
25,B,2024,4,0.6484634672198404,0.5688025684225338,0.07966089879730653,473.522684068245,516.943896955481,-43.42121288723604
21,B,2024,4,0.6007622073726377,0.6203796153210037,-0.019617407948365972,395.4605062050017,432.63538282979823,-37.174876624796525
23,B,2024,4,0.6610423521405743,0.5833068673749423,0.07773548476563197,522.0800728799838,524.0032955979748,-1.9232227179909387
26,B,2024,4,0.5724511297186108,0.5826339460452773,-0.01018281632666651,369.30978268673306,416.2885976938609,-46.97881500712782
31,B,2024,4,0.673923485103008,0.6189242882136365,0.05499919688937149,381.8164109231761,460.09706221433385,-78.28065129115777
35,B,2024,4,0.6218434454926117,0.5741294347246438,0.047714010767967885,417.98741462338427,480.2031659931943,-62.21575136981005
34,B,2024,4,0.6165649201510841,0.5461900347560178,0.07037488539506631,445.6747594476511,512.990985194441,-67.31622574678988
37,B,2024,4,0.6878788491045609,0.6352042951318045,0.05267455397275633,431.2570174372515,504.1889195905493,-72.93190215329781
33,B,2024,4,0.6444247509896265,0.5984650200374774,0.045959730952149114,375.2244092842025,451.6406689591645,-76.41625967496196
36,B,2024,4,0.7071834549166114,0.6680329492098186,0.03915050570679279,445.9972205868438,512.9579687246933,-66.96074813784946
32,B,2024,4,0.6671494746799288,0.5994311316110301,0.06771834306889868,388.6728143243329,467.5523793824148,-78.87956505808194
57,A,2025,2,0.4399889657414226,0.5232000042786433,-0.08321103853722073,162.6796241933643,537.6038856609841,-374.92426146761983
53,A,2025,2,0.5106030285515772,0.5898774882200208,-0.0792744596684436,180.37800710598427,563.150757883023,-382.7727507770387
54,A,2025,2,0.4098687365360534,0.5148881640784552,-0.10501942754240179,155.06171095911745,539.3123998898976,-384.25068893078014
55,A,2025,2,0.4557254442700401,0.5567120985461607,-0.10098665427612058,146.9493542511729,552.1756797854943,-405.22632553432135
56,A,2025,2,0.48836558961573,0.5780966319788349,-0.08973104236310486,165.67155537525832,572.6690576586709,-406.9975022834126
52,A,2025,2,0.5188867206451816,0.5906377629937875,-0.07175104234860585,194.35576974489877,532.7701165154426,-338.41434677054383
51,A,2025,2,0.4790440214080578,0.5867641888615014,-0.1077201674534436,160.10465115939806,537.6724565537642,-377.56780539436613
12,A,2025,2,0.4588320632436869,0.568861695178867,-0.11002963193518006,181.8681697516156,566.5595317284136,-384.691361976798
13,A,2025,2,0.4302755055663368,0.556269903923189,-0.12599439835685217,168.7163478295192,549.0361204926747,-380.3197726631555
11,A,2025,2,0.4813558556661219,0.5557499918145764,-0.07439413614845453,176.02402838813768,569.3818444225695,-393.35781603443183
44,A,2025,2,0.5654028242068686,0.5342617028314773,0.031141121375391267,277.8953629818141,668.1525153546401,-390.25715237282594
42,A,2025,2,0.5818223650400516,0.5931116681670293,-0.011289303126977734,235.71385893321667,636.4110449199464,-400.6971859867298
45,A,2025,2,0.5782492681459427,0.5934668573502707,-0.01521758920432803,230.74832230989787,608.0765628121432,-377.3282405022453
43,A,2025,2,0.5838926864133499,0.5785218633809919,0.00537082303235803,314.7274869976175,760.948092805632,-446.22060580801445
41,A,2025,2,0.5268274598491772,0.5710089314384026,-0.04418147158922536,217.5239765757806,616.511621175987,-398.9876446002064
22,A,2025,2,0.5101512551751647,0.5952345300902333,-0.08508327491506862,215.4206509079011,689.784448705568,-474.36379779766696
24,A,2025,2,0.5286964796185756,0.5634030467912526,-0.03470656717267706,221.76803701213888,675.6982206230717,-453.9301836109329
28,A,2025,2,0.4889064268816393,0.5751026336519572,-0.08619620677031792,175.26142674115093,570.1193998072029,-394.85797306605195
27,A,2025,2,0.5315332491883334,0.5774512964947617,-0.045918047306428234,204.66473861725476,631.7151372206748,-427.05039860342004
25,A,2025,2,0.5388889544756398,0.5629983440811737,-0.024109389605533882,232.2543245143876,789.1854214642077,-556.9310969498201
21,A,2025,2,0.4967882204051469,0.5788589876681618,-0.08207076726301488,201.7236819279002,621.5758942561716,-419.85221232827143
23,A,2025,2,0.551440014937007,0.5735772872407364,-0.022137272303729416,243.50665713511145,831.6756801327349,-588.1690229976234
26,A,2025,2,0.4779283805586826,0.5569278808089793,-0.07899950025029667,186.96347607502724,592.6909513481587,-405.72747527313146
31,A,2025,2,0.5451436173545424,0.5893821642012579,-0.044238546846715465,212.19443309154056,695.3883730727514,-483.19393998121086
35,A,2025,2,0.5300745835872552,0.5900406158512127,-0.05996603226395747,220.63761876222665,673.8697186110531,-453.23209984882646
34,A,2025,2,0.5638027409481967,0.5948705806999535,-0.031067839751756754,284.8396153284052,727.5725236094592,-442.73290828105394
37,A,2025,2,0.5612202830106431,0.6023774613954869,-0.041157178384843784,251.6724336017093,833.533010090417,-581.8605764887077
33,A,2025,2,0.5548340382327568,0.5769727808837313,-0.022138742650974486,243.4200720615373,665.9829310230813,-422.56285896154395
36,A,2025,2,0.5753392980750938,0.6203227980243009,-0.04498349994920714,229.9492982249405,877.9863588585017,-648.0370606335612
32,A,2025,2,0.5621968019873148,0.571044016756271,-0.008847214768956224,214.25386878166577,670.2923260847152,-456.0384573030494
57,A,2025,3,0.4462489249575059,0.5232000042786433,-0.07695107932113743,402.29513416992216,537.6038856609841,-135.30875149106197
53,A,2025,3,0.5129402204465172,0.5898774882200208,-0.07693726777350363,409.1002727223583,563.150757883023,-154.05048516066466
54,A,2025,3,0.4124211117306483,0.5148881640784552,-0.10246705234780684,374.6507109283905,539.3123998898976,-164.66168896150714
55,A,2025,3,0.4612933436719748,0.5567120985461607,-0.09541875487418588,372.41879576345264,552.1756797854943,-179.75688402204162
56,A,2025,3,0.4784216264191498,0.5780966319788349,-0.09967500555968506,425.7347701807121,572.6690576586709,-146.93428747795883
52,A,2025,3,0.5316491289231791,0.5906377629937875,-0.05898863407060839,418.8655111980359,532.7701165154426,-113.90460531740672
51,A,2025,3,0.4656352525988343,0.5867641888615014,-0.12112893626266708,396.01304002371177,537.6724565537642,-141.6594165300524
12,A,2025,3,0.4494208788598982,0.568861695178867,-0.1194408163189688,434.1192110880569,566.5595317284136,-132.44032064035673
13,A,2025,3,0.438838390942119,0.556269903923189,-0.11743151298106996,411.1625569445171,549.0361204926747,-137.87356354815762
11,A,2025,3,0.4911335400886568,0.5557499918145764,-0.06461645172591962,422.1433621947797,569.3818444225695,-147.23848222778986
44,A,2025,3,0.5487752064774416,0.5342617028314773,0.014513503645964265,599.3412950609214,668.1525153546401,-68.81122029371863
42,A,2025,3,0.5848339991145646,0.5931116681670293,-0.008277669052464742,564.6301564813522,636.4110449199464,-71.78088843859427
45,A,2025,3,0.5721420418468893,0.5934668573502707,-0.02132481550338139,493.2362424854339,608.0765628121432,-114.84032032670927
43,A,2025,3,0.5729664005841621,0.5785218633809919,-0.005555462796829724,693.2631024136361,760.948092805632,-67.68499039199583
41,A,2025,3,0.5307375063164623,0.5710089314384026,-0.04027142512194026,497.9360712854972,616.511621175987,-118.57554989048981
22,A,2025,3,0.5303718015667678,0.5952345300902333,-0.06486272852346553,562.5779991542237,689.784448705568,-127.20644955134435
24,A,2025,3,0.5485733526716613,0.5634030467912526,-0.014829694119591341,532.6192089065806,675.6982206230717,-143.0790117164911
28,A,2025,3,0.514304195178977,0.5751026336519572,-0.060798438472980276,432.1329232372466,570.1193998072029,-137.98647656995627
27,A,2025,3,0.5494624126240087,0.5774512964947617,-0.027988883870752934,516.9499404746974,631.7151372206748,-114.76519674597739
25,A,2025,3,0.5326142524177475,0.5629983440811737,-0.03038409166342615,557.6943405048505,789.1854214642077,-231.4910809593572
21,A,2025,3,0.5189526226535223,0.5788589876681618,-0.05990636501463953,493.1324899220761,621.5758942561716,-128.44340433409553
23,A,2025,3,0.5641724342314783,0.5735772872407364,-0.009404853009258085,584.0977792237002,831.6756801327349,-247.57790090903472
26,A,2025,3,0.5011663100857452,0.5569278808089793,-0.055761570723234066,442.8889939306649,592.6909513481587,-149.80195741749378
31,A,2025,3,0.5398096256649445,0.5893821642012579,-0.04957253853631338,495.92924990110566,695.3883730727514,-199.45912317164573
35,A,2025,3,0.5459399478145436,0.5900406158512127,-0.04410066803666912,569.3774942290853,673.8697186110531,-104.49222438196784
34,A,2025,3,0.5627140229341008,0.5948705806999535,-0.03215655776585269,658.0982218541079,727.5725236094592,-69.47430175535123
37,A,2025,3,0.5491509884825811,0.6023774613954869,-0.05322647291290572,562.8631353429339,833.533010090417,-270.66987474748305
33,A,2025,3,0.551858092624245,0.5769727808837313,-0.025114688259486262,542.9852448818045,665.9829310230813,-122.99768614127674
36,A,2025,3,0.5828607909152135,0.6203227980243009,-0.037462007109087425,537.028840707541,877.9863588585017,-340.9575181509607
32,A,2025,3,0.5533040461683582,0.571044016756271,-0.01773997058791288,515.8696029019628,670.2923260847152,-154.4227231827524
57,A,2025,4,0.4981344978973495,0.5232000042786433,-0.025065506381293845,476.0242210926984,537.6038856609841,-61.57966456828575
53,A,2025,4,0.5714518393644905,0.5898774882200208,-0.01842564885553033,491.2535484907352,563.150757883023,-71.89720939228772
54,A,2025,4,0.4754251448125383,0.5148881640784552,-0.03946301926591689,464.0337987112643,539.3123998898976,-75.27860117863332
55,A,2025,4,0.5268550686766701,0.5567120985461607,-0.02985702986949057,476.9868840007149,552.1756797854943,-75.18879578477936
56,A,2025,4,0.5363738771052007,0.5780966319788349,-0.041722754873634194,508.1732460633391,572.6690576586709,-64.49581159533182
52,A,2025,4,0.5857397105965076,0.5906377629937875,-0.004898052397279806,503.16667526114753,532.7701165154426,-29.60344125429509
51,A,2025,4,0.5292277603828492,0.5867641888615014,-0.057536428478652146,476.7514834565768,537.6724565537642,-60.92097309718736
12,A,2025,4,0.5006385097470382,0.568861695178867,-0.06822318543182881,510.9408034349781,566.5595317284136,-55.61872829343554
13,A,2025,4,0.4707101251878555,0.556269903923189,-0.08555977873533349,495.712786457885,549.0361204926747,-53.32333403478975
11,A,2025,4,0.5200654061944094,0.5557499918145764,-0.035684585620166964,500.8914255339193,569.3818444225695,-68.49041888865025
44,A,2025,4,0.585212232747838,0.5342617028314773,0.05095052991636062,689.7896761211929,668.1525153546401,21.637160766552824
42,A,2025,4,0.6274337047560399,0.5931116681670293,0.03432203658901056,648.2324851554572,636.4110449199464,11.82144023551075
45,A,2025,4,0.6163273248790623,0.5934668573502707,0.02286046752879156,568.7365882726224,608.0765628121432,-39.33997453952077
43,A,2025,4,0.6143507142883526,0.5785218633809919,0.035828850907360765,796.6173147118066,760.948092805632,35.669221906174585
41,A,2025,4,0.5799628849886056,0.5710089314384026,0.008953953550203009,576.5158901376096,616.511621175987,-39.99573103837736
22,A,2025,4,0.5776519839937977,0.5952345300902333,-0.017582546096435614,666.686148750382,689.784448705568,-23.098299955186008
24,A,2025,4,0.5933594568728359,0.5634030467912526,0.02995641008158323,628.3296743947631,675.6982206230717,-47.368546228308674
28,A,2025,4,0.55307416616728,0.5751026336519572,-0.02202846748467724,507.4842810207495,570.1193998072029,-62.63511878645335
27,A,2025,4,0.5888196465372558,0.5774512964947617,0.011368350042494146,606.215589153333,631.7151372206748,-25.499548067341834
25,A,2025,4,0.5867375632481511,0.5629983440811737,0.02373921916697741,676.9026876969751,789.1854214642077,-112.28273376723257
21,A,2025,4,0.5656176813268702,0.5788589876681618,-0.013241306341291614,576.8364424234665,621.5758942561716,-44.739451832705186
23,A,2025,4,0.6070181033371339,0.5735772872407364,0.033440816096397485,709.4907616531762,831.6756801327349,-122.18491847955875
26,A,2025,4,0.5477176466348309,0.5569278808089793,-0.009210234174148346,524.1301210072692,592.6909513481587,-68.56083034088954
31,A,2025,4,0.5898578845618613,0.5893821642012579,0.0004757203606033933,602.3122230185375,695.3883730727514,-93.07615005421394
35,A,2025,4,0.5899753613308849,0.5900406158512127,-6.525452032779544e-05,667.402975708722,673.8697186110531,-6.466742902331134
34,A,2025,4,0.6167222858957687,0.5948705806999535,0.021851705195815252,762.4713837473171,727.5725236094592,34.89886013785792
37,A,2025,4,0.6050754795371058,0.6023774613954869,0.002698018141618963,683.0354038058504,833.533010090417,-150.4976062845666
33,A,2025,4,0.6003095837846074,0.5769727808837313,0.02333680290087614,639.9721378554701,665.9829310230813,-26.010793167611155
36,A,2025,4,0.6319783989540534,0.6203227980243009,0.011655600929752485,666.58482393507,877.9863588585017,-211.40153492343177
32,A,2025,4,0.598205347971146,0.571044016756271,0.027161331214874962,609.0512967129107,670.2923260847152,-61.24102937180453
57,B,2025,2,0.5506737678639896,0.5739001134332963,-0.023226345569306694,276.2110548601221,376.5577304029062,-100.34667554278411
53,B,2025,2,0.6185351082301026,0.6176071858614843,0.0009279223686182725,282.40698378761755,399.5107073748903,-117.10372358727273
54,B,2025,2,0.5756056821171778,0.5703723644135502,0.00523331770362756,292.06868542609,401.287028932554,-109.21834350646401
55,B,2025,2,0.6225292330812,0.6163592754309388,0.006169957650261182,300.1024761982043,404.0304381942941,-103.92796199608983
56,B,2025,2,0.6153490476593394,0.6242072038268034,-0.008858156167463993,314.98761326594894,413.0680489545157,-98.08043568856675
52,B,2025,2,0.6056426782130844,0.6073564576526104,-0.0017137794395259975,224.69327291534864,360.9724411513175,-136.27916823596888
51,B,2025,2,0.6187739638442773,0.6359377655041667,-0.0171638016598894,319.71584148674896,405.7263000799651,-86.01045859321613
12,B,2025,2,0.5878340376658286,0.6049687501461771,-0.01713471248034848,310.694748197216,411.9794110900765,-101.28466289286052
13,B,2025,2,0.505242537279134,0.5864635444781099,-0.08122100719897585,297.55402279038765,397.4760912423368,-99.92206845194914
11,B,2025,2,0.5610868252800411,0.5799092271241147,-0.01882240184407369,298.4600234196853,409.9352091721143,-111.47518575242901
44,B,2025,2,0.5851035798016473,0.5486768065062346,0.03642677329541266,308.29961802770106,455.2633029466824,-146.96368491898136
42,B,2025,2,0.658962959710449,0.6029489539565223,0.05601400575392679,324.851160631878,461.64445104624207,-136.7932904143641
45,B,2025,2,0.6185944766604748,0.6220479754459085,-0.003453498785433662,314.90417698755675,447.5296024557523,-132.62542546819554
43,B,2025,2,0.6122196255334347,0.5428995679856783,0.06932005754775639,356.4441697901805,522.1300409683338,-165.68587117815326
41,B,2025,2,0.618260611045337,0.5951146362825944,0.023145974762742605,330.4363081165338,458.42318605633886,-127.98687793980508
22,B,2025,2,0.6654608583830445,0.6359075812576838,0.02955327712536071,350.6103264046282,453.8242522898402,-103.213925885212
24,B,2025,2,0.6313267993748943,0.5941235451482738,0.03720325422662052,336.6665909277198,471.1706769969464,-134.50408606922656
28,B,2025,2,0.589219464747672,0.5983721946542578,-0.009152729906585888,297.43299304231624,408.27005595496064,-110.8370629126444
27,B,2025,2,0.5921841751376001,0.5709007415833539,0.021283433554246223,315.20540478680795,440.63969550551445,-125.4342907187065
25,B,2025,2,0.5893071284600712,0.5688025684225338,0.02050456003753731,337.3287451390389,516.943896955481,-179.6151518164421
21,B,2025,2,0.6231830668470862,0.6203796153210037,0.0028034515260825232,317.67324595080873,432.63538282979823,-114.9621368789895
23,B,2025,2,0.6090445648905845,0.5833068673749423,0.025737697515642144,373.355227658343,524.0032955979748,-150.6480679396318
26,B,2025,2,0.6039976810342896,0.5826339460452773,0.02136373498901234,311.124367800237,416.2885976938609,-105.16422989362388
31,B,2025,2,0.6393192175663879,0.6189242882136365,0.020394929352751334,289.7739537309532,460.09706221433385,-170.32310848338062
35,B,2025,2,0.6110266912352535,0.5741294347246438,0.03689725651060971,311.48466701222463,480.2031659931943,-168.71849898096968
34,B,2025,2,0.6543360431444094,0.5461900347560178,0.10814600838839161,339.0730284679632,512.990985194441,-173.91795672647783
37,B,2025,2,0.6820970528106842,0.6352042951318045,0.04689275767887968,323.2072601455891,504.1889195905493,-180.9816594449602
33,B,2025,2,0.6607544845375142,0.5984650200374774,0.062289464500036806,281.7545675137504,451.6406689591645,-169.8861014454141
36,B,2025,2,0.7172043234631137,0.6680329492098186,0.0491713742532951,337.50173365013256,512.9579687246933,-175.4562350745607
32,B,2025,2,0.6645416359951021,0.5994311316110301,0.06511050438407195,279.76334345327655,467.5523793824148,-187.78903592913827
57,B,2025,3,0.5734064611556678,0.5739001134332963,-0.0004936522776284313,371.5798073280185,376.5577304029062,-4.977923074887713
53,B,2025,3,0.6297544265009815,0.6176071858614843,0.012147240639497126,398.6235858706698,399.5107073748903,-0.8871215042204881
54,B,2025,3,0.5918468467428128,0.5703723644135502,0.021474482329262634,423.2826978260312,401.287028932554,21.995668893477216
55,B,2025,3,0.6412743241609195,0.6163592754309388,0.024915048729980627,404.4404137693746,404.0304381942941,0.4099755750804661
56,B,2025,3,0.6260732427730399,0.6242072038268034,0.0018660389462364924,428.7692148286239,413.0680489545157,15.701165874108199
52,B,2025,3,0.6293519787666081,0.6073564576526104,0.021995521113997718,336.2392510971733,360.9724411513175,-24.733190054144245
51,B,2025,3,0.6426253115742656,0.6359377655041667,0.006687546070098915,444.5734642505704,405.7263000799651,38.84716417060531
12,B,2025,3,0.5812376393436383,0.6049687501461771,-0.02373111080253887,421.0279831564672,411.9794110900765,9.048572066390705
13,B,2025,3,0.5236767720112261,0.5864635444781099,-0.0627867724668838,402.9239778140299,397.4760912423368,5.447886571693118
11,B,2025,3,0.559049887339747,0.5799092271241147,-0.020859339784367714,404.3430294171722,409.9352091721143,-5.592179754942094
44,B,2025,3,0.5361348949675442,0.5486768065062346,-0.012541911538690442,436.57472762810994,455.2633029466824,-18.688575318572475
42,B,2025,3,0.6214594777986501,0.6029489539565223,0.018510523842127813,472.2317697573908,461.64445104624207,10.587318711148725
45,B,2025,3,0.6062922570942164,0.6220479754459085,-0.015755718351692094,432.9729806675032,447.5296024557523,-14.556621788249117
43,B,2025,3,0.5397464179339241,0.5428995679856783,-0.0031531500517542055,535.1330456958312,522.1300409683338,13.003004727497455
41,B,2025,3,0.5891860961903918,0.5951146362825944,-0.005928540092202672,452.324165326968,458.42318605633886,-6.099020729370864
22,B,2025,3,0.6605368813377882,0.6359075812576838,0.024629300080104444,461.29545961236687,453.8242522898402,7.471207322526652
24,B,2025,3,0.6115479464258515,0.5941235451482738,0.017424401277577717,463.586541435581,471.1706769969464,-7.584135561365372
28,B,2025,3,0.5906112467186531,0.5983721946542578,-0.007760947935604778,395.614046855713,408.27005595496064,-12.656009099247626
27,B,2025,3,0.5712546776155497,0.5709007415833539,0.0003539360321958007,435.2678911728041,440.63969550551445,-5.371804332710326
25,B,2025,3,0.5602013400602958,0.5688025684225338,-0.00860122836223809,480.6082396656489,516.943896955481,-36.33565728983211
21,B,2025,3,0.6192956666935464,0.6203796153210037,-0.0010839486274573096,426.1403222672632,432.63538282979823,-6.495060562535059
23,B,2025,3,0.5662428750727613,0.5833068673749423,-0.01706399230218103,507.0482889103844,524.0032955979748,-16.955006687590412
26,B,2025,3,0.5790150428223857,0.5826339460452773,-0.0036189032228916007,403.4971376926395,416.2885976938609,-12.791460001221367
31,B,2025,3,0.6109667921347174,0.6189242882136365,-0.007957496078919157,392.88479591054977,460.09706221433385,-67.21226630378408
35,B,2025,3,0.5475551043175115,0.5741294347246438,-0.026574330407132307,465.4191748611429,480.2031659931943,-14.783991132051426
34,B,2025,3,0.5593689574545995,0.5461900347560178,0.013178922698581674,529.9602123835182,512.990985194441,16.969227189077174
37,B,2025,3,0.6642087121168784,0.6352042951318045,0.029004416985073833,459.93086696831193,504.1889195905493,-44.25805262223736
33,B,2025,3,0.6426500552161633,0.5984650200374774,0.04418503517868588,421.7504376827061,451.6406689591645,-29.890231276458394
36,B,2025,3,0.699854113689085,0.6680329492098186,0.03182116447926642,468.9828859846581,512.9579687246933,-43.97508274003519
32,B,2025,3,0.5848883131198803,0.5994311316110301,-0.0145428184911498,400.3727338174629,467.5523793824148,-67.1796455649519
57,B,2025,4,0.5683249971115452,0.5739001134332963,-0.005575116321751117,394.2020098146027,376.5577304029062,17.644279411696516
53,B,2025,4,0.6321175589607191,0.6176071858614843,0.014510373099234752,431.722160776909,399.5107073748903,32.21145340201872
54,B,2025,4,0.5787695619192437,0.5703723644135502,0.008397197505693454,441.4464693261922,401.287028932554,40.15944039363819
55,B,2025,4,0.6303540393177293,0.6163592754309388,0.01399476388679044,417.68194620463055,404.0304381942941,13.651508010336443
56,B,2025,4,0.6236424666428402,0.6242072038268034,-0.0005647371839632154,450.8798549406328,413.0680489545157,37.81180598611712
52,B,2025,4,0.629100079018727,0.6073564576526104,0.021743621366116628,361.2735637689414,360.9724411513175,0.30112261762388925
51,B,2025,4,0.6450277692909496,0.6359377655041667,0.00909000378678293,464.3702854242293,405.7263000799651,58.643985344264195
12,B,2025,4,0.5867964013811571,0.6049687501461771,-0.018172348765020052,449.2627480053768,411.9794110900765,37.28333691530031
13,B,2025,4,0.5262317928272325,0.5864635444781099,-0.06023175165087735,433.8275211119191,397.4760912423368,36.35142986958232
11,B,2025,4,0.5670226489414534,0.5799092271241147,-0.012886578182661368,435.5060917613678,409.9352091721143,25.57088258925353
44,B,2025,4,0.5652450808104301,0.5486768065062346,0.016568274304195496,490.1295739786804,455.2633029466824,34.866271031998
42,B,2025,4,0.6427737678507969,0.6029489539565223,0.03982481389427461,528.671921859884,461.64445104624207,67.02747081364197
45,B,2025,4,0.6320499274646065,0.6220479754459085,0.010001952018698024,468.7719740771609,447.5296024557523,21.24237162140861
43,B,2025,4,0.5520962134091465,0.5428995679856783,0.009196645423468208,613.4092050764582,522.1300409683338,91.2791641081244
41,B,2025,4,0.6155708929498297,0.5951146362825944,0.020456256667235273,493.3837298200637,458.42318605633886,34.96054376372484
22,B,2025,4,0.6535979662459604,0.6359075812576838,0.017690384988276686,482.72948961089065,453.8242522898402,28.905237321050436
24,B,2025,4,0.6214160754491689,0.5941235451482738,0.027292530300895068,485.874523702934,471.1706769969464,14.703846705987644
28,B,2025,4,0.5968508359670159,0.5983721946542578,-0.0015213586872419027,429.4901605299413,408.27005595496064,21.220104574980667
27,B,2025,4,0.5956631142334228,0.5709007415833539,0.024762372650068865,483.2627756428406,440.63969550551445,42.623080137326156
25,B,2025,4,0.5833221087534202,0.5688025684225338,0.014519540330886316,523.3915418615267,516.943896955481,6.447644906045639
21,B,2025,4,0.6227142194696205,0.6203796153210037,0.002334604148616748,455.35812204106446,432.63538282979823,22.72273921126623
23,B,2025,4,0.5955370241088978,0.5833068673749423,0.012230156733955444,531.0719298562578,524.0032955979748,7.068634258283055
26,B,2025,4,0.5904481686456338,0.5826339460452773,0.007814222600356469,438.1815598474138,416.2885976938609,21.8929621535529
31,B,2025,4,0.633885165739622,0.6189242882136365,0.014960877525985405,453.0260349975037,460.09706221433385,-7.071027216830146
35,B,2025,4,0.5776755169320568,0.5741294347246438,0.003546082207412926,538.2393108402382,480.2031659931943,58.036144847043886
34,B,2025,4,0.5839794882379676,0.5461900347560178,0.03778945348194984,617.1920573151044,512.990985194441,104.20107212066341
37,B,2025,4,0.682758777345598,0.6352042951318045,0.047554482213793436,508.0127464164036,504.1889195905493,3.8238268258543258
33,B,2025,4,0.6562823084382383,0.5984650200374774,0.05781728840076095,510.2098332998893,451.6406689591645,58.5691643407248
36,B,2025,4,0.7077284837116533,0.6680329492098186,0.03969553450183472,506.5474077994352,512.9579687246933,-6.410560925258096
32,B,2025,4,0.6156177954504988,0.5994311316110301,0.01618666383946865,485.8454711716796,467.5523793824148,18.293091789264793
