crop,district_code,improved_seed,inorganic_fert,organic_fert,irrigated,mean_yield_kg_ha,ci_low,ci_high,n_plots,reliability
maize,11.0,False,False,False,False,693.5032805691425,632.6291280540443,752.1726812539387,15,suppressed
maize,11.0,False,False,False,True,695.2046880726007,633.4992883973786,754.3880040005962,15,suppressed
maize,11.0,False,False,True,False,724.2456717772217,660.2972675798278,786.8420944240617,15,suppressed
maize,11.0,False,False,True,True,726.0262732792414,661.2079305522137,789.1605319542473,15,suppressed
maize,11.0,False,True,False,False,1095.0532900817393,991.2993017610074,1209.770123506456,15,suppressed
maize,11.0,False,True,False,True,1097.7431693864396,992.9023683135,1213.4347351374217,15,suppressed
maize,11.0,False,True,True,False,1123.915166152033,1016.7135589516699,1243.3622794817595,15,suppressed
maize,11.0,False,True,True,True,1126.6814340194264,1018.3621502047065,1247.4309922244292,15,suppressed
maize,11.0,True,False,False,False,870.4872340976614,804.7157566077262,944.8307633372302,15,suppressed
maize,11.0,True,False,False,True,872.6173837840394,806.0374138996091,947.5053423415578,15,suppressed
maize,11.0,True,False,True,False,909.1661210167653,839.6101479496057,988.8090142621699,15,suppressed
maize,11.0,True,False,True,True,911.3954210071449,840.7996898053177,991.6080846686987,15,suppressed
maize,11.0,True,True,False,False,1424.2440619993054,1298.5169982676007,1567.930482471841,15,suppressed
maize,11.0,True,True,False,True,1427.7365594938742,1300.6708207186023,1573.1679849345994,15,suppressed
maize,11.0,True,True,True,False,1461.9427985106709,1331.5773646641321,1611.5491496969903,15,suppressed
maize,11.0,True,True,True,True,1465.534477728135,1333.7923524622336,1616.7909101562593,15,suppressed
maize,12.0,False,False,False,False,724.7012385141544,701.7460953469423,747.4124279345667,125,ok
maize,12.0,False,False,False,True,726.9511899681855,703.4877299302619,749.7277711957506,125,ok
maize,12.0,False,False,True,False,753.4700755943918,729.1849742055059,776.7407682518383,125,ok
maize,12.0,False,False,True,True,755.819165279363,731.0692396573478,779.1571000014596,125,ok
maize,12.0,False,True,False,False,1066.2821697028999,1019.0975581795153,1106.527645934391,125,ok
maize,12.0,False,True,False,True,1069.705018367418,1022.0403619113971,1110.125594945685,125,ok
maize,12.0,False,True,True,False,1089.5858284029134,1041.1097581860176,1130.5530406719442,125,ok
maize,12.0,False,True,True,True,1093.0972841665237,1044.1296879059985,1134.2417270192266,125,ok
maize,12.0,True,False,False,False,812.9401775829399,786.3976135933816,839.096274515001,125,ok
maize,12.0,True,False,False,True,815.5102338406555,788.5697589164024,842.0200794415509,125,ok
maize,12.0,True,False,True,False,845.2832879203129,817.4045730840828,872.5763430294188,125,ok
maize,12.0,True,False,True,True,847.9665769742846,819.7250579862659,875.6278204781034,125,ok
maize,12.0,True,True,False,False,1204.9406784795374,1150.4182177521018,1252.9379434100806,125,ok
maize,12.0,True,True,False,True,1208.8869034034471,1153.8142722821567,1257.5632724209106,125,ok
maize,12.0,True,True,True,False,1231.3974739551509,1175.3881417181278,1280.783938424476,125,ok
maize,12.0,True,True,True,True,1235.4458372408471,1178.873200835944,1285.5392125191725,125,ok
maize,13.0,False,False,False,False,832.7043604665038,811.7338483347908,852.66820122218,92,ok
maize,13.0,False,False,False,True,835.8816442234084,814.4463706695745,856.2486990053835,92,ok
maize,13.0,False,False,True,False,851.3720632585449,829.6144565465871,871.9967721253493,92,ok
maize,13.0,False,False,True,True,854.6257889838214,832.3922391987954,875.663412764917,92,ok
maize,13.0,False,True,False,False,1246.07173744042,1193.9885862219337,1292.9850968397925,92,ok
maize,13.0,False,True,False,True,1251.101754233743,1198.2516301113676,1298.681834321553,92,ok
maize,13.0,False,True,True,False,1252.1460780575037,1199.3681059651974,1299.588782227855,92,ok
maize,13.0,False,True,True,True,1257.2077899319206,1203.6580120953229,1305.3214159230631,92,ok
maize,13.0,True,False,False,False,1016.8328833799708,988.2730400910145,1043.5916295132433,92,ok
maize,13.0,True,False,False,True,1020.7936681179915,991.6665679727174,1048.081794667967,92,ok
maize,13.0,True,False,True,False,1039.6990429544453,1010.1182014043121,1067.5052309795317,92,ok
maize,13.0,True,False,True,True,1043.755119836586,1013.5573001908353,1072.10342459158,92,ok
maize,13.0,True,True,False,False,1577.4400626855931,1506.1931220353667,1643.6087841285334,92,ok
maize,13.0,True,True,False,True,1583.9411670820305,1511.7217130870456,1650.9772367495048,92,ok
maize,13.0,True,True,True,False,1585.2444008922466,1513.103477822578,1652.3702512742823,92,ok
maize,13.0,True,True,True,True,1591.7864699692234,1518.666905565449,1659.785133899955,92,ok
maize,21.0,False,False,False,False,765.6404706022132,742.7691170082951,782.8384538569017,93,ok
maize,21.0,False,False,False,True,768.64919421758,745.441102405117,786.0829390799281,93,ok
maize,21.0,False,False,True,False,798.3360315283899,774.5077454257716,816.5021710957905,93,ok
maize,21.0,False,False,True,True,801.482747052962,777.3025225169162,819.8955245851007,93,ok
maize,21.0,False,True,False,False,1138.1313424299776,1098.5898015211653,1166.7524840389328,93,ok
maize,21.0,False,True,False,True,1142.714991684481,1102.9849159040925,1171.552383439211,93,ok
maize,21.0,False,True,True,False,1166.3813421772809,1125.6882271693548,1195.7508444757095,93,ok
maize,21.0,False,True,True,True,1171.0920144220509,1130.2047189611762,1200.7159271046373,93,ok
maize,21.0,True,False,False,False,862.7627161505486,836.7579800468664,881.9475872270526,93,ok
maize,21.0,True,False,False,True,866.1758399653523,840.0242781365126,885.6254721984177,93,ok
maize,21.0,True,False,True,False,899.6712281256767,872.3955843368062,920.0809884700022,93,ok
maize,21.0,True,False,True,True,903.2408760607807,875.8113646762897,924.0033711048253,93,ok
maize,21.0,True,True,False,False,1293.11948648703,1246.9498148249118,1327.124287105788,93,ok
maize,21.0,True,True,False,True,1298.368744929397,1251.9176142050574,1333.044441501449,93,ok
maize,21.0,True,True,True,False,1325.3277509291822,1277.7982677262887,1360.9889928215532,93,ok
maize,21.0,True,True,True,True,1330.7224543000025,1282.9032944501287,1367.0739855327815,93,ok
maize,22.0,False,False,False,False,734.1710121764185,693.5552968637239,774.2584847025599,38,ok
maize,22.0,False,False,False,True,738.3259081328878,697.3692736268625,778.9068300955616,38,ok
maize,22.0,False,False,True,False,767.6100602396093,725.0592256371395,809.9672892323433,38,ok
maize,22.0,False,False,True,True,771.9583506790179,729.0507284013569,814.8319972883867,38,ok
maize,22.0,False,True,False,False,1096.7278842538385,1025.568885619589,1167.6228048407593,38,ok
maize,22.0,False,True,False,True,1102.999163640194,1031.2373915126693,1174.6358942938596,38,ok
maize,22.0,False,True,True,False,1126.9165176989839,1053.667847586804,1200.3415951275438,38,ok
maize,22.0,False,True,True,True,1133.3658920718822,1059.497330597718,1207.5538458673327,38,ok
maize,22.0,True,False,False,False,841.3023777388161,795.078215898804,888.5808038320157,38,ok
maize,22.0,True,False,False,True,846.0810586955299,799.6281453628891,893.9234027764866,38,ok
maize,22.0,True,False,True,False,879.6631412386266,831.0422788256914,929.5829956172403,38,ok
maize,22.0,True,False,True,True,884.6642514793557,835.8039900685105,935.1742720668142,38,ok
maize,22.0,True,True,False,False,1268.5396589788033,1190.319528685321,1352.5211951865094,38,ok
maize,22.0,True,True,False,True,1275.8206112607897,1197.2057185501537,1360.6579070726405,38,ok
maize,22.0,True,True,True,False,1303.521372467818,1222.7416949885803,1390.4532990503376,38,ok
maize,22.0,True,True,True,True,1311.0090929415546,1229.8234423809529,1398.8384100092942,38,ok
maize,23.0,False,False,False,False,776.6316380417869,750.7410026068154,794.5188017031232,145,ok
maize,23.0,False,False,False,True,780.8877394649561,754.7499262013664,798.7653183552268,145,ok
maize,23.0,False,False,True,False,789.4034133217361,763.2474108665937,807.5192503841984,145,ok
maize,23.0,False,False,True,True,793.7286402804598,767.3225372485706,811.833989803814,145,ok
maize,23.0,False,True,False,False,1108.4689060253838,1064.3482798618236,1139.1960979854932,145,ok
maize,23.0,False,True,False,True,1114.571327772903,1070.0659700110366,1145.3104100888277,145,ok
maize,23.0,False,True,True,False,1126.6498037240876,1082.1353050662597,1157.7904724379769,145,ok
maize,23.0,False,True,True,True,1132.8510148480104,1087.9466665202756,1164.002691298254,145,ok
maize,23.0,True,False,False,False,830.3107103498448,800.7552593103376,851.1265063838551,145,ok
maize,23.0,True,False,False,True,834.8584229191351,805.0346976824836,855.6714110455035,145,ok
maize,23.0,True,False,True,False,843.9603016296719,814.1761459074196,865.0257255502233,145,ok
maize,23.0,True,False,True,True,848.5818334041367,818.5259024458362,869.6435158252168,145,ok
maize,23.0,True,True,False,False,1196.3610094806568,1147.4632691036384,1231.9979376942056,145,ok
maize,23.0,True,True,False,True,1202.943969146237,1153.6147414794502,1238.6045780669515,145,ok
maize,23.0,True,True,True,False,1215.9765190336147,1166.6406404358825,1252.0682503032451,145,ok
maize,23.0,True,True,True,True,1222.665984603207,1172.8928461004296,1258.7804867796283,145,ok
maize,24.0,False,False,False,False,774.5002613837838,748.9674468827308,801.4302527841752,63,ok
maize,24.0,False,False,False,True,778.617981333667,752.9516194220165,805.6784739549602,63,ok
maize,24.0,False,False,True,False,809.7860610055087,782.8974903534468,838.2767529277911,63,ok
maize,24.0,False,False,True,True,814.0948765752348,787.0654623137485,842.7221440500997,63,ok
maize,24.0,False,True,False,False,1160.379172038575,1115.077506467926,1211.2749655106982,63,ok
maize,24.0,False,True,False,True,1166.5989287589168,1121.0020541466474,1217.744668701701,63,ok
maize,24.0,False,True,True,False,1192.3114932864303,1145.516319549451,1245.0868247263077,63,ok
maize,24.0,False,True,True,True,1198.7069980429337,1151.6082317675937,1251.7393740606665,63,ok
maize,24.0,True,False,False,False,884.3803696830698,858.0029938934254,916.0601922641252,63,ok
maize,24.0,True,False,False,True,889.0915568491018,862.3861753790882,920.9941758488075,63,ok
maize,24.0,True,False,True,False,924.6807917805933,897.1521354198001,958.0868041232978,63,ok
maize,24.0,True,False,True,True,929.6106151945609,901.543279108443,963.2468515155712,63,ok
maize,24.0,True,True,False,False,1336.6017370529644,1286.1813154939803,1397.0589598165195,63,ok
maize,24.0,True,True,False,True,1343.7837775113244,1292.4626589946272,1404.55054848716,63,ok
maize,24.0,True,True,True,False,1373.4037210241884,1320.5810033511,1436.0748059180135,63,ok
maize,24.0,True,True,True,True,1380.7886982334107,1327.0386315344358,1443.77812204733,63,ok
maize,25.0,False,False,False,False,651.2649415792836,629.3727657463309,673.3447034604318,121,ok
maize,25.0,False,False,False,True,654.5193353372777,632.4896641505532,676.8820730087577,121,ok
maize,25.0,False,False,True,False,662.5085342224653,640.0025583433353,685.3452912422913,121,ok
maize,25.0,False,False,True,True,665.8227007803373,643.1769630864655,688.94753957284,121,ok
maize,25.0,False,True,False,False,907.4771332418335,870.3941684454799,948.5013932285881,121,ok
maize,25.0,False,True,False,True,912.0441974576761,874.7435248313003,953.4923566726168,121,ok
maize,25.0,False,True,True,False,923.2482055582338,885.2296270200977,965.450929535905,121,ok
maize,25.0,False,True,True,True,927.8991287767784,889.6590423851931,970.5334017197944,121,ok
maize,25.0,True,False,False,False,694.0864939548622,670.2425839534353,718.3453714133027,121,ok
maize,25.0,True,False,False,True,697.5636052757372,673.56415710025,721.9670597949339,121,ok
maize,25.0,True,False,True,False,706.0872344811522,681.5790727161514,730.8623414904758,121,ok
maize,25.0,True,False,True,True,709.6282067156122,684.9619284222017,734.549975605864,121,ok
maize,25.0,True,True,False,False,975.9594434025094,934.1158238602696,1019.7390028156608,121,ok
maize,25.0,True,True,False,True,980.8853997197564,938.5194775813251,1025.1171207552932,121,ok
maize,25.0,True,True,True,False,992.9506173841397,949.7579167227024,1037.962407372959,121,ok
maize,25.0,True,True,True,True,997.9670187914377,954.2424010297747,1043.4390608057274,121,ok
maize,26.0,False,False,False,False,767.8413254431706,748.4635868872944,786.2375379293676,109,ok
maize,26.0,False,False,False,True,770.8440787073051,751.3545675946859,789.6307110268779,109,ok
maize,26.0,False,False,True,False,801.424084373987,781.101317099993,820.4853559923099,109,ok
maize,26.0,False,False,True,True,804.56185769124,784.123483591805,824.030583618533,109,ok
maize,26.0,False,True,False,False,1158.4822022114804,1118.4892097083073,1193.4146790507348,109,ok
maize,26.0,False,True,False,True,1163.049264274833,1122.8800449422997,1198.6032444896925,109,ok
maize,26.0,False,True,True,False,1188.2810591139184,1147.14122446665,1223.8985159833596,109,ok
maize,26.0,False,True,True,True,1192.9705505084426,1151.6673344297274,1229.2253961386564,109,ok
maize,26.0,True,False,False,False,874.6481152041711,850.7023283322487,895.6989661147298,109,ok
maize,26.0,True,False,False,True,878.0876722781401,853.960475233014,899.5854224904517,109,ok
maize,26.0,True,False,True,False,912.9300093236111,887.8579943593353,934.8269243218652,109,ok
maize,26.0,True,False,True,True,916.5242090390578,891.3238820419815,938.805487341177,109,ok
maize,26.0,True,True,False,False,1331.7401203059258,1282.9163452960051,1372.2270021850015,109,ok
maize,26.0,True,True,False,True,1337.020417608113,1288.1884184900018,1378.2219419334542,109,ok
maize,26.0,True,True,True,False,1366.0404561166558,1315.637246165463,1407.484998466616,109,ok
maize,26.0,True,True,True,True,1371.4622727381698,1320.884142758661,1413.4758542769418,109,ok
maize,27.0,False,False,False,False,744.3305764694916,720.4409470593723,773.0758006189446,74,ok
maize,27.0,False,False,False,True,747.9362446004476,723.8390400136327,777.181694414306,74,ok
maize,27.0,False,False,True,False,775.8674773250771,751.0843976997379,806.1252516907037,74,ok
maize,27.0,False,False,True,True,779.6351008648493,754.6355202502717,810.4144234011306,74,ok
maize,27.0,False,True,False,False,1099.3324083423415,1056.1834123657886,1150.7999884361122,74,ok
maize,27.0,False,True,False,True,1104.8220611633058,1060.8874726440663,1156.8912408202798,74,ok
maize,27.0,False,True,True,False,1126.3038268257694,1081.8478724544568,1178.8953860474785,74,ok
maize,27.0,False,True,True,True,1131.9403483839615,1086.6800222768586,1185.1472002317994,74,ok
maize,27.0,True,False,False,False,839.1763917943905,809.4977192266518,871.4890255799884,74,ok
maize,27.0,True,False,False,True,843.2681683695298,813.0228790222811,875.9678097350593,74,ok
maize,27.0,True,False,True,False,874.7935255398957,843.698952367696,908.4172080984725,74,ok
maize,27.0,True,False,True,True,879.0691125537635,847.3840798027446,913.095378758661,74,ok
maize,27.0,True,True,False,False,1249.9809339158317,1195.320459306706,1308.812347433694,74,ok
maize,27.0,True,True,False,True,1256.2691816210242,1200.7208536254589,1315.8738014844362,74,ok
maize,27.0,True,True,True,False,1280.7516582627486,1224.566317158274,1341.1937999106535,74,ok
maize,27.0,True,True,True,True,1287.2081701164416,1230.113673983106,1348.4680355509447,74,ok
maize,28.0,False,False,False,False,772.7220783622149,751.2689336412243,796.1731067478365,97,ok
maize,28.0,False,False,False,True,774.9792798775111,753.427006718216,798.40448359409,97,ok
maize,28.0,False,False,True,False,803.7924044937696,781.7520543126019,828.0583362533941,97,ok
maize,28.0,False,False,True,True,806.1495971577949,784.0060611423584,830.3689835688322,97,ok
maize,28.0,False,True,False,False,1145.20783687524,1106.0641442245974,1188.5173056847902,97,ok
maize,28.0,False,True,False,True,1148.6495750510721,1109.5152910948602,1192.2331358407232,97,ok
maize,28.0,False,True,True,False,1170.7792077914771,1130.719498901044,1215.3068758136462,97,ok
maize,28.0,False,True,True,True,1174.3108255914435,1134.2617573849316,1219.1184104680617,97,ok
maize,28.0,True,False,False,False,869.0999560218884,845.737642013777,895.8233584149895,97,ok
maize,28.0,True,False,False,True,871.6828693795269,848.2137357240417,898.6244377387751,97,ok
maize,28.0,True,False,True,False,904.1255310826232,880.1272403748096,932.1385766061662,97,ok
maize,28.0,True,False,True,True,906.8228643454665,882.7134332499496,935.0422809802404,97,ok
maize,28.0,True,True,False,False,1296.753937577829,1251.8073876286626,1349.6748479553285,97,ok
maize,28.0,True,True,False,True,1300.7284205130181,1255.4128622447527,1354.471247111151,97,ok
maize,28.0,True,True,True,False,1325.8445000638835,1279.4946758131357,1380.7282205075098,97,ok
maize,28.0,True,True,True,True,1329.9227715139411,1283.1533973576818,1385.6471011304495,97,ok
maize,31.0,False,False,False,False,681.8525261387515,666.7987743898923,696.8385130218924,190,ok
maize,31.0,False,False,False,True,685.2835730289037,670.1174612620681,700.3645772198641,190,ok
maize,31.0,False,False,True,False,713.0916704018217,697.2085143639035,728.6368353750648,190,ok
maize,31.0,False,False,True,True,716.6822433468885,700.6815897775731,732.3248802038763,190,ok
maize,31.0,False,True,False,False,999.0315409372083,972.0053902219678,1023.6374420040898,190,ok
maize,31.0,False,True,False,True,1004.0763039654638,976.8971874996043,1028.813413238786,190,ok
maize,31.0,False,True,True,False,1026.755803028206,998.8068369859584,1051.8774932087415,190,ok
maize,31.0,False,True,True,True,1031.9435599911278,1003.8283836864192,1057.1999281708022,190,ok
maize,31.0,True,False,False,False,780.3448359474241,762.9470839008899,797.3230599468691,190,ok
maize,31.0,True,False,False,True,784.2827253636752,766.7809057192425,801.3512787574441,190,ok
maize,31.0,True,False,True,False,816.1106644499872,797.8546602051991,833.7299602275938,190,ok
maize,31.0,True,False,True,True,820.231647751862,801.90270575127,837.9452876250779,190,ok
maize,31.0,True,True,False,False,1153.5285099323844,1122.837392301128,1181.609122024936,190,ok
maize,31.0,True,True,False,True,1159.3714791113418,1128.6166431292281,1187.6079470348848,190,ok
maize,31.0,True,True,True,False,1185.5648590395792,1153.9490291310858,1214.2416782387945,190,ok
maize,31.0,True,True,True,True,1191.573450694412,1159.979790755686,1220.4102581156392,190,ok
maize,32.0,False,False,False,False,676.2538692727516,665.9119706139879,685.2225094134418,420,ok
maize,32.0,False,False,False,True,679.4250286275447,669.0318647702597,688.381307804237,420,ok
maize,32.0,False,False,True,False,694.4718341653737,683.9662642830641,703.7213707053486,420,ok
maize,32.0,False,False,True,True,697.7322479797815,687.1556793882775,706.9692660728497,420,ok
maize,32.0,False,True,False,False,891.0649817816852,874.2844969216945,904.8237849627919,420,ok
maize,32.0,False,True,False,True,895.2821027003089,878.3300437799014,908.998528000313,420,ok
maize,32.0,False,True,True,False,915.173114438728,897.7791993870629,929.3901752389235,420,ok
maize,32.0,False,True,True,True,919.5089258242637,901.9527726961336,933.6875330654719,420,ok
maize,32.0,True,False,False,False,757.5327338623282,746.0966606642239,768.0685243736431,420,ok
maize,32.0,True,False,False,True,761.0972599127879,749.6019749544557,771.6619298172294,420,ok
maize,32.0,True,False,True,False,777.969358351886,766.3469171395808,788.8112843180699,420,ok
maize,32.0,True,False,True,True,781.6341997559111,769.9480441368082,792.505776562193,420,ok
maize,32.0,True,True,False,False,1007.0686535455405,987.8898987099078,1022.2187140643221,420,ok
maize,32.0,True,True,False,True,1011.8533825355447,992.4966694720368,1027.0353912297746,420,ok
maize,32.0,True,True,True,False,1034.3598633180513,1014.4898910412593,1050.031852629101,420,ok
maize,32.0,True,True,True,True,1039.2792435679605,1019.2263127449897,1054.969192744426,420,ok
maize,33.0,False,False,False,False,877.576389409487,867.7999997411474,891.1490555136488,275,ok
maize,33.0,False,False,False,True,880.7257304102827,870.753561951899,894.5207752093909,275,ok
maize,33.0,False,False,True,False,881.6190417075974,871.6599884766599,895.5254289888596,275,ok
maize,33.0,False,False,True,True,884.7882272978876,874.6321616379577,898.9169772537631,275,ok
maize,33.0,False,True,False,False,1175.7769402904655,1152.8031704266596,1205.0451040018602,275,ok
maize,33.0,False,True,False,True,1180.1959193946948,1156.9533563004213,1209.6560953709516,275,ok
maize,33.0,False,True,True,False,1181.3808997786816,1158.0325072462147,1211.0403122980886,275,ok
maize,33.0,False,True,True,True,1185.827723700695,1162.2088442211023,1215.6803583903297,275,ok
maize,33.0,True,False,False,False,1073.0364601604929,1058.1056902101477,1091.7250332460972,275,ok
maize,33.0,True,False,False,True,1077.0092031146685,1061.8381045927101,1096.161631668167,275,ok
maize,33.0,True,False,True,False,1078.076633102011,1062.8595741326942,1097.1833558420735,275,ok
maize,33.0,True,False,True,True,1082.0744090561295,1066.6128731671527,1101.6479101045604,275,ok
maize,33.0,True,True,False,False,1490.3978737580078,1456.1306938935459,1530.6164899251307,275,ok
maize,33.0,True,True,False,True,1496.176764985899,1461.4218035573983,1537.0450041729641,275,ok
maize,33.0,True,True,True,False,1497.6430314402749,1462.788232343777,1538.3942822017657,275,ok
maize,33.0,True,True,True,True,1503.4583365478065,1468.185304343252,1544.8633037259704,275,ok
maize,34.0,False,False,False,False,666.2477083441252,652.5340392780353,679.3360258208824,255,ok
maize,34.0,False,False,False,True,668.7135055648146,654.9759631950362,681.9079066179075,255,ok
maize,34.0,False,False,True,False,682.2579744024923,668.162680504015,695.6454580460634,255,ok
maize,34.0,False,False,True,True,684.7901838765874,670.6659620552556,698.3065145999501,255,ok
maize,34.0,False,True,False,False,908.1766562348822,888.4277362913004,928.9929326992991,255,ok
maize,34.0,False,True,False,True,911.6368700810432,891.8338988607311,932.6437659344441,255,ok
maize,34.0,False,True,True,False,930.2415770112021,910.0415476029946,951.7471420243783,255,ok
maize,34.0,False,True,True,True,933.7949625560354,913.5389697718132,955.4969667089506,255,ok
maize,34.0,True,False,False,False,740.4407178099301,725.7839850929178,755.5937607348416,255,ok
maize,34.0,True,False,False,True,743.2077768714274,728.525642293003,758.4526811708648,255,ok
maize,34.0,True,False,True,False,758.2966234752607,743.2295144759817,774.0706392740838,255,ok
maize,34.0,True,False,True,True,761.1382115911907,746.044371954782,777.1107675262756,255,ok
maize,34.0,True,True,False,False,1017.6018853889565,997.200233843919,1043.3403918472482,255,ok
maize,34.0,True,True,False,True,1021.5210849723414,1000.9026566742552,1047.6871270581241,255,ok
maize,34.0,True,True,True,False,1042.4244261040947,1021.2569676139555,1069.302499991161,255,ok
maize,34.0,True,True,True,True,1046.4491603974343,1025.031588948706,1073.7679316198225,255,ok
maize,35.0,False,False,False,False,555.3242751818449,544.4983142954726,567.9802729448953,287,ok
maize,35.0,False,False,False,True,556.996226967496,545.9312188008458,569.7086063658625,287,ok
maize,35.0,False,False,True,False,572.6062224725869,561.2239907568085,585.8204461885235,287,ok
maize,35.0,False,False,True,True,574.3390700174552,562.7090844511816,587.6117288983119,287,ok
maize,35.0,False,True,False,False,768.8315326795008,749.822492404971,790.5786054073382,287,ok
maize,35.0,False,True,False,True,771.2695641760507,751.9030268391849,793.1065922312966,287,ok
maize,35.0,False,True,True,False,779.3112912149727,759.7461800145234,801.620016189206,287,ok
maize,35.0,False,True,True,True,781.7943040510872,761.865100017584,804.2449021760792,287,ok
maize,35.0,True,False,False,False,592.1169155643292,579.6809516051812,606.454601458241,287,ok
maize,35.0,True,False,False,True,593.9245886966089,581.2966179696185,608.3227804917412,287,ok
maize,35.0,True,False,True,False,610.6138091504118,597.5449841966977,625.5821480895887,287,ok
maize,35.0,True,False,True,True,612.4873212792173,599.2194962950542,627.5183698630619,287,ok
maize,35.0,True,True,False,False,825.7642782500187,803.9759079611889,850.9766462719574,287,ok
maize,35.0,True,True,False,True,828.4255347237415,806.3496823609606,853.839402066012,287,ok
maize,35.0,True,True,True,False,837.136828558774,814.7228543711752,862.9221561139213,287,ok
maize,35.0,True,True,True,True,839.8471848416184,817.140424576078,865.8377293513296,287,ok
maize,36.0,False,False,False,False,687.296617047753,667.5515101106173,710.3154272519449,73,ok
maize,36.0,False,False,False,True,690.9978028472528,671.3043893233933,714.300139865375,73,ok
maize,36.0,False,False,True,False,706.3153595832575,686.047994990134,730.1022301985677,73,ok
maize,36.0,False,False,True,True,710.1201757648727,689.6709287160023,734.1990938608133,73,ok
maize,36.0,False,True,False,False,962.4704414364212,926.936802583851,999.222968769384,73,ok
maize,36.0,False,True,False,True,967.6351455310732,932.1514317077925,1004.8706934704343,73,ok
maize,36.0,False,True,True,False,989.0881021252045,952.6410760142253,1026.818886360251,73,ok
maize,36.0,False,True,True,True,994.3973957386003,958.0010628841552,1032.5135212453943,73,ok
maize,36.0,True,False,False,False,779.1929215881974,756.8042768189226,806.585769560774,73,ok
maize,36.0,True,False,False,True,783.3906679414598,760.8432449813971,810.9596104620088,73,ok
maize,36.0,True,False,True,False,800.7655847382506,777.7133321761651,828.9696832513525,73,ok
maize,36.0,True,False,True,True,805.0809004619373,781.8652266866192,833.5649085360383,73,ok
maize,36.0,True,True,False,False,1101.4622661482535,1061.8713592626868,1144.7776257796158,73,ok
maize,36.0,True,True,False,True,1107.3755934117455,1067.8432887468452,1151.1068767219404,73,ok
maize,36.0,True,True,True,False,1131.9398881511547,1091.3247257960782,1176.4250627698468,73,ok
maize,36.0,True,True,True,True,1138.018814192138,1097.4631668035845,1182.922696429124,73,ok
maize,37.0,False,False,False,False,750.7614858968303,730.9173393543215,769.9852951306444,199,ok
maize,37.0,False,False,False,True,755.032994704121,734.9979287462576,774.2173355458946,199,ok
maize,37.0,False,False,True,False,770.4208114058418,750.1043919484168,789.9492871897099,199,ok
maize,37.0,False,False,True,True,774.8049949920095,754.3209415395628,794.2920951050733,199,ok
maize,37.0,False,True,False,False,1065.2128200498582,1030.9781555573172,1098.4730707011863,199,ok
maize,37.0,False,True,False,True,1071.284267405588,1036.733939833207,1104.5116514885467,199,ok
maize,37.0,False,True,True,False,1093.0528044216348,1057.9953797756525,1126.908920683987,199,ok
maize,37.0,False,True,True,True,1099.2839554356483,1063.9039245164413,1133.1050810253132,199,ok
maize,37.0,True,False,False,False,846.1128894779184,824.721514925013,867.3447634046528,199,ok
maize,37.0,True,False,False,True,850.9339567865512,829.3397548534463,872.3054920815049,199,ok
maize,37.0,True,False,True,False,868.2872728775775,846.4655072785488,889.7691043358531,199,ok
maize,37.0,True,False,True,True,873.2355782003639,851.206696716342,894.8589700163692,199,ok
maize,37.0,True,True,False,False,1211.4429426269635,1173.7485355296867,1247.2427020377077,199,ok
maize,37.0,True,True,False,True,1218.3584815358643,1180.330596530324,1254.1305011849806,199,ok
maize,37.0,True,True,True,False,1243.132086300022,1204.6510211902366,1279.5551464748735,199,ok
maize,37.0,True,True,True,True,1250.2296300396854,1211.4078801959647,1286.6227901935943,199,ok
maize,41.0,False,False,False,False,758.3889799131348,743.0516842356453,777.361398847442,186,ok
maize,41.0,False,False,False,True,761.7610977392507,746.5176512614723,780.650307605573,186,ok
maize,41.0,False,False,True,False,791.9420663898585,776.1032235327817,811.6280353576559,186,ok
maize,41.0,False,False,True,True,795.4697157644268,779.7290128949404,815.0686895558945,186,ok
maize,41.0,False,True,False,False,1119.271351246791,1090.2577350093256,1152.3057199372022,186,ok
maize,41.0,False,True,False,True,1124.3354851039733,1095.1566917551863,1157.5607743973196,186,ok
maize,41.0,False,True,True,False,1148.7255431535523,1118.9742565914298,1182.779086781336,186,ok
maize,41.0,False,True,True,True,1153.9313578317065,1124.101511437829,1188.1813460772744,186,ok
maize,41.0,True,False,False,False,842.0583966703606,825.5020440058966,861.7318297808099,186,ok
maize,41.0,True,False,False,True,845.8235755352431,829.2061782693113,865.7563601359618,186,ok
maize,41.0,True,False,True,False,879.3568689392264,862.0580420714459,900.1726769980572,186,ok
maize,41.0,True,False,True,True,883.2956942206106,865.9108897026605,904.383216248055,186,ok
maize,41.0,True,True,False,False,1253.4368694626767,1221.163096210386,1290.7502791039358,186,ok
maize,41.0,True,True,False,True,1259.1438045554426,1226.7023467403278,1296.4010846988003,186,ok
maize,41.0,True,True,True,False,1286.4949068039236,1253.3271798439832,1324.7269319384354,186,ok
maize,41.0,True,True,True,True,1292.3614849957396,1259.0215331619856,1330.5358323754792,186,ok
maize,42.0,False,False,False,False,723.5477470313986,715.5034247100414,731.6519693263256,562,ok
maize,42.0,False,False,False,True,727.2910520741768,719.1956858668793,735.3987267604168,562,ok
maize,42.0,False,False,True,False,755.6139607481979,747.2298562943408,763.9558154298694,562,ok
maize,42.0,False,False,True,True,759.5237022115174,751.0585250617755,767.8686709500051,562,ok
maize,42.0,False,True,False,False,1080.827862267338,1065.551046130202,1095.028009777341,562,ok
maize,42.0,False,True,False,True,1086.4326272645856,1071.0308794490682,1100.746182088033,562,ok
maize,42.0,False,True,True,False,1109.1495953273477,1093.4699055071583,1123.6205773041827,562,ok
maize,42.0,False,True,True,True,1114.9018446107034,1099.0943334090014,1129.5413416162996,562,ok
maize,42.0,True,False,False,False,818.4386151647908,809.462297407492,826.4561226552083,562,ok
maize,42.0,True,False,False,True,822.6820546025145,813.6667283150944,830.8430424751789,562,ok
maize,42.0,True,False,True,False,854.7215642095517,845.3833452120878,863.066496273335,562,ok
maize,42.0,True,False,True,True,859.1536937538715,849.8009755978362,867.6481131033348,562,ok
maize,42.0,True,True,False,False,1233.6750374426429,1216.3403472683024,1249.4080783303198,562,ok
maize,42.0,True,True,False,True,1240.086344289782,1222.6100388694522,1256.0058608555837,562,ok
maize,42.0,True,True,True,False,1266.0192346275414,1248.2562893138054,1282.0945468064024,562,ok
maize,42.0,True,True,True,True,1272.5992740826925,1254.671675270474,1288.8654331566518,562,ok
maize,43.0,False,False,False,False,826.0133264691854,815.9668909277816,838.1896382097574,551,ok
maize,43.0,False,False,False,True,830.6244386806543,820.5502300999327,842.8765963261081,551,ok
maize,43.0,False,False,True,False,847.1516651666667,836.972660611673,859.5304377375658,551,ok
maize,43.0,False,False,True,True,851.8849952476862,841.6779502511658,864.3406449374684,551,ok
maize,43.0,False,True,False,False,1226.1339342907377,1209.332787326149,1247.429385168842,551,ok
maize,43.0,False,True,False,True,1233.0713001833642,1216.1959918368452,1254.4903555215003,551,ok
maize,43.0,False,True,True,False,1257.6542984368773,1240.4510005483676,1279.3202898144207,551,ok
maize,43.0,False,True,True,True,1264.7754113772603,1247.496962602766,1286.5667668764145,551,ok
maize,43.0,True,False,False,False,1010.9827372927359,1000.4818435862853,1023.7836223018239,551,ok
maize,43.0,True,False,False,True,1016.6535223253775,1006.1072585806006,1029.562379307123,551,ok
maize,43.0,True,False,True,False,1036.9319546059055,1026.1743355015844,1049.9935341347086,551,ok
maize,43.0,True,False,True,True,1042.7531483050846,1031.9497349201874,1055.9250992868238,551,ok
maize,43.0,True,True,False,False,1556.9062286227056,1536.407293394294,1580.933841955253,551,ok
maize,43.0,True,True,False,True,1565.7555326768497,1544.953038839595,1589.9160670270708,551,ok
maize,43.0,True,True,True,False,1597.0467206967924,1575.7318965248103,1621.5598255770608,551,ok
maize,43.0,True,True,True,True,1606.1305741878832,1584.5042673886762,1630.7784247834088,551,ok
maize,44.0,False,False,False,False,781.7188573847,769.9480091542804,790.3042305170551,480,ok
maize,44.0,False,False,False,True,785.8347460291482,773.9114367214453,794.4227775731287,480,ok
maize,44.0,False,False,True,False,802.4142890189908,790.3918140377918,811.2564203717976,480,ok
maize,44.0,False,False,True,True,806.6436964183314,794.4651323000314,815.4891493507923,480,ok
maize,44.0,False,True,False,False,1056.1788518252174,1035.5400701365238,1070.4537931486748,480,ok
maize,44.0,False,True,False,True,1061.7994447241094,1040.7709321499833,1076.3182067069008,480,ok
maize,44.0,False,True,True,False,1084.2730631553893,1062.923331745423,1099.0133286871958,480,ok
maize,44.0,False,True,True,True,1090.0485885969454,1068.2988924554425,1105.038997569577,480,ok
maize,44.0,True,False,False,False,876.2062952111618,862.2620703520271,885.5230770712775,480,ok
maize,44.0,True,False,False,True,880.8405875296808,866.6240664220747,890.2160043480951,480,ok
maize,44.0,True,False,True,False,899.4495626501928,885.0774180454569,909.1034031148166,480,ok
maize,44.0,True,False,True,True,904.2116917825189,889.5601998221272,913.9261090504896,480,ok
maize,44.0,True,True,False,False,1194.4606579428616,1169.7719546625865,1210.9692225627698,480,ok
maize,44.0,True,True,False,True,1200.847064227361,1175.7624107959145,1217.6198041078544,480,ok
maize,44.0,True,True,True,False,1226.2998491737942,1200.8966616625094,1243.4379352602214,480,ok
maize,44.0,True,True,True,True,1232.8623260752795,1207.0528974331453,1250.298789907096,480,ok
maize,45.0,False,False,False,False,703.0664080352899,689.3844744335979,715.3627617249564,252,ok
maize,45.0,False,False,False,True,706.2969420340008,692.4893924007667,718.7641821700723,252,ok
maize,45.0,False,False,True,False,733.7470261488806,719.4205120873195,746.5913200988425,252,ok
maize,45.0,False,False,True,True,737.1262478941309,722.6677644039469,750.1488548208745,252,ok
maize,45.0,False,True,False,False,1018.3940059878219,995.0098794426692,1039.8080318579553,252,ok
maize,45.0,False,True,False,True,1023.1615278020729,999.5241104268308,1044.8971778947066,252,ok
maize,45.0,False,True,True,False,1044.6289275770703,1020.2758523952269,1067.0618979448514,252,ok
maize,45.0,False,True,True,True,1049.5292960599015,1024.914980530335,1072.29239565927,252,ok
maize,45.0,True,False,False,False,783.0520261564885,767.8139504583603,795.0052058206988,252,ok
maize,45.0,True,False,False,True,786.6747138659257,771.3116559385628,798.6977813728544,252,ok
maize,45.0,True,False,True,False,817.2911028554774,801.2484754964801,829.662899581089,252,ok
maize,45.0,True,False,True,True,821.0805698091981,804.8623017220073,833.6343580053101,252,ok
maize,45.0,True,True,False,False,1143.8302571479826,1115.7187982004411,1167.0703380168572,252,ok
maize,45.0,True,True,False,True,1149.224849705608,1120.9450367015202,1172.8203566152533,252,ok
maize,45.0,True,True,True,False,1173.405114062199,1144.6840566080577,1197.5586975313345,252,ok
maize,45.0,True,True,True,True,1178.9500903843063,1150.0309957573797,1203.4681063527614,252,ok
maize,51.0,False,False,False,False,720.739771462559,704.2952819869652,736.3499394873777,195,ok
maize,51.0,False,False,False,True,723.65707127021,707.0503940343732,739.496340110241,195,ok
maize,51.0,False,False,True,False,750.3530138447388,732.8768526897085,766.7582065474082,195,ok
maize,51.0,False,False,True,True,753.4020612271198,735.7571924822099,770.0117944184535,195,ok
maize,51.0,False,True,False,False,1091.7454933645863,1059.1284498305913,1123.5574188843368,195,ok
maize,51.0,False,True,False,True,1096.4060500141895,1063.522127234805,1128.8734181554644,195,ok
maize,51.0,False,True,True,False,1117.3637705496558,1083.3423538073125,1150.5885108447449,195,ok
maize,51.0,False,True,True,True,1122.1502608282244,1087.8546114361827,1156.051467844285,195,ok
maize,51.0,True,False,False,False,884.0394279622669,863.2790516771986,903.5920670198689,195,ok
maize,51.0,True,False,False,True,887.6991591342925,866.7393411814253,907.6264358364223,195,ok
maize,51.0,True,False,True,False,920.5549849027306,898.3973872009886,941.1105163474857,195,ok
maize,51.0,True,False,True,True,924.3800610214191,902.0139013325207,945.3259532950872,195,ok
maize,51.0,True,True,False,False,1389.2046502616456,1341.4764468623616,1433.3678862592058,195,ok
maize,51.0,True,True,False,True,1395.2693139628523,1346.945799502826,1440.3382949828986,195,ok
maize,51.0,True,True,True,False,1422.1138815632191,1372.755540047524,1468.2339316527068,195,ok
maize,51.0,True,True,True,True,1428.3425304466607,1378.3748517244212,1475.3922435837794,195,ok
maize,52.0,False,False,False,False,799.701938504775,792.2283022600325,807.3957977710966,727,ok
maize,52.0,False,False,False,True,802.2117056546259,794.7198119941895,810.0673365526009,727,ok
maize,52.0,False,False,True,False,815.0464033821789,807.4293650230456,822.8878903427693,727,ok
maize,52.0,False,False,True,True,817.6043272664671,809.9686811732769,825.6106898891006,727,ok
maize,52.0,False,True,False,False,1220.5975629501797,1202.1753019909554,1240.3557612578709,727,ok
maize,52.0,False,True,False,True,1224.6802867018669,1206.0701127066075,1244.6479427234683,727,ok
maize,52.0,False,True,True,False,1222.4461354477612,1203.9959743140764,1242.2342571823885,727,ok
maize,52.0,False,True,True,True,1226.5350424092726,1207.8966836487252,1246.5329390776549,727,ok
maize,52.0,True,False,False,False,1011.6196527628217,1001.6314647299097,1023.1359675349345,727,ok
maize,52.0,True,False,False,True,1014.8832491901572,1004.6212922699766,1026.6786061706875,727,ok
maize,52.0,True,False,True,False,1031.030337523864,1020.8504988357761,1042.767624234432,727,ok
maize,52.0,True,False,True,True,1034.35655495828,1023.8976943794318,1046.3782380638195,727,ok
maize,52.0,True,True,False,False,1602.6645435907838,1577.280885769754,1632.8436926677712,727,ok
maize,52.0,True,True,False,True,1608.1677952571765,1582.324470581475,1638.7559491161169,727,ok
maize,52.0,True,True,True,False,1605.0917494840762,1579.6696485814277,1635.3166043257459,727,ok
maize,52.0,True,True,True,True,1610.603335723621,1584.720871809327,1641.2378147774427,727,ok
maize,53.0,False,False,False,False,747.7108811344274,736.847087618933,759.9228036903945,416,ok
maize,53.0,False,False,False,True,751.2326966472276,740.2044714168179,763.566343580333,416,ok
maize,53.0,False,False,True,False,771.3872041468161,760.1567774754848,783.9932855005477,416,ok
maize,53.0,False,False,True,True,775.0234738950662,763.6232717007337,787.7552355033721,416,ok
maize,53.0,False,True,False,False,1164.824585563618,1145.2147502351747,1187.73076009845,416,ok
maize,53.0,False,True,False,True,1170.4585371324667,1150.546425822845,1193.5272247347107,416,ok
maize,53.0,False,True,True,False,1180.993707417271,1160.9890424791836,1204.3718258877022,416,ok
maize,53.0,False,True,True,True,1186.7098841388324,1166.3985316288013,1210.2528874865188,416,ok
maize,53.0,True,False,False,False,942.1165955901155,929.6778232926827,957.2942128054494,416,ok
maize,53.0,True,False,False,True,946.612635456661,933.941758464188,961.9183668423738,416,ok
maize,53.0,True,False,True,False,971.994623560461,959.0558635399609,987.7891905625677,416,ok
maize,53.0,True,False,True,True,976.6367786348042,963.4583708309566,992.5636233443538,416,ok
maize,53.0,True,True,False,False,1522.975210492145,1496.3969238669406,1554.3438125912185,416,ok
maize,53.0,True,True,False,True,1530.436607798046,1503.4561460409232,1561.9988361132228,416,ok
maize,53.0,True,True,True,False,1544.188759495274,1517.0782707316787,1576.1928346782647,416,ok
maize,53.0,True,True,True,True,1551.7590527555387,1524.2405192831861,1583.9595800477905,416,ok
maize,54.0,False,False,False,False,711.7914632307283,685.2571168166343,737.5021180932405,133,ok
maize,54.0,False,False,False,True,715.0130878452721,688.021443540758,741.1057661989258,133,ok
maize,54.0,False,False,True,False,734.3101822822528,706.7506436437236,760.8555233170197,133,ok
maize,54.0,False,False,True,True,737.6365053345273,709.6048072433433,764.5762851066182,133,ok
maize,54.0,False,True,False,False,1108.351466740475,1057.4577111292372,1151.1442660168498,133,ok
maize,54.0,False,True,False,True,1113.5037201010657,1062.0174652618095,1156.7661352263542,133,ok
maize,54.0,False,True,True,False,1123.71043755064,1071.9220456699557,1167.206853023355,133,ok
maize,54.0,False,True,True,True,1128.9378858812647,1076.5483474956172,1172.910771048621,133,ok
maize,54.0,True,False,False,False,890.2167683267596,857.1680861472457,920.5326167583096,133,ok
maize,54.0,True,False,False,True,894.3173845960577,860.7726103127335,925.0545386421007,133,ok
maize,54.0,True,False,True,False,918.4216718708077,884.0978732365936,949.7496528330523,133,ok
maize,54.0,True,False,True,True,922.6555526164165,887.819539556752,954.4185310551562,133,ok
maize,54.0,True,True,False,False,1438.1231170295184,1371.8194530315036,1490.5665589926937,133,ok
maize,54.0,True,True,False,True,1444.9259451455532,1377.8973110925915,1497.9311175488647,133,ok
maize,54.0,True,True,True,False,1458.1181728974393,1390.6774593315718,1511.5134183147081,133,ok
maize,54.0,True,True,True,True,1465.020285427599,1396.8440211738573,1519.0311645339425,133,ok
maize,55.0,False,False,False,False,733.7601255450645,725.0719780582072,743.1453401861937,608,ok
maize,55.0,False,False,False,True,738.1814708265566,729.4169081482545,747.5388749745046,608,ok
maize,55.0,False,False,True,False,763.5541873304683,754.4611548483764,773.2891484547007,608,ok
maize,55.0,False,False,True,True,768.1557737196572,758.9832108949902,777.8617906247091,608,ok
maize,55.0,False,True,False,False,1169.0335617229778,1155.2688198623048,1183.1092317009973,608,ok
maize,55.0,False,True,False,True,1176.093801197109,1162.2937218734044,1190.2508893206568,608,ok
maize,55.0,False,True,True,False,1195.4337185462985,1181.3802592872194,1209.815429586166,608,ok
maize,55.0,False,True,True,True,1202.6543574434663,1188.5647579003319,1217.1057615001698,608,ok
maize,55.0,True,False,False,False,938.4118720816998,929.4190901631665,947.5889872727921,608,ok
maize,55.0,True,False,False,True,944.0706868540185,935.007323717289,953.3027476852711,608,ok
maize,55.0,True,False,True,False,976.524760501035,967.1708684730949,986.0705183967282,608,ok
maize,55.0,True,False,True,True,982.414263215117,972.9732173045637,992.0172066717223,608,ok
maize,55.0,True,True,False,False,1550.8820907744819,1535.6327861418474,1565.9512005985928,608,ok
maize,55.0,True,True,False,True,1560.2555319229455,1544.90875095858,1575.4391437356458,608,ok
maize,55.0,True,True,True,False,1585.9198059620899,1570.2667830609328,1601.3389956290675,608,ok
maize,55.0,True,True,True,True,1595.5061994555253,1579.7534856876448,1611.0809348782373,608,ok
maize,56.0,False,False,False,False,680.385132960035,669.1502365652235,692.8499530247447,327,ok
maize,56.0,False,False,False,True,683.0393951255957,671.8785774141952,695.4998238487327,327,ok
maize,56.0,False,False,True,False,710.7195431149045,699.1270811488776,723.5566719338648,327,ok
maize,56.0,False,False,True,True,713.4953899068068,701.9788041488931,726.3265696068418,327,ok
maize,56.0,False,True,False,False,1079.280051333897,1059.689645633788,1101.3999797975553,327,ok
maize,56.0,False,True,False,True,1083.4664274016104,1063.946984183033,1105.5993695196353,327,ok
maize,56.0,False,True,True,False,1107.8876367683229,1088.0038538477327,1130.6033557914893,327,ok
maize,56.0,False,True,True,True,1112.1898355178175,1092.3727051695819,1134.9187048150561,327,ok
maize,56.0,True,False,False,False,863.8627571687301,852.425661424083,876.3078764667748,327,ok
maize,56.0,True,False,False,True,867.2633946598137,855.8110200080718,879.5781021497746,327,ok
maize,56.0,True,False,True,False,902.4618271832408,890.5515894997204,915.2567030820376,327,ok
maize,56.0,True,False,True,True,906.0182441033146,894.092631391433,918.6765497437511,327,ok
maize,56.0,True,True,False,False,1421.4637855341618,1401.2235639430965,1445.7759777078015,327,ok
maize,56.0,True,True,False,True,1427.0256579799734,1406.9109664422392,1451.2290924711685,327,ok
maize,56.0,True,True,True,False,1459.2753540953736,1438.5996431912893,1484.1368829129462,327,ok
maize,56.0,True,True,True,True,1464.99111335258,1444.4608469520263,1489.740616590839,327,ok
maize,57.0,False,False,False,False,516.1993299273312,500.91995590770017,531.5042847643322,130,ok
maize,57.0,False,False,False,True,518.0260225402802,502.74064874190907,533.499608980255,130,ok
maize,57.0,False,False,True,False,537.5190195085913,521.4656814284458,553.7186874344799,130,ok
maize,57.0,False,False,True,True,539.4303935237748,523.3708109468406,555.8161711158209,130,ok
maize,57.0,False,True,False,False,706.479247022447,678.2070989451372,732.3701106153595,130,ok
maize,57.0,False,True,False,True,709.1022088971157,680.4004901130804,735.2863772655749,130,ok
maize,57.0,False,True,True,False,723.1597946133409,693.4405900888041,750.2993645279965,130,ok
maize,57.0,False,True,True,True,725.856746958548,695.695933220751,753.2978305938715,130,ok
maize,57.0,True,False,False,False,572.3111975868906,554.686260909613,590.7457695970667,130,ok
maize,57.0,True,False,False,True,574.3642037146261,556.7344535862177,592.9975753012811,130,ok
maize,57.0,True,False,True,False,596.0161943152582,577.504846984048,615.6186642171709,130,ok
maize,57.0,True,False,True,True,598.1643772666903,579.4907503627282,617.9750819065291,130,ok
maize,57.0,True,True,False,False,788.8367824743285,755.5518018383202,819.7092463211554,130,ok
maize,57.0,True,True,False,True,791.8111701396734,758.0532968562895,822.982192779529,130,ok
maize,57.0,True,True,True,False,807.5702527136723,772.6470511293776,839.7148414759132,130,ok
maize,57.0,True,True,True,True,810.6285500971911,775.2191871516341,843.0301746540008,130,ok
beans,11.0,False,False,False,False,402.7895904938777,395.73387572444375,411.89779101158445,123,ok
beans,11.0,False,False,False,True,415.3457212041988,407.72543463343465,424.1317545583373,123,ok
beans,11.0,False,False,True,False,419.8848575391822,411.89795719966577,429.90069750212393,123,ok
beans,11.0,False,False,True,True,432.8903173274673,423.73056681893667,442.5455514700188,123,ok
beans,11.0,False,True,False,False,449.91768612776167,442.11107339944203,459.77947238338584,123,ok
beans,11.0,False,True,False,True,466.1915500506659,458.3252653191163,475.54731277108624,123,ok
beans,11.0,False,True,True,False,463.25713546471366,454.898555360193,474.34196001415995,123,ok
beans,11.0,False,True,True,True,479.9288195112578,471.0119814462903,490.0484463978877,123,ok
beans,11.0,True,False,False,False,440.37927366372946,432.7686596465415,449.24888070399413,123,ok
beans,11.0,True,False,False,True,449.29536629857427,440.9895039002463,457.56395299384104,123,ok
beans,11.0,True,False,True,False,458.9157176594356,450.6841410626173,469.2729052332627,123,ok
beans,11.0,True,False,True,True,468.1175868534276,458.62419791901954,478.03580021333096,123,ok
beans,11.0,True,True,False,False,556.3000355042457,548.3688613012906,566.7447063115743,123,ok
beans,11.0,True,True,False,True,570.3450952751184,560.5418651164586,580.0336025214943,123,ok
beans,11.0,True,True,True,False,572.6472816847008,564.191147988235,583.9222749616891,123,ok
beans,11.0,True,True,True,True,587.0031224831068,576.38624077469,598.1047358503304,123,ok
beans,12.0,False,False,False,False,495.81100068134896,486.81110890676075,504.5455772376409,183,ok
beans,12.0,False,False,False,True,505.79322676389756,496.3556322090192,514.4030060596265,183,ok
beans,12.0,False,False,True,False,532.2322219928319,521.4964952861363,542.3250608634505,183,ok
beans,12.0,False,False,True,True,542.8141260761641,532.0739805346872,552.9341707825636,183,ok
beans,12.0,False,True,False,False,562.3854178827266,552.8351727930219,570.9904429476388,183,ok
beans,12.0,False,True,False,True,577.0194286105024,567.0485868006841,586.2183194339484,183,ok
beans,12.0,False,True,True,False,596.0612884041152,584.7314318502351,605.1445931065447,183,ok
beans,12.0,False,True,True,True,611.4382341915253,600.0975148011215,620.862392170427,183,ok
beans,12.0,True,False,False,False,527.487911971533,518.316649441415,535.6760299800295,183,ok
beans,12.0,True,False,False,True,532.5827632287653,522.9264469264191,540.6495253845352,183,ok
beans,12.0,True,False,True,False,565.9156591999807,555.4960714258369,575.5810621330422,183,ok
beans,12.0,True,False,True,True,571.2334851288801,560.4271191758116,581.0443470264856,183,ok
beans,12.0,True,True,False,False,676.8743317089672,666.2124974474601,685.8436358106833,183,ok
beans,12.0,True,True,False,True,687.3637463677161,676.1833477734863,696.6434558328248,183,ok
beans,12.0,True,True,True,False,717.0503440288794,705.5857717069473,726.7990284551254,183,ok
beans,12.0,True,True,True,True,727.9957965366237,715.6891012625962,738.382702991683,183,ok
beans,13.0,False,False,False,False,406.1568234617482,395.2512552077625,416.6737556916519,103,ok
beans,13.0,False,False,False,True,425.2755953649987,415.27860301093807,435.9463966602526,103,ok
beans,13.0,False,False,True,False,419.8964117980765,408.05273826618946,431.037613925032,103,ok
beans,13.0,False,False,True,True,439.4680582520424,428.3258069684288,451.13761637202725,103,ok
beans,13.0,False,True,False,False,466.43431038043093,456.3396397386545,475.4771434161808,103,ok
beans,13.0,False,True,False,True,491.116074971235,481.766103437546,500.8191229776663,103,ok
beans,13.0,False,True,True,False,476.71679367953095,466.5768486016485,486.627966890721,103,ok
beans,13.0,False,True,True,True,501.7714441175558,491.4406879955108,511.5907040135932,103,ok
beans,13.0,True,False,False,False,373.42631788990775,365.9112994256592,381.0955323598374,103,ok
beans,13.0,True,False,False,True,386.1687028249712,378.1631541935536,394.6624142620048,103,ok
beans,13.0,True,False,True,False,385.95926553733847,377.24767736417544,394.644965306299,103,ok
beans,13.0,True,False,True,True,398.9661546706351,389.9028526633476,408.69513677934435,103,ok
beans,13.0,True,True,False,False,485.4751500677445,478.2490491800647,493.5527246033093,103,ok
beans,13.0,True,True,False,True,504.8577488628377,497.67821112697345,513.4543995887706,103,ok
beans,13.0,True,True,True,False,496.08315318751886,487.79131296369434,505.0107340537708,103,ok
beans,13.0,True,True,True,True,515.7274959172231,507.6845985491143,525.6935223075955,103,ok
beans,21.0,False,False,False,False,384.8299615966806,380.25432739162744,390.04927790246654,434,ok
beans,21.0,False,False,False,True,390.23653377629944,385.70634691503346,395.71246781174466,434,ok
beans,21.0,False,False,True,False,411.63017876790167,406.57216516083156,417.8763289718243,434,ok
beans,21.0,False,False,True,True,417.3073781447313,412.2078020096155,423.7911106639787,434,ok
beans,21.0,False,True,False,False,435.4715399305966,430.60572382557484,440.61168352422214,434,ok
beans,21.0,False,True,False,True,444.25208217204846,438.96056107424033,449.75239490926816,434,ok
beans,21.0,False,True,True,False,459.8695399044732,454.3293928674818,465.9465770705388,434,ok
beans,21.0,False,True,True,True,469.03528629660394,463.1990900031666,475.50735096799286,434,ok
beans,21.0,True,False,False,False,396.17115320935517,391.6002030097536,401.36310820858563,434,ok
beans,21.0,True,False,False,True,397.71339825646334,392.6977446241339,403.1473099162365,434,ok
beans,21.0,True,False,True,False,423.7437097707683,418.53478260824335,429.98503190747033,434,ok
beans,21.0,True,False,True,True,425.28552810277,419.6554029299608,431.7386565785638,434,ok
beans,21.0,True,True,False,False,507.07987978857193,500.9542889564964,512.8114919346523,434,ok
beans,21.0,True,True,False,True,512.1242808999361,505.47506916898413,518.2183324240269,434,ok
beans,21.0,True,True,True,False,535.472286880268,528.7218049307778,542.3561602993607,434,ok
beans,21.0,True,True,True,True,540.676182484132,533.5106247656231,547.8829470725318,434,ok
beans,22.0,False,False,False,False,383.5225997721159,377.2060319338798,388.20246177107543,347,ok
beans,22.0,False,False,False,True,392.78189213338374,387.0624392611419,397.47819073557497,347,ok
beans,22.0,False,False,True,False,410.192480898059,402.42749293450004,415.70882094358143,347,ok
beans,22.0,False,False,True,True,420.0184512487122,412.914356949821,425.29553823274426,347,ok
beans,22.0,False,True,False,False,429.34549844939187,421.6062176946256,434.473577738055,347,ok
beans,22.0,False,True,False,True,442.404511514268,435.64525677627967,447.41147158446466,347,ok
beans,22.0,False,True,True,False,453.4564852758801,444.4766399812245,459.0938129096334,347,ok
beans,22.0,False,True,True,True,467.17327679703084,459.16028735402756,472.40745009757154,347,ok
beans,22.0,True,False,False,False,387.2207770563332,381.7951913329796,391.7453293462768,347,ok
beans,22.0,True,False,False,True,392.4898986791876,387.4939721919599,397.038699406818,347,ok
beans,22.0,True,False,True,False,414.0627914360127,407.1858192622429,419.5623393040639,347,ok
beans,22.0,True,False,True,True,419.61741823626426,413.2519167898921,424.5762298218695,347,ok
beans,22.0,True,True,False,False,490.4242156022242,482.73797495310356,495.89999653774834,347,ok
beans,22.0,True,True,False,True,500.13734262444916,493.2771925753442,505.1337104963311,347,ok
beans,22.0,True,True,True,False,517.8845001444234,508.6362743893691,523.8320175580305,347,ok
beans,22.0,True,True,True,True,528.0524497327327,519.8302876914452,533.5777165264849,347,ok
beans,23.0,False,False,False,False,395.50685140923093,389.11144279140694,401.22783926378776,442,ok
beans,23.0,False,False,False,True,417.1001141696694,411.3534565428917,421.7724921680827,442,ok
beans,23.0,False,False,True,False,464.5592250640921,456.86850934236645,471.2929697147879,442,ok
beans,23.0,False,False,True,True,492.51714528316563,486.0964475410268,498.8454742476164,442,ok
beans,23.0,False,True,False,False,449.7529680909646,442.8735007111532,455.9485475961895,442,ok
beans,23.0,False,True,False,True,477.40015555368154,471.3118316735956,482.6556142609287,442,ok
beans,23.0,False,True,True,False,518.5008509256472,510.696015731707,525.557302547542,442,ok
beans,23.0,False,True,True,True,553.3107344216743,546.5243423956442,560.3693928816178,442,ok
beans,23.0,True,False,False,False,428.15729549727115,421.88676457520324,434.02809093490646,442,ok
beans,23.0,True,False,False,True,443.40684705553025,437.7735004239279,448.2224931769788,442,ok
beans,23.0,True,False,True,False,502.79362606316664,495.3453330237534,509.5292668467289,442,ok
beans,23.0,True,False,True,True,523.4472702655713,517.1062441465355,529.8200408784893,442,ok
beans,23.0,True,True,False,False,568.1174942638271,560.5178390537221,575.5906503902285,442,ok
beans,23.0,True,True,False,True,592.1819624783539,585.4091133256222,598.3230039384815,442,ok
beans,23.0,True,True,True,False,654.8292242569793,646.0919280803216,663.2011642969605,442,ok
beans,23.0,True,True,True,True,686.1937376181244,678.6669558691401,694.0633165506077,442,ok
beans,24.0,False,False,False,False,382.16343658572384,378.51494698928565,386.8101434738512,413,ok
beans,24.0,False,False,False,True,389.46914279439557,385.9414254552569,393.85164228281,413,ok
beans,24.0,False,False,True,False,411.3960883899852,406.9023695168229,417.27718074549716,413,ok
beans,24.0,False,False,True,True,419.2104134323077,415.00578752075955,425.0805860264422,413,ok
beans,24.0,False,True,False,False,424.1821903587031,420.82868008380007,429.350295321301,413,ok
beans,24.0,False,True,False,True,434.780566054686,431.6647375522551,439.5199616136646,413,ok
beans,24.0,False,True,True,False,450.74010862049744,446.69356125088575,456.5976865074472,413,ok
beans,24.0,False,True,True,True,461.9562749467514,458.31181588621973,467.39299892430836,413,ok
beans,24.0,True,False,False,False,406.31757856083516,403.0276567030112,410.8230082839556,413,ok
beans,24.0,True,False,False,True,409.73045553755094,406.82306162383884,414.0357875181972,413,ok
beans,24.0,True,False,True,False,437.14885864681963,432.8060207053204,442.6698493377892,413,ok
beans,24.0,True,False,True,True,440.75573245794175,436.89733117760966,445.99518981169103,413,ok
beans,24.0,True,True,False,False,510.19763827791047,506.6676421989354,515.2030344094939,413,ok
beans,24.0,True,True,False,True,517.4466465659369,514.3701757206225,521.669402697978,413,ok
beans,24.0,True,True,True,False,541.8723023279762,537.7761887636999,548.1388644310068,413,ok
beans,24.0,True,True,True,True,549.5035883573753,545.7255675440615,555.3270947791074,413,ok
beans,25.0,False,False,False,False,365.75863195737645,360.74273387516837,370.86880587710243,555,ok
beans,25.0,False,False,False,True,382.22448252877734,377.31561406631755,387.15977200233715,555,ok
beans,25.0,False,False,True,False,410.7205833662099,405.408921975756,416.2588402045722,555,ok
beans,25.0,False,False,True,True,431.5612817508746,426.0005074630081,436.4212337676385,555,ok
beans,25.0,False,True,False,False,421.23289810158354,415.51121079430504,426.7115061053547,555,ok
beans,25.0,False,True,False,True,443.01577481268424,437.4829434941164,448.26672723078485,555,ok
beans,25.0,False,True,True,False,464.4004068487528,458.4010350426838,470.41850447626973,555,ok
beans,25.0,False,True,True,True,491.10945925214,485.21508923311814,496.74277719915676,555,ok
beans,25.0,True,False,False,False,415.04241867505215,409.5898763917438,420.87210766344845,555,ok
beans,25.0,True,False,False,True,427.3303524367448,421.95830969700216,432.10142534429207,555,ok
beans,25.0,True,False,True,False,466.05749124590807,460.6397166296746,471.32229697604083,555,ok
beans,25.0,True,False,True,True,482.49995071530446,477.1203071824242,487.3764832941617,555,ok
beans,25.0,True,True,False,False,557.8003491164428,550.8951843159357,564.6721130610334,555,ok
beans,25.0,True,True,False,True,577.9914016930642,571.4869030495772,584.2123409133527,555,ok
beans,25.0,True,True,True,False,614.9739090782261,608.2836486820854,621.5400156523772,555,ok
beans,25.0,True,True,True,True,640.7709275632616,634.0789060932723,646.9738695951833,555,ok
beans,26.0,False,False,False,False,383.5663448465216,378.19485954499646,388.01785090915354,527,ok
beans,26.0,False,False,False,True,394.9866858044447,389.80221322860575,399.64003787450775,527,ok
beans,26.0,False,False,True,False,409.0993162766504,402.58013072211577,414.0671080287537,527,ok
beans,26.0,False,False,True,True,421.1170407221446,414.94595649213403,426.2587902681323,527,ok
beans,26.0,False,True,False,False,436.3906303862892,430.8349728758303,440.8732505902084,527,ok
beans,26.0,False,True,False,True,452.07666662779945,446.6879963153651,456.391726887743,527,ok
beans,26.0,False,True,True,False,459.60740768617234,452.99897883773446,464.3747137402447,527,ok
beans,26.0,False,True,True,True,475.9595854087465,469.8088490113184,480.69315898324913,527,ok
beans,26.0,True,False,False,False,391.4029018342324,386.49398140060663,395.4843447294659,527,ok
beans,26.0,True,False,False,True,398.8734942595196,393.89977116637266,403.089801576426,527,ok
beans,26.0,True,False,True,False,417.4278149735784,411.3835042760215,422.2232003020921,527,ok
beans,26.0,True,False,True,True,425.2322255321277,419.22585007596695,430.1385361713336,527,ok
beans,26.0,True,True,False,False,503.7956776146108,498.20404014070004,508.1985030940947,527,ok
beans,26.0,True,True,False,True,516.4826446246535,510.7609735031572,520.7568251950664,527,ok
beans,26.0,True,True,True,False,530.564877012779,523.8942988225336,535.7503435021131,527,ok
beans,26.0,True,True,True,True,543.7355328160038,536.8836398993119,548.753552078614,527,ok
beans,27.0,False,False,False,False,430.02198647481936,421.41523380977117,439.96971333539096,189,ok
beans,27.0,False,False,False,True,437.95029601828156,429.78658269019775,447.92992346506094,189,ok
beans,27.0,False,False,True,False,490.03672027791754,480.22848957673114,500.88090524416197,189,ok
beans,27.0,False,False,True,True,500.2377193457307,490.89442316436055,511.424361890567,189,ok
beans,27.0,False,True,False,False,493.8697897631207,483.41108222591475,504.8579391694244,189,ok
beans,27.0,False,True,False,True,505.95695752394107,495.5163509457337,517.1427757255452,189,ok
beans,27.0,False,True,True,False,552.2429217749461,540.7128006492367,563.8618224642271,189,ok
beans,27.0,False,True,True,True,567.087037160326,555.6952866643866,578.2999136381945,189,ok
beans,27.0,True,False,False,False,451.42433490390073,443.37471004553913,461.8195537282674,189,ok
beans,27.0,True,False,False,True,455.0063197907381,447.32561339864833,465.29328647423625,189,ok
beans,27.0,True,False,True,False,514.3949005162937,505.06547173599455,525.8862344432695,189,ok
beans,27.0,True,False,True,True,519.6870274317222,511.05919482465725,531.2352642157978,189,ok
beans,27.0,True,True,False,False,597.7805644499629,586.0759516129252,610.8553539366271,189,ok
beans,27.0,True,True,False,True,606.0990692907552,595.3893499554564,619.1764367079298,189,ok
beans,27.0,True,True,True,False,668.4074026221672,655.5003998414427,682.2241655678206,189,ok
beans,27.0,True,True,True,True,679.2986779029758,667.6513100279042,693.1729516224384,189,ok
beans,28.0,False,False,False,False,373.397328555672,368.9536356692445,379.03757060943826,310,ok
beans,28.0,False,False,False,True,384.1728711030506,379.6397474307028,389.5565436182874,310,ok
beans,28.0,False,False,True,False,397.1766937702602,392.0487712068382,403.96095619517286,310,ok
beans,28.0,False,False,True,True,408.5489736466764,403.25484495834684,414.62726888289944,310,ok
beans,28.0,False,True,False,False,428.7271255006931,424.63468716651744,434.6579615625105,310,ok
beans,28.0,False,True,False,True,443.6925288430789,439.2771241478121,448.7018737017795,310,ok
beans,28.0,False,True,True,False,450.40329121509774,445.7343498528933,457.2217495982006,310,ok
beans,28.0,False,True,True,True,466.03062798157373,460.8501545921396,472.0160952192023,310,ok
beans,28.0,True,False,False,False,338.7572492659426,335.2346158359278,343.1486215058383,310,ok
beans,28.0,True,False,False,True,344.56776768768145,340.9789154930482,348.56291272724206,310,ok
beans,28.0,True,False,True,False,360.33745925895977,355.8537541172623,365.757504914284,310,ok
beans,28.0,True,False,True,True,366.4387490808387,361.9009771525044,371.3166173286332,310,ok
beans,28.0,True,True,False,False,440.00656592541446,436.235612969473,445.0270817886869,310,ok
beans,28.0,True,True,False,True,450.19529490677695,446.27197582500355,454.46456776654753,310,ok
beans,28.0,True,True,True,False,462.2634637498425,458.0034112424831,468.2862677233558,310,ok
beans,28.0,True,True,True,True,472.8729380079599,468.35959895967926,478.300169609372,310,ok
beans,31.0,False,False,False,False,478.0540117535622,472.7005451411819,486.15325524211056,342,ok
beans,31.0,False,False,False,True,498.67988625335903,493.47872200286776,506.80816295464734,342,ok
beans,31.0,False,False,True,False,577.1948792661202,570.8236034731134,587.3236001037839,342,ok
beans,31.0,False,False,True,True,603.5470485577137,597.3085452059903,613.7173396373075,342,ok
beans,31.0,False,True,False,False,545.5474329933402,539.9932821271577,554.3426449563683,342,ok
beans,31.0,False,True,False,True,572.752805128214,566.9853639418276,581.5040886467034,342,ok
beans,31.0,False,True,True,False,646.1423391984949,639.3232956530901,655.9972720980771,342,ok
beans,31.0,False,True,True,True,680.0166976320137,673.3902891681971,689.9488748870644,342,ok
beans,31.0,True,False,False,False,502.26433295990955,497.03948802549235,510.5858579479821,342,ok
beans,31.0,True,False,False,True,518.0492445479472,512.8008556370223,526.6809854501887,342,ok
beans,31.0,True,False,True,False,606.3378106184887,599.9606628198843,616.4992719385307,342,ok
beans,31.0,True,False,True,True,626.8965049922493,620.5019911102049,637.3621739845934,342,ok
beans,31.0,True,True,False,False,660.8900839914475,654.3194312894697,671.0608168581182,342,ok
beans,31.0,True,True,False,True,686.0544631194033,679.7553166280029,696.5828088507091,342,ok
beans,31.0,True,True,True,False,782.652254687645,774.4988883302476,793.9942459426505,342,ok
beans,31.0,True,True,True,True,814.4308088186652,806.8730218989839,826.4465991520698,342,ok
beans,32.0,False,False,False,False,441.32360221657586,433.1040142778774,449.76527263312414,254,ok
beans,32.0,False,False,False,True,458.97407744579925,450.9529576589771,467.072340453728,254,ok
beans,32.0,False,False,True,False,526.2021983174044,515.5131655786834,536.1454951375739,254,ok
beans,32.0,False,False,True,True,549.661477540228,540.1248822868093,558.5994615617097,254,ok
beans,32.0,False,True,False,False,499.57492719211535,490.602069420268,508.2761623770594,254,ok
beans,32.0,False,True,False,True,522.7890097056933,514.2397174787384,531.2272494564273,254,ok
beans,32.0,False,True,True,False,584.6407593492163,574.0062623462578,594.6900760851818,254,ok
beans,32.0,False,True,True,True,614.5292037644884,603.9810388201251,624.2078106495885,254,ok
beans,32.0,True,False,False,False,465.0784240430346,456.9450974650209,473.33447107209065,254,ok
beans,32.0,True,False,False,True,478.4160034669398,470.2579120005416,486.08676620106615,254,ok
beans,32.0,True,False,True,False,554.2757590697282,544.036301776968,563.8454081005154,254,ok
beans,32.0,True,False,True,True,572.7358352929679,563.1255936177461,581.6346514773065,254,ok
beans,32.0,True,True,False,False,614.2797515231249,603.8577312392279,624.2991706158393,254,ok
beans,32.0,True,True,False,True,635.8375320038699,626.4867595418083,645.1306501303134,254,ok
beans,32.0,True,True,True,False,718.5872721610726,705.788920212467,730.2156696646294,254,ok
beans,32.0,True,True,True,True,747.1792389743006,736.0466262229223,757.740482561276,254,ok
beans,33.0,False,False,False,False,538.252522169683,534.9363571172235,541.9476330339112,869,ok
beans,33.0,False,False,False,True,555.7894593290555,552.3656176384729,559.6025500826212,869,ok
beans,33.0,False,False,True,False,589.4033417554322,585.3392852804022,593.4394808519178,869,ok
beans,33.0,False,False,True,True,608.4808459615706,604.7388408956689,612.902253967185,869,ok
beans,33.0,False,True,False,False,595.206630304142,591.772041015408,598.9132825030654,869,ok
beans,33.0,False,True,False,True,618.3133557395693,614.7329803102309,622.2699507327485,869,ok
beans,33.0,False,True,True,False,643.5006371129557,639.6199861020483,647.4321339185891,869,ok
beans,33.0,False,True,True,True,668.356013206677,664.5576888904706,672.6591594349279,869,ok
beans,33.0,True,False,False,False,608.1248834146992,604.477151673897,612.3309469899259,869,ok
beans,33.0,True,False,False,True,617.9775350828347,614.4230962356025,622.1265855721208,869,ok
beans,33.0,True,False,True,False,665.7660211810338,661.7805878752723,670.2442426134746,869,ok
beans,33.0,True,False,True,True,676.4145888403614,672.4778208139506,681.0629339316373,869,ok
beans,33.0,True,True,False,False,760.4928274992507,756.0392792024103,765.0717327946282,869,ok
beans,33.0,True,True,False,True,777.4969412294845,773.1381030560422,782.2654364169205,869,ok
beans,33.0,True,True,True,False,822.0565271914879,817.6447878045182,826.7107792626202,869,ok
beans,33.0,True,True,True,True,840.2817128880072,835.6402657764229,845.4939548798426,869,ok
beans,34.0,False,False,False,False,535.397793431373,529.058426182783,541.2796777166411,576,ok
beans,34.0,False,False,False,True,560.1573979780306,554.0757392256248,564.9802533102303,576,ok
beans,34.0,False,False,True,False,661.5625866695843,653.9409709754265,669.222813998757,576,ok
beans,34.0,False,False,True,True,692.0394522197073,684.8194692822226,698.613040715768,576,ok
beans,34.0,False,True,False,False,617.2218435769258,609.8297788373658,623.768314927932,576,ok
beans,34.0,False,True,False,True,649.6836698625581,642.7306067278905,655.072406268615,576,ok
beans,34.0,False,True,True,False,748.5432577272986,740.7268939292067,757.0193996775457,576,ok
beans,34.0,False,True,True,True,787.7698194546739,780.0270653539621,795.0583493115039,576,ok
beans,34.0,True,False,False,False,582.0466971691603,575.5271768021679,587.9095227317918,576,ok
beans,34.0,True,False,False,True,598.3284471468104,592.2686644452365,603.7587258756787,576,ok
beans,34.0,True,False,True,False,719.046003109193,711.1970840994841,726.9179343005878,576,ok
beans,34.0,True,False,True,True,739.018688678082,731.715232084535,745.910990388319,576,ok
beans,34.0,True,True,False,False,758.8371581126523,749.9820825289346,766.4907051317005,576,ok
beans,34.0,True,True,False,True,784.8050328286531,776.4315470701581,791.3216572422465,576,ok
beans,34.0,True,True,True,False,920.1156994087129,911.1698963235777,929.960677845893,576,ok
beans,34.0,True,True,True,True,951.4116434655799,942.8490844128833,959.4975596153882,576,ok
beans,35.0,False,False,False,False,431.4784875970894,425.7774406312527,436.8950928498682,589,ok
beans,35.0,False,False,False,True,443.1101356220359,437.2768626997887,448.6108871114741,589,ok
beans,35.0,False,False,True,False,521.4397928197025,513.8196527031189,528.3376824148796,589,ok
beans,35.0,False,False,True,True,537.476581904429,530.1516696774594,544.2498453894171,589,ok
beans,35.0,False,True,False,False,490.143777693642,483.6482886643317,495.8838519335947,589,ok
beans,35.0,False,True,False,True,506.4822173233489,499.7875204863803,512.3885204597455,589,ok
beans,35.0,False,True,True,False,581.1280041524723,573.0738665503135,588.0682076608832,589,ok
beans,35.0,False,True,True,True,602.7435753731165,594.8856880078607,609.6003426234782,589,ok
beans,35.0,True,False,False,False,452.96982694345553,446.9855001568671,458.6446252280504,589,ok
beans,35.0,True,False,False,True,460.0241042937475,453.9752869884801,465.89866798095625,589,ok
beans,35.0,True,False,True,False,547.3415835175107,539.1987018921781,554.5135506119332,589,ok
beans,35.0,True,False,True,True,557.9308992673114,550.1600684101574,564.9145660402779,589,ok
beans,35.0,True,True,False,False,600.4396746893967,592.4811187564139,607.5135158022615,589,ok
beans,35.0,True,True,False,True,613.5797436729373,605.4828253301955,620.7836986992298,589,ok
beans,35.0,True,True,True,False,711.8170248051797,701.747085410244,720.2504186583878,589,ok
beans,35.0,True,True,True,True,730.1262826324738,720.471035385738,738.4798210389122,589,ok
beans,36.0,False,False,False,False,412.67652796011515,403.1057578864358,422.4295445203838,263,ok
beans,36.0,False,False,False,True,434.82310240904496,425.91850301455406,443.5298702842801,263,ok
beans,36.0,False,False,True,False,494.78113517548223,483.4432792007606,506.1187259326714,263,ok
beans,36.0,False,False,True,True,522.9930623897941,512.6775093624153,533.393544505882,263,ok
beans,36.0,False,True,False,False,472.66837322619347,463.07770783465116,482.48431973779134,263,ok
beans,36.0,False,True,False,True,501.4582234332348,492.63334263546744,510.54397579021145,263,ok
beans,36.0,False,True,True,False,556.5163635297496,544.8608325485674,568.4481881388785,263,ok
beans,36.0,False,True,True,True,592.3217422621976,581.9260872682312,603.5896122754544,263,ok
beans,36.0,True,False,False,False,443.896154006754,433.48298138848793,454.4011344265687,263,ok
beans,36.0,True,False,False,True,460.1141523587889,449.98194842125434,469.82863150655976,263,ok
beans,36.0,True,False,True,False,532.0218806000041,519.9103034281744,544.448158010958,263,ok
beans,36.0,True,False,True,True,553.1949012851619,541.5815875670784,564.3244343338296,263,ok
beans,36.0,True,True,False,False,586.2877667253266,574.0124442421932,598.1458653378638,263,ok
beans,36.0,True,True,False,True,611.8379680731383,600.2359332079699,623.057674667557,263,ok
beans,36.0,True,True,True,False,690.0766714741144,676.457759224451,704.0236715206885,263,ok
beans,36.0,True,True,True,True,722.4519130468526,709.3391917313752,735.6987885428256,263,ok
beans,37.0,False,False,False,False,407.93542915438155,401.3176955845523,413.0563707620549,374,ok
beans,37.0,False,False,False,True,425.0748759616726,418.6684512876397,430.0167732223739,374,ok
beans,37.0,False,False,True,False,482.04978548895264,473.74539149392797,488.49797421286274,374,ok
beans,37.0,False,False,True,True,504.63675271006855,496.69115230473074,510.5167444930468,374,ok
beans,37.0,False,True,False,False,461.76752576071596,454.6524439423103,467.62658521421343,374,ok
beans,37.0,False,True,False,True,484.1582078051591,477.54019529598014,489.8453051839281,374,ok
beans,37.0,False,True,True,False,535.605754779315,526.7609212268093,543.4338598595208,374,ok
beans,37.0,False,True,True,True,564.1921371060954,556.2756151165547,571.3791128522356,374,ok
beans,37.0,True,False,False,False,440.1566584958631,433.2388402364723,446.0798446327537,374,ok
beans,37.0,True,False,False,True,451.3971367814311,444.87809492790325,456.7395294600525,374,ok
beans,37.0,True,False,True,False,519.9577818733768,510.98916531179646,526.1793247758663,374,ok
beans,37.0,True,False,True,True,535.7339438424855,527.5526091173103,541.7784789681717,374,ok
beans,37.0,True,True,False,False,581.3517420213775,572.4303077563417,588.518363541544,374,ok
beans,37.0,True,True,False,True,599.8944736412906,591.7409375315283,606.6848415093438,374,ok
beans,37.0,True,True,True,False,674.1191250290632,662.8936455950088,682.6214248669213,374,ok
beans,37.0,True,True,True,True,698.8873854661531,689.0404818685579,707.3112019391026,374,ok
beans,41.0,False,False,False,False,473.65827662048395,467.7822296422681,479.51903147115917,658,ok
beans,41.0,False,False,False,True,481.0346732916259,475.059613968626,486.9403888158292,658,ok
beans,41.0,False,False,True,False,579.2796399199516,572.1440061294194,586.3834957137883,658,ok
beans,41.0,False,False,True,True,589.5524453133561,582.448344553146,596.8123109340739,658,ok
beans,41.0,False,True,False,False,543.4836225330583,536.884486908975,549.4921921778373,658,ok
beans,41.0,False,True,False,True,555.340324294925,548.7011511916562,561.7299829998353,658,ok
beans,41.0,False,True,True,False,652.2206234317805,644.8323180093505,659.4686319869962,658,ok
beans,41.0,False,True,True,True,667.8945491810301,660.4457477179882,675.3693233857383,658,ok
beans,41.0,True,False,False,False,498.47545986626466,492.254147323377,504.44534519852334,658,ok
beans,41.0,True,False,False,True,501.09575798122677,494.9524442786401,507.32652252739473,658,ok
beans,41.0,True,False,True,False,609.4283656387887,602.6293406695312,616.6810974642191,658,ok
beans,41.0,True,False,True,True,613.9366307766068,607.0084570611336,621.2925212598838,658,ok
beans,41.0,True,True,False,False,659.4655527912392,651.5528035805096,666.8825480786011,658,ok
beans,41.0,True,True,False,True,667.0073603944462,659.1501568021321,674.6834560074316,658,ok
beans,41.0,True,True,True,False,791.174529368938,783.0626608693585,799.6962656861313,658,ok
beans,41.0,True,True,True,True,801.9600507882006,793.6166401568535,810.7690818304092,658,ok
beans,42.0,False,False,False,False,492.5051040929579,487.3336081299964,498.13430332299373,808,ok
beans,42.0,False,False,False,True,510.80569560749376,505.29536742749525,516.8256330957626,808,ok
beans,42.0,False,False,True,False,598.2230923877569,591.5827874074279,605.4844996407812,808,ok
beans,42.0,False,False,True,True,622.2169205708277,615.0125474904543,629.3694174545444,808,ok
beans,42.0,False,True,False,False,566.6836661038793,561.0660951029948,572.3896268547984,808,ok
beans,42.0,False,True,False,True,591.4222641957995,585.3927058974733,597.4732104992129,808,ok
beans,42.0,False,True,True,False,675.5093038391749,668.3050951860943,682.8550251430103,808,ok
beans,42.0,False,True,True,True,707.0184397492342,699.3577602725151,714.9098288449142,808,ok
beans,42.0,True,False,False,False,518.076889919547,512.5759912748912,524.2678821795649,808,ok
beans,42.0,True,False,False,True,531.5367222729271,525.90104909571,537.6792845263392,808,ok
beans,42.0,True,False,True,False,629.1448100811388,622.1069616424637,636.8202132530351,808,ok
beans,42.0,True,False,True,True,647.3143293348857,640.1470973497388,655.222349707999,808,ok
beans,42.0,True,True,False,False,687.2963826959108,680.6664810021656,694.8204626323343,808,ok
beans,42.0,True,True,False,True,709.5671180681989,702.5330335529061,717.1497301889646,808,ok
beans,42.0,True,True,True,False,819.131835865287,810.5264546933017,827.8357401661224,808,ok
beans,42.0,True,True,True,True,848.082296043904,839.6612374612864,857.2433857129391,808,ok
beans,43.0,False,False,False,False,801.882916245381,796.6378683179781,807.2385734698515,1034,ok
beans,43.0,False,False,False,True,831.3873541390042,826.2900272283827,837.1029258348075,1034,ok
beans,43.0,False,False,True,False,849.4508827457715,844.0959757740533,855.1858316803912,1034,ok
beans,43.0,False,False,True,True,880.5502973187192,875.4609651989591,886.6023136264105,1034,ok
beans,43.0,False,True,False,False,833.1454715748733,827.816056899338,838.7052510065884,1034,ok
beans,43.0,False,True,False,True,869.4419539126444,864.2280371283732,875.3902025704461,1034,ok
beans,43.0,False,True,True,False,882.5510873614243,877.1114763031035,888.5020828812259,1034,ok
beans,43.0,False,True,True,True,920.8358090685819,915.633885474977,927.1863797644226,1034,ok
beans,43.0,True,False,False,False,857.9135195287257,852.3966193146352,863.285109428022,1034,ok
beans,43.0,True,False,False,True,874.8149211533236,869.8654856327579,880.4615985643009,1034,ok
beans,43.0,True,False,True,False,908.7584775366086,903.2164039061646,914.5157151129266,1034,ok
beans,43.0,True,False,True,True,926.5024391416946,921.4112897159858,932.5719431490929,1034,ok
beans,43.0,True,True,False,False,1008.0698412195018,1002.0981137794224,1014.377088476556,1034,ok
beans,43.0,True,True,False,True,1034.6496919044394,1028.7446950125297,1041.284797117361,1034,ok
beans,43.0,True,True,True,False,1067.7926510966256,1061.6369003011685,1074.5471218973178,1034,ok
beans,43.0,True,True,True,True,1095.7569294021985,1090.011835326347,1102.877220002787,1034,ok
beans,44.0,False,False,False,False,711.0999337534317,705.3285885165812,716.265213559024,1415,ok
beans,44.0,False,False,False,True,739.2293271046041,733.6712666721853,743.4084573994448,1415,ok
beans,44.0,False,False,True,False,793.8962319825413,787.5103881477531,799.4373111788516,1415,ok
beans,44.0,False,False,True,True,825.1856489900672,818.9283028737191,829.9808081189814,1415,ok
beans,44.0,False,True,False,False,796.5937056663759,790.2025971005512,802.1162570269737,1415,ok
beans,44.0,False,True,False,True,833.2461495232598,827.2838885972718,837.6972820902828,1415,ok
beans,44.0,False,True,True,False,877.885104692939,871.3092638546683,883.821231118847,1415,ok
beans,44.0,False,True,True,True,918.1643351913476,911.3157432877051,922.9746932511508,1415,ok
beans,44.0,True,False,False,False,752.735251018725,747.0253299442866,757.94200258782,1415,ok
beans,44.0,True,False,False,True,773.0474111761678,767.6591507484908,777.3038221804679,1415,ok
beans,44.0,True,False,True,False,840.2216451059694,833.9608968826878,845.8235605997226,1415,ok
beans,44.0,True,False,True,True,862.7660774918878,856.52727737121,867.3104060268149,1415,ok
beans,44.0,True,True,False,False,953.6499841786266,946.5111631126136,959.9307495576171,1415,ok
beans,44.0,True,True,False,True,985.4646017545942,978.5728644319266,990.702354791567,1415,ok
beans,44.0,True,True,True,False,1050.8072206555569,1043.1854414800039,1057.5539628884374,1415,ok
beans,44.0,True,True,True,True,1085.718391516984,1077.9826647606683,1091.2316278217572,1415,ok
beans,45.0,False,False,False,False,559.4349125936012,555.2425010151027,564.9298967933449,1261,ok
beans,45.0,False,False,False,True,568.6446652070387,563.7519446863394,574.1129850098724,1261,ok
beans,45.0,False,False,True,False,676.0904106532449,671.286446679977,682.8529752769474,1261,ok
beans,45.0,False,False,True,True,687.0062350834542,681.6478672809325,694.0732655157984,1261,ok
beans,45.0,False,True,False,False,642.3773755986733,638.0537500094069,647.6916133151873,1261,ok
beans,45.0,False,True,False,True,656.9028685502086,651.9235150624083,662.5495125117152,1261,ok
beans,45.0,False,True,True,False,761.977382158663,756.8014404166559,768.7658636385293,1261,ok
beans,45.0,False,True,True,True,778.9715900683831,773.161469734882,785.9570123311331,1261,ok
beans,45.0,True,False,False,False,590.5195583797719,585.7557280253993,595.5922485203761,1261,ok
beans,45.0,True,False,False,True,593.8515889710246,588.6753934198096,598.917100189674,1261,ok
beans,45.0,True,False,True,False,713.3479537795097,708.4357675196793,719.6948656614817,1261,ok
beans,45.0,True,False,True,True,717.1514730156435,711.633871502451,723.8621464920111,1261,ok
beans,45.0,True,True,False,False,766.9007971082573,761.6051205128174,772.6539320748377,1261,ok
beans,45.0,True,True,False,True,775.899316382636,769.8534053730197,781.9307516655165,1261,ok
beans,45.0,True,True,True,False,909.3366658755672,903.5737477325625,916.8932495685078,1261,ok
beans,45.0,True,True,True,True,919.7318919567622,913.3570845044422,927.3938090217943,1261,ok
beans,51.0,False,False,False,False,422.6307594304391,416.58279623810677,428.50900644960234,264,ok
beans,51.0,False,False,False,True,433.88754336275395,427.8613018587925,439.6353820363317,264,ok
beans,51.0,False,False,True,False,436.9072445693898,430.0866383288813,443.53100660512314,264,ok
beans,51.0,False,False,True,True,448.43528364424435,441.86403872839554,455.4537084751465,264,ok
beans,51.0,False,True,False,False,460.042469856395,454.47591505175285,465.59569408561595,264,ok
beans,51.0,False,True,False,True,475.2394510106237,469.97239690765804,480.74630369160786,264,ok
beans,51.0,False,True,True,False,470.1125954282905,464.1532236207689,476.1539719854383,264,ok
beans,51.0,False,True,True,True,485.5483033406901,479.5893961435773,491.8711435779705,264,ok
beans,51.0,True,False,False,False,459.7687092094296,454.29698860058335,465.1823583741591,264,ok
beans,51.0,True,False,False,True,467.20997703923297,461.6014915117341,472.81533945793575,264,ok
beans,51.0,True,False,True,False,474.97120220639476,468.6966372635201,481.1285254496802,264,ok
beans,51.0,True,False,True,True,482.53935322617684,476.4868852947105,489.0841995329558,264,ok
beans,51.0,True,True,False,False,566.1123744035863,561.0443978557938,571.5932993795473,264,ok
beans,51.0,True,True,False,True,578.8697113891417,573.5351226914142,585.1211786028947,264,ok
beans,51.0,True,True,True,False,578.21411159095,572.3532122883171,584.7942534848702,264,ok
beans,51.0,True,True,True,True,591.129141132405,585.1712398656204,598.3313316762049,264,ok
beans,52.0,False,False,False,False,574.2483066163136,567.4445626863926,579.8455920321646,298,ok
beans,52.0,False,False,False,True,601.7807231659331,595.7393591645379,608.4037667380995,298,ok
beans,52.0,False,False,True,False,586.1588095793562,577.883543653151,592.7780514060536,298,ok
beans,52.0,False,False,True,True,614.1397134565545,607.3466064302672,621.0111897435801,298,ok
beans,52.0,False,True,False,False,549.4448316871839,542.0062995737583,554.7328610920861,298,ok
beans,52.0,False,True,False,True,579.0720344567044,573.4222710871722,584.4734399670067,298,ok
beans,52.0,False,True,True,False,557.639846579677,549.4145927301859,563.5239144779677,298,ok
beans,52.0,False,True,True,True,587.6276230984337,581.2801076424621,593.2916297857772,298,ok
beans,52.0,True,False,False,False,593.586331933493,588.4968964308189,599.0799934608611,298,ok
beans,52.0,True,False,False,True,614.390335836877,608.8695933735086,620.3280007281113,298,ok
beans,52.0,True,False,True,False,605.839568051144,599.809242534201,612.1784978979484,298,ok
beans,52.0,True,False,True,True,626.9522481490727,620.6714856007965,633.5977975754648,298,ok
beans,52.0,True,True,False,False,642.368795707703,636.3685918267191,647.8800566884267,298,ok
beans,52.0,True,True,False,True,668.7057330942013,663.0859413230681,674.2401605281465,298,ok
beans,52.0,True,True,True,False,651.9145554486067,645.2296560125387,658.4751183214487,298,ok
beans,52.0,True,True,True,True,678.5527441419882,672.2946222820428,684.921640200676,298,ok
beans,53.0,False,False,False,False,451.0471698070615,446.266159487162,455.4401227232473,380,ok
beans,53.0,False,False,False,True,466.21429989080895,461.2329957762278,470.76371719295616,380,ok
beans,53.0,False,False,True,False,464.58170568886896,458.81805509427465,469.6595147176787,380,ok
beans,53.0,False,False,True,True,480.05234460114076,474.0946010462531,485.286085927871,380,ok
beans,53.0,False,True,False,False,493.8137050358035,488.56286320296516,497.89195154918923,380,ok
beans,53.0,False,True,False,True,513.2950942061315,507.86282241719994,517.7526638136928,380,ok
beans,53.0,False,True,True,False,503.2494951268827,497.1707699836979,507.8302991421763,380,ok
beans,53.0,False,True,True,True,522.9672420584831,516.7966694252627,528.228212247981,380,ok
beans,53.0,True,False,False,False,519.8513656266969,515.5595620246628,523.9074710224046,380,ok
beans,53.0,True,False,False,True,531.6911592255744,526.8233144924701,536.2468770540221,380,ok
beans,53.0,True,False,True,False,535.1145395118835,530.0651666859044,539.8605386927995,380,ok
beans,53.0,True,False,True,True,547.1335241298569,542.1872072500565,551.9542015844789,380,ok
beans,53.0,True,True,False,False,643.8192388345307,637.859494808136,647.8104066434349,380,ok
beans,53.0,True,True,False,True,662.2046847754341,655.8658298895374,667.4931122100636,380,ok
beans,53.0,True,True,True,False,655.8313341966708,648.7413681680099,660.7868305263454,380,ok
beans,53.0,True,True,True,True,674.3909832624336,667.7408757693188,679.7110929489565,380,ok
beans,54.0,False,False,False,False,393.23063586590854,383.73418715733385,400.39384441806544,188,ok
beans,54.0,False,False,False,True,407.8589855943741,398.26568181725503,414.09327288279246,188,ok
beans,54.0,False,False,True,False,403.0176504615941,392.4324416312948,410.88289091412497,188,ok
beans,54.0,False,False,True,True,417.90897665862775,407.1516817544262,424.8113804538754,188,ok
beans,54.0,False,True,False,False,452.79764878658233,443.81140777851385,459.6458104771742,188,ok
beans,54.0,False,True,False,True,472.616116103501,463.31537839879826,478.3270081768715,188,ok
beans,54.0,False,True,True,False,459.6509710135498,449.68810619648247,466.72674947072966,188,ok
beans,54.0,False,True,True,True,479.6835891135402,469.5281953378959,485.91631716248895,188,ok
beans,54.0,True,False,False,False,356.94475872231806,348.85293586758667,362.53478014671447,188,ok
beans,54.0,True,False,False,True,366.3508615613742,358.36958604355203,371.9485943647466,188,ok
beans,54.0,True,False,True,False,365.8147125149611,356.67818540644276,372.1559510627348,188,ok
beans,54.0,True,False,True,True,375.36814021169806,366.38440794410354,381.5138115167378,188,ok
beans,54.0,True,True,False,False,465.30780686253314,456.822373620933,470.70190173880434,188,ok
beans,54.0,True,True,False,True,480.5936586476331,472.1361595984972,486.54083004653756,188,ok
beans,54.0,True,True,True,False,472.3440335962294,462.7236663265756,478.4194707572287,188,ok
beans,54.0,True,True,True,True,487.7791169851469,478.4054764874538,494.1254649009762,188,ok
beans,55.0,False,False,False,False,421.3213076307072,418.2395526177683,424.66495822360406,928,ok
beans,55.0,False,False,False,True,441.26296647069273,438.5556180280372,444.16725119328805,928,ok
beans,55.0,False,False,True,False,430.21823346485644,427.1010443861538,433.54860750389315,928,ok
beans,55.0,False,False,True,True,450.464803445958,447.7431827897233,453.32266799067986,928,ok
beans,55.0,False,True,False,False,467.1126246491392,463.7801739473118,470.0685932938673,928,ok
beans,55.0,False,True,False,True,492.41466444671545,489.5433744632922,494.98565469220165,928,ok
beans,55.0,False,True,True,False,472.7974506563542,469.5124367857961,475.9907415414743,928,ok
beans,55.0,False,True,True,True,498.31623163484574,495.34160909576974,501.0695821407461,928,ok
beans,55.0,True,False,False,False,383.40398973350347,381.2770508579428,386.06650167204134,928,ok
beans,55.0,True,False,False,True,397.110929497343,395.2974050744786,399.8449376538007,928,ok
beans,55.0,True,False,True,False,391.465461836759,389.03677542898595,394.21223731145443,928,ok
beans,55.0,True,False,True,True,405.3604885378769,403.2692956273596,408.0854495226259,928,ok
beans,55.0,True,True,False,False,480.9267793810758,478.20505033098186,483.7321140796824,928,ok
beans,55.0,True,True,False,True,501.3760691905021,498.98379128889206,504.27016493326215,928,ok
beans,55.0,True,True,True,False,486.75874945844635,483.84135677107327,489.70997989531844,928,ok
beans,55.0,True,True,True,True,507.36743576571087,504.7181325683038,510.49797849911397,928,ok
beans,56.0,False,False,False,False,520.1188097832305,515.6873951014975,524.6116922929275,544,ok
beans,56.0,False,False,False,True,537.6391705102387,532.6480212245737,541.8419495754641,544,ok
beans,56.0,False,False,True,False,540.1560331573438,534.8251915225117,545.3285239811605,544,ok
beans,56.0,False,False,True,True,558.2204208171105,553.5412418864169,563.1610946866365,544,ok
beans,56.0,False,True,False,False,576.4623980670959,571.998440370353,581.5619027008634,544,ok
beans,56.0,False,True,False,True,599.6393866265678,594.87502886058,604.0114916573551,544,ok
beans,56.0,False,True,True,False,592.1535557634058,586.8189326067657,597.7949610134177,544,ok
beans,56.0,False,True,True,True,615.8437385238035,611.1751333286514,620.8268105419934,544,ok
beans,56.0,True,False,False,False,562.4055110621576,557.3674567237567,566.0482928792153,544,ok
beans,56.0,True,False,False,True,575.4406993892057,569.9673192799573,579.1370063385868,544,ok
beans,56.0,True,False,True,False,583.7957787268591,578.8447606418591,587.8460400243717,544,ok
beans,56.0,True,False,True,True,597.1894812368201,591.874067202476,601.3910016529543,544,ok
beans,56.0,True,True,False,False,704.9109101329124,699.6108111699624,709.4556416687058,544,ok
beans,56.0,True,True,False,True,725.8114382735251,719.7646483323402,730.353727284802,544,ok
beans,56.0,True,True,True,False,723.8614157815667,718.3548991990068,728.4498728105876,544,ok
beans,56.0,True,True,True,True,745.1856449279315,739.5982631085038,750.2441159383561,544,ok
beans,57.0,False,False,False,False,339.9896670256005,335.43233304173555,344.40177012490807,417,ok
beans,57.0,False,False,False,True,354.07736925995835,349.91634382371717,358.44924670512665,417,ok
beans,57.0,False,False,True,False,357.15498156264016,352.02956599988175,362.7315418124025,417,ok
beans,57.0,False,False,True,True,371.7956326179853,366.8680768536158,377.3668526609584,417,ok
beans,57.0,False,True,False,False,391.6362769032647,386.89664979779707,396.0767588443329,417,ok
beans,57.0,False,True,False,True,410.552626011987,406.7604531769244,415.0715794571153,417,ok
beans,57.0,False,True,True,False,406.8018097544235,401.30903711878597,412.4655386537558,417,ok
beans,57.0,False,True,True,True,426.28982143460064,421.75734085076834,431.9198382109921,417,ok
beans,57.0,True,False,False,False,346.4546975943569,342.5508831716803,350.61745701301334,417,ok
beans,57.0,True,False,False,True,356.8829297184785,353.1141913010038,360.9977462083665,417,ok
beans,57.0,True,False,True,False,363.8633112884297,359.1339106290003,369.1272046759232,417,ok
beans,57.0,True,False,True,True,374.65861859574454,370.22579595215467,379.6682670442399,417,ok
beans,57.0,True,True,False,False,451.78011006255707,447.8186039862157,456.3571777114962,417,ok
beans,57.0,True,True,False,True,468.4552677386813,464.7275969935482,473.0230484042333,417,ok
beans,57.0,True,True,True,False,469.17264685748205,463.98441620243455,474.99888077714076,417,ok
beans,57.0,True,True,True,True,486.30969060229006,481.4689262018973,491.8922240019545,417,ok
irish_potato,11.0,False,False,False,False,2573.759916719647,2007.4038012865994,3280.5941920396453,8,suppressed
irish_potato,11.0,False,False,False,True,2727.165568201019,2116.073380014722,3479.537469007653,8,suppressed
irish_potato,11.0,False,False,True,False,2606.0691677814343,2098.853584049285,3255.776462777136,8,suppressed
irish_potato,11.0,False,False,True,True,2884.45963329029,2306.8720054137425,3603.8872190378142,8,suppressed
irish_potato,11.0,False,True,False,False,3419.934326350426,2712.3697777161774,4345.250806136516,8,suppressed
irish_potato,11.0,False,True,False,True,3548.1803532530143,2818.2951367779106,4487.516693770883,8,suppressed
irish_potato,11.0,False,True,True,False,3506.2401486602857,2907.2081965993434,4307.085219023697,8,suppressed
irish_potato,11.0,False,True,True,True,3821.73123355523,3135.321878022619,4700.406995429218,8,suppressed
irish_potato,11.0,True,False,False,False,2829.998193380596,2192.5152628365804,3618.7797274836057,8,suppressed
irish_potato,11.0,True,False,False,True,2994.2739973538837,2315.409217879836,3838.301776685867,8,suppressed
irish_potato,11.0,True,False,True,False,2824.256544017038,2268.9153399652455,3541.787380073834,8,suppressed
irish_potato,11.0,True,False,True,True,3123.6326638566943,2489.0970543548037,3920.520649063482,8,suppressed
irish_potato,11.0,True,True,False,False,3917.388817513618,3096.0254945414713,4983.905198978332,8,suppressed
irish_potato,11.0,True,True,False,True,4059.416216584775,3207.662815343864,5152.25887643956,8,suppressed
irish_potato,11.0,True,True,True,False,3926.8473425943544,3229.780494064404,4835.07106977536,8,suppressed
irish_potato,11.0,True,True,True,True,4277.607001089101,3471.7414847472905,5271.606304728843,8,suppressed
irish_potato,12.0,False,False,False,False,2181.706565697068,2058.725909063244,2314.0051990227216,72,ok
irish_potato,12.0,False,False,False,True,2247.1744554625175,2109.3214649488987,2384.6026316713856,72,ok
irish_potato,12.0,False,False,True,False,2392.072224576571,2276.9276524683455,2524.6017196492585,72,ok
irish_potato,12.0,False,False,True,True,2522.5564134750875,2395.4895593960646,2656.70853528684,72,ok
irish_potato,12.0,False,True,False,False,3120.3687050227327,2983.5013251053597,3288.7130462225905,72,ok
irish_potato,12.0,False,True,False,True,3175.9060731443815,3017.9390892856645,3347.523281815392,72,ok
irish_potato,12.0,False,True,True,False,3425.6155203968647,3281.052666553116,3596.902967809541,72,ok
irish_potato,12.0,False,True,True,True,3589.8070526009515,3447.5503102129774,3751.8943924535774,72,ok
irish_potato,12.0,True,False,False,False,2420.145715022259,2280.8870525516654,2573.321196237078,72,ok
irish_potato,12.0,True,False,False,True,2481.013186133103,2324.12737592844,2634.150481379206,72,ok
irish_potato,12.0,True,False,True,False,2604.355130649356,2471.9606743643594,2757.57964655467,72,ok
irish_potato,12.0,True,False,True,True,2733.3241251187346,2593.9751612578316,2880.9230319023463,72,ok
irish_potato,12.0,True,True,False,False,3572.739326868886,3403.7178032349393,3773.325105902665,72,ok
irish_potato,12.0,True,True,False,True,3620.784482539939,3431.347109919144,3826.2948261490624,72,ok
irish_potato,12.0,True,True,True,False,3834.700481068086,3655.1191141207883,4033.3388742883253,72,ok
irish_potato,12.0,True,True,True,True,4000.12392328855,3827.730192564217,4191.892526291842,72,ok
irish_potato,13.0,False,False,False,False,2033.0166692800924,1629.9862881440736,2436.0470504161112,2,suppressed
irish_potato,13.0,False,False,False,True,2133.1877917544207,1510.5750127931556,2755.8005707156854,2,suppressed
irish_potato,13.0,False,False,True,False,2157.2489583818806,1776.4873842656593,2538.010532498102,2,suppressed
irish_potato,13.0,False,False,True,True,2305.912945949425,1725.7455859848299,2886.0803059140203,2,suppressed
irish_potato,13.0,False,True,False,False,2784.797321106624,2574.97210069055,2994.622541522698,2,suppressed
irish_potato,13.0,False,True,False,True,2809.4869316559043,2703.0475401666918,2915.9263231451173,2,suppressed
irish_potato,13.0,False,True,True,False,2991.4436718020925,2730.137903636065,3252.7494399681204,2,suppressed
irish_potato,13.0,False,True,True,True,3101.975131917139,3096.2331411017235,3107.7171227325553,2,suppressed
irish_potato,13.0,True,False,False,False,2176.154796899731,1758.9565291948247,2593.353064604637,2,suppressed
irish_potato,13.0,True,False,False,True,2271.4975308395065,1630.0970142616459,2912.898047417367,2,suppressed
irish_potato,13.0,True,False,True,False,2278.3314731407627,1891.197653964385,2665.4652923171407,2,suppressed
irish_potato,13.0,True,False,True,True,2423.3230611902504,1837.1793869524258,3009.466735428075,2,suppressed
irish_potato,13.0,True,True,False,False,3078.350453842095,2869.0839595356883,3287.6169481485017,2,suppressed
irish_potato,13.0,True,True,False,True,3096.6992976028823,2967.5141963582796,3225.8843988474855,2,suppressed
irish_potato,13.0,True,True,True,False,3245.5688287964667,2968.2940031622607,3522.8436544306724,2,suppressed
irish_potato,13.0,True,True,True,True,3354.0604418726316,3353.3309205258242,3354.789963219439,2,suppressed
irish_potato,21.0,False,False,False,False,1825.478048919525,1438.8542392158765,2335.9064730332116,16,suppressed
irish_potato,21.0,False,False,False,True,1955.6444661066494,1479.148634788553,2585.9087129534205,16,suppressed
irish_potato,21.0,False,False,True,False,1930.475198488762,1556.7280587903695,2422.3475413904957,16,suppressed
irish_potato,21.0,False,False,True,True,2075.216071368948,1642.9798634533784,2626.308565253398,16,suppressed
irish_potato,21.0,False,True,False,False,2269.265643849165,1868.7997035477053,2677.2870764043596,16,suppressed
irish_potato,21.0,False,True,False,True,2388.9594476913862,1910.552050159757,2900.2930597767845,16,suppressed
irish_potato,21.0,False,True,True,False,2422.425486546086,2038.3534034558422,2810.194072912192,16,suppressed
irish_potato,21.0,False,True,True,True,2581.6042482425373,2150.9691944576048,3014.8119239398093,16,suppressed
irish_potato,21.0,True,False,False,False,1983.1637370263995,1546.8406398254788,2551.661138810033,16,suppressed
irish_potato,21.0,True,False,False,True,2121.1784996896004,1585.1131228481931,2821.0307700651215,16,suppressed
irish_potato,21.0,True,False,True,False,2066.5271561086074,1647.9270588313384,2607.151532470953,16,suppressed
irish_potato,21.0,True,False,True,True,2217.636677330012,1734.0919488999712,2822.1823355297593,16,suppressed
irish_potato,21.0,True,True,False,False,2557.8161468541775,2080.678324744915,3059.351984814249,16,suppressed
irish_potato,21.0,True,True,False,True,2688.746087692449,2120.936816029578,3305.4256971923983,16,suppressed
irish_potato,21.0,True,True,True,False,2676.280437316391,2220.3196525265926,3133.598507815163,16,suppressed
irish_potato,21.0,True,True,True,True,2847.198747870088,2336.172623461081,3358.119938169576,16,suppressed
irish_potato,22.0,False,False,False,False,1663.5704129846188,1214.7328422481264,2145.0116654974654,7,suppressed
irish_potato,22.0,False,False,False,True,1726.069274869402,1225.8729752938502,2221.6948390289704,7,suppressed
irish_potato,22.0,False,False,True,False,1438.889350739022,1084.4196024434284,1824.1196470557213,7,suppressed
irish_potato,22.0,False,False,True,True,1548.4744238480118,1094.7221285712785,2008.8257691981332,7,suppressed
irish_potato,22.0,False,True,False,False,2089.5724700653377,1696.9902013603132,2534.35281805368,7,suppressed
irish_potato,22.0,False,True,False,True,2141.9612419342734,1712.0482654760403,2582.902225272862,7,suppressed
irish_potato,22.0,False,True,True,False,1847.118466871811,1516.901268611961,2176.3966776499683,7,suppressed
irish_potato,22.0,False,True,True,True,1958.1641777018704,1564.5992268525738,2381.0100256108417,7,suppressed
irish_potato,22.0,True,False,False,False,1800.9523749478535,1336.3161231999018,2291.646411419556,7,suppressed
irish_potato,22.0,True,False,False,True,1858.975663161885,1338.9345442176968,2375.537303655335,7,suppressed
irish_potato,22.0,True,False,True,False,1568.7252947823938,1187.7969928939401,1967.2420965340439,7,suppressed
irish_potato,22.0,True,False,True,True,1677.2000093318134,1202.5088519231308,2167.2313838266564,7,suppressed
irish_potato,22.0,True,True,False,False,2360.2201008585153,1916.0484631713,2870.0645412599515,7,suppressed
irish_potato,22.0,True,True,False,True,2407.8433450372686,1929.9873401895138,2907.320241523359,7,suppressed
irish_potato,22.0,True,True,True,False,2091.983559368515,1701.814481247201,2480.93397560035,7,suppressed
irish_potato,22.0,True,True,True,True,2204.228529001112,1770.98581029236,2671.723555884911,7,suppressed
irish_potato,23.0,False,False,False,False,3274.581244214629,3144.1444967678026,3408.1256518619284,201,ok
irish_potato,23.0,False,False,False,True,3312.34208082129,3188.6926824035822,3433.106115552737,201,ok
irish_potato,23.0,False,False,True,False,3251.3635179018115,3129.2605053455145,3356.26318920954,201,ok
irish_potato,23.0,False,False,True,True,3391.768862073934,3275.6303699448404,3508.574869489624,201,ok
irish_potato,23.0,False,True,False,False,4130.990887093642,3973.7778943370276,4302.093169245071,201,ok
irish_potato,23.0,False,True,False,True,4178.428772072707,4026.9951430828437,4326.089693997186,201,ok
irish_potato,23.0,False,True,True,False,4092.4665095003065,3948.673134410875,4245.587186682429,201,ok
irish_potato,23.0,False,True,True,True,4275.302541534108,4130.702356511941,4422.532347556716,201,ok
irish_potato,23.0,True,False,False,False,3476.7151307004056,3353.5780052024993,3601.542322566847,201,ok
irish_potato,23.0,True,False,False,True,3506.178912990308,3384.9368763808707,3637.135013601485,201,ok
irish_potato,23.0,True,False,True,False,3442.0848644050116,3315.951566199021,3560.0079913551635,201,ok
irish_potato,23.0,True,False,True,True,3580.0426413427854,3447.7464064971605,3702.019275929768,201,ok
irish_potato,23.0,True,True,False,False,4468.438249505501,4295.860783045659,4676.884056559552,201,ok
irish_potato,23.0,True,True,False,True,4506.191483258912,4361.829597925193,4674.116653988184,201,ok
irish_potato,23.0,True,True,True,False,4412.331961382421,4253.991524189074,4588.99095750107,201,ok
irish_potato,23.0,True,True,True,True,4595.837875123721,4430.570566281246,4752.564246958012,201,ok
irish_potato,24.0,False,False,False,False,1528.8708114433407,1209.0078197618732,1851.244320666823,21,suppressed
irish_potato,24.0,False,False,False,True,1639.413284905217,1280.4763009026674,2013.3926972435727,21,suppressed
irish_potato,24.0,False,False,True,False,1381.926817511825,1081.4945357154932,1706.302050895149,21,suppressed
irish_potato,24.0,False,False,True,True,1549.6784508302505,1199.090918392226,1900.3540793394016,21,suppressed
irish_potato,24.0,False,True,False,False,1884.1478185680642,1589.7782538653807,2174.3684746767285,21,suppressed
irish_potato,24.0,False,True,False,True,2000.142526358544,1668.702891808526,2337.494805728655,21,suppressed
irish_potato,24.0,False,True,True,False,1751.7137379374758,1485.0588631581882,2012.7598533089026,21,suppressed
irish_potato,24.0,False,True,True,True,1955.8253633195582,1639.8254977936456,2266.2295539333154,21,suppressed
irish_potato,24.0,True,False,False,False,1634.9061968303113,1280.9907246125908,1998.3526332157817,21,suppressed
irish_potato,24.0,True,False,False,True,1747.8954596879141,1352.3504288670142,2167.269376775691,21,suppressed
irish_potato,24.0,True,False,True,False,1481.2938704621436,1161.6963981790025,1817.4801642578539,21,suppressed
irish_potato,24.0,True,False,True,True,1656.4095052122652,1283.59544474317,2025.1101713985317,21,suppressed
irish_potato,24.0,True,True,False,False,2096.8006739407406,1758.2782817876896,2445.897367266279,21,suppressed
irish_potato,24.0,True,True,False,True,2219.763778856773,1838.315491055202,2621.9978570668927,21,suppressed
irish_potato,24.0,True,True,True,False,1942.0493278044673,1642.4599137463513,2260.978331129929,21,suppressed
irish_potato,24.0,True,True,True,True,2162.2907317229933,1811.6994305773594,2539.4187562646616,21,suppressed
irish_potato,25.0,False,False,False,False,4869.056313850626,4690.760035620379,5077.720375323794,171,ok
irish_potato,25.0,False,False,False,True,4726.833260549347,4522.73515363292,4939.6460865010895,171,ok
irish_potato,25.0,False,False,True,False,4746.333450904688,4561.905428579833,4929.89437497023,171,ok
irish_potato,25.0,False,False,True,True,4837.132229472752,4619.233477159872,5052.07946743219,171,ok
irish_potato,25.0,False,True,False,False,6505.89639191472,6239.506634733834,6779.223601638297,171,ok
irish_potato,25.0,False,True,False,True,6309.324967275104,6082.084238770395,6552.272656030493,171,ok
irish_potato,25.0,False,True,True,False,6323.174518286141,6095.2069276156335,6586.138688345011,171,ok
irish_potato,25.0,False,True,True,True,6440.868700935144,6183.275735096107,6694.654630477414,171,ok
irish_potato,25.0,True,False,False,False,5449.7981300157,5222.557949885926,5708.456287410707,171,ok
irish_potato,25.0,True,False,False,True,5271.583317293958,5014.1226683822215,5530.300266675051,171,ok
irish_potato,25.0,True,False,True,False,5286.301905087286,5053.067323964509,5529.847900030626,171,ok
irish_potato,25.0,True,False,True,True,5373.691104002014,5111.6166584769435,5638.578259193747,171,ok
irish_potato,25.0,True,True,False,False,7447.596618577273,7159.5172037669245,7782.231879292532,171,ok
irish_potato,25.0,True,True,False,True,7194.8743444115335,6896.248436793772,7497.47948589996,171,ok
irish_potato,25.0,True,True,True,False,7200.18874736197,6910.019568669175,7508.929296725299,171,ok
irish_potato,25.0,True,True,True,True,7314.96840204244,7005.58637871949,7628.779399982807,171,ok
irish_potato,26.0,False,False,False,False,1745.993221015499,1456.608280701933,2003.9182891179648,7,suppressed
irish_potato,26.0,False,False,False,True,1937.383634945272,1546.1520507451678,2284.4273070740246,7,suppressed
irish_potato,26.0,False,False,True,False,1461.3259594547162,1211.0977276206302,1700.9440982796898,7,suppressed
irish_potato,26.0,False,False,True,True,1681.429204946267,1382.4130753126633,1959.506702285129,7,suppressed
irish_potato,26.0,False,True,False,False,2007.6414507979114,1907.4407825715064,2127.073645117225,7,suppressed
irish_potato,26.0,False,True,False,True,2198.8134661317004,2019.8948165155912,2397.7102673421305,7,suppressed
irish_potato,26.0,False,True,True,False,1713.8264674871095,1590.448192843803,1851.3992480343106,7,suppressed
irish_potato,26.0,False,True,True,True,1971.273573545174,1833.3346385187076,2131.014857402851,7,suppressed
irish_potato,26.0,True,False,False,False,1880.1796266732742,1581.7032949616919,2152.3693195562287,7,suppressed
irish_potato,26.0,True,False,False,True,2080.389054077448,1675.9238299079486,2448.8187784114625,7,suppressed
irish_potato,26.0,True,False,True,False,1592.557359129194,1324.9915382399565,1850.167198664085,7,suppressed
irish_potato,26.0,True,False,True,True,1828.0289921980625,1506.864984359846,2129.56383721911,7,suppressed
irish_potato,26.0,True,True,False,False,2249.7086981461703,2138.753003868372,2376.0551780169776,7,suppressed
irish_potato,26.0,True,True,False,True,2456.7667725960737,2256.1754271442132,2678.161956891643,7,suppressed
irish_potato,26.0,True,True,True,False,1925.6705297871529,1792.166128552193,2059.2215983374094,7,suppressed
irish_potato,26.0,True,True,True,True,2208.651646237145,2059.9584184048613,2375.2124388357674,7,suppressed
irish_potato,27.0,False,False,False,False,2652.788077540189,2281.598816503817,3016.1562340395667,21,suppressed
irish_potato,27.0,False,False,False,True,2668.6353983975796,2267.5406593949147,3069.572479530101,21,suppressed
irish_potato,27.0,False,False,True,False,2786.118307098756,2435.3353609127385,3184.311824096617,21,suppressed
irish_potato,27.0,False,False,True,True,2828.3728401224253,2439.791734981086,3263.958357178002,21,suppressed
irish_potato,27.0,False,True,False,False,3363.35085623041,3029.0590157429992,3733.073740154143,21,suppressed
irish_potato,27.0,False,True,False,True,3372.028904222516,3013.2788886615,3749.306696400086,21,suppressed
irish_potato,27.0,False,True,True,False,3518.743785922303,3193.491561226631,3888.0105304921526,21,suppressed
irish_potato,27.0,False,True,True,True,3585.6301477064635,3255.2900685332907,3989.621295760078,21,suppressed
irish_potato,27.0,True,False,False,False,2901.8248530191963,2513.59539532835,3279.792937347691,21,suppressed
irish_potato,27.0,True,False,False,True,2910.0163542285595,2485.918852165893,3349.8946807205525,21,suppressed
irish_potato,27.0,True,False,True,False,3041.023459344037,2654.309980012861,3501.223458295271,21,suppressed
irish_potato,27.0,True,False,True,True,3077.0268227722913,2660.782026823867,3580.1435034209126,21,suppressed
irish_potato,27.0,True,True,False,False,3725.5094755747227,3373.4990399238204,4127.369145203804,21,suppressed
irish_potato,27.0,True,True,False,True,3721.137878805652,3337.1530515396557,4141.859797101178,21,suppressed
irish_potato,27.0,True,True,True,False,3886.6288187575715,3511.250721687572,4308.056056941992,21,suppressed
irish_potato,27.0,True,True,True,True,3945.809368433437,3553.852854617071,4407.473284305018,21,suppressed
irish_potato,28.0,False,False,False,False,1837.9352097466685,1391.3707552020949,2284.4735396714805,14,suppressed
irish_potato,28.0,False,False,False,True,1907.7716289278553,1457.4821805695287,2392.2193313021776,14,suppressed
irish_potato,28.0,False,False,True,False,1735.0602902478342,1320.3622742071852,2171.919942036675,14,suppressed
irish_potato,28.0,False,False,True,True,1871.10687270122,1437.695451782503,2325.9571518711195,14,suppressed
irish_potato,28.0,False,True,False,False,2234.3736445079835,1772.2493321491127,2709.2060542675367,14,suppressed
irish_potato,28.0,False,True,False,True,2291.5555898383595,1835.9721642620616,2786.6564372213616,14,suppressed
irish_potato,28.0,False,True,True,False,2127.263389238566,1705.77508529916,2555.565656528653,14,suppressed
irish_potato,28.0,False,True,True,True,2276.247098357637,1829.6389202606463,2728.1973053849297,14,suppressed
irish_potato,28.0,True,False,False,False,1995.376285820152,1505.0894720054084,2496.587527046893,14,suppressed
irish_potato,28.0,True,False,False,True,2063.2563592767697,1562.9512468033784,2598.666174966197,14,suppressed
irish_potato,28.0,True,False,True,False,1879.4947742523934,1416.4927599683176,2355.8773067822003,14,suppressed
irish_potato,28.0,True,False,True,True,2019.0963241852066,1546.2082571911803,2524.7243622015844,14,suppressed
irish_potato,28.0,True,True,False,False,2515.4015756080225,1957.171840962177,3065.994258268913,14,suppressed
irish_potato,28.0,True,True,False,True,2570.7465732161263,2023.0977762910325,3146.122144623018,14,suppressed
irish_potato,28.0,True,True,True,False,2374.805765581651,1876.318656321364,2868.1295291904607,14,suppressed
irish_potato,28.0,True,True,True,True,2531.2016487624924,2011.996918296389,3049.0219131662,14,suppressed
irish_potato,31.0,False,False,False,False,3295.8970746424825,2958.5388163788307,3656.641617725953,53,ok
irish_potato,31.0,False,False,False,True,3336.25370266007,3011.4149709048443,3668.2979087071267,53,ok
irish_potato,31.0,False,False,True,False,3377.5283292109857,3048.831538332523,3716.8240130863273,53,ok
irish_potato,31.0,False,False,True,True,3479.7437574924074,3128.0348693385117,3763.478396483955,53,ok
irish_potato,31.0,False,True,False,False,3456.8105909622295,3204.0063522383675,3734.5026351506476,53,ok
irish_potato,31.0,False,True,False,True,3491.9719235789003,3229.0488499680037,3730.4208241638453,53,ok
irish_potato,31.0,False,True,True,False,3537.459023502094,3285.859662413881,3806.01421823213,53,ok
irish_potato,31.0,False,True,True,True,3650.149395358148,3365.571095958565,3898.9926536738703,53,ok
irish_potato,31.0,True,False,False,False,3603.627991397728,3249.9854301390137,3994.7026576633857,53,ok
irish_potato,31.0,True,False,False,True,3641.557527673778,3287.1531683209164,3987.110049731887,53,ok
irish_potato,31.0,True,False,True,False,3684.7379888886226,3332.2871503151987,4028.5094618251583,53,ok
irish_potato,31.0,True,False,True,True,3788.977202308972,3415.3092193402194,4086.6223657709224,53,ok
irish_potato,31.0,True,True,False,False,3902.371733934465,3603.635371393625,4202.544717024213,53,ok
irish_potato,31.0,True,True,False,True,3933.2290716857156,3635.558097089657,4179.962064173031,53,ok
irish_potato,31.0,True,True,True,False,3983.702038927638,3706.4956844736057,4252.56304345061,53,ok
irish_potato,31.0,True,True,True,True,4100.504351266476,3776.8609795099696,4358.9553634756,53,ok
irish_potato,32.0,False,False,False,False,4334.75677695144,4186.86879754721,4472.238834474439,428,ok
irish_potato,32.0,False,False,False,True,4292.538172435115,4145.85165083327,4431.94046710012,428,ok
irish_potato,32.0,False,False,True,False,4167.912619107995,4027.5701273684176,4298.649302736906,428,ok
irish_potato,32.0,False,False,True,True,4236.062795164291,4083.5349830566543,4387.523214798864,428,ok
irish_potato,32.0,False,True,False,False,4616.778853396122,4478.771869471878,4720.073584944039,428,ok
irish_potato,32.0,False,True,False,True,4540.644501845457,4404.589809425696,4676.314959126216,428,ok
irish_potato,32.0,False,True,True,False,4407.192458695091,4280.888980806213,4524.94816406253,428,ok
irish_potato,32.0,False,True,True,True,4450.058090299503,4318.884752435117,4575.746796293718,428,ok
irish_potato,32.0,True,False,False,False,4769.308058611517,4607.106772058913,4931.51690408288,428,ok
irish_potato,32.0,True,False,False,True,4709.6819593833525,4542.6277025561585,4860.820790354433,428,ok
irish_potato,32.0,True,False,True,False,4568.209518687723,4412.255693974581,4721.608514721655,428,ok
irish_potato,32.0,True,False,True,True,4630.27312627086,4462.026658979977,4797.167059874578,428,ok
irish_potato,32.0,True,True,False,False,5227.619831430735,5073.9080960230485,5371.01458930746,428,ok
irish_potato,32.0,True,True,False,True,5126.143553997529,4971.6914266159465,5256.69643405571,428,ok
irish_potato,32.0,True,True,True,False,4970.194810379686,4830.423480407447,5096.739206971385,428,ok
irish_potato,32.0,True,True,True,True,5004.3489445078185,4863.437983567059,5158.546672795747,428,ok
irish_potato,33.0,False,False,False,False,6105.711908306087,5995.937588614876,6216.927291426705,707,ok
irish_potato,33.0,False,False,False,True,5755.136691914526,5651.887139572484,5877.304294175194,707,ok
irish_potato,33.0,False,False,True,False,6125.342738053894,6020.353872065188,6228.790316156483,707,ok
irish_potato,33.0,False,False,True,True,6028.493872007541,5937.719862201268,6146.651981470564,707,ok
irish_potato,33.0,False,True,False,False,10274.605381572093,10128.995490190271,10368.775636802739,707,ok
irish_potato,33.0,False,True,False,True,9638.690274035795,9519.346317915872,9735.864265666482,707,ok
irish_potato,33.0,False,True,True,False,10336.64511627406,10220.002806284698,10432.926246785612,707,ok
irish_potato,33.0,False,True,True,True,10160.717257205095,10053.23908627758,10242.346328333566,707,ok
irish_potato,33.0,True,False,False,False,6824.255350676371,6708.930723377534,6943.229589042502,707,ok
irish_potato,33.0,True,False,False,True,6411.568250287991,6303.533173281984,6542.248343955671,707,ok
irish_potato,33.0,True,False,True,False,6816.711291550094,6707.376944980251,6928.125143843101,707,ok
irish_potato,33.0,True,False,True,True,6689.301109657379,6598.72653759963,6813.614551166437,707,ok
irish_potato,33.0,True,True,False,False,13121.667096593044,12993.990316121535,13223.74680816168,707,ok
irish_potato,33.0,True,True,False,True,12280.680493487816,12157.450345702859,12393.496732357156,707,ok
irish_potato,33.0,True,True,True,False,13137.290906889582,13028.613880982242,13249.576805087187,707,ok
irish_potato,33.0,True,True,True,True,12884.217372182746,12785.916724927729,12974.817644156668,707,ok
irish_potato,34.0,False,False,False,False,5372.586815671347,5305.165223675314,5432.048016135016,1011,ok
irish_potato,34.0,False,False,False,True,5060.968139946472,5008.21242574426,5121.273172531768,1011,ok
irish_potato,34.0,False,False,True,False,5416.267479801099,5352.5633807628565,5474.3835492163835,1011,ok
irish_potato,34.0,False,False,True,True,5392.2686008308565,5334.242910788395,5457.132334123839,1011,ok
irish_potato,34.0,False,True,False,False,10775.167991729606,10610.067624972588,10905.330721140073,1011,ok
irish_potato,34.0,False,True,False,True,10096.842792441896,9958.039897856894,10229.465198443791,1011,ok
irish_potato,34.0,False,True,True,False,10856.65460006869,10695.723409354106,10977.87027272934,1011,ok
irish_potato,34.0,False,True,True,True,10744.543922469395,10607.666904667278,10869.808892684676,1011,ok
irish_potato,34.0,True,False,False,False,5898.548341758942,5819.3499021956895,5973.79956945822,1011,ok
irish_potato,34.0,True,False,False,True,5544.921187419789,5474.971607556192,5619.400991107396,1011,ok
irish_potato,34.0,True,False,True,False,5920.177613126734,5840.585301776666,5995.679534068117,1011,ok
irish_potato,34.0,True,False,True,True,5886.512378506589,5807.560030773563,5966.014546226954,1011,ok
irish_potato,34.0,True,True,False,False,12990.238604497474,12838.072162499158,13125.212856633962,1011,ok
irish_potato,34.0,True,True,False,True,12154.459854202745,12021.25854047673,12289.090643270658,1011,ok
irish_potato,34.0,True,True,True,False,13022.118040370602,12870.932114560148,13134.69761083992,1011,ok
irish_potato,34.0,True,True,True,True,12882.412097986515,12738.41662483591,13010.75677282418,1011,ok
irish_potato,35.0,False,False,False,False,3216.4413932306097,3071.6271284599707,3362.633712019968,187,ok
irish_potato,35.0,False,False,False,True,3173.780830888334,3023.423284127257,3317.2998209619805,187,ok
irish_potato,35.0,False,False,True,False,3163.909461600395,3015.1400559638987,3302.131200291232,187,ok
irish_potato,35.0,False,False,True,True,3195.2115924528216,3039.682511608722,3333.6576251342003,187,ok
irish_potato,35.0,False,True,False,False,3583.758596654288,3453.0061753829123,3704.410222996506,187,ok
irish_potato,35.0,False,True,False,True,3525.528556887022,3398.7198670333905,3634.990474358561,187,ok
irish_potato,35.0,False,True,True,False,3506.034398028736,3377.7647952539824,3626.099433163958,187,ok
irish_potato,35.0,False,True,True,True,3531.687153157701,3386.9003947425967,3646.4105902202377,187,ok
irish_potato,35.0,True,False,False,False,3459.2624615039526,3295.565627493637,3635.652052101108,187,ok
irish_potato,35.0,True,False,False,True,3405.8338866797562,3245.9511978468627,3571.285599109211,187,ok
irish_potato,35.0,True,False,True,False,3393.8520489081325,3245.5619390114207,3549.157001018975,187,ok
irish_potato,35.0,True,False,True,True,3420.2950805297673,3252.453130923158,3561.7146709938443,187,ok
irish_potato,35.0,True,True,False,False,3976.4152694821555,3829.5346749900973,4125.508699568273,187,ok
irish_potato,35.0,True,True,False,True,3902.201891524813,3767.2200982973836,4035.7179259493396,187,ok
irish_potato,35.0,True,True,True,False,3877.513720402836,3737.7036041163633,4010.7890793425054,187,ok
irish_potato,35.0,True,True,True,True,3897.548684692284,3756.4416941903487,4021.9099036778516,187,ok
irish_potato,36.0,False,False,False,False,5207.752387891491,5152.461789621929,5263.042986161052,2,suppressed
irish_potato,36.0,False,False,False,True,4799.423451202053,4776.897221237847,4821.949681166259,2,suppressed
irish_potato,36.0,False,False,True,False,4875.3988670014205,4813.593148162418,4937.2045858404235,2,suppressed
irish_potato,36.0,False,False,True,True,4823.1259176580115,4651.724409231212,4994.52742608481,2,suppressed
irish_potato,36.0,False,True,False,False,8363.086008263926,8316.028934324697,8410.143082203156,2,suppressed
irish_potato,36.0,False,True,False,True,7699.494331409992,7664.104386762017,7734.884276057966,2,suppressed
irish_potato,36.0,False,True,True,False,7829.281771595301,7769.097866735089,7889.465676455511,2,suppressed
irish_potato,36.0,False,True,True,True,7737.495927292601,7463.275804280021,8011.71605030518,2,suppressed
irish_potato,36.0,True,False,False,False,5615.259351642942,5491.423022856767,5739.095680429117,2,suppressed
irish_potato,36.0,True,False,False,True,5174.072410711366,5139.167756187516,5208.977065235216,2,suppressed
irish_potato,36.0,True,False,True,False,5214.7610734318005,5120.741787805061,5308.780359058539,2,suppressed
irish_potato,36.0,True,False,True,True,5157.51803575316,5001.814842816809,5313.221228689511,2,suppressed
irish_potato,36.0,True,True,False,False,10599.775792507007,10460.329151622473,10739.22243339154,2,suppressed
irish_potato,36.0,True,True,False,True,9757.95677639412,9729.335493689654,9786.578059098587,2,suppressed
irish_potato,36.0,True,True,True,False,9844.118477275879,9754.237540608023,9933.999413943733,2,suppressed
irish_potato,36.0,True,True,True,True,9728.106238919834,9397.363586620864,10058.848891218804,2,suppressed
irish_potato,37.0,False,False,False,False,3356.8910366207747,1987.804668801878,5131.038570005053,4,suppressed
irish_potato,37.0,False,False,False,True,3211.786839029413,2110.2353412609596,4742.426683061993,4,suppressed
irish_potato,37.0,False,False,True,False,3304.170067221391,2326.412224178548,4650.319233008311,4,suppressed
irish_potato,37.0,False,False,True,True,3326.1280122831968,2599.0991300814103,4453.816993683029,4,suppressed
irish_potato,37.0,False,True,False,False,4011.1610240319583,2393.5935315438783,5954.947966963507,4,suppressed
irish_potato,37.0,False,True,False,True,3868.912567758052,2548.8594068974053,5562.830662102765,4,suppressed
irish_potato,37.0,False,True,True,False,3949.9233087698503,2800.5216339762947,5394.595617550719,4,suppressed
irish_potato,37.0,False,True,True,True,4005.927923337535,3168.997853075249,5221.412156512382,4,suppressed
irish_potato,37.0,True,False,False,False,3736.9069875967048,2153.2232757842485,5815.948545147559,4,suppressed
irish_potato,37.0,True,False,False,True,3554.0338714681075,2269.6135409754747,5345.737004387527,4,suppressed
irish_potato,37.0,True,False,True,False,3669.4109998922145,2516.7381464268706,5270.546421804114,4,suppressed
irish_potato,37.0,True,False,True,True,3669.790491837716,2809.089836195772,5020.202361228906,4,suppressed
irish_potato,37.0,True,True,False,False,4553.310288447535,2632.2792690177866,6907.01789539613,4,suppressed
irish_potato,37.0,True,True,False,True,4364.856818727455,2783.2949000529584,6417.233651616606,4,suppressed
irish_potato,37.0,True,True,True,False,4470.362721669376,3076.2436469512863,6256.581064585688,4,suppressed
irish_potato,37.0,True,True,True,True,4503.617291711705,3457.1014687895545,6023.2124428558855,4,suppressed
irish_potato,41.0,False,False,False,False,2385.833421837218,2261.780043244401,2527.466775791524,101,ok
irish_potato,41.0,False,False,False,True,2421.5601941843615,2286.457793099621,2555.5944328921346,101,ok
irish_potato,41.0,False,False,True,False,2540.300468830634,2417.852289440494,2674.3718350505055,101,ok
irish_potato,41.0,False,False,True,True,2609.5673668998556,2467.221590092366,2754.656768287887,101,ok
irish_potato,41.0,False,True,False,False,3032.8742693546837,2893.6904787982494,3162.994921332212,101,ok
irish_potato,41.0,False,True,False,True,3063.8172711310417,2933.4964043252658,3171.7751992692006,101,ok
irish_potato,41.0,False,True,True,False,3212.053167971981,3101.6703595162185,3317.76680825848,101,ok
irish_potato,41.0,False,True,True,True,3290.510424203943,3169.700234690547,3395.4976860282195,101,ok
irish_potato,41.0,True,False,False,False,2640.1814553927466,2509.7347457395485,2799.584636398252,101,ok
irish_potato,41.0,True,False,False,True,2671.984171810924,2524.0474016689354,2819.7309596760556,101,ok
irish_potato,41.0,True,False,True,False,2798.23478426034,2665.5892842981725,2949.93868554002,101,ok
irish_potato,41.0,True,False,True,True,2866.7516678122015,2713.175367585966,3024.136877988372,101,ok
irish_potato,41.0,True,True,False,False,3414.3673771173735,3270.9026503704968,3557.2092035541878,101,ok
irish_potato,41.0,True,True,False,True,3438.4816665972785,3296.4062642083313,3556.227827276847,101,ok
irish_potato,41.0,True,True,True,False,3596.3930976879064,3466.7087035018108,3714.769957053773,101,ok
irish_potato,41.0,True,True,True,True,3673.7697155675696,3532.135654038578,3781.182091325845,101,ok
irish_potato,42.0,False,False,False,False,3899.229943931215,3620.6512986839753,4201.125377080479,96,ok
irish_potato,42.0,False,False,False,True,3966.063529037458,3686.997594652688,4241.273033724291,96,ok
irish_potato,42.0,False,False,True,False,4159.796560300337,3872.3105278279836,4462.090317727359,96,ok
irish_potato,42.0,False,False,True,True,4399.384322626635,4081.3566435566936,4687.295868068535,96,ok
irish_potato,42.0,False,True,False,False,3810.711552183128,3607.677358845747,4023.924062895729,96,ok
irish_potato,42.0,False,True,False,True,3874.951869330924,3661.1501505514543,4081.9515964991815,96,ok
irish_potato,42.0,False,True,True,False,4056.476904215773,3839.7448278230654,4279.671409824075,96,ok
irish_potato,42.0,False,True,True,True,4292.2419424397995,4039.7640555274634,4524.0130860090485,96,ok
irish_potato,42.0,True,False,False,False,4255.037681363275,3958.5952209681545,4567.281561565731,96,ok
irish_potato,42.0,True,False,False,True,4315.715322790043,4023.3628124288357,4595.952399081191,96,ok
irish_potato,42.0,True,False,True,False,4524.838673992456,4225.448051533499,4840.727777644694,96,ok
irish_potato,42.0,True,False,True,True,4771.233213709967,4435.983181802204,5081.130023976508,96,ok
irish_potato,42.0,True,True,False,False,4269.539966124058,4059.405469344741,4506.343720495717,96,ok
irish_potato,42.0,True,True,False,True,4326.887169207338,4091.052719920892,4556.933036670682,96,ok
irish_potato,42.0,True,True,True,False,4527.649989817585,4289.778070761343,4776.75489576255,96,ok
irish_potato,42.0,True,True,True,True,4774.867123351992,4508.281657638403,5047.652990539364,96,ok
irish_potato,43.0,False,False,False,False,5004.238308665016,4898.877283294113,5103.115068252428,397,ok
irish_potato,43.0,False,False,False,True,4775.910836998463,4655.48273292842,4882.169928884721,397,ok
irish_potato,43.0,False,False,True,False,5020.6761056689065,4913.716321659938,5113.348331608006,397,ok
irish_potato,43.0,False,False,True,True,5054.059554723645,4926.510062762775,5156.138235402707,397,ok
irish_potato,43.0,False,True,False,False,9268.519629367083,9056.741618545026,9434.451514455208,397,ok
irish_potato,43.0,False,True,False,True,8792.26214966928,8601.651996759523,8980.088503055435,397,ok
irish_potato,43.0,False,True,True,False,9264.96585227587,9071.659156840506,9427.996290606286,397,ok
irish_potato,43.0,False,True,True,True,9265.47481957985,9078.083734721817,9435.600163921354,397,ok
irish_potato,43.0,True,False,False,False,5454.094970271125,5335.017690334178,5557.152097596717,397,ok
irish_potato,43.0,True,False,False,True,5194.788106112456,5061.246533912098,5302.647499319331,397,ok
irish_potato,43.0,True,False,True,False,5449.248710354832,5327.7265676530305,5541.85926238348,397,ok
irish_potato,43.0,True,False,True,True,5473.918870414894,5329.913500156137,5584.570306390487,397,ok
irish_potato,43.0,True,True,False,False,11268.691509554294,11077.250631649562,11425.904835139663,397,ok
irish_potato,43.0,True,True,False,True,10687.984897936547,10503.111411743246,10856.738385937784,397,ok
irish_potato,43.0,True,True,True,False,11234.089856202341,11049.45703141415,11367.384616698693,397,ok
irish_potato,43.0,True,True,True,True,11228.74523722974,11020.091213618583,11391.583638263204,397,ok
irish_potato,44.0,False,False,False,False,6204.358713184474,6072.554059091631,6317.944916384403,375,ok
irish_potato,44.0,False,False,False,True,6194.651075557874,6046.117965086082,6334.94941255091,375,ok
irish_potato,44.0,False,False,True,False,6211.620014837266,6078.8313858445545,6330.255889116285,375,ok
irish_potato,44.0,False,False,True,True,6389.377784424139,6235.152746120706,6547.696025891556,375,ok
irish_potato,44.0,False,True,False,False,9728.3375089557,9585.787969526307,9866.33715071883,375,ok
irish_potato,44.0,False,True,False,True,9682.361387703575,9545.37741276307,9835.803154834472,375,ok
irish_potato,44.0,False,True,True,False,9801.602460440668,9679.571261479578,9916.210495524134,375,ok
irish_potato,44.0,False,True,True,True,10070.426591924974,9960.349994189928,10204.732177292186,375,ok
irish_potato,44.0,True,False,False,False,6836.795600486485,6696.616031811905,6950.117874054029,375,ok
irish_potato,44.0,True,False,False,True,6808.290165021481,6644.046175367847,6952.510043982828,375,ok
irish_potato,44.0,True,False,True,False,6813.583208428979,6669.211893407386,6936.389984458834,375,ok
irish_potato,44.0,True,False,True,True,6989.075027197931,6834.639164495766,7146.544911321067,375,ok
irish_potato,44.0,True,True,False,False,12175.330455072773,12020.067980382188,12320.763669942051,375,ok
irish_potato,44.0,True,True,False,True,12092.503049565077,11963.795571240375,12235.238466238387,375,ok
irish_potato,44.0,True,True,True,False,12183.824205763134,12063.279740825074,12295.834557394064,375,ok
irish_potato,44.0,True,True,True,True,12486.806954481142,12367.324133085644,12637.781789255947,375,ok
irish_potato,45.0,False,False,False,False,4990.855768343836,4762.126384583817,5175.016282425456,211,ok
irish_potato,45.0,False,False,False,True,5176.900545476541,4955.557275691384,5365.784159763258,211,ok
irish_potato,45.0,False,False,True,False,5048.180336827582,4835.44469753902,5234.6230726149,211,ok
irish_potato,45.0,False,False,True,True,5276.5811460565865,5053.47454321304,5462.487470310896,211,ok
irish_potato,45.0,False,True,False,False,6418.700308387557,6149.692209079596,6658.989966600735,211,ok
irish_potato,45.0,False,True,False,True,6600.950135850312,6345.55616899909,6830.73747656128,211,ok
irish_potato,45.0,False,True,True,False,6486.752461143729,6224.328826296258,6716.650806560664,211,ok
irish_potato,45.0,False,True,True,True,6746.9728834366,6487.351167544975,6990.134070562982,211,ok
irish_potato,45.0,True,False,False,False,5568.645709180218,5303.127923825218,5790.6304040399455,211,ok
irish_potato,45.0,True,False,False,True,5752.453751558155,5503.65515634,5972.575600287425,211,ok
irish_potato,45.0,True,False,True,False,5551.244418632142,5312.402287891885,5757.470406926775,211,ok
irish_potato,45.0,True,False,True,True,5779.110499481384,5525.278678360914,5995.549841112531,211,ok
irish_potato,45.0,True,True,False,False,7618.614461203618,7316.024296076838,7903.868049944333,211,ok
irish_potato,45.0,True,True,False,True,7805.474555441986,7510.262426921727,8090.558091932015,211,ok
irish_potato,45.0,True,True,True,False,7566.454663495043,7267.8198428998,7817.43349284466,211,ok
irish_potato,45.0,True,True,True,True,7841.306293379732,7562.19580596471,8112.8582749660045,211,ok
irish_potato,51.0,False,False,False,False,2283.5987617079636,2107.23489917167,2466.302316357464,74,ok
irish_potato,51.0,False,False,False,True,2219.987043986958,2009.743946478107,2408.7004058882326,74,ok
irish_potato,51.0,False,False,True,False,2502.8531414459617,2319.919887972453,2692.1752581438845,74,ok
irish_potato,51.0,False,False,True,True,2552.2786779429284,2347.93016244402,2752.5338324622844,74,ok
irish_potato,51.0,False,True,False,False,3154.5443785684993,2928.495151753256,3353.607342082381,74,ok
irish_potato,51.0,False,True,False,True,3042.5196876792684,2766.4852039703396,3244.27906320885,74,ok
irish_potato,51.0,False,True,True,False,3473.2872320985052,3228.991347066886,3681.1158175182463,74,ok
irish_potato,51.0,False,True,True,True,3525.6999689423355,3300.96595919008,3735.2941305867203,74,ok
irish_potato,51.0,True,False,False,False,2512.5115407060175,2316.929944077451,2720.8389540758308,74,ok
irish_potato,51.0,True,False,False,True,2429.8739470911287,2195.158941470669,2644.3990764665623,74,ok
irish_potato,51.0,True,False,True,False,2708.8907004363195,2516.1721522823063,2922.755556625546,74,ok
irish_potato,51.0,True,False,True,True,2748.635035117781,2527.36171041491,2962.280437094347,74,ok
irish_potato,51.0,True,True,False,False,3576.1007665203374,3327.742648401829,3812.6627304861513,74,ok
irish_potato,51.0,True,True,False,True,3432.562255417597,3131.124008798866,3663.565661106873,74,ok
irish_potato,51.0,True,True,True,False,3863.24564524131,3595.436150244169,4103.26399447697,74,ok
irish_potato,51.0,True,True,True,True,3902.9685720471443,3665.1901476067255,4138.529187770572,74,ok
irish_potato,52.0,False,False,False,False,2614.100607565487,2242.418030290161,3040.3302969547162,26,suppressed
irish_potato,52.0,False,False,False,True,2674.5472921215655,2314.6981224636443,3107.9998752786887,26,suppressed
irish_potato,52.0,False,False,True,False,2617.4364543424317,2246.2664956019544,3034.317602949315,26,suppressed
irish_potato,52.0,False,False,True,True,2717.287539601298,2365.836440124052,3123.539722935359,26,suppressed
irish_potato,52.0,False,True,False,False,3647.702673053012,3184.5804902326445,4324.586277344206,26,suppressed
irish_potato,52.0,False,True,False,True,3687.679204673824,3272.875576200276,4326.972803036545,26,suppressed
irish_potato,52.0,False,True,True,False,3642.948083302365,3182.9713496118056,4322.487290607283,26,suppressed
irish_potato,52.0,False,True,True,True,3753.74334431752,3318.2291014221873,4404.039657706543,26,suppressed
irish_potato,52.0,True,False,False,False,2798.426474174336,2390.62683656695,3252.680224558596,26,suppressed
irish_potato,52.0,True,False,False,True,2857.637105492448,2465.6505571567977,3317.1084395868857,26,suppressed
irish_potato,52.0,True,False,True,False,2795.2337140368063,2383.7551231231278,3240.446081386209,26,suppressed
irish_potato,52.0,True,False,True,True,2897.567152375608,2510.6594589689457,3333.822588190175,26,suppressed
irish_potato,52.0,True,True,False,False,3989.5841806125513,3522.2354533330727,4645.716513656083,26,suppressed
irish_potato,52.0,True,True,False,True,4027.6630906451264,3604.5405246595888,4647.175039846112,26,suppressed
irish_potato,52.0,True,True,True,False,3973.2497674276333,3522.5527124037067,4623.24961170365,26,suppressed
irish_potato,52.0,True,True,True,True,4090.2945733650704,3665.430240055643,4725.953586347728,26,suppressed
irish_potato,53.0,False,False,False,False,2432.6918251604293,2286.1548130744786,2588.555505965658,107,ok
irish_potato,53.0,False,False,False,True,2271.061562781105,2139.9820998661926,2453.6814532609415,107,ok
irish_potato,53.0,False,False,True,False,2656.0531674137646,2494.1716195809317,2809.7933452768484,107,ok
irish_potato,53.0,False,False,True,True,2669.1155533247406,2500.812272463505,2849.846410758641,107,ok
irish_potato,53.0,False,True,False,False,3281.984613607091,3115.038120387757,3471.34965799144,107,ok
irish_potato,53.0,False,True,False,True,3037.6699097859514,2886.24477971743,3227.026565904601,107,ok
irish_potato,53.0,False,True,True,False,3580.7945852396374,3391.3675257563914,3738.6255785926046,107,ok
irish_potato,53.0,False,True,True,True,3572.6665354958254,3390.602421400106,3754.0462978509945,107,ok
irish_potato,53.0,True,False,False,False,2695.475803740516,2527.47552260424,2862.7483550717448,107,ok
irish_potato,53.0,True,False,False,True,2504.0316984937745,2363.5690681128385,2700.2203345105095,107,ok
irish_potato,53.0,True,False,True,False,2900.53130721754,2719.2952422954895,3067.857097447083,107,ok
irish_potato,53.0,True,False,True,True,2901.181167928271,2712.9719090026283,3092.676945932493,107,ok
irish_potato,53.0,True,True,False,False,3739.2371334337317,3546.6943965714786,3946.308201638566,107,ok
irish_potato,53.0,True,True,False,True,3444.5175172721965,3263.2203212214827,3657.7706545518604,107,ok
irish_potato,53.0,True,True,True,False,4018.5377323230473,3814.889224811355,4189.172774326096,107,ok
irish_potato,53.0,True,True,True,True,3991.4363062554844,3774.661324247312,4190.824719314759,107,ok
irish_potato,54.0,False,False,False,False,1730.6413573065802,1577.7681483729812,1877.993586359473,70,ok
irish_potato,54.0,False,False,False,True,1753.5750699342052,1582.8389420599824,1947.835727815796,70,ok
irish_potato,54.0,False,False,True,False,1667.1184759285966,1529.8926130642542,1804.8684490695089,70,ok
irish_potato,54.0,False,False,True,True,1776.899024292002,1601.7001966767118,1952.3771028398444,70,ok
irish_potato,54.0,False,True,False,False,2280.681385854516,2107.0545621368756,2427.0426885704433,70,ok
irish_potato,54.0,False,True,False,True,2273.2854729491696,2095.3372954201445,2462.5352345853526,70,ok
irish_potato,54.0,False,True,True,False,2233.5705954623804,2046.4273483228983,2384.076028675972,70,ok
irish_potato,54.0,False,True,True,True,2358.303442770181,2174.0949762378677,2535.6222665602895,70,ok
irish_potato,54.0,True,False,False,False,1871.0173853724157,1712.6312748287712,2035.6120887131913,70,ok
irish_potato,54.0,True,False,False,True,1886.1990949187773,1709.4464789592507,2101.3153104307057,70,ok
irish_potato,54.0,True,False,True,False,1805.5635901998726,1658.5444783113926,1955.1290398607146,70,ok
irish_potato,54.0,True,False,True,True,1915.9203017357393,1732.7045955125814,2111.742850314491,70,ok
irish_potato,54.0,True,True,False,False,2533.8264485027385,2349.5053508329042,2694.0317928448217,70,ok
irish_potato,54.0,True,True,False,True,2514.6874433184153,2330.0677857087167,2733.41857628761,70,ok
irish_potato,54.0,True,True,True,False,2479.055664402093,2277.065246715,2649.5821331448574,70,ok
irish_potato,54.0,True,True,True,True,2606.989261895702,2406.7856858533933,2813.644045698243,70,ok
irish_potato,55.0,False,False,False,False,1640.5975486683412,1513.6905844320306,1790.0034601677312,82,ok
irish_potato,55.0,False,False,False,True,1589.861155151306,1467.8855043946828,1765.573321149804,82,ok
irish_potato,55.0,False,False,True,False,1599.4790100153168,1481.1233749005653,1735.7324809798629,82,ok
irish_potato,55.0,False,False,True,True,1628.34999122552,1505.234041194448,1791.2421207075238,82,ok
irish_potato,55.0,False,True,False,False,2070.264917792535,1920.1643906531312,2255.67370834175,82,ok
irish_potato,55.0,False,True,False,True,1985.47419257433,1846.5804692825996,2179.8169853524537,82,ok
irish_potato,55.0,False,True,True,False,2018.4817544938137,1877.7633917465823,2190.0881617551645,82,ok
irish_potato,55.0,False,True,True,True,2040.535907996779,1903.122434820794,2222.7143508038484,82,ok
irish_potato,55.0,True,False,False,False,1789.9766803727828,1650.018627129296,1953.0753872601963,82,ok
irish_potato,55.0,True,False,False,True,1727.4268532274798,1589.918485263719,1916.3490218954846,82,ok
irish_potato,55.0,True,False,True,False,1742.553283931774,1612.1911467691248,1898.8912540523934,82,ok
irish_potato,55.0,True,False,True,True,1767.0594994088246,1628.5645189963238,1941.3015864141016,82,ok
irish_potato,55.0,True,True,False,False,2330.8431123252335,2155.679736521358,2538.4775025429494,82,ok
irish_potato,55.0,True,True,False,True,2226.645004816524,2063.321284751623,2440.1663917704577,82,ok
irish_potato,55.0,True,True,True,False,2267.1110487052647,2105.2548341799256,2461.9223337622648,82,ok
irish_potato,55.0,True,True,True,True,2283.1991066732407,2120.9821223436484,2485.427505048934,82,ok
irish_potato,56.0,False,False,False,False,2126.8697856957465,1987.877895501965,2281.1393908994028,67,ok
irish_potato,56.0,False,False,False,True,2020.2210956498839,1873.1313764884678,2199.897141020316,67,ok
irish_potato,56.0,False,False,True,False,2409.3090312245936,2264.8732440740023,2566.2084132656996,67,ok
irish_potato,56.0,False,False,True,True,2455.1442085164144,2319.6950390319553,2620.149543398886,67,ok
irish_potato,56.0,False,True,False,False,2991.845524676895,2790.7407596208395,3203.961482970733,67,ok
irish_potato,56.0,False,True,False,True,2810.495295660207,2593.563501036648,3044.4003180620534,67,ok
irish_potato,56.0,False,True,True,False,3389.770930480659,3173.276558374444,3589.1503412017005,67,ok
irish_potato,56.0,False,True,True,True,3425.2837654714012,3242.0171089461896,3639.928309975523,67,ok
irish_potato,56.0,True,False,False,False,2334.7640833450346,2173.160209245132,2505.7085152770896,67,ok
irish_potato,56.0,True,False,False,True,2209.710104898784,2037.3784537129231,2408.105258752822,67,ok
irish_potato,56.0,True,False,True,False,2602.469153509186,2441.3389288499507,2772.7163491875003,67,ok
irish_potato,56.0,True,False,True,True,2641.791165344698,2489.2631230292473,2829.494869484641,67,ok
irish_potato,56.0,True,True,False,False,3389.6166984174356,3150.1786627430965,3637.2752684115344,67,ok
irish_potato,56.0,True,True,False,True,3173.5051853837263,2921.714172221067,3443.966544866859,67,ok
irish_potato,56.0,True,True,True,False,3771.2265085347035,3524.6435843963536,3994.103091151469,67,ok
irish_potato,56.0,True,True,True,True,3796.746352240367,3586.0581201271866,4036.109008749851,67,ok
irish_potato,57.0,False,False,False,False,1400.3872970848877,1298.4919182451276,1499.813491532112,21,suppressed
irish_potato,57.0,False,False,False,True,1430.811932973259,1284.3845204530185,1574.171394363995,21,suppressed
irish_potato,57.0,False,False,True,False,1211.871608234896,1122.3716309269341,1301.6728116497015,21,suppressed
irish_potato,57.0,False,False,True,True,1303.7337004230433,1197.9128724699597,1411.5197376233664,21,suppressed
irish_potato,57.0,False,True,False,False,1688.7607655770403,1575.0841043580979,1822.082402873859,21,suppressed
irish_potato,57.0,False,True,False,True,1713.6818115449212,1536.592911319161,1889.8838182337452,21,suppressed
irish_potato,57.0,False,True,True,False,1491.502939516073,1379.2115148470893,1626.5027629472424,21,suppressed
irish_potato,57.0,False,True,True,True,1593.4542144893785,1464.9091754428587,1733.3667234655034,21,suppressed
irish_potato,57.0,True,False,False,False,1474.9956060271306,1360.7562379590388,1585.625258970382,21,suppressed
irish_potato,57.0,True,False,False,True,1500.5599958239623,1350.7353984121507,1656.7584024295916,21,suppressed
irish_potato,57.0,True,False,True,False,1283.6544845847814,1181.6962066113601,1383.8831807960978,21,suppressed
irish_potato,57.0,True,False,True,True,1375.6230709994513,1257.0286272698463,1495.8738127260501,21,suppressed
irish_potato,57.0,True,True,False,False,1838.423071877235,1707.1181648517713,1989.0152096301092,21,suppressed
irish_potato,57.0,True,True,False,True,1858.5795958177546,1661.474883798677,2056.5938605392644,21,suppressed
irish_potato,57.0,True,True,True,False,1625.4534099756406,1497.6465574645995,1777.138169776239,21,suppressed
irish_potato,57.0,True,True,True,True,1730.2133106341716,1582.3129351557113,1890.786367578385,21,suppressed
sorghum,11.0,False,False,False,False,778.2329389824102,761.41577115633,792.5185355271294,48,ok
sorghum,11.0,False,False,False,True,778.2329389824102,761.41577115633,792.5185355271294,48,ok
sorghum,11.0,False,False,True,False,778.2329389824102,761.41577115633,792.5185355271294,48,ok
sorghum,11.0,False,False,True,True,778.2329389824102,761.41577115633,792.5185355271294,48,ok
sorghum,11.0,False,True,False,False,866.1170200288394,847.8230837115473,880.8667121775325,48,ok
sorghum,11.0,False,True,False,True,866.1170200288394,847.8230837115473,880.8667121775325,48,ok
sorghum,11.0,False,True,True,False,866.1170200288394,847.8230837115473,880.8667121775325,48,ok
sorghum,11.0,False,True,True,True,866.1170200288394,847.8230837115473,880.8667121775325,48,ok
sorghum,11.0,True,False,False,False,776.3177613496156,759.4521648210826,791.1652572628896,48,ok
sorghum,11.0,True,False,False,True,776.3177613496156,759.4521648210826,791.1652572628896,48,ok
sorghum,11.0,True,False,True,False,776.3177613496156,759.4521648210826,791.1652572628896,48,ok
sorghum,11.0,True,False,True,True,776.3177613496156,759.4521648210826,791.1652572628896,48,ok
sorghum,11.0,True,True,False,False,863.9850197490854,845.6268446267411,878.956636338365,48,ok
sorghum,11.0,True,True,False,True,863.9850197490854,845.6268446267411,878.956636338365,48,ok
sorghum,11.0,True,True,True,False,863.9850197490854,845.6268446267411,878.956636338365,48,ok
sorghum,11.0,True,True,True,True,863.9850197490854,845.6268446267411,878.956636338365,48,ok
sorghum,12.0,False,False,False,False,961.0826539524764,953.6343362020466,967.3278912789036,249,ok
sorghum,12.0,False,False,False,True,961.0826539524764,953.6343362020466,967.3278912789036,249,ok
sorghum,12.0,False,False,True,False,961.0826539524764,953.6343362020466,967.3278912789036,249,ok
sorghum,12.0,False,False,True,True,961.0826539524764,953.6343362020466,967.3278912789036,249,ok
sorghum,12.0,False,True,False,False,1073.7225855782744,1067.453285448672,1079.3613757520916,249,ok
sorghum,12.0,False,True,False,True,1073.7225855782744,1067.453285448672,1079.3613757520916,249,ok
sorghum,12.0,False,True,True,False,1073.7225855782744,1067.453285448672,1079.3613757520916,249,ok
sorghum,12.0,False,True,True,True,1073.7225855782744,1067.453285448672,1079.3613757520916,249,ok
sorghum,12.0,True,False,False,False,960.4268892014906,952.885473470342,966.6381907886456,249,ok
sorghum,12.0,True,False,False,True,960.4268892014906,952.885473470342,966.6381907886456,249,ok
sorghum,12.0,True,False,True,False,960.4268892014906,952.885473470342,966.6381907886456,249,ok
sorghum,12.0,True,False,True,True,960.4268892014906,952.885473470342,966.6381907886456,249,ok
sorghum,12.0,True,True,False,False,1072.9866350111736,1066.6619586891345,1078.7069738848716,249,ok
sorghum,12.0,True,True,False,True,1072.9866350111736,1066.6619586891345,1078.7069738848716,249,ok
sorghum,12.0,True,True,True,False,1072.9866350111736,1066.6619586891345,1078.7069738848716,249,ok
sorghum,12.0,True,True,True,True,1072.9866350111736,1066.6619586891345,1078.7069738848716,249,ok
sorghum,13.0,False,False,False,False,981.7323952748103,970.6175664291619,991.9552269660849,86,ok
sorghum,13.0,False,False,False,True,981.7323952748103,970.6175664291619,991.9552269660849,86,ok
sorghum,13.0,False,False,True,False,981.7323952748103,970.6175664291619,991.9552269660849,86,ok
sorghum,13.0,False,False,True,True,981.7323952748103,970.6175664291619,991.9552269660849,86,ok
sorghum,13.0,False,True,False,False,1046.210675383639,1035.6734247375707,1055.2352508314784,86,ok
sorghum,13.0,False,True,False,True,1046.210675383639,1035.6734247375707,1055.2352508314784,86,ok
sorghum,13.0,False,True,True,False,1046.210675383639,1035.6734247375707,1055.2352508314784,86,ok
sorghum,13.0,False,True,True,True,1046.210675383639,1035.6734247375707,1055.2352508314784,86,ok
sorghum,13.0,True,False,False,False,978.173477224561,966.5095275232525,988.7090441899055,86,ok
sorghum,13.0,True,False,False,True,978.173477224561,966.5095275232525,988.7090441899055,86,ok
sorghum,13.0,True,False,True,False,978.173477224561,966.5095275232525,988.7090441899055,86,ok
sorghum,13.0,True,False,True,True,978.173477224561,966.5095275232525,988.7090441899055,86,ok
sorghum,13.0,True,True,False,False,1042.4304698928631,1031.183706716748,1052.0198023747682,86,ok
sorghum,13.0,True,True,False,True,1042.4304698928631,1031.183706716748,1052.0198023747682,86,ok
sorghum,13.0,True,True,True,False,1042.4304698928631,1031.183706716748,1052.0198023747682,86,ok
sorghum,13.0,True,True,True,True,1042.4304698928631,1031.183706716748,1052.0198023747682,86,ok
sorghum,21.0,False,False,False,False,784.9193902069876,779.6772375700001,790.2816463105131,273,ok
sorghum,21.0,False,False,False,True,784.9193902069876,779.6772375700001,790.2816463105131,273,ok
sorghum,21.0,False,False,True,False,784.9193902069876,779.6772375700001,790.2816463105131,273,ok
sorghum,21.0,False,False,True,True,784.9193902069876,779.6772375700001,790.2816463105131,273,ok
sorghum,21.0,False,True,False,False,885.919519667896,880.857030324778,891.3039244148844,273,ok
sorghum,21.0,False,True,False,True,885.919519667896,880.857030324778,891.3039244148844,273,ok
sorghum,21.0,False,True,True,False,885.919519667896,880.857030324778,891.3039244148844,273,ok
sorghum,21.0,False,True,True,True,885.919519667896,880.857030324778,891.3039244148844,273,ok
sorghum,21.0,True,False,False,False,784.0779905635402,778.6346497201743,789.5293049786846,273,ok
sorghum,21.0,True,False,False,True,784.0779905635402,778.6346497201743,789.5293049786846,273,ok
sorghum,21.0,True,False,True,False,784.0779905635402,778.6346497201743,789.5293049786846,273,ok
sorghum,21.0,True,False,True,True,784.0779905635402,778.6346497201743,789.5293049786846,273,ok
sorghum,21.0,True,True,False,False,884.9674722571018,879.6502270370012,890.4706746626497,273,ok
sorghum,21.0,True,True,False,True,884.9674722571018,879.6502270370012,890.4706746626497,273,ok
sorghum,21.0,True,True,True,False,884.9674722571018,879.6502270370012,890.4706746626497,273,ok
sorghum,21.0,True,True,True,True,884.9674722571018,879.6502270370012,890.4706746626497,273,ok
sorghum,22.0,False,False,False,False,788.508404512131,782.5561033583705,794.8345602725782,180,ok
sorghum,22.0,False,False,False,True,788.508404512131,782.5561033583705,794.8345602725782,180,ok
sorghum,22.0,False,False,True,False,788.508404512131,782.5561033583705,794.8345602725782,180,ok
sorghum,22.0,False,False,True,True,788.508404512131,782.5561033583705,794.8345602725782,180,ok
sorghum,22.0,False,True,False,False,893.6167790862008,887.3366395497144,900.4308263189195,180,ok
sorghum,22.0,False,True,False,True,893.6167790862008,887.3366395497144,900.4308263189195,180,ok
sorghum,22.0,False,True,True,False,893.6167790862008,887.3366395497144,900.4308263189195,180,ok
sorghum,22.0,False,True,True,True,893.6167790862008,887.3366395497144,900.4308263189195,180,ok
sorghum,22.0,True,False,False,False,787.2135718717566,781.2976999548476,793.693258373828,180,ok
sorghum,22.0,True,False,False,True,787.2135718717566,781.2976999548476,793.693258373828,180,ok
sorghum,22.0,True,False,True,False,787.2135718717566,781.2976999548476,793.693258373828,180,ok
sorghum,22.0,True,False,True,True,787.2135718717566,781.2976999548476,793.693258373828,180,ok
sorghum,22.0,True,True,False,False,892.1485069538264,885.8582794241919,899.1370207779922,180,ok
sorghum,22.0,True,True,False,True,892.1485069538264,885.8582794241919,899.1370207779922,180,ok
sorghum,22.0,True,True,True,False,892.1485069538264,885.8582794241919,899.1370207779922,180,ok
sorghum,22.0,True,True,True,True,892.1485069538264,885.8582794241919,899.1370207779922,180,ok
sorghum,23.0,False,False,False,False,710.4324329949011,701.3955966536752,719.4345938493803,76,ok
sorghum,23.0,False,False,False,True,710.4324329949011,701.3955966536752,719.4345938493803,76,ok
sorghum,23.0,False,False,True,False,710.4324329949011,701.3955966536752,719.4345938493803,76,ok
sorghum,23.0,False,False,True,True,710.4324329949011,701.3955966536752,719.4345938493803,76,ok
sorghum,23.0,False,True,False,False,737.6644219634148,729.7938762032068,745.2870692398365,76,ok
sorghum,23.0,False,True,False,True,737.6644219634148,729.7938762032068,745.2870692398365,76,ok
sorghum,23.0,False,True,True,False,737.6644219634148,729.7938762032068,745.2870692398365,76,ok
sorghum,23.0,False,True,True,True,737.6644219634148,729.7938762032068,745.2870692398365,76,ok
sorghum,23.0,True,False,False,False,710.4324329949011,701.3955966536752,719.4345938493803,76,ok
sorghum,23.0,True,False,False,True,710.4324329949011,701.3955966536752,719.4345938493803,76,ok
sorghum,23.0,True,False,True,False,710.4324329949011,701.3955966536752,719.4345938493803,76,ok
sorghum,23.0,True,False,True,True,710.4324329949011,701.3955966536752,719.4345938493803,76,ok
sorghum,23.0,True,True,False,False,737.6644219634148,729.7938762032068,745.2870692398365,76,ok
sorghum,23.0,True,True,False,True,737.6644219634148,729.7938762032068,745.2870692398365,76,ok
sorghum,23.0,True,True,True,False,737.6644219634148,729.7938762032068,745.2870692398365,76,ok
sorghum,23.0,True,True,True,True,737.6644219634148,729.7938762032068,745.2870692398365,76,ok
sorghum,24.0,False,False,False,False,839.8085529709608,834.6928069679831,844.454594016063,220,ok
sorghum,24.0,False,False,False,True,839.8085529709608,834.6928069679831,844.454594016063,220,ok
sorghum,24.0,False,False,True,False,839.8085529709608,834.6928069679831,844.454594016063,220,ok
sorghum,24.0,False,False,True,True,839.8085529709608,834.6928069679831,844.454594016063,220,ok
sorghum,24.0,False,True,False,False,946.2842104810885,940.7260827669008,951.127369439355,220,ok
sorghum,24.0,False,True,False,True,946.2842104810885,940.7260827669008,951.127369439355,220,ok
sorghum,24.0,False,True,True,False,946.2842104810885,940.7260827669008,951.127369439355,220,ok
sorghum,24.0,False,True,True,True,946.2842104810885,940.7260827669008,951.127369439355,220,ok
sorghum,24.0,True,False,False,False,838.7401256243098,833.6170949906632,843.4738268196658,220,ok
sorghum,24.0,True,False,False,True,838.7401256243098,833.6170949906632,843.4738268196658,220,ok
sorghum,24.0,True,False,True,False,838.7401256243098,833.6170949906632,843.4738268196658,220,ok
sorghum,24.0,True,False,True,True,838.7401256243098,833.6170949906632,843.4738268196658,220,ok
sorghum,24.0,True,True,False,False,945.0784817812238,939.4670309950716,950.0211148995994,220,ok
sorghum,24.0,True,True,False,True,945.0784817812238,939.4670309950716,950.0211148995994,220,ok
sorghum,24.0,True,True,True,False,945.0784817812238,939.4670309950716,950.0211148995994,220,ok
sorghum,24.0,True,True,True,True,945.0784817812238,939.4670309950716,950.0211148995994,220,ok
sorghum,25.0,False,False,False,False,716.5389953236051,711.3966239099047,721.1521758937848,203,ok
sorghum,25.0,False,False,False,True,716.5389953236051,711.3966239099047,721.1521758937848,203,ok
sorghum,25.0,False,False,True,False,716.5389953236051,711.3966239099047,721.1521758937848,203,ok
sorghum,25.0,False,False,True,True,716.5389953236051,711.3966239099047,721.1521758937848,203,ok
sorghum,25.0,False,True,False,False,743.9611627610923,739.5185981897704,747.9476706492223,203,ok
sorghum,25.0,False,True,False,True,743.9611627610923,739.5185981897704,747.9476706492223,203,ok
sorghum,25.0,False,True,True,False,743.9611627610923,739.5185981897704,747.9476706492223,203,ok
sorghum,25.0,False,True,True,True,743.9611627610923,739.5185981897704,747.9476706492223,203,ok
sorghum,25.0,True,False,False,False,716.391746435466,711.2638572695803,720.9876343701952,203,ok
sorghum,25.0,True,False,False,True,716.391746435466,711.2638572695803,720.9876343701952,203,ok
sorghum,25.0,True,False,True,False,716.391746435466,711.2638572695803,720.9876343701952,203,ok
sorghum,25.0,True,False,True,True,716.391746435466,711.2638572695803,720.9876343701952,203,ok
sorghum,25.0,True,True,False,False,743.8074434026373,739.3785814526127,747.7383456446639,203,ok
sorghum,25.0,True,True,False,True,743.8074434026373,739.3785814526127,747.7383456446639,203,ok
sorghum,25.0,True,True,True,False,743.8074434026373,739.3785814526127,747.7383456446639,203,ok
sorghum,25.0,True,True,True,True,743.8074434026373,739.3785814526127,747.7383456446639,203,ok
sorghum,26.0,False,False,False,False,685.2629329503111,678.5701015984263,691.0553382108109,146,ok
sorghum,26.0,False,False,False,True,685.2629329503111,678.5701015984263,691.0553382108109,146,ok
sorghum,26.0,False,False,True,False,685.2629329503111,678.5701015984263,691.0553382108109,146,ok
sorghum,26.0,False,False,True,True,685.2629329503111,678.5701015984263,691.0553382108109,146,ok
sorghum,26.0,False,True,False,False,803.2417654343159,796.245532478373,809.4328245841773,146,ok
sorghum,26.0,False,True,False,True,803.2417654343159,796.245532478373,809.4328245841773,146,ok
sorghum,26.0,False,True,True,False,803.2417654343159,796.245532478373,809.4328245841773,146,ok
sorghum,26.0,False,True,True,True,803.2417654343159,796.245532478373,809.4328245841773,146,ok
sorghum,26.0,True,False,False,False,684.876365717648,678.1770956788693,690.6794283427449,146,ok
sorghum,26.0,True,False,False,True,684.876365717648,678.1770956788693,690.6794283427449,146,ok
sorghum,26.0,True,False,True,False,684.876365717648,678.1770956788693,690.6794283427449,146,ok
sorghum,26.0,True,False,True,True,684.876365717648,678.1770956788693,690.6794283427449,146,ok
sorghum,26.0,True,True,False,False,802.7869547150634,795.7725809078137,808.9907435011642,146,ok
sorghum,26.0,True,True,False,True,802.7869547150634,795.7725809078137,808.9907435011642,146,ok
sorghum,26.0,True,True,True,False,802.7869547150634,795.7725809078137,808.9907435011642,146,ok
sorghum,26.0,True,True,True,True,802.7869547150634,795.7725809078137,808.9907435011642,146,ok
sorghum,27.0,False,False,False,False,704.5198423986676,679.9443248077603,722.3407086065586,8,suppressed
sorghum,27.0,False,False,False,True,704.5198423986676,679.9443248077603,722.3407086065586,8,suppressed
sorghum,27.0,False,False,True,False,704.5198423986676,679.9443248077603,722.3407086065586,8,suppressed
sorghum,27.0,False,False,True,True,704.5198423986676,679.9443248077603,722.3407086065586,8,suppressed
sorghum,27.0,False,True,False,False,804.2362140540225,787.3482405264099,819.6903442161168,8,suppressed
sorghum,27.0,False,True,False,True,804.2362140540225,787.3482405264099,819.6903442161168,8,suppressed
sorghum,27.0,False,True,True,False,804.2362140540225,787.3482405264099,819.6903442161168,8,suppressed
sorghum,27.0,False,True,True,True,804.2362140540225,787.3482405264099,819.6903442161168,8,suppressed
sorghum,27.0,True,False,False,False,704.5198423986676,679.9443248077603,722.3407086065586,8,suppressed
sorghum,27.0,True,False,False,True,704.5198423986676,679.9443248077603,722.3407086065586,8,suppressed
sorghum,27.0,True,False,True,False,704.5198423986676,679.9443248077603,722.3407086065586,8,suppressed
sorghum,27.0,True,False,True,True,704.5198423986676,679.9443248077603,722.3407086065586,8,suppressed
sorghum,27.0,True,True,False,False,804.2362140540225,787.3482405264099,819.6903442161168,8,suppressed
sorghum,27.0,True,True,False,True,804.2362140540225,787.3482405264099,819.6903442161168,8,suppressed
sorghum,27.0,True,True,True,False,804.2362140540225,787.3482405264099,819.6903442161168,8,suppressed
sorghum,27.0,True,True,True,True,804.2362140540225,787.3482405264099,819.6903442161168,8,suppressed
sorghum,28.0,False,False,False,False,801.1183859681292,791.3040006922657,810.6372423281167,137,ok
sorghum,28.0,False,False,False,True,801.1183859681292,791.3040006922657,810.6372423281167,137,ok
sorghum,28.0,False,False,True,False,801.1183859681292,791.3040006922657,810.6372423281167,137,ok
sorghum,28.0,False,False,True,True,801.1183859681292,791.3040006922657,810.6372423281167,137,ok
sorghum,28.0,False,True,False,False,888.3384194621093,878.506007215679,898.4413437825311,137,ok
sorghum,28.0,False,True,False,True,888.3384194621093,878.506007215679,898.4413437825311,137,ok
sorghum,28.0,False,True,True,False,888.3384194621093,878.506007215679,898.4413437825311,137,ok
sorghum,28.0,False,True,True,True,888.3384194621093,878.506007215679,898.4413437825311,137,ok
sorghum,28.0,True,False,False,False,799.8794225060683,789.9388421993401,809.6884739971766,137,ok
sorghum,28.0,True,False,False,True,799.8794225060683,789.9388421993401,809.6884739971766,137,ok
sorghum,28.0,True,False,True,False,799.8794225060683,789.9388421993401,809.6884739971766,137,ok
sorghum,28.0,True,False,True,True,799.8794225060683,789.9388421993401,809.6884739971766,137,ok
sorghum,28.0,True,True,False,False,886.9609436943483,876.7933418081578,897.2421676076053,137,ok
sorghum,28.0,True,True,False,True,886.9609436943483,876.7933418081578,897.2421676076053,137,ok
sorghum,28.0,True,True,True,False,886.9609436943483,876.7933418081578,897.2421676076053,137,ok
sorghum,28.0,True,True,True,True,886.9609436943483,876.7933418081578,897.2421676076053,137,ok
sorghum,31.0,False,False,False,False,711.4704244202742,700.5702399090194,722.0969541851272,77,ok
sorghum,31.0,False,False,False,True,711.4704244202742,700.5702399090194,722.0969541851272,77,ok
sorghum,31.0,False,False,True,False,711.4704244202742,700.5702399090194,722.0969541851272,77,ok
sorghum,31.0,False,False,True,True,711.4704244202742,700.5702399090194,722.0969541851272,77,ok
sorghum,31.0,False,True,False,False,776.9552715742066,766.2514706334916,787.3464187575289,77,ok
sorghum,31.0,False,True,False,True,776.9552715742066,766.2514706334916,787.3464187575289,77,ok
sorghum,31.0,False,True,True,False,776.9552715742066,766.2514706334916,787.3464187575289,77,ok
sorghum,31.0,False,True,True,True,776.9552715742066,766.2514706334916,787.3464187575289,77,ok
sorghum,31.0,True,False,False,False,711.3385657659659,700.4458177340975,722.0311107220823,77,ok
sorghum,31.0,True,False,False,True,711.3385657659659,700.4458177340975,722.0311107220823,77,ok
sorghum,31.0,True,False,True,False,711.3385657659659,700.4458177340975,722.0311107220823,77,ok
sorghum,31.0,True,False,True,True,711.3385657659659,700.4458177340975,722.0311107220823,77,ok
sorghum,31.0,True,True,False,False,776.8120375027324,766.0750516139599,787.2031846860548,77,ok
sorghum,31.0,True,True,False,True,776.8120375027324,766.0750516139599,787.2031846860548,77,ok
sorghum,31.0,True,True,True,False,776.8120375027324,766.0750516139599,787.2031846860548,77,ok
sorghum,31.0,True,True,True,True,776.8120375027324,766.0750516139599,787.2031846860548,77,ok
sorghum,32.0,False,False,False,False,704.0322923585384,667.946680986875,726.5342857795414,5,suppressed
sorghum,32.0,False,False,False,True,704.0322923585384,667.946680986875,726.5342857795414,5,suppressed
sorghum,32.0,False,False,True,False,704.0322923585384,667.946680986875,726.5342857795414,5,suppressed
sorghum,32.0,False,False,True,True,704.0322923585384,667.946680986875,726.5342857795414,5,suppressed
sorghum,32.0,False,True,False,False,732.7185946961115,697.5403098782032,754.0155002852999,5,suppressed
sorghum,32.0,False,True,False,True,732.7185946961115,697.5403098782032,754.0155002852999,5,suppressed
sorghum,32.0,False,True,True,False,732.7185946961115,697.5403098782032,754.0155002852999,5,suppressed
sorghum,32.0,False,True,True,True,732.7185946961115,697.5403098782032,754.0155002852999,5,suppressed
sorghum,32.0,True,False,False,False,702.9858894834351,666.9002781117719,725.4704136400212,5,suppressed
sorghum,32.0,True,False,False,True,702.9858894834351,666.9002781117719,725.4704136400212,5,suppressed
sorghum,32.0,True,False,True,False,702.9858894834351,666.9002781117719,725.4704136400212,5,suppressed
sorghum,32.0,True,False,True,True,702.9858894834351,666.9002781117719,725.4704136400212,5,suppressed
sorghum,32.0,True,True,False,False,731.638593090185,696.4603082722767,753.8709257612327,5,suppressed
sorghum,32.0,True,True,False,True,731.638593090185,696.4603082722767,753.8709257612327,5,suppressed
sorghum,32.0,True,True,True,False,731.638593090185,696.4603082722767,753.8709257612327,5,suppressed
sorghum,32.0,True,True,True,True,731.638593090185,696.4603082722767,753.8709257612327,5,suppressed
sorghum,33.0,False,False,False,False,1088.5328763111652,1077.7044237036207,1096.674479059026,33,ok
sorghum,33.0,False,False,False,True,1088.5328763111652,1077.7044237036207,1096.674479059026,33,ok
sorghum,33.0,False,False,True,False,1088.5328763111652,1077.7044237036207,1096.674479059026,33,ok
sorghum,33.0,False,False,True,True,1088.5328763111652,1077.7044237036207,1096.674479059026,33,ok
sorghum,33.0,False,True,False,False,1175.755573287852,1164.5559869276028,1184.3139415851203,33,ok
sorghum,33.0,False,True,False,True,1175.755573287852,1164.5559869276028,1184.3139415851203,33,ok
sorghum,33.0,False,True,True,False,1175.755573287852,1164.5559869276028,1184.3139415851203,33,ok
sorghum,33.0,False,True,True,True,1175.755573287852,1164.5559869276028,1184.3139415851203,33,ok
sorghum,33.0,True,False,False,False,1087.567880953294,1077.2029484652603,1096.163335537626,33,ok
sorghum,33.0,True,False,False,True,1087.567880953294,1077.2029484652603,1096.163335537626,33,ok
sorghum,33.0,True,False,True,False,1087.567880953294,1077.2029484652603,1096.163335537626,33,ok
sorghum,33.0,True,False,True,True,1087.567880953294,1077.2029484652603,1096.163335537626,33,ok
sorghum,33.0,True,True,False,False,1174.7343670665516,1163.7979634966134,1183.8321927793133,33,ok
sorghum,33.0,True,True,False,True,1174.7343670665516,1163.7979634966134,1183.8321927793133,33,ok
sorghum,33.0,True,True,True,False,1174.7343670665516,1163.7979634966134,1183.8321927793133,33,ok
sorghum,33.0,True,True,True,True,1174.7343670665516,1163.7979634966134,1183.8321927793133,33,ok
sorghum,34.0,False,False,False,False,987.0213055593302,972.4255633282294,1007.2782142235033,48,ok
sorghum,34.0,False,False,False,True,987.0213055593302,972.4255633282294,1007.2782142235033,48,ok
sorghum,34.0,False,False,True,False,987.0213055593302,972.4255633282294,1007.2782142235033,48,ok
sorghum,34.0,False,False,True,True,987.0213055593302,972.4255633282294,1007.2782142235033,48,ok
sorghum,34.0,False,True,False,False,1135.0166651184352,1119.1482994472192,1156.9413362546088,48,ok
sorghum,34.0,False,True,False,True,1135.0166651184352,1119.1482994472192,1156.9413362546088,48,ok
sorghum,34.0,False,True,True,False,1135.0166651184352,1119.1482994472192,1156.9413362546088,48,ok
sorghum,34.0,False,True,True,True,1135.0166651184352,1119.1482994472192,1156.9413362546088,48,ok
sorghum,34.0,True,False,False,False,985.5585712494498,970.7790094647879,1005.7350450069297,48,ok
sorghum,34.0,True,False,False,True,985.5585712494498,970.7790094647879,1005.7350450069297,48,ok
sorghum,34.0,True,False,True,False,985.5585712494498,970.7790094647879,1005.7350450069297,48,ok
sorghum,34.0,True,False,True,True,985.5585712494498,970.7790094647879,1005.7350450069297,48,ok
sorghum,34.0,True,True,False,False,1133.3251068703323,1117.6023781763915,1155.1615901544935,48,ok
sorghum,34.0,True,True,False,True,1133.3251068703323,1117.6023781763915,1155.1615901544935,48,ok
sorghum,34.0,True,True,True,False,1133.3251068703323,1117.6023781763915,1155.1615901544935,48,ok
sorghum,34.0,True,True,True,True,1133.3251068703323,1117.6023781763915,1155.1615901544935,48,ok
sorghum,35.0,False,False,False,False,658.7397630303835,642.4502868855661,676.3502558938947,22,suppressed
sorghum,35.0,False,False,False,True,658.7397630303835,642.4502868855661,676.3502558938947,22,suppressed
sorghum,35.0,False,False,True,False,658.7397630303835,642.4502868855661,676.3502558938947,22,suppressed
sorghum,35.0,False,False,True,True,658.7397630303835,642.4502868855661,676.3502558938947,22,suppressed
sorghum,35.0,False,True,False,False,692.0907298042036,675.8300812749175,709.866456529478,22,suppressed
sorghum,35.0,False,True,False,True,692.0907298042036,675.8300812749175,709.866456529478,22,suppressed
sorghum,35.0,False,True,True,False,692.0907298042036,675.8300812749175,709.866456529478,22,suppressed
sorghum,35.0,False,True,True,True,692.0907298042036,675.8300812749175,709.866456529478,22,suppressed
sorghum,35.0,True,False,False,False,658.1127464248244,641.7188496696507,675.5000583312916,22,suppressed
sorghum,35.0,True,False,False,True,658.1127464248244,641.7188496696507,675.5000583312916,22,suppressed
sorghum,35.0,True,False,True,False,658.1127464248244,641.7188496696507,675.5000583312916,22,suppressed
sorghum,35.0,True,False,True,True,658.1127464248244,641.7188496696507,675.5000583312916,22,suppressed
sorghum,35.0,True,True,False,False,691.4305708975104,675.1697840789246,709.418006326855,22,suppressed
sorghum,35.0,True,True,False,True,691.4305708975104,675.1697840789246,709.418006326855,22,suppressed
sorghum,35.0,True,True,True,False,691.4305708975104,675.1697840789246,709.418006326855,22,suppressed
sorghum,35.0,True,True,True,True,691.4305708975104,675.1697840789246,709.418006326855,22,suppressed
sorghum,36.0,False,False,False,False,672.0033474036562,630.6486746525119,708.0561189367487,3,suppressed
sorghum,36.0,False,False,False,True,672.0033474036562,630.6486746525119,708.0561189367487,3,suppressed
sorghum,36.0,False,False,True,False,672.0033474036562,630.6486746525119,708.0561189367487,3,suppressed
sorghum,36.0,False,False,True,True,672.0033474036562,630.6486746525119,708.0561189367487,3,suppressed
sorghum,36.0,False,True,False,False,775.2257629906776,721.5665699563882,817.6228317108034,3,suppressed
sorghum,36.0,False,True,False,True,775.2257629906776,721.5665699563882,817.6228317108034,3,suppressed
sorghum,36.0,False,True,True,False,775.2257629906776,721.5665699563882,817.6228317108034,3,suppressed
sorghum,36.0,False,True,True,True,775.2257629906776,721.5665699563882,817.6228317108034,3,suppressed
sorghum,36.0,True,False,False,False,672.0033474036562,630.6486746525119,708.0561189367487,3,suppressed
sorghum,36.0,True,False,False,True,672.0033474036562,630.6486746525119,708.0561189367487,3,suppressed
sorghum,36.0,True,False,True,False,672.0033474036562,630.6486746525119,708.0561189367487,3,suppressed
sorghum,36.0,True,False,True,True,672.0033474036562,630.6486746525119,708.0561189367487,3,suppressed
sorghum,36.0,True,True,False,False,775.2257629906776,721.5665699563882,817.6228317108034,3,suppressed
sorghum,36.0,True,True,False,True,775.2257629906776,721.5665699563882,817.6228317108034,3,suppressed
sorghum,36.0,True,True,True,False,775.2257629906776,721.5665699563882,817.6228317108034,3,suppressed
sorghum,36.0,True,True,True,True,775.2257629906776,721.5665699563882,817.6228317108034,3,suppressed
sorghum,41.0,False,False,False,False,689.3013952300331,684.2390975518897,694.3269895403475,275,ok
sorghum,41.0,False,False,False,True,689.3013952300331,684.2390975518897,694.3269895403475,275,ok
sorghum,41.0,False,False,True,False,689.3013952300331,684.2390975518897,694.3269895403475,275,ok
sorghum,41.0,False,False,True,True,689.3013952300331,684.2390975518897,694.3269895403475,275,ok
sorghum,41.0,False,True,False,False,782.955958877879,777.5372045258727,787.6306284029596,275,ok
sorghum,41.0,False,True,False,True,782.955958877879,777.5372045258727,787.6306284029596,275,ok
sorghum,41.0,False,True,True,False,782.955958877879,777.5372045258727,787.6306284029596,275,ok
sorghum,41.0,False,True,True,True,782.955958877879,777.5372045258727,787.6306284029596,275,ok
sorghum,41.0,True,False,False,False,689.1088823121047,684.0215273188294,694.1439611878291,275,ok
sorghum,41.0,True,False,False,True,689.1088823121047,684.0215273188294,694.1439611878291,275,ok
sorghum,41.0,True,False,True,False,689.1088823121047,684.0215273188294,694.1439611878291,275,ok
sorghum,41.0,True,False,True,True,689.1088823121047,684.0215273188294,694.1439611878291,275,ok
sorghum,41.0,True,True,False,False,782.7359769695827,777.3473112495384,787.42365871044,275,ok
sorghum,41.0,True,True,False,True,782.7359769695827,777.3473112495384,787.42365871044,275,ok
sorghum,41.0,True,True,True,False,782.7359769695827,777.3473112495384,787.42365871044,275,ok
sorghum,41.0,True,True,True,True,782.7359769695827,777.3473112495384,787.42365871044,275,ok
sorghum,42.0,False,False,False,False,708.1287939953475,692.7787909016813,722.3514400670334,20,suppressed
sorghum,42.0,False,False,False,True,708.1287939953475,692.7787909016813,722.3514400670334,20,suppressed
sorghum,42.0,False,False,True,False,708.1287939953475,692.7787909016813,722.3514400670334,20,suppressed
sorghum,42.0,False,False,True,True,708.1287939953475,692.7787909016813,722.3514400670334,20,suppressed
sorghum,42.0,False,True,False,False,774.1219487699556,760.3893516964339,787.6667202169363,20,suppressed
sorghum,42.0,False,True,False,True,774.1219487699556,760.3893516964339,787.6667202169363,20,suppressed
sorghum,42.0,False,True,True,False,774.1219487699556,760.3893516964339,787.6667202169363,20,suppressed
sorghum,42.0,False,True,True,True,774.1219487699556,760.3893516964339,787.6667202169363,20,suppressed
sorghum,42.0,True,False,False,False,707.3649147393836,691.9796130320588,721.9646026991581,20,suppressed
sorghum,42.0,True,False,False,True,707.3649147393836,691.9796130320588,721.9646026991581,20,suppressed
sorghum,42.0,True,False,True,False,707.3649147393836,691.9796130320588,721.9646026991581,20,suppressed
sorghum,42.0,True,False,True,True,707.3649147393836,691.9796130320588,721.9646026991581,20,suppressed
sorghum,42.0,True,True,False,False,773.2877495762649,759.9726281175768,787.248143765393,20,suppressed
sorghum,42.0,True,True,False,True,773.2877495762649,759.9726281175768,787.248143765393,20,suppressed
sorghum,42.0,True,True,True,False,773.2877495762649,759.9726281175768,787.248143765393,20,suppressed
sorghum,42.0,True,True,True,True,773.2877495762649,759.9726281175768,787.248143765393,20,suppressed
sorghum,43.0,False,False,False,False,1029.4339698588935,1024.9800678086049,1033.847361633999,298,ok
sorghum,43.0,False,False,False,True,1029.4339698588935,1024.9800678086049,1033.847361633999,298,ok
sorghum,43.0,False,False,True,False,1029.4339698588935,1024.9800678086049,1033.847361633999,298,ok
sorghum,43.0,False,False,True,True,1029.4339698588935,1024.9800678086049,1033.847361633999,298,ok
sorghum,43.0,False,True,False,False,1167.1021436075403,1160.68361469406,1172.3359168111244,298,ok
sorghum,43.0,False,True,False,True,1167.1021436075403,1160.68361469406,1172.3359168111244,298,ok
sorghum,43.0,False,True,True,False,1167.1021436075403,1160.68361469406,1172.3359168111244,298,ok
sorghum,43.0,False,True,True,True,1167.1021436075403,1160.68361469406,1172.3359168111244,298,ok
sorghum,43.0,True,False,False,False,1027.53197934739,1023.0071422917546,1032.2652549150034,298,ok
sorghum,43.0,True,False,False,True,1027.53197934739,1023.0071422917546,1032.2652549150034,298,ok
sorghum,43.0,True,False,True,False,1027.53197934739,1023.0071422917546,1032.2652549150034,298,ok
sorghum,43.0,True,False,True,True,1027.53197934739,1023.0071422917546,1032.2652549150034,298,ok
sorghum,43.0,True,True,False,False,1164.9480739005398,1158.6262305357866,1170.3822074102877,298,ok
sorghum,43.0,True,True,False,True,1164.9480739005398,1158.6262305357866,1170.3822074102877,298,ok
sorghum,43.0,True,True,True,False,1164.9480739005398,1158.6262305357866,1170.3822074102877,298,ok
sorghum,43.0,True,True,True,True,1164.9480739005398,1158.6262305357866,1170.3822074102877,298,ok
sorghum,44.0,False,False,False,False,1026.9522881058806,1021.4835765856195,1031.2536594058188,615,ok
sorghum,44.0,False,False,False,True,1026.9522881058806,1021.4835765856195,1031.2536594058188,615,ok
sorghum,44.0,False,False,True,False,1026.9522881058806,1021.4835765856195,1031.2536594058188,615,ok
sorghum,44.0,False,False,True,True,1026.9522881058806,1021.4835765856195,1031.2536594058188,615,ok
sorghum,44.0,False,True,False,False,1153.3212552779921,1148.1640127858134,1157.3722291227023,615,ok
sorghum,44.0,False,True,False,True,1153.3212552779921,1148.1640127858134,1157.3722291227023,615,ok
sorghum,44.0,False,True,True,False,1153.3212552779921,1148.1640127858134,1157.3722291227023,615,ok
sorghum,44.0,False,True,True,True,1153.3212552779921,1148.1640127858134,1157.3722291227023,615,ok
sorghum,44.0,True,False,False,False,1025.9344726412007,1020.4230143329386,1030.3279565319149,615,ok
sorghum,44.0,True,False,False,True,1025.9344726412007,1020.4230143329386,1030.3279565319149,615,ok
sorghum,44.0,True,False,True,False,1025.9344726412007,1020.4230143329386,1030.3279565319149,615,ok
sorghum,44.0,True,False,True,True,1025.9344726412007,1020.4230143329386,1030.3279565319149,615,ok
sorghum,44.0,True,True,False,False,1152.1686498985814,1146.9744980889307,1156.30452442844,615,ok
sorghum,44.0,True,True,False,True,1152.1686498985814,1146.9744980889307,1156.30452442844,615,ok
sorghum,44.0,True,True,True,False,1152.1686498985814,1146.9744980889307,1156.30452442844,615,ok
sorghum,44.0,True,True,True,True,1152.1686498985814,1146.9744980889307,1156.30452442844,615,ok
sorghum,45.0,False,False,False,False,1026.6338188078812,1021.6032556007071,1031.3341087378142,663,ok
sorghum,45.0,False,False,False,True,1026.6338188078812,1021.6032556007071,1031.3341087378142,663,ok
sorghum,45.0,False,False,True,False,1026.6338188078812,1021.6032556007071,1031.3341087378142,663,ok
sorghum,45.0,False,False,True,True,1026.6338188078812,1021.6032556007071,1031.3341087378142,663,ok
sorghum,45.0,False,True,False,False,1144.251218049268,1139.894922237051,1148.158195065259,663,ok
sorghum,45.0,False,True,False,True,1144.251218049268,1139.894922237051,1148.158195065259,663,ok
sorghum,45.0,False,True,True,False,1144.251218049268,1139.894922237051,1148.158195065259,663,ok
sorghum,45.0,False,True,True,True,1144.251218049268,1139.894922237051,1148.158195065259,663,ok
sorghum,45.0,True,False,False,False,1026.1647345507618,1021.214119352256,1030.8759444675634,663,ok
sorghum,45.0,True,False,False,True,1026.1647345507618,1021.214119352256,1030.8759444675634,663,ok
sorghum,45.0,True,False,True,False,1026.1647345507618,1021.214119352256,1030.8759444675634,663,ok
sorghum,45.0,True,False,True,True,1026.1647345507618,1021.214119352256,1030.8759444675634,663,ok
sorghum,45.0,True,True,False,False,1143.723871256629,1139.3935208113492,1147.6549254588747,663,ok
sorghum,45.0,True,True,False,True,1143.723871256629,1139.3935208113492,1147.6549254588747,663,ok
sorghum,45.0,True,True,True,False,1143.723871256629,1139.3935208113492,1147.6549254588747,663,ok
sorghum,45.0,True,True,True,True,1143.723871256629,1139.3935208113492,1147.6549254588747,663,ok
sorghum,51.0,False,False,False,False,858.5506567171988,852.3798341810774,866.2537415372864,483,ok
sorghum,51.0,False,False,False,True,858.5506567171988,852.3798341810774,866.2537415372864,483,ok
sorghum,51.0,False,False,True,False,858.5506567171988,852.3798341810774,866.2537415372864,483,ok
sorghum,51.0,False,False,True,True,858.5506567171988,852.3798341810774,866.2537415372864,483,ok
sorghum,51.0,False,True,False,False,961.3387316685005,956.5981191882815,967.9061440411531,483,ok
sorghum,51.0,False,True,False,True,961.3387316685005,956.5981191882815,967.9061440411531,483,ok
sorghum,51.0,False,True,True,False,961.3387316685005,956.5981191882815,967.9061440411531,483,ok
sorghum,51.0,False,True,True,True,961.3387316685005,956.5981191882815,967.9061440411531,483,ok
sorghum,51.0,True,False,False,False,857.834823990953,851.6599597941746,865.4489697187262,483,ok
sorghum,51.0,True,False,False,True,857.834823990953,851.6599597941746,865.4489697187262,483,ok
sorghum,51.0,True,False,True,False,857.834823990953,851.6599597941746,865.4489697187262,483,ok
sorghum,51.0,True,False,True,True,857.834823990953,851.6599597941746,865.4489697187262,483,ok
sorghum,51.0,True,True,False,False,960.5297281418844,955.773635226379,967.0607035252522,483,ok
sorghum,51.0,True,True,False,True,960.5297281418844,955.773635226379,967.0607035252522,483,ok
sorghum,51.0,True,True,True,False,960.5297281418844,955.773635226379,967.0607035252522,483,ok
sorghum,51.0,True,True,True,True,960.5297281418844,955.773635226379,967.0607035252522,483,ok
sorghum,52.0,False,False,False,False,1085.136809402963,1074.5776613375076,1096.355780272863,591,ok
sorghum,52.0,False,False,False,True,1085.136809402963,1074.5776613375076,1096.355780272863,591,ok
sorghum,52.0,False,False,True,False,1085.136809402963,1074.5776613375076,1096.355780272863,591,ok
sorghum,52.0,False,False,True,True,1085.136809402963,1074.5776613375076,1096.355780272863,591,ok
sorghum,52.0,False,True,False,False,1154.216277260715,1144.4427656725256,1165.4044105744294,591,ok
sorghum,52.0,False,True,False,True,1154.216277260715,1144.4427656725256,1165.4044105744294,591,ok
sorghum,52.0,False,True,True,False,1154.216277260715,1144.4427656725256,1165.4044105744294,591,ok
sorghum,52.0,False,True,True,True,1154.216277260715,1144.4427656725256,1165.4044105744294,591,ok
sorghum,52.0,True,False,False,False,1082.518556709666,1071.842927514276,1093.7273138304186,591,ok
sorghum,52.0,True,False,False,True,1082.518556709666,1071.842927514276,1093.7273138304186,591,ok
sorghum,52.0,True,False,True,False,1082.518556709666,1071.842927514276,1093.7273138304186,591,ok
sorghum,52.0,True,False,True,True,1082.518556709666,1071.842927514276,1093.7273138304186,591,ok
sorghum,52.0,True,True,False,False,1151.4066565433027,1141.5214011634728,1162.7046326893487,591,ok
sorghum,52.0,True,True,False,True,1151.4066565433027,1141.5214011634728,1162.7046326893487,591,ok
sorghum,52.0,True,True,True,False,1151.4066565433027,1141.5214011634728,1162.7046326893487,591,ok
sorghum,52.0,True,True,True,True,1151.4066565433027,1141.5214011634728,1162.7046326893487,591,ok
sorghum,53.0,False,False,False,False,895.2091136680434,890.2234820536909,900.3245140860137,590,ok
sorghum,53.0,False,False,False,True,895.2091136680434,890.2234820536909,900.3245140860137,590,ok
sorghum,53.0,False,False,True,False,895.2091136680434,890.2234820536909,900.3245140860137,590,ok
sorghum,53.0,False,False,True,True,895.2091136680434,890.2234820536909,900.3245140860137,590,ok
sorghum,53.0,False,True,False,False,1000.9087879892348,996.4910388352843,1004.929510890605,590,ok
sorghum,53.0,False,True,False,True,1000.9087879892348,996.4910388352843,1004.929510890605,590,ok
sorghum,53.0,False,True,True,False,1000.9087879892348,996.4910388352843,1004.929510890605,590,ok
sorghum,53.0,False,True,True,True,1000.9087879892348,996.4910388352843,1004.929510890605,590,ok
sorghum,53.0,True,False,False,False,894.4994951761028,889.3641924818467,899.6172259881406,590,ok
sorghum,53.0,True,False,False,True,894.4994951761028,889.3641924818467,899.6172259881406,590,ok
sorghum,53.0,True,False,True,False,894.4994951761028,889.3641924818467,899.6172259881406,590,ok
sorghum,53.0,True,False,True,True,894.4994951761028,889.3641924818467,899.6172259881406,590,ok
sorghum,53.0,True,True,False,False,1000.1011449133515,995.5590154423302,1004.1500489447999,590,ok
sorghum,53.0,True,True,False,True,1000.1011449133515,995.5590154423302,1004.1500489447999,590,ok
sorghum,53.0,True,True,True,False,1000.1011449133515,995.5590154423302,1004.1500489447999,590,ok
sorghum,53.0,True,True,True,True,1000.1011449133515,995.5590154423302,1004.1500489447999,590,ok
sorghum,54.0,False,False,False,False,902.2041103819646,897.1813241134486,906.739700843247,571,ok
sorghum,54.0,False,False,False,True,902.2041103819646,897.1813241134486,906.739700843247,571,ok
sorghum,54.0,False,False,True,False,902.2041103819646,897.1813241134486,906.739700843247,571,ok
sorghum,54.0,False,False,True,True,902.2041103819646,897.1813241134486,906.739700843247,571,ok
sorghum,54.0,False,True,False,False,1007.4964880714587,1002.9800218041968,1011.047904849844,571,ok
sorghum,54.0,False,True,False,True,1007.4964880714587,1002.9800218041968,1011.047904849844,571,ok
sorghum,54.0,False,True,True,False,1007.4964880714587,1002.9800218041968,1011.047904849844,571,ok
sorghum,54.0,False,True,True,True,1007.4964880714587,1002.9800218041968,1011.047904849844,571,ok
sorghum,54.0,True,False,False,False,900.1373575484763,894.9819892799472,904.8081527103187,571,ok
sorghum,54.0,True,False,False,True,900.1373575484763,894.9819892799472,904.8081527103187,571,ok
sorghum,54.0,True,False,True,False,900.1373575484763,894.9819892799472,904.8081527103187,571,ok
sorghum,54.0,True,False,True,True,900.1373575484763,894.9819892799472,904.8081527103187,571,ok
sorghum,54.0,True,True,False,False,1005.1616839285322,1000.48859865469,1008.6527771868161,571,ok
sorghum,54.0,True,True,False,True,1005.1616839285322,1000.48859865469,1008.6527771868161,571,ok
sorghum,54.0,True,True,True,False,1005.1616839285322,1000.48859865469,1008.6527771868161,571,ok
sorghum,54.0,True,True,True,True,1005.1616839285322,1000.48859865469,1008.6527771868161,571,ok
sorghum,55.0,False,False,False,False,769.1371090132338,764.6322546765773,774.2590950144661,714,ok
sorghum,55.0,False,False,False,True,769.1371090132338,764.6322546765773,774.2590950144661,714,ok
sorghum,55.0,False,False,True,False,769.1371090132338,764.6322546765773,774.2590950144661,714,ok
sorghum,55.0,False,False,True,True,769.1371090132338,764.6322546765773,774.2590950144661,714,ok
sorghum,55.0,False,True,False,False,866.612143854368,862.274383182317,871.6464226729083,714,ok
sorghum,55.0,False,True,False,True,866.612143854368,862.274383182317,871.6464226729083,714,ok
sorghum,55.0,False,True,True,False,866.612143854368,862.274383182317,871.6464226729083,714,ok
sorghum,55.0,False,True,True,True,866.612143854368,862.274383182317,871.6464226729083,714,ok
sorghum,55.0,True,False,False,False,767.4080206221354,762.7730542632537,772.7624109038097,714,ok
sorghum,55.0,True,False,False,True,767.4080206221354,762.7730542632537,772.7624109038097,714,ok
sorghum,55.0,True,False,True,False,767.4080206221354,762.7730542632537,772.7624109038097,714,ok
sorghum,55.0,True,False,True,True,767.4080206221354,762.7730542632537,772.7624109038097,714,ok
sorghum,55.0,True,True,False,False,864.6506727838126,860.1244939501557,869.9625761846554,714,ok
sorghum,55.0,True,True,False,True,864.6506727838126,860.1244939501557,869.9625761846554,714,ok
sorghum,55.0,True,True,True,False,864.6506727838126,860.1244939501557,869.9625761846554,714,ok
sorghum,55.0,True,True,True,True,864.6506727838126,860.1244939501557,869.9625761846554,714,ok
sorghum,56.0,False,False,False,False,769.0579084181938,763.645681119101,774.2653449737077,450,ok
sorghum,56.0,False,False,False,True,769.0579084181938,763.645681119101,774.2653449737077,450,ok
sorghum,56.0,False,False,True,False,769.0579084181938,763.645681119101,774.2653449737077,450,ok
sorghum,56.0,False,False,True,True,769.0579084181938,763.645681119101,774.2653449737077,450,ok
sorghum,56.0,False,True,False,False,865.7920783976037,860.4292707863607,871.6817258097775,450,ok
sorghum,56.0,False,True,False,True,865.7920783976037,860.4292707863607,871.6817258097775,450,ok
sorghum,56.0,False,True,True,False,865.7920783976037,860.4292707863607,871.6817258097775,450,ok
sorghum,56.0,False,True,True,True,865.7920783976037,860.4292707863607,871.6817258097775,450,ok
sorghum,56.0,True,False,False,False,767.8897163283439,762.4724736663447,773.0534759113342,450,ok
sorghum,56.0,True,False,False,True,767.8897163283439,762.4724736663447,773.0534759113342,450,ok
sorghum,56.0,True,False,True,False,767.8897163283439,762.4724736663447,773.0534759113342,450,ok
sorghum,56.0,True,False,True,True,767.8897163283439,762.4724736663447,773.0534759113342,450,ok
sorghum,56.0,True,True,False,False,864.4697160797843,859.1030246132195,870.2988379844747,450,ok
sorghum,56.0,True,True,False,True,864.4697160797843,859.1030246132195,870.2988379844747,450,ok
sorghum,56.0,True,True,True,False,864.4697160797843,859.1030246132195,870.2988379844747,450,ok
sorghum,56.0,True,True,True,True,864.4697160797843,859.1030246132195,870.2988379844747,450,ok
sorghum,57.0,False,False,False,False,567.7881986427617,563.6734407317858,572.8689242458864,382,ok
sorghum,57.0,False,False,False,True,567.7881986427617,563.6734407317858,572.8689242458864,382,ok
sorghum,57.0,False,False,True,False,567.7881986427617,563.6734407317858,572.8689242458864,382,ok
sorghum,57.0,False,False,True,True,567.7881986427617,563.6734407317858,572.8689242458864,382,ok
sorghum,57.0,False,True,False,False,748.8839049215496,744.2494661462214,754.5731277384014,382,ok
sorghum,57.0,False,True,False,True,748.8839049215496,744.2494661462214,754.5731277384014,382,ok
sorghum,57.0,False,True,True,False,748.8839049215496,744.2494661462214,754.5731277384014,382,ok
sorghum,57.0,False,True,True,True,748.8839049215496,744.2494661462214,754.5731277384014,382,ok
sorghum,57.0,True,False,False,False,566.491902950791,562.2936390013202,571.6580448182964,382,ok
sorghum,57.0,True,False,False,True,566.491902950791,562.2936390013202,571.6580448182964,382,ok
sorghum,57.0,True,False,True,False,566.491902950791,562.2936390013202,571.6580448182964,382,ok
sorghum,57.0,True,False,True,True,566.491902950791,562.2936390013202,571.6580448182964,382,ok
sorghum,57.0,True,True,False,False,747.1612812400696,742.5090464778752,752.9662635389194,382,ok
sorghum,57.0,True,True,False,True,747.1612812400696,742.5090464778752,752.9662635389194,382,ok
sorghum,57.0,True,True,True,False,747.1612812400696,742.5090464778752,752.9662635389194,382,ok
sorghum,57.0,True,True,True,True,747.1612812400696,742.5090464778752,752.9662635389194,382,ok
